event_id,origin_time,event_latitude,event_longitude,event_depth_km,event_magnitude,station,channel,distance_m,distance_km,freq_min_hz,freq_max_hz,centre_frequency_hz,signal_rms,noise_rms,snr,log_amplitude,site_amplification,site_amplification_match,site_amplification_freq_min_hz,site_amplification_freq_max_hz,site_amplification_log,log_amplitude_site_corrected
2026p000623,2026-01-01T05:32:13.059000+00:00,-40.16193008422852,175.24961853027344,31.323286056518555,2.3870989796375985,COVZ,HHZ,114421.31899152379,114.42131899152379,1.0,10.0,3.1622776601683795,1.5568685396355827e-07,2.700187221032937e-08,5.765779970768153,-15.675419193504307,1.0310666692210522,exact,1.0,10.0,0.030593867562053945,-15.706013061066361
2026p000623,2026-01-01T05:32:13.059000+00:00,-40.16193008422852,175.24961853027344,31.323286056518555,2.3870989796375985,ETVZ,HHZ,124931.17344785962,124.93117344785962,1.0,10.0,3.1622776601683795,2.4224520952457314e-07,2.6925956532862853e-08,8.996716949643567,-15.233315361295425,0.9471602664391504,exact,1.0,10.0,-0.05428696417065311,-15.179028397124771
2026p000623,2026-01-01T05:32:13.059000+00:00,-40.16193008422852,175.24961853027344,31.323286056518555,2.3870989796375985,FWVZ,HHZ,109227.93811561784,109.22793811561785,1.0,10.0,3.1622776601683795,1.6165104104243652e-07,2.5972178699057214e-08,6.224007732100828,-15.637825892694027,0.6226707538339719,exact,1.0,10.0,-0.4737373849098134,-15.164088507784212
2026p000623,2026-01-01T05:32:13.059000+00:00,-40.16193008422852,175.24961853027344,31.323286056518555,2.3870989796375985,KRVZ,HHZ,127418.62065420407,127.41862065420408,1.0,10.0,3.1622776601683795,1.4829386472407013e-07,2.7628819000227783e-08,5.367361692978898,-15.724069959365867,0.8296358879603257,exact,1.0,10.0,-0.18676836364818022,-15.537301595717686
2026p000623,2026-01-01T05:32:13.059000+00:00,-40.16193008422852,175.24961853027344,31.323286056518555,2.3870989796375985,NGZ,HHZ,118224.50161201785,118.22450161201785,1.0,10.0,3.1622776601683795,2.331612458520694e-07,2.53174905237274e-08,9.209492766810836,-15.271535580447992,1.12652241557642,exact,1.0,10.0,0.11913537911777466,-15.390670959565767
2026p000623,2026-01-01T05:32:13.059000+00:00,-40.16193008422852,175.24961853027344,31.323286056518555,2.3870989796375985,NOVZ,EHZ,123500.67778483746,123.50067778483746,1.0,10.0,3.1622776601683795,2.2664327005221855e-07,1.5527096306911577e-08,14.596629374375222,-15.299888553129815,1.277398836799036,exact,1.0,10.0,0.24482585154452702,-15.544714404674343
2026p000623,2026-01-01T05:32:13.059000+00:00,-40.16193008422852,175.24961853027344,31.323286056518555,2.3870989796375985,NTVZ,HHZ,127837.36986518119,127.83736986518119,1.0,10.0,3.1622776601683795,2.3254322083004438e-07,3.556316994338268e-08,6.538877754718101,-15.274189733152326,0.9936348993076428,exact,1.0,10.0,-0.006385444317864613,-15.267804288834462
2026p000623,2026-01-01T05:32:13.059000+00:00,-40.16193008422852,175.24961853027344,31.323286056518555,2.3870989796375985,OTVZ,HHZ,121023.82283817886,121.02382283817886,1.0,10.0,3.1622776601683795,2.0966886924218654e-07,1.5442593228442113e-08,13.577309596941216,-15.377736363839594,1.0,exact,1.0,10.0,0.0,-15.377736363839594
2026p000623,2026-01-01T05:32:13.059000+00:00,-40.16193008422852,175.24961853027344,31.323286056518555,2.3870989796375985,TMVZ,HHZ,126787.39930593612,126.78739930593612,1.0,10.0,3.1622776601683795,1.559314237210481e-07,3.8398489434469805e-08,4.060873904614345,-15.673849517877299,0.9214864370155496,exact,1.0,10.0,-0.08176722035762422,-15.592082297519674
2026p000623,2026-01-01T05:32:13.059000+00:00,-40.16193008422852,175.24961853027344,31.323286056518555,2.3870989796375985,TUVZ,EHZ,110159.77168899056,110.15977168899056,1.0,10.0,3.1622776601683795,1.0219530255620734e-06,8.83442656790279e-08,11.56784787000245,-13.793795030485608,1.97029574161132,exact,1.0,10.0,0.6781836541279606,-14.47197868461357
2026p000623,2026-01-01T05:32:13.059000+00:00,-40.16193008422852,175.24961853027344,31.323286056518555,2.3870989796375985,TWVZ,HHZ,126419.44595719618,126.41944595719617,1.0,10.0,3.1622776601683795,6.440420542445302e-08,1.3832155509021671e-08,4.656122133853036,-16.55808690434622,0.5802755580898467,exact,1.0,10.0,-0.5442521881111088,-16.01383471623511
2026p000623,2026-01-01T05:32:13.059000+00:00,-40.16193008422852,175.24961853027344,31.323286056518555,2.3870989796375985,WHVZ,HHZ,107220.18329265255,107.22018329265255,1.0,10.0,3.1622776601683795,3.726176969045249e-07,8.190002281111575e-08,4.549665361679875,-14.802712884188814,0.8211193479986806,exact,1.0,10.0,-0.19708681103425454,-14.605626073154559
2026p000623,2026-01-01T05:32:13.059000+00:00,-40.16193008422852,175.24961853027344,31.323286056518555,2.3870989796375985,WTVZ,HHZ,124152.35432509874,124.15235432509874,1.0,10.0,3.1622776601683795,2.2834475386416964e-07,1.943252727103976e-08,11.750646258166903,-15.292409271679729,1.0296407025017171,exact,1.0,10.0,0.02920990886272243,-15.32161918054245
2026p000759,2026-01-01T06:44:31.496000+00:00,-38.52724075317383,175.91175842285156,5.587925434112549,2.166196785725979,ETVZ,HHZ,70101.15231152395,70.10115231152396,1.0,10.0,3.1622776601683795,1.0557852655291755e-07,2.1075119348272287e-08,5.009628880776551,-16.06381083338883,0.9471602664391504,exact,1.0,10.0,-0.05428696417065311,-16.009523869218174
2026p000759,2026-01-01T06:44:31.496000+00:00,-38.52724075317383,175.91175842285156,5.587925434112549,2.166196785725979,KRVZ,HHZ,67550.82225343454,67.55082225343455,1.0,10.0,3.1622776601683795,1.0181137327031054e-07,2.3934810609911058e-08,4.253694542632058,-16.10014401735811,0.8296358879603257,exact,1.0,10.0,-0.18676836364818022,-15.913375653709931
2026p000759,2026-01-01T06:44:31.496000+00:00,-38.52724075317383,175.91175842285156,5.587925434112549,2.166196785725979,NGZ,HHZ,77179.89462101414,77.17989462101414,1.0,10.0,3.1622776601683795,8.857379371303177e-08,1.6906287976141082e-08,5.239103571288452,-16.239429805107463,1.12652241557642,exact,1.0,10.0,0.11913537911777466,-16.358565184225238
2026p000759,2026-01-01T06:44:31.496000+00:00,-38.52724075317383,175.91175842285156,5.587925434112549,2.166196785725979,NOVZ,EHZ,71826.29444614719,71.82629444614719,1.0,10.0,3.1622776601683795,1.4581287035294422e-07,1.9781474396165663e-08,7.371183129868612,-15.740941747242095,1.277398836799036,exact,1.0,10.0,0.24482585154452702,-15.985767598786623
2026p000759,2026-01-01T06:44:31.496000+00:00,-38.52724075317383,175.91175842285156,5.587925434112549,2.166196785725979,NTVZ,HHZ,66990.10941791508,66.99010941791508,1.0,10.0,3.1622776601683795,1.6621584326109817e-07,2.9072796403305413e-08,5.717229294193398,-15.609978632587609,0.9936348993076428,exact,1.0,10.0,-0.006385444317864613,-15.603593188269745
2026p000759,2026-01-01T06:44:31.496000+00:00,-38.52724075317383,175.91175842285156,5.587925434112549,2.166196785725979,TMVZ,HHZ,68099.8619747984,68.0998619747984,1.0,10.0,3.1622776601683795,1.1706053296853695e-07,2.7826407284214098e-08,4.206814475649011,-15.960574660141907,0.9214864370155496,exact,1.0,10.0,-0.08176722035762422,-15.878807439784282
2026p000759,2026-01-01T06:44:31.496000+00:00,-38.52724075317383,175.91175842285156,5.587925434112549,2.166196785725979,TWVZ,HHZ,73375.60227030201,73.37560227030201,1.0,10.0,3.1622776601683795,1.1596066247802467e-07,1.0284397458309757e-08,11.275396827874332,-15.970014819921825,0.5802755580898467,exact,1.0,10.0,-0.5442521881111088,-15.425762631810716
2026p000759,2026-01-01T06:44:31.496000+00:00,-38.52724075317383,175.91175842285156,5.587925434112549,2.166196785725979,WTVZ,HHZ,71338.38893200962,71.33838893200962,1.0,10.0,3.1622776601683795,1.8114012179727236e-07,1.882242854631225e-08,9.623631793930329,-15.523994951606811,1.0296407025017171,exact,1.0,10.0,0.02920990886272243,-15.553204860469533
2026p001954,2026-01-01T17:21:25.445000+00:00,-39.11778259277344,175.0253448486328,5.0,2.1117509849939915,COVZ,HHZ,46012.880206627764,46.01288020662776,1.0,10.0,3.1622776601683795,1.4374582982950742e-07,1.7281563158477395e-08,8.31787197207294,-15.755219167571434,1.0310666692210522,exact,1.0,10.0,0.030593867562053945,-15.785813035133488
2026p001954,2026-01-01T17:21:25.445000+00:00,-39.11778259277344,175.0253448486328,5.0,2.1117509849939915,ETVZ,HHZ,59615.43032846484,59.61543032846484,1.0,10.0,3.1622776601683795,1.5370717606125307e-07,1.9119209615039915e-08,8.039410580045162,-15.688216498739287,0.9471602664391504,exact,1.0,10.0,-0.05428696417065311,-15.633929534568633
2026p001954,2026-01-01T17:21:25.445000+00:00,-39.11778259277344,175.0253448486328,5.0,2.1117509849939915,FWVZ,HHZ,48573.95474110863,48.57395474110863,1.0,10.0,3.1622776601683795,2.3549796000346412e-07,1.3488039762516816e-08,17.459761696277884,-15.26156358593313,0.6226707538339719,exact,1.0,10.0,-0.4737373849098134,-14.787826201023316
2026p001954,2026-01-01T17:21:25.445000+00:00,-39.11778259277344,175.0253448486328,5.0,2.1117509849939915,KRVZ,HHZ,53692.70327291447,53.69270327291447,1.0,10.0,3.1622776601683795,2.549323436235342e-07,3.22015631994021e-08,7.91676919672855,-15.182267646114726,0.8296358879603257,exact,1.0,10.0,-0.18676836364818022,-14.995499282466545
2026p001954,2026-01-01T17:21:25.445000+00:00,-39.11778259277344,175.0253448486328,5.0,2.1117509849939915,NGZ,HHZ,50603.56038264242,50.60356038264242,1.0,10.0,3.1622776601683795,2.8805637455361436e-07,1.3913343005552626e-08,20.70360620295604,-15.060109630988187,1.12652241557642,exact,1.0,10.0,0.11913537911777466,-15.179245010105962
2026p001954,2026-01-01T17:21:25.445000+00:00,-39.11778259277344,175.0253448486328,5.0,2.1117509849939915,NOVZ,EHZ,51037.873800210495,51.0378738002105,1.0,10.0,3.1622776601683795,3.589543888991048e-07,1.2754974093985776e-08,28.142306386052084,-14.840070506950042,1.277398836799036,exact,1.0,10.0,0.24482585154452702,-15.08489635849457
2026p001954,2026-01-01T17:21:25.445000+00:00,-39.11778259277344,175.0253448486328,5.0,2.1117509849939915,NTVZ,HHZ,56663.22836046762,56.66322836046762,1.0,10.0,3.1622776601683795,5.009409293239468e-07,4.0153222537153316e-08,12.475734142145923,-14.506777648353976,0.9936348993076428,exact,1.0,10.0,-0.006385444317864613,-14.500392204036112
2026p001954,2026-01-01T17:21:25.445000+00:00,-39.11778259277344,175.0253448486328,5.0,2.1117509849939915,OTVZ,HHZ,55915.83294032028,55.91583294032028,1.0,10.0,3.1622776601683795,1.7557335879560816e-07,4.156266716727413e-08,4.22430442418412,-15.555208882542292,1.0,exact,1.0,10.0,0.0,-15.555208882542292
2026p001954,2026-01-01T17:21:25.445000+00:00,-39.11778259277344,175.0253448486328,5.0,2.1117509849939915,TMVZ,HHZ,59025.18443460505,59.02518443460505,1.0,10.0,3.1622776601683795,1.875499008963887e-07,2.47426155007257e-08,7.5800353802890355,-15.489220888830339,0.9214864370155496,exact,1.0,10.0,-0.08176722035762422,-15.407453668472714
2026p001954,2026-01-01T17:21:25.445000+00:00,-39.11778259277344,175.0253448486328,5.0,2.1117509849939915,TUVZ,EHZ,57179.3631503941,57.1793631503941,1.0,10.0,3.1622776601683795,6.690971932141559e-07,3.250386951544017e-08,20.58515503504337,-14.217336506033938,1.97029574161132,exact,1.0,10.0,0.6781836541279606,-14.8955201601619
2026p001954,2026-01-01T17:21:25.445000+00:00,-39.11778259277344,175.0253448486328,5.0,2.1117509849939915,TWVZ,HHZ,36561.784669513436,36.561784669513436,1.0,10.0,3.1622776601683795,1.8068892992817692e-07,8.436758307918956e-09,21.416866921336087,-15.526488903382125,0.5802755580898467,exact,1.0,10.0,-0.5442521881111088,-14.982236715271016
2026p001954,2026-01-01T17:21:25.445000+00:00,-39.11778259277344,175.0253448486328,5.0,2.1117509849939915,WHVZ,HHZ,52461.281192096925,52.461281192096926,1.0,10.0,3.1622776601683795,1.7310929837041684e-07,4.714487280027967e-08,3.671858424642731,-15.56934265945121,0.8211193479986806,exact,1.0,10.0,-0.19708681103425454,-15.372255848416955
2026p001954,2026-01-01T17:21:25.445000+00:00,-39.11778259277344,175.0253448486328,5.0,2.1117509849939915,WTVZ,HHZ,49198.3320542347,49.1983320542347,1.0,10.0,3.1622776601683795,2.869777955768491e-07,1.7379325861673545e-08,16.51259651041577,-15.063860991507848,1.0296407025017171,exact,1.0,10.0,0.02920990886272243,-15.09307090037057
2026p001970,2026-01-01T17:29:52.633000+00:00,-40.3154182434082,175.8981170654297,25.060678482055664,2.574453597972498,COVZ,HHZ,130213.10743462962,130.21310743462962,1.0,10.0,3.1622776601683795,1.819232786771102e-07,1.8593740746771756e-08,9.784113974413444,-15.519680784475158,1.0310666692210522,exact,1.0,10.0,0.030593867562053945,-15.550274652037212
2026p001970,2026-01-01T17:29:52.633000+00:00,-40.3154182434082,175.8981170654297,25.060678482055664,2.574453597972498,ETVZ,HHZ,134560.7394236206,134.5607394236206,1.0,10.0,3.1622776601683795,4.1883419184118335e-07,1.9371067740628374e-08,21.621636837433147,-14.685790718872887,0.9471602664391504,exact,1.0,10.0,-0.05428696417065311,-14.631503754702234
2026p001970,2026-01-01T17:29:52.633000+00:00,-40.3154182434082,175.8981170654297,25.060678482055664,2.574453597972498,FWVZ,HHZ,124388.89200993367,124.38889200993367,1.0,10.0,3.1622776601683795,2.3144476211382686e-07,1.474778278213575e-08,15.693529361863126,-15.27892460047126,0.6226707538339719,exact,1.0,10.0,-0.4737373849098134,-14.805187215561446
2026p001970,2026-01-01T17:29:52.633000+00:00,-40.3154182434082,175.8981170654297,25.060678482055664,2.574453597972498,KRVZ,HHZ,139831.70179096932,139.83170179096933,1.0,10.0,3.1622776601683795,1.965742349411105e-07,3.931853368733576e-08,4.999531175406618,-15.442225691020393,0.8296358879603257,exact,1.0,10.0,-0.18676836364818022,-15.255457327372213
2026p001970,2026-01-01T17:29:52.633000+00:00,-40.3154182434082,175.8981170654297,25.060678482055664,2.574453597972498,NGZ,HHZ,131783.5977764256,131.7835977764256,1.0,10.0,3.1622776601683795,3.534756363834301e-07,2.0303579417978274e-08,17.409523173556135,-14.855451275106791,1.12652241557642,exact,1.0,10.0,0.11913537911777466,-14.974586654224566
2026p001970,2026-01-01T17:29:52.633000+00:00,-40.3154182434082,175.8981170654297,25.060678482055664,2.574453597972498,NOVZ,EHZ,136883.3681161925,136.88336811619249,1.0,10.0,3.1622776601683795,4.7223857726924586e-07,1.934069699622317e-08,24.416833445116488,-14.565781518746693,1.277398836799036,exact,1.0,10.0,0.24482585154452702,-14.81060737029122
2026p001970,2026-01-01T17:29:52.633000+00:00,-40.3154182434082,175.8981170654297,25.060678482055664,2.574453597972498,NTVZ,HHZ,138966.88281160558,138.9668828116056,1.0,10.0,3.1622776601683795,2.883770025392609e-07,5.2846326125455195e-08,5.4568978334400144,-15.058997176257234,0.9936348993076428,exact,1.0,10.0,-0.006385444317864613,-15.05261173193937
2026p001970,2026-01-01T17:29:52.633000+00:00,-40.3154182434082,175.8981170654297,25.060678482055664,2.574453597972498,OTVZ,HHZ,132187.04718955953,132.18704718955954,1.0,10.0,3.1622776601683795,2.8729835393322267e-07,1.3162449180712376e-08,21.827119709165977,-15.062744600412936,1.0,exact,1.0,10.0,0.0,-15.062744600412936
2026p001970,2026-01-01T17:29:52.633000+00:00,-40.3154182434082,175.8981170654297,25.060678482055664,2.574453597972498,SNVZ,EHZ,130068.0125864824,130.06801258648238,1.0,10.0,3.1622776601683795,2.324255449151861e-07,6.448150033974435e-08,3.604530659035028,-15.274695900129725,0.7545196052473487,exact,1.0,10.0,-0.28167401668856396,-14.99302188344116
2026p001970,2026-01-01T17:29:52.633000+00:00,-40.3154182434082,175.8981170654297,25.060678482055664,2.574453597972498,TMVZ,HHZ,136793.13285413565,136.79313285413565,1.0,10.0,3.1622776601683795,3.363489832256025e-07,2.731117632291074e-08,12.315433771464717,-14.90511657544472,0.9214864370155496,exact,1.0,10.0,-0.08176722035762422,-14.823349355087096
2026p001970,2026-01-01T17:29:52.633000+00:00,-40.3154182434082,175.8981170654297,25.060678482055664,2.574453597972498,TUVZ,EHZ,121129.01147830865,121.12901147830864,1.0,10.0,3.1622776601683795,1.392411767274433e-06,3.14579398957575e-08,44.26264948971491,-13.48447322997156,1.97029574161132,exact,1.0,10.0,0.6781836541279606,-14.16265688409952
2026p001970,2026-01-01T17:29:52.633000+00:00,-40.3154182434082,175.8981170654297,25.060678482055664,2.574453597972498,TWVZ,HHZ,146056.94510160387,146.05694510160387,1.0,10.0,3.1622776601683795,8.817871758083976e-08,7.680363744107815e-09,11.481060079802639,-16.243900200319928,0.5802755580898467,exact,1.0,10.0,-0.5442521881111088,-15.699648012208819
2026p001970,2026-01-01T17:29:52.633000+00:00,-40.3154182434082,175.8981170654297,25.060678482055664,2.574453597972498,WHVZ,HHZ,120803.19914543089,120.8031991454309,1.0,10.0,3.1622776601683795,7.961047534727959e-07,5.423427002443667e-08,14.678998225920438,-14.043535059920332,0.8211193479986806,exact,1.0,10.0,-0.19708681103425454,-13.846448248886077
2026p001970,2026-01-01T17:29:52.633000+00:00,-40.3154182434082,175.8981170654297,25.060678482055664,2.574453597972498,WTVZ,HHZ,138364.36913161946,138.36436913161947,1.0,10.0,3.1622776601683795,3.4689372742942746e-07,1.6064774339434222e-08,21.59343916695468,-14.874247364917329,1.0296407025017171,exact,1.0,10.0,0.02920990886272243,-14.90345727378005
2026p007764,2026-01-03T20:56:51.342000+00:00,-39.65813446044922,176.3883819580078,22.9997787475586,2.1831343240177623,COVZ,HHZ,92071.67379758891,92.07167379758891,1.0,10.0,3.1622776601683795,1.0217898016010114e-07,2.6541383641609745e-08,3.8497985462940223,-16.09653985391074,1.0310666692210522,exact,1.0,10.0,0.030593867562053945,-16.127133721472795
2026p007764,2026-01-03T20:56:51.342000+00:00,-39.65813446044922,176.3883819580078,22.9997787475586,2.1831343240177623,ETVZ,HHZ,85792.09530336974,85.79209530336975,1.0,10.0,3.1622776601683795,1.859819827891388e-07,5.5586050041781324e-08,3.3458391565751695,-15.497616034650154,0.9471602664391504,exact,1.0,10.0,-0.05428696417065311,-15.4433290704795
2026p007764,2026-01-03T20:56:51.342000+00:00,-39.65813446044922,176.3883819580078,22.9997787475586,2.1831343240177623,FWVZ,HHZ,88322.49974167066,88.32249974167065,1.0,10.0,3.1622776601683795,6.834103956097035e-08,1.2115203779212066e-08,5.640931907248119,-16.498755378771648,0.6226707538339719,exact,1.0,10.0,-0.4737373849098134,-16.025017993861834
2026p007764,2026-01-03T20:56:51.342000+00:00,-39.65813446044922,176.3883819580078,22.9997787475586,2.1831343240177623,KRVZ,HHZ,92991.17813895993,92.99117813895994,1.0,10.0,3.1622776601683795,1.2242962323064215e-07,2.736391985740091e-08,4.474125924525742,-15.91572947629208,0.8296358879603257,exact,1.0,10.0,-0.18676836364818022,-15.7289611126439
2026p007764,2026-01-03T20:56:51.342000+00:00,-39.65813446044922,176.3883819580078,22.9997787475586,2.1831343240177623,NGZ,HHZ,89797.76500838349,89.7977650083835,1.0,10.0,3.1622776601683795,2.0919097591362882e-07,1.7606727199113195e-08,11.881309544238592,-15.380018241854156,1.12652241557642,exact,1.0,10.0,0.11913537911777466,-15.499153620971931
2026p007764,2026-01-03T20:56:51.342000+00:00,-39.65813446044922,176.3883819580078,22.9997787475586,2.1831343240177623,NOVZ,EHZ,92582.60104518529,92.5826010451853,1.0,10.0,3.1622776601683795,1.715894518764506e-07,2.100659340499184e-08,8.168361645714313,-15.578161121033315,1.277398836799036,exact,1.0,10.0,0.24482585154452702,-15.822986972577842
2026p007764,2026-01-03T20:56:51.342000+00:00,-39.65813446044922,176.3883819580078,22.9997787475586,2.1831343240177623,NTVZ,HHZ,90647.70218215644,90.64770218215644,1.0,10.0,3.1622776601683795,2.441521318126481e-07,2.5130001968869807e-08,9.715563576759582,-15.225474314907547,0.9936348993076428,exact,1.0,10.0,-0.006385444317864613,-15.219088870589683
2026p007764,2026-01-03T20:56:51.342000+00:00,-39.65813446044922,176.3883819580078,22.9997787475586,2.1831343240177623,OTVZ,HHZ,86610.82961129388,86.61082961129388,1.0,10.0,3.1622776601683795,1.9389607570915373e-07,1.8052776824957632e-08,10.740512531074774,-15.45594351363828,1.0,exact,1.0,10.0,0.0,-15.45594351363828
2026p007764,2026-01-03T20:56:51.342000+00:00,-39.65813446044922,176.3883819580078,22.9997787475586,2.1831343240177623,SNVZ,EHZ,86599.17290644332,86.59917290644331,1.0,10.0,3.1622776601683795,1.0199406178233455e-07,1.5324613454795576e-08,6.655571579876766,-16.098351243177113,0.7545196052473487,exact,1.0,10.0,-0.28167401668856396,-15.81667722648855
2026p007764,2026-01-03T20:56:51.342000+00:00,-39.65813446044922,176.3883819580078,22.9997787475586,2.1831343240177623,TMVZ,HHZ,87688.61563621208,87.68861563621208,1.0,10.0,3.1622776601683795,1.527817589835599e-07,2.441645335760365e-08,6.2573280707855705,-15.69425534572,0.9214864370155496,exact,1.0,10.0,-0.08176722035762422,-15.612488125362376
2026p007764,2026-01-03T20:56:51.342000+00:00,-39.65813446044922,176.3883819580078,22.9997787475586,2.1831343240177623,TWVZ,HHZ,107428.72819196088,107.42872819196089,1.0,10.0,3.1622776601683795,2.8008853207273464e-08,7.774682900511626e-09,3.6025717788992133,-17.390745190773405,0.5802755580898467,exact,1.0,10.0,-0.5442521881111088,-16.846493002662296
2026p007764,2026-01-03T20:56:51.342000+00:00,-39.65813446044922,176.3883819580078,22.9997787475586,2.1831343240177623,WHVZ,HHZ,84295.93363551048,84.29593363551048,1.0,10.0,3.1622776601683795,1.7065301088321028e-07,3.87351725873862e-08,4.4056344527242945,-15.583633518132523,0.8211193479986806,exact,1.0,10.0,-0.19708681103425454,-15.386546707098267
2026p007764,2026-01-03T20:56:51.342000+00:00,-39.65813446044922,176.3883819580078,22.9997787475586,2.1831343240177623,WTVZ,HHZ,94616.57696184715,94.61657696184716,1.0,10.0,3.1622776601683795,8.232044110011057e-08,1.5869394785771936e-08,5.187371176493563,-16.312646387076,1.0296407025017171,exact,1.0,10.0,0.02920990886272243,-16.341856295938722
2026p009049,2026-01-04T08:21:41.491000+00:00,-40.1368293762207,176.1172332763672,23.40190124511719,2.3560232761450184,COVZ,HHZ,117712.84988403058,117.71284988403059,1.0,10.0,3.1622776601683795,7.178862348778186e-08,1.3442889242701816e-08,5.340267422552493,-16.4495398206917,1.0310666692210522,exact,1.0,10.0,0.030593867562053945,-16.480133688253755
2026p009049,2026-01-04T08:21:41.491000+00:00,-40.1368293762207,176.1172332763672,23.40190124511719,2.3560232761450184,ETVZ,HHZ,119081.75555783886,119.08175555783886,1.0,10.0,3.1622776601683795,1.3671563071661894e-07,1.781269037685669e-08,7.675181447842828,-15.80536275654457,0.9471602664391504,exact,1.0,10.0,-0.05428696417065311,-15.751075792373916
2026p009049,2026-01-04T08:21:41.491000+00:00,-40.1368293762207,176.1172332763672,23.40190124511719,2.3560232761450184,FWVZ,HHZ,112147.37659351516,112.14737659351516,1.0,10.0,3.1622776601683795,7.576790028292547e-08,1.0547766215214845e-08,7.1833124414184,-16.395591113107766,0.6226707538339719,exact,1.0,10.0,-0.4737373849098134,-15.921853728197952
2026p009049,2026-01-04T08:21:41.491000+00:00,-40.1368293762207,176.1172332763672,23.40190124511719,2.3560232761450184,KRVZ,HHZ,125182.26296080276,125.18226296080276,1.0,10.0,3.1622776601683795,7.987787639662246e-08,2.2187012164601447e-08,3.6002087980131297,-16.34276691367178,0.8296358879603257,exact,1.0,10.0,-0.18676836364818022,-16.1559985500236
2026p009049,2026-01-04T08:21:41.491000+00:00,-40.1368293762207,176.1172332763672,23.40190124511719,2.3560232761450184,NGZ,HHZ,118191.87678418099,118.19187678418099,1.0,10.0,3.1622776601683795,1.5867906024694964e-07,7.261713622509327e-09,21.8514621335504,-15.656382163633488,1.12652241557642,exact,1.0,10.0,0.11913537911777466,-15.775517542751263
2026p009049,2026-01-04T08:21:41.491000+00:00,-40.1368293762207,176.1172332763672,23.40190124511719,2.3560232761450184,NOVZ,EHZ,122855.24606952477,122.85524606952477,1.0,10.0,3.1622776601683795,1.5021615071107052e-07,1.6601519297485883e-08,9.048337565937057,-15.71119057536068,1.277398836799036,exact,1.0,10.0,0.24482585154452702,-15.956016426905208
2026p009049,2026-01-04T08:21:41.491000+00:00,-40.1368293762207,176.1172332763672,23.40190124511719,2.3560232761450184,NTVZ,HHZ,123832.02874416487,123.83202874416487,1.0,10.0,3.1622776601683795,1.3857813702408957e-07,2.1651055902709248e-08,6.4005255746787375,-15.791831504162047,0.9936348993076428,exact,1.0,10.0,-0.006385444317864613,-15.785446059844183
2026p009049,2026-01-04T08:21:41.491000+00:00,-40.1368293762207,176.1172332763672,23.40190124511719,2.3560232761450184,OTVZ,HHZ,117533.17257378617,117.53317257378617,1.0,10.0,3.1622776601683795,1.4026841006357668e-07,9.981527132632526e-09,14.052800558443437,-15.779708035107783,1.0,exact,1.0,10.0,0.0,-15.779708035107783
2026p009049,2026-01-04T08:21:41.491000+00:00,-40.1368293762207,176.1172332763672,23.40190124511719,2.3560232761450184,SNVZ,EHZ,115928.7056159287,115.9287056159287,1.0,10.0,3.1622776601683795,7.852738468738591e-08,1.2664715902625379e-08,6.200485292457866,-16.359818423471054,0.7545196052473487,exact,1.0,10.0,-0.28167401668856396,-16.078144406782492
2026p009049,2026-01-04T08:21:41.491000+00:00,-40.1368293762207,176.1172332763672,23.40190124511719,2.3560232761450184,TMVZ,HHZ,121323.2469787128,121.3232469787128,1.0,10.0,3.1622776601683795,1.2372810311339996e-07,1.8355239559703958e-08,6.740751201364081,-15.905179395692326,0.9214864370155496,exact,1.0,10.0,-0.08176722035762422,-15.8234121753347
2026p009049,2026-01-04T08:21:41.491000+00:00,-40.1368293762207,176.1172332763672,23.40190124511719,2.3560232761450184,TUVZ,EHZ,107271.21613127987,107.27121613127987,1.0,10.0,3.1622776601683795,4.2617498498848214e-07,3.228272304734332e-08,13.201333244518661,-14.668415812133258,1.97029574161132,exact,1.0,10.0,0.6781836541279606,-15.34659946626122
2026p009049,2026-01-04T08:21:41.491000+00:00,-40.1368293762207,176.1172332763672,23.40190124511719,2.3560232761450184,TWVZ,HHZ,134195.30549354403,134.19530549354403,1.0,10.0,3.1622776601683795,4.59310802210989e-08,5.903901408420053e-09,7.779784424515068,-16.89612382002834,0.5802755580898467,exact,1.0,10.0,-0.5442521881111088,-16.35187163191723
2026p009049,2026-01-04T08:21:41.491000+00:00,-40.1368293762207,176.1172332763672,23.40190124511719,2.3560232761450184,WHVZ,HHZ,108180.73796433849,108.18073796433849,1.0,10.0,3.1622776601683795,2.565967451528417e-07,4.7019989228593824e-08,5.4571842606207985,-15.175760069362699,0.8211193479986806,exact,1.0,10.0,-0.19708681103425454,-14.978673258328444
2026p009049,2026-01-04T08:21:41.491000+00:00,-40.1368293762207,176.1172332763672,23.40190124511719,2.3560232761450184,WTVZ,HHZ,124582.04844220233,124.58204844220234,1.0,10.0,3.1622776601683795,1.5885126249724984e-07,1.1797028025776872e-08,13.465362814274485,-15.655297528530333,1.0296407025017171,exact,1.0,10.0,0.02920990886272243,-15.684507437393055
2026p010400,2026-01-04T20:21:10.362000+00:00,-39.83111953735352,176.7923126220703,29.560529708862305,2.18598144719862,ETVZ,HHZ,124780.1450272756,124.78014502727561,1.0,10.0,3.1622776601683795,6.707011278589136e-08,1.2839426389782048e-08,5.22376239792671,-16.517527305221577,0.9471602664391504,exact,1.0,10.0,-0.05428696417065311,-16.463240341050923
2026p010400,2026-01-04T20:21:10.362000+00:00,-39.83111953735352,176.7923126220703,29.560529708862305,2.18598144719862,FWVZ,HHZ,128220.12174628107,128.22012174628108,1.0,10.0,3.1622776601683795,3.374081336960836e-08,9.143090257012878e-09,3.690307371047626,-17.2045576531361,0.6226707538339719,exact,1.0,10.0,-0.4737373849098134,-16.730820268226285
2026p010400,2026-01-04T20:21:10.362000+00:00,-39.83111953735352,176.7923126220703,29.560529708862305,2.18598144719862,NGZ,HHZ,129437.840278617,129.43784027861702,1.0,10.0,3.1622776601683795,5.2365627240214134e-08,8.89633991736151e-09,5.886199012924498,-16.765015429559217,1.12652241557642,exact,1.0,10.0,0.11913537911777466,-16.884150808676992
2026p010400,2026-01-04T20:21:10.362000+00:00,-39.83111953735352,176.7923126220703,29.560529708862305,2.18598144719862,NOVZ,EHZ,131982.58505951593,131.98258505951594,1.0,10.0,3.1622776601683795,5.6535106209762406e-08,1.3882893084933375e-08,4.072285644201784,-16.688404042905933,1.277398836799036,exact,1.0,10.0,0.24482585154452702,-16.93322989445046
2026p010400,2026-01-04T20:21:10.362000+00:00,-39.83111953735352,176.7923126220703,29.560529708862305,2.18598144719862,NTVZ,HHZ,129595.05558534537,129.59505558534536,1.0,10.0,3.1622776601683795,6.192290518341628e-08,1.292145059148108e-08,4.792256468808628,-16.597375690428745,0.9936348993076428,exact,1.0,10.0,-0.006385444317864613,-16.59099024611088
2026p010400,2026-01-04T20:21:10.362000+00:00,-39.83111953735352,176.7923126220703,29.560529708862305,2.18598144719862,OTVZ,HHZ,125963.28428603696,125.96328428603695,1.0,10.0,3.1622776601683795,5.224180970414297e-08,8.787077913143345e-09,5.945299475039574,-16.7673827104622,1.0,exact,1.0,10.0,0.0,-16.7673827104622
2026p010400,2026-01-04T20:21:10.362000+00:00,-39.83111953735352,176.7923126220703,29.560529708862305,2.18598144719862,SNVZ,EHZ,126145.86290134439,126.14586290134439,1.0,10.0,3.1622776601683795,3.241111587731948e-08,1.0792352454482942e-08,3.0031558007407835,-17.2447643903542,0.7545196052473487,exact,1.0,10.0,-0.28167401668856396,-16.963090373665636
2026p010400,2026-01-04T20:21:10.362000+00:00,-39.83111953735352,176.7923126220703,29.560529708862305,2.18598144719862,TMVZ,HHZ,126588.7971388984,126.5887971388984,1.0,10.0,3.1622776601683795,5.435374207899898e-08,1.2145743760845604e-08,4.475126690406549,-16.727752374249828,0.9214864370155496,exact,1.0,10.0,-0.08176722035762422,-16.645985153892205
2026p010400,2026-01-04T20:21:10.362000+00:00,-39.83111953735352,176.7923126220703,29.560529708862305,2.18598144719862,TUVZ,EHZ,120185.93274957608,120.18593274957608,1.0,10.0,3.1622776601683795,1.5774066663943543e-07,3.1707783264565476e-08,4.974824803212149,-15.66231350279407,1.97029574161132,exact,1.0,10.0,0.6781836541279606,-16.34049715692203
2026p010400,2026-01-04T20:21:10.362000+00:00,-39.83111953735352,176.7923126220703,29.560529708862305,2.18598144719862,WTVZ,HHZ,134052.2234310626,134.0522234310626,1.0,10.0,3.1622776601683795,3.6779544954955575e-08,1.1636327713553936e-08,3.1607519021757136,-17.118323989925194,1.0296407025017171,exact,1.0,10.0,0.02920990886272243,-17.147533898787916
2026p012670,2026-01-05T16:30:59.345000+00:00,-39.80691909790039,176.66189575195312,30.914554595947266,2.372677033839196,COVZ,HHZ,121824.524913546,121.824524913546,1.0,10.0,3.1622776601683795,1.3187451932988641e-07,1.2543482238280973e-08,10.513389888449288,-15.84141497761458,1.0310666692210522,exact,1.0,10.0,0.030593867562053945,-15.872008845176634
2026p012670,2026-01-05T16:30:59.345000+00:00,-39.80691909790039,176.66189575195312,30.914554595947266,2.372677033839196,ETVZ,HHZ,115271.67996787683,115.27167996787684,1.0,10.0,3.1622776601683795,2.5307248376163623e-07,1.6637398755286345e-08,15.211060784440555,-15.189589892169776,0.9471602664391504,exact,1.0,10.0,-0.05428696417065311,-15.135302927999122
2026p012670,2026-01-05T16:30:59.345000+00:00,-39.80691909790039,176.66189575195312,30.914554595947266,2.372677033839196,FWVZ,HHZ,118032.02083829358,118.03202083829358,1.0,10.0,3.1622776601683795,1.1157551339980874e-07,1.5789547516720153e-08,7.066416139009505,-16.00856422505418,0.6226707538339719,exact,1.0,10.0,-0.4737373849098134,-15.534826840144365
2026p012670,2026-01-05T16:30:59.345000+00:00,-39.80691909790039,176.66189575195312,30.914554595947266,2.372677033839196,KRVZ,HHZ,122503.44780275934,122.50344780275934,1.0,10.0,3.1622776601683795,1.2244440690290784e-07,1.9719822828492475e-08,6.209204208771706,-15.915608731170389,0.8296358879603257,exact,1.0,10.0,-0.18676836364818022,-15.728840367522208
2026p012670,2026-01-05T16:30:59.345000+00:00,-39.80691909790039,176.66189575195312,30.914554595947266,2.372677033839196,NGZ,HHZ,119526.43514480458,119.52643514480458,1.0,10.0,3.1622776601683795,2.1597189557469842e-07,8.721285611832406e-09,24.763768231794113,-15.348117550807787,1.12652241557642,exact,1.0,10.0,0.11913537911777466,-15.467252929925563
2026p012670,2026-01-05T16:30:59.345000+00:00,-39.80691909790039,176.66189575195312,30.914554595947266,2.372677033839196,NOVZ,EHZ,122226.57984601744,122.22657984601744,1.0,10.0,3.1622776601683795,2.3919318982845724e-07,1.4440546175520944e-08,16.563998821175357,-15.245994285892047,1.277398836799036,exact,1.0,10.0,0.24482585154452702,-15.490820137436575
2026p012670,2026-01-05T16:30:59.345000+00:00,-39.80691909790039,176.66189575195312,30.914554595947266,2.372677033839196,NTVZ,HHZ,120093.58819123895,120.09358819123895,1.0,10.0,3.1622776601683795,2.6886490916037204e-07,1.6572231721859952e-08,16.223820284006777,-15.129056779917278,0.9936348993076428,exact,1.0,10.0,-0.006385444317864613,-15.122671335599414
2026p012670,2026-01-05T16:30:59.345000+00:00,-39.80691909790039,176.66189575195312,30.914554595947266,2.372677033839196,OTVZ,HHZ,116251.67829761926,116.25167829761926,1.0,10.0,3.1622776601683795,2.1464004007051653e-07,1.4544354407748747e-08,14.757618939494728,-15.354303444141973,1.0,exact,1.0,10.0,0.0,-15.354303444141973
2026p012670,2026-01-05T16:30:59.345000+00:00,-39.80691909790039,176.66189575195312,30.914554595947266,2.372677033839196,SNVZ,EHZ,116308.27483482411,116.30827483482412,1.0,10.0,3.1622776601683795,1.1650125454449904e-07,1.1712971318515207e-08,9.946345071326215,-15.965363795376328,0.7545196052473487,exact,1.0,10.0,-0.28167401668856396,-15.683689778687764
2026p012670,2026-01-05T16:30:59.345000+00:00,-39.80691909790039,176.66189575195312,30.914554595947266,2.372677033839196,TMVZ,HHZ,117119.45603335393,117.11945603335393,1.0,10.0,3.1622776601683795,1.8068234748421058e-07,1.2234720356853307e-08,14.767999775573207,-15.526525333748225,0.9214864370155496,exact,1.0,10.0,-0.08176722035762422,-15.4447581133906
2026p012670,2026-01-05T16:30:59.345000+00:00,-39.80691909790039,176.66189575195312,30.914554595947266,2.372677033839196,TUVZ,EHZ,110166.45251781202,110.16645251781202,1.0,10.0,3.1622776601683795,5.420449463849224e-07,2.797621996185929e-08,19.37520319485286,-14.42791691203556,1.97029574161132,exact,1.0,10.0,0.6781836541279606,-15.106100566163521
2026p012670,2026-01-05T16:30:59.345000+00:00,-39.80691909790039,176.66189575195312,30.914554595947266,2.372677033839196,TWVZ,HHZ,137132.16196077966,137.13216196077965,1.0,10.0,3.1622776601683795,4.356607958619623e-08,6.073455593413002e-09,7.173194718579329,-16.948986980525877,0.5802755580898467,exact,1.0,10.0,-0.5442521881111088,-16.404734792414768
2026p012670,2026-01-05T16:30:59.345000+00:00,-39.80691909790039,176.66189575195312,30.914554595947266,2.372677033839196,WHVZ,HHZ,113981.20762759993,113.98120762759993,1.0,10.0,3.1622776601683795,3.7322905343260087e-07,3.0941475698512094e-08,12.062419293419435,-14.80107352150548,0.8211193479986806,exact,1.0,10.0,-0.19708681103425454,-14.603986710471224
2026p012670,2026-01-05T16:30:59.345000+00:00,-39.80691909790039,176.66189575195312,30.914554595947266,2.372677033839196,WTVZ,HHZ,124264.7603168561,124.2647603168561,1.0,10.0,3.1622776601683795,1.316907776937036e-07,1.197169464287596e-08,11.00017847281707,-15.842809255753805,1.0296407025017171,exact,1.0,10.0,0.02920990886272243,-15.872019164616527
2026p013345,2026-01-05T22:30:33.359000+00:00,-39.269676208496094,175.09669494628906,15.44020652770996,2.5843528097615174,COVZ,HHZ,42600.49582877622,42.60049582877622,1.0,10.0,3.1622776601683795,9.893601270616546e-07,2.2612135471437493e-08,43.75350255226289,-13.826207439084488,1.0310666692210522,exact,1.0,10.0,0.030593867562053945,-13.856801306646542
2026p013345,2026-01-05T22:30:33.359000+00:00,-39.269676208496094,175.09669494628906,15.44020652770996,2.5843528097615174,ETVZ,HHZ,57544.062611768204,57.544062611768204,1.0,10.0,3.1622776601683795,7.143934323071252e-07,1.7764496302005354e-08,40.21467426726198,-14.151832000725477,0.9471602664391504,exact,1.0,10.0,-0.05428696417065311,-14.097545036554823
2026p013345,2026-01-05T22:30:33.359000+00:00,-39.269676208496094,175.09669494628906,15.44020652770996,2.5843528097615174,FWVZ,HHZ,43115.24929570701,43.11524929570702,1.0,10.0,3.1622776601683795,1.604707642903569e-06,1.0657644801136701e-08,150.56869250628594,-13.342568971928504,0.6226707538339719,exact,1.0,10.0,-0.4737373849098134,-12.86883158701869
2026p013345,2026-01-05T22:30:33.359000+00:00,-39.269676208496094,175.09669494628906,15.44020652770996,2.5843528097615174,KRVZ,HHZ,53563.72909617487,53.563729096174875,1.0,10.0,3.1622776601683795,8.84118060272156e-07,1.9477486795707425e-08,45.39179358945856,-13.938675230882021,0.8296358879603257,exact,1.0,10.0,-0.18676836364818022,-13.75190686723384
2026p013345,2026-01-05T22:30:33.359000+00:00,-39.269676208496094,175.09669494628906,15.44020652770996,2.5843528097615174,NGZ,HHZ,47877.632029776796,47.8776320297768,1.0,10.0,3.1622776601683795,1.5784647969435604e-06,9.801254862117424e-09,161.04721478516427,-13.359057830784911,1.12652241557642,exact,1.0,10.0,0.11913537911777466,-13.478193209902686
2026p013345,2026-01-05T22:30:33.359000+00:00,-39.269676208496094,175.09669494628906,15.44020652770996,2.5843528097615174,NOVZ,EHZ,50100.32422314047,50.100324223140476,1.0,10.0,3.1622776601683795,1.4008163993297693e-06,1.7432477447608658e-08,80.35670222662067,-13.4784553489261,1.277398836799036,exact,1.0,10.0,0.24482585154452702,-13.723281200470629
2026p013345,2026-01-05T22:30:33.359000+00:00,-39.269676208496094,175.09669494628906,15.44020652770996,2.5843528097615174,NTVZ,HHZ,56081.7177325838,56.0817177325838,1.0,10.0,3.1622776601683795,2.1033259926358084e-06,1.8159359683313234e-08,115.82599988746134,-13.07199066011587,0.9936348993076428,exact,1.0,10.0,-0.006385444317864613,-13.065605215798007
2026p013345,2026-01-05T22:30:33.359000+00:00,-39.269676208496094,175.09669494628906,15.44020652770996,2.5843528097615174,OTVZ,HHZ,53259.61789326484,53.25961789326484,1.0,10.0,3.1622776601683795,7.292966585892091e-07,1.0282086804126179e-08,70.92885641624267,-14.131185248635155,1.0,exact,1.0,10.0,0.0,-14.131185248635155
2026p013345,2026-01-05T22:30:33.359000+00:00,-39.269676208496094,175.09669494628906,15.44020652770996,2.5843528097615174,SNVZ,EHZ,50792.48170728403,50.79248170728403,1.0,10.0,3.1622776601683795,7.832122797837187e-07,1.2515387054905198e-08,62.579948694175755,-14.05986206686462,0.7545196052473487,exact,1.0,10.0,-0.28167401668856396,-13.778188050176055
2026p013345,2026-01-05T22:30:33.359000+00:00,-39.269676208496094,175.09669494628906,15.44020652770996,2.5843528097615174,TMVZ,HHZ,57642.5879304384,57.6425879304384,1.0,10.0,3.1622776601683795,7.126741567853945e-07,1.472125314282207e-08,48.41124256686579,-14.1542415240959,0.9214864370155496,exact,1.0,10.0,-0.08176722035762422,-14.072474303738275
2026p013345,2026-01-05T22:30:33.359000+00:00,-39.269676208496094,175.09669494628906,15.44020652770996,2.5843528097615174,TUVZ,EHZ,50985.39405309509,50.98539405309509,1.0,10.0,3.1622776601683795,2.849643670958475e-06,3.226102525595402e-08,88.33084653540425,-12.768316599234202,1.97029574161132,exact,1.0,10.0,0.6781836541279606,-13.446500253362164
2026p013345,2026-01-05T22:30:33.359000+00:00,-39.269676208496094,175.09669494628906,15.44020652770996,2.5843528097615174,TWVZ,HHZ,40350.04155139423,40.35004155139423,1.0,10.0,3.1622776601683795,2.9892186611262697e-06,4.87119306121619e-09,613.6522662027179,-12.72049852206008,0.5802755580898467,exact,1.0,10.0,-0.5442521881111088,-12.17624633394897
2026p013345,2026-01-05T22:30:33.359000+00:00,-39.269676208496094,175.09669494628906,15.44020652770996,2.5843528097615174,WHVZ,HHZ,45951.15428338415,45.95115428338415,1.0,10.0,3.1622776601683795,1.1541206003531393e-06,3.3911676855676127e-08,34.0331327543882,-13.672171888966906,0.8211193479986806,exact,1.0,10.0,-0.19708681103425454,-13.47508507793265
2026p013345,2026-01-05T22:30:33.359000+00:00,-39.269676208496094,175.09669494628906,15.44020652770996,2.5843528097615174,WTVZ,HHZ,48829.355039319125,48.829355039319125,1.0,10.0,3.1622776601683795,1.3285823844073431e-06,1.1600817724649192e-08,114.52489091216364,-13.53139806056627,1.0296407025017171,exact,1.0,10.0,0.02920990886272243,-13.560607969428991
2026p014981,2026-01-06T13:02:06.050000+00:00,-40.36665725708008,174.6691436767578,12.0,2.118177506983764,FWVZ,HHZ,145465.07995780767,145.46507995780766,1.0,10.0,3.1622776601683795,3.030396542728826e-08,9.136497911795384e-09,3.316803190877469,-17.311987260806372,0.6226707538339719,exact,1.0,10.0,-0.4737373849098134,-16.838249875896558
2026p014981,2026-01-06T13:02:06.050000+00:00,-40.36665725708008,174.6691436767578,12.0,2.118177506983764,NGZ,HHZ,155066.8900947412,155.06689009474118,1.0,10.0,3.1622776601683795,3.978876073583947e-08,9.736830025063937e-09,4.086418334654886,-17.039681358108464,1.12652241557642,exact,1.0,10.0,0.11913537911777466,-17.15881673722624
2026p014981,2026-01-06T13:02:06.050000+00:00,-40.36665725708008,174.6691436767578,12.0,2.118177506983764,NOVZ,EHZ,160164.11010937116,160.16411010937117,1.0,10.0,3.1622776601683795,4.991401006051763e-08,1.537750216913022e-08,3.2459114303178707,-16.812964110859596,1.277398836799036,exact,1.0,10.0,0.24482585154452702,-17.057789962404122
2026p014981,2026-01-06T13:02:06.050000+00:00,-40.36665725708008,174.6691436767578,12.0,2.118177506983764,NTVZ,HHZ,165681.96970906155,165.68196970906155,1.0,10.0,3.1622776601683795,6.224904568757786e-08,1.5547152821750922e-08,4.003887168362405,-16.59212263203914,0.9936348993076428,exact,1.0,10.0,-0.006385444317864613,-16.585737187721275
2026p014981,2026-01-06T13:02:06.050000+00:00,-40.36665725708008,174.6691436767578,12.0,2.118177506983764,TUVZ,EHZ,148936.39109708075,148.93639109708076,1.0,10.0,3.1622776601683795,1.4949000561700796e-07,2.4640702122369255e-08,6.066791639078269,-15.716036298410517,1.97029574161132,exact,1.0,10.0,0.6781836541279606,-16.394219952538478
2026p014981,2026-01-06T13:02:06.050000+00:00,-40.36665725708008,174.6691436767578,12.0,2.118177506983764,TWVZ,HHZ,158770.28430798659,158.77028430798657,1.0,10.0,3.1622776601683795,2.2958013361415595e-08,6.097825741529671e-09,3.7649507110474527,-17.589598795309392,0.5802755580898467,exact,1.0,10.0,-0.5442521881111088,-17.045346607198283
2026p014981,2026-01-06T13:02:06.050000+00:00,-40.36665725708008,174.6691436767578,12.0,2.118177506983764,WTVZ,HHZ,160325.5976940224,160.3255976940224,1.0,10.0,3.1622776601683795,4.763687317902792e-08,1.2723894804552938e-08,3.7438908377317155,-16.859658728974637,1.0296407025017171,exact,1.0,10.0,0.02920990886272243,-16.88886863783736
2026p015262,2026-01-06T15:31:43.041000+00:00,-39.88275909423828,176.78482055664062,31.84092140197754,2.41935430052478,COVZ,HHZ,135065.4830395941,135.0654830395941,1.0,10.0,3.1622776601683795,8.23821444482541e-08,1.2191553592320456e-08,6.75731307125182,-16.311897117101584,1.0310666692210522,exact,1.0,10.0,0.030593867562053945,-16.342490984663637
2026p015262,2026-01-06T15:31:43.041000+00:00,-39.88275909423828,176.78482055664062,31.84092140197754,2.41935430052478,ETVZ,HHZ,128483.7469855853,128.4837469855853,1.0,10.0,3.1622776601683795,1.5400993081359396e-07,1.5742372882591423e-08,9.783145905780483,-15.686248750809344,0.9471602664391504,exact,1.0,10.0,-0.05428696417065311,-15.63196178663869
2026p015262,2026-01-06T15:31:43.041000+00:00,-39.88275909423828,176.78482055664062,31.84092140197754,2.41935430052478,FWVZ,HHZ,131190.73989018047,131.19073989018048,1.0,10.0,3.1622776601683795,7.764544066160079e-08,1.2616871893073923e-08,6.154095985093146,-16.371113005603597,0.6226707538339719,exact,1.0,10.0,-0.4737373849098134,-15.897375620693783
2026p015262,2026-01-06T15:31:43.041000+00:00,-39.88275909423828,176.78482055664062,31.84092140197754,2.41935430052478,KRVZ,HHZ,135760.4931050212,135.7604931050212,1.0,10.0,3.1622776601683795,1.0521780714403237e-07,1.5232232195733308e-08,6.907576367796236,-16.06723328153729,0.8296358879603257,exact,1.0,10.0,-0.18676836364818022,-15.88046491788911
2026p015262,2026-01-06T15:31:43.041000+00:00,-39.88275909423828,176.78482055664062,31.84092140197754,2.41935430052478,NGZ,HHZ,132773.98665077673,132.77398665077672,1.0,10.0,3.1622776601683795,1.7228664908758901e-07,1.0914634775262475e-08,15.784921129754052,-15.574106182847785,1.12652241557642,exact,1.0,10.0,0.11913537911777466,-15.69324156196556
2026p015262,2026-01-06T15:31:43.041000+00:00,-39.88275909423828,176.78482055664062,31.84092140197754,2.41935430052478,NOVZ,EHZ,135491.2041401085,135.4912041401085,1.0,10.0,3.1622776601683795,1.7210794924233464e-07,1.3332662230808331e-08,12.908745925073967,-15.575143945124886,1.277398836799036,exact,1.0,10.0,0.24482585154452702,-15.819969796669413
2026p015262,2026-01-06T15:31:43.041000+00:00,-39.88275909423828,176.78482055664062,31.84092140197754,2.41935430052478,NTVZ,HHZ,133326.79360910333,133.32679360910333,1.0,10.0,3.1622776601683795,1.8627057741835591e-07,1.3277008213083592e-08,14.029559553544516,-15.496065503006397,0.9936348993076428,exact,1.0,10.0,-0.006385444317864613,-15.489680058688533
2026p015262,2026-01-06T15:31:43.041000+00:00,-39.88275909423828,176.78482055664062,31.84092140197754,2.41935430052478,OTVZ,HHZ,129481.73337650072,129.48173337650073,1.0,10.0,3.1622776601683795,1.728254091019709e-07,9.073288887114906e-09,19.04771370692302,-15.570983947972096,1.0,exact,1.0,10.0,0.0,-15.570983947972096
2026p015262,2026-01-06T15:31:43.041000+00:00,-39.88275909423828,176.78482055664062,31.84092140197754,2.41935430052478,SNVZ,EHZ,129535.9517320249,129.5359517320249,1.0,10.0,3.1622776601683795,1.0718608360765936e-07,2.0832769481404917e-08,5.145071263968643,-16.048699413829407,0.7545196052473487,exact,1.0,10.0,-0.28167401668856396,-15.767025397140843
2026p015262,2026-01-06T15:31:43.041000+00:00,-39.88275909423828,176.78482055664062,31.84092140197754,2.41935430052478,TMVZ,HHZ,130335.2839020371,130.3352839020371,1.0,10.0,3.1622776601683795,1.4623991715191582e-07,1.4836405715247582e-08,9.856829205042768,-15.738017295762095,0.9214864370155496,exact,1.0,10.0,-0.08176722035762422,-15.65625007540447
2026p015262,2026-01-06T15:31:43.041000+00:00,-39.88275909423828,176.78482055664062,31.84092140197754,2.41935430052478,TUVZ,EHZ,123324.3053514102,123.3243053514102,1.0,10.0,3.1622776601683795,3.955055673291323e-07,2.427691006489503e-08,16.29142943940969,-14.743100973152234,1.97029574161132,exact,1.0,10.0,0.6781836541279606,-15.421284627280196
2026p015262,2026-01-06T15:31:43.041000+00:00,-39.88275909423828,176.78482055664062,31.84092140197754,2.41935430052478,TWVZ,HHZ,150465.54988710055,150.46554988710056,1.0,10.0,3.1622776601683795,3.2583020355326094e-08,6.402200245606962e-09,5.089347272085685,-17.239474532258317,0.5802755580898467,exact,1.0,10.0,-0.5442521881111088,-16.695222344147208
2026p015262,2026-01-06T15:31:43.041000+00:00,-39.88275909423828,176.78482055664062,31.84092140197754,2.41935430052478,WHVZ,HHZ,127101.85106443176,127.10185106443176,1.0,10.0,3.1622776601683795,1.8590405500727713e-07,3.512084421109996e-08,5.293268404650766,-15.498035129615182,0.8211193479986806,exact,1.0,10.0,-0.19708681103425454,-15.300948318580927
2026p015262,2026-01-06T15:31:43.041000+00:00,-39.88275909423828,176.78482055664062,31.84092140197754,2.41935430052478,WTVZ,HHZ,137545.73178475798,137.54573178475798,1.0,10.0,3.1622776601683795,1.0557236728999206e-07,1.080157044534319e-08,9.773797969859723,-16.063869173306934,1.0296407025017171,exact,1.0,10.0,0.02920990886272243,-16.093079082169655
2026p017907,2026-01-07T15:01:07.969000+00:00,-39.246036529541016,175.27114868164062,10.625187873840332,2.4929979280537204,COVZ,HHZ,26696.59367470087,26.69659367470087,1.0,10.0,3.1622776601683795,1.14522273356501e-06,1.135585999967447e-08,100.84861327964937,-13.679911412745007,1.0310666692210522,exact,1.0,10.0,0.030593867562053945,-13.71050528030706
2026p017907,2026-01-07T15:01:07.969000+00:00,-39.246036529541016,175.27114868164062,10.625187873840332,2.4929979280537204,ETVZ,HHZ,41618.74218746065,41.618742187460654,1.0,10.0,3.1622776601683795,5.785263630123492e-07,1.5937297242478158e-08,36.30015517752819,-14.362781720024575,0.9471602664391504,exact,1.0,10.0,-0.05428696417065311,-14.308494755853921
2026p017907,2026-01-07T15:01:07.969000+00:00,-39.246036529541016,175.27114868164062,10.625187873840332,2.4929979280537204,FWVZ,HHZ,27444.129994117146,27.444129994117144,1.0,10.0,3.1622776601683795,1.2805812526883575e-06,1.4951290860321884e-08,85.65021339306539,-13.568196479443834,0.6226707538339719,exact,1.0,10.0,-0.4737373849098134,-13.09445909453402
2026p017907,2026-01-07T15:01:07.969000+00:00,-39.246036529541016,175.27114868164062,10.625187873840332,2.4929979280537204,KRVZ,HHZ,38025.4103339295,38.0254103339295,1.0,10.0,3.1622776601683795,1.1550007606403435e-06,1.8795242772507172e-08,61.451760672643516,-13.671409555427665,0.8296358879603257,exact,1.0,10.0,-0.18676836364818022,-13.484641191779485
2026p017907,2026-01-07T15:01:07.969000+00:00,-39.246036529541016,175.27114868164062,10.625187873840332,2.4929979280537204,NGZ,HHZ,31929.606535841544,31.929606535841543,1.0,10.0,3.1622776601683795,1.982164630844983e-06,1.52174616429142e-08,130.2559308087989,-13.131321062516621,1.12652241557642,exact,1.0,10.0,0.11913537911777466,-13.250456441634396
2026p017907,2026-01-07T15:01:07.969000+00:00,-39.246036529541016,175.27114868164062,10.625187873840332,2.4929979280537204,NOVZ,EHZ,34394.82816459732,34.39482816459732,1.0,10.0,3.1622776601683795,1.7578982029785528e-06,1.4285762251235347e-08,123.05246104921984,-13.251391665395737,1.277398836799036,exact,1.0,10.0,0.24482585154452702,-13.496217516940265
2026p017907,2026-01-07T15:01:07.969000+00:00,-39.246036529541016,175.27114868164062,10.625187873840332,2.4929979280537204,NTVZ,HHZ,40415.76956801348,40.41576956801348,1.0,10.0,3.1622776601683795,2.562009404193045e-06,1.4840125612906164e-08,172.64068182582741,-12.87471868385125,0.9936348993076428,exact,1.0,10.0,-0.006385444317864613,-12.868333239533387
2026p017907,2026-01-07T15:01:07.969000+00:00,-39.246036529541016,175.27114868164062,10.625187873840332,2.4929979280537204,OTVZ,HHZ,37278.2812352357,37.2782812352357,1.0,10.0,3.1622776601683795,7.872614906775576e-07,1.3626523701529656e-08,57.7741989021883,-14.054705381101575,1.0,exact,1.0,10.0,0.0,-14.054705381101575
2026p017907,2026-01-07T15:01:07.969000+00:00,-39.246036529541016,175.27114868164062,10.625187873840332,2.4929979280537204,SNVZ,EHZ,34788.02235870438,34.78802235870438,1.0,10.0,3.1622776601683795,5.224047977750319e-07,1.599944332371022e-08,32.65143587845079,-14.464823074924082,0.7545196052473487,exact,1.0,10.0,-0.28167401668856396,-14.183149058235518
2026p017907,2026-01-07T15:01:07.969000+00:00,-39.246036529541016,175.27114868164062,10.625187873840332,2.4929979280537204,TMVZ,HHZ,41817.743488830114,41.81774348883011,1.0,10.0,3.1622776601683795,6.261076780087612e-07,2.098464473684383e-08,29.836467848772845,-14.283743471039607,0.9214864370155496,exact,1.0,10.0,-0.08176722035762422,-14.201976250681982
2026p017907,2026-01-07T15:01:07.969000+00:00,-39.246036529541016,175.27114868164062,10.625187873840332,2.4929979280537204,TUVZ,EHZ,35274.84491545402,35.27484491545402,1.0,10.0,3.1622776601683795,1.7259742640863403e-06,3.2353381195697285e-08,53.34756987674227,-13.269718876140542,1.97029574161132,exact,1.0,10.0,0.6781836541279606,-13.947902530268504
2026p017907,2026-01-07T15:01:07.969000+00:00,-39.246036529541016,175.27114868164062,10.625187873840332,2.4929979280537204,TWVZ,HHZ,26870.435305033476,26.870435305033475,1.0,10.0,3.1622776601683795,1.2949819717084768e-06,5.842687232286811e-09,221.64150162828835,-13.557013784370314,0.5802755580898467,exact,1.0,10.0,-0.5442521881111088,-13.012761596259205
2026p017907,2026-01-07T15:01:07.969000+00:00,-39.246036529541016,175.27114868164062,10.625187873840332,2.4929979280537204,WHVZ,HHZ,30480.2325870974,30.480232587097397,1.0,10.0,3.1622776601683795,9.476440449611481e-07,3.453042621495588e-08,27.443740168799387,-13.869286885200443,0.8211193479986806,exact,1.0,10.0,-0.19708681103425454,-13.672200074166188
2026p017907,2026-01-07T15:01:07.969000+00:00,-39.246036529541016,175.27114868164062,10.625187873840332,2.4929979280537204,WTVZ,HHZ,33284.98334668928,33.28498334668928,1.0,10.0,3.1622776601683795,1.530792180431293e-06,1.2795560348550726e-08,119.634634102185,-13.389725191566198,1.0296407025017171,exact,1.0,10.0,0.02920990886272243,-13.41893510042892
2026p019488,2026-01-08T05:03:32.495000+00:00,-40.11518096923828,175.39852905273438,38.50763320922852,2.3870820374053143,COVZ,HHZ,109772.85803782211,109.7728580378221,1.0,10.0,3.1622776601683795,2.0967683083949e-07,2.6670196681284064e-08,7.861840441043006,-15.377698392317278,1.0310666692210522,exact,1.0,10.0,0.030593867562053945,-15.408292259879332
2026p019488,2026-01-08T05:03:32.495000+00:00,-40.11518096923828,175.39852905273438,38.50763320922852,2.3870820374053143,ETVZ,HHZ,118843.69399459731,118.84369399459732,1.0,10.0,3.1622776601683795,3.1167293015929204e-07,6.780439510530718e-08,4.596647896869104,-14.98131149975999,0.9471602664391504,exact,1.0,10.0,-0.05428696417065311,-14.927024535589336
2026p019488,2026-01-08T05:03:32.495000+00:00,-40.11518096923828,175.39852905273438,38.50763320922852,2.3870820374053143,FWVZ,HHZ,104604.65046173557,104.60465046173557,1.0,10.0,3.1622776601683795,2.577213917138039e-07,1.5243090397749075e-08,16.90742395333831,-15.171386712590426,0.6226707538339719,exact,1.0,10.0,-0.4737373849098134,-14.697649327680612
2026p019488,2026-01-08T05:03:32.495000+00:00,-40.11518096923828,175.39852905273438,38.50763320922852,2.3870820374053143,KRVZ,HHZ,121881.90976816333,121.88190976816333,1.0,10.0,3.1622776601683795,2.0551209593297354e-07,2.4112063215670726e-08,8.523206583143358,-15.397760943754657,0.8296358879603257,exact,1.0,10.0,-0.18676836364818022,-15.210992580106476
2026p019488,2026-01-08T05:03:32.495000+00:00,-40.11518096923828,175.39852905273438,38.50763320922852,2.3870820374053143,NGZ,HHZ,113058.62504980314,113.05862504980314,1.0,10.0,3.1622776601683795,3.5022819111277416e-07,2.391913363681119e-08,14.64217711354638,-14.864680920298136,1.12652241557642,exact,1.0,10.0,0.11913537911777466,-14.983816299415912
2026p019488,2026-01-08T05:03:32.495000+00:00,-40.11518096923828,175.39852905273438,38.50763320922852,2.3870820374053143,NOVZ,EHZ,118237.84044891501,118.23784044891501,1.0,10.0,3.1622776601683795,3.4033054439244566e-07,2.18695214172016e-08,15.561865205004288,-14.893348502216696,1.277398836799036,exact,1.0,10.0,0.24482585154452702,-15.138174353761224
2026p019488,2026-01-08T05:03:32.495000+00:00,-40.11518096923828,175.39852905273438,38.50763320922852,2.3870820374053143,NTVZ,HHZ,122029.99044973626,122.02999044973626,1.0,10.0,3.1622776601683795,3.101180094301512e-07,3.5648919707610895e-08,8.699226006670331,-14.986312936324651,0.9936348993076428,exact,1.0,10.0,-0.006385444317864613,-14.979927492006787
2026p019488,2026-01-08T05:03:32.495000+00:00,-40.11518096923828,175.39852905273438,38.50763320922852,2.3870820374053143,OTVZ,HHZ,115318.26267502546,115.31826267502545,1.0,10.0,3.1622776601683795,3.08382550695765e-07,1.966504631236434e-08,15.681760713773167,-14.991924776962474,1.0,exact,1.0,10.0,0.0,-14.991924776962474
2026p019488,2026-01-08T05:03:32.495000+00:00,-40.11518096923828,175.39852905273438,38.50763320922852,2.3870820374053143,SNVZ,EHZ,112594.19016107981,112.59419016107981,1.0,10.0,3.1622776601683795,1.692108225390358e-07,1.6063512019160455e-08,10.533862229953337,-15.592120428823169,0.7545196052473487,exact,1.0,10.0,-0.28167401668856396,-15.310446412134604
2026p019488,2026-01-08T05:03:32.495000+00:00,-40.11518096923828,175.39852905273438,38.50763320922852,2.3870820374053143,TMVZ,HHZ,120753.78895861082,120.75378895861083,1.0,10.0,3.1622776601683795,2.38218037838475e-07,2.9068254992163127e-08,8.19512687991416,-15.250079457289921,0.9214864370155496,exact,1.0,10.0,-0.08176722035762422,-15.168312236932296
2026p019488,2026-01-08T05:03:32.495000+00:00,-40.11518096923828,175.39852905273438,38.50763320922852,2.3870820374053143,TUVZ,EHZ,104553.1664959181,104.5531664959181,1.0,10.0,3.1622776601683795,1.8504823009506408e-06,4.792483886639932e-08,38.612175746886784,-13.200064249634657,1.97029574161132,exact,1.0,10.0,0.6781836541279606,-13.878247903762619
2026p019488,2026-01-08T05:03:32.495000+00:00,-40.11518096923828,175.39852905273438,38.50763320922852,2.3870820374053143,TWVZ,HHZ,122552.24482446119,122.55224482446118,1.0,10.0,3.1622776601683795,9.127642103409683e-08,8.840146564139655e-09,10.325215806303781,-16.2093733408149,0.5802755580898467,exact,1.0,10.0,-0.5442521881111088,-15.66512115270379
2026p019488,2026-01-08T05:03:32.495000+00:00,-40.11518096923828,175.39852905273438,38.50763320922852,2.3870820374053143,WHVZ,HHZ,102286.00450670224,102.28600450670224,1.0,10.0,3.1622776601683795,7.151824624448258e-07,4.8862551228058795e-08,14.636617296276988,-14.150728134577877,0.8211193479986806,exact,1.0,10.0,-0.19708681103425454,-13.953641323543621
2026p019488,2026-01-08T05:03:32.495000+00:00,-40.11518096923828,175.39852905273438,38.50763320922852,2.3870820374053143,WTVZ,HHZ,119039.1345963044,119.03913459630441,1.0,10.0,3.1622776601683795,3.7105787983883147e-07,1.779313087050366e-08,20.853995990888148,-14.80690777616007,1.0296407025017171,exact,1.0,10.0,0.02920990886272243,-14.836117685022792
2026p020158,2026-01-08T11:00:39.444000+00:00,-40.2956428527832,174.81808471679688,21.5279541015625,2.1546808856938764,COVZ,HHZ,138442.75574199398,138.44275574199398,1.0,10.0,3.1622776601683795,4.91876373889024e-08,1.2163483954640522e-08,4.043877360493965,-16.827623517605677,1.0310666692210522,exact,1.0,10.0,0.030593867562053945,-16.85821738516773
2026p020158,2026-01-08T11:00:39.444000+00:00,-40.2956428527832,174.81808471679688,21.5279541015625,2.1546808856938764,ETVZ,HHZ,151527.7912236915,151.5277912236915,1.0,10.0,3.1622776601683795,7.699299474737851e-08,1.9073588877857946e-08,4.036628619837653,-16.379551396538186,0.9471602664391504,exact,1.0,10.0,-0.05428696417065311,-16.325264432367533
2026p020158,2026-01-08T11:00:39.444000+00:00,-40.2956428527832,174.81808471679688,21.5279541015625,2.1546808856938764,FWVZ,HHZ,133680.7820309565,133.6807820309565,1.0,10.0,3.1622776601683795,5.7274834482618954e-08,1.8271309599976327e-08,3.1346868799537586,-16.67540449848237,0.6226707538339719,exact,1.0,10.0,-0.4737373849098134,-16.201667113572555
2026p020158,2026-01-08T11:00:39.444000+00:00,-40.2956428527832,174.81808471679688,21.5279541015625,2.1546808856938764,NGZ,HHZ,143175.1147350115,143.1751147350115,1.0,10.0,3.1622776601683795,7.854266157438096e-08,1.7960307885160152e-08,4.373124451796144,-16.359623900232453,1.12652241557642,exact,1.0,10.0,0.11913537911777466,-16.47875927935023
2026p020158,2026-01-08T11:00:39.444000+00:00,-40.2956428527832,174.81808471679688,21.5279541015625,2.1546808856938764,NOVZ,EHZ,148318.81787113147,148.31881787113147,1.0,10.0,3.1622776601683795,9.116054043865722e-08,1.3556194057735359e-08,6.724641152996752,-16.21064370412383,1.277398836799036,exact,1.0,10.0,0.24482585154452702,-16.455469555668355
2026p020158,2026-01-08T11:00:39.444000+00:00,-40.2956428527832,174.81808471679688,21.5279541015625,2.1546808856938764,TMVZ,HHZ,153149.22904661004,153.14922904661003,1.0,10.0,3.1622776601683795,7.952317715198569e-08,2.333620095157509e-08,3.4077173622649246,-16.347217321271668,0.9214864370155496,exact,1.0,10.0,-0.08176722035762422,-16.265450100914045
2026p020158,2026-01-08T11:00:39.444000+00:00,-40.2956428527832,174.81808471679688,21.5279541015625,2.1546808856938764,TUVZ,EHZ,136689.39352221112,136.6893935222111,1.0,10.0,3.1622776601683795,3.5546109925172125e-07,3.787664842573821e-08,9.384703082920499,-14.849850019142778,1.97029574161132,exact,1.0,10.0,0.6781836541279606,-15.52803367327074
2026p020158,2026-01-08T11:00:39.444000+00:00,-40.2956428527832,174.81808471679688,21.5279541015625,2.1546808856938764,TWVZ,HHZ,147731.45066468345,147.73145066468345,1.0,10.0,3.1622776601683795,3.501186186140579e-08,8.0967452649665e-09,4.3241896238106055,-17.16757892254825,0.5802755580898467,exact,1.0,10.0,-0.5442521881111088,-16.62332673443714
2026p020158,2026-01-08T11:00:39.444000+00:00,-40.2956428527832,174.81808471679688,21.5279541015625,2.1546808856938764,WTVZ,HHZ,148560.8976060419,148.5608976060419,1.0,10.0,3.1622776601683795,9.544794436983054e-08,2.0184095688110704e-08,4.728868998874865,-16.1646848232053,1.0296407025017171,exact,1.0,10.0,0.02920990886272243,-16.19389473206802
2026p020165,2026-01-08T11:04:09.457000+00:00,-39.66219711303711,176.3866424560547,25.579160690307617,2.060865065509153,COVZ,HHZ,92910.34447188355,92.91034447188355,1.0,10.0,3.1622776601683795,8.390705489001919e-08,1.3744509840595021e-08,6.104768803191218,-16.293556140118973,1.0310666692210522,exact,1.0,10.0,0.030593867562053945,-16.324150007681027
2026p020165,2026-01-08T11:04:09.457000+00:00,-39.66219711303711,176.3866424560547,25.579160690307617,2.060865065509153,ETVZ,HHZ,86757.25532959984,86.75725532959984,1.0,10.0,3.1622776601683795,1.5333611262989425e-07,1.5862826792972454e-08,9.666380061454442,-15.690633510448516,0.9471602664391504,exact,1.0,10.0,-0.05428696417065311,-15.636346546277862
2026p020165,2026-01-08T11:04:09.457000+00:00,-39.66219711303711,176.3866424560547,25.579160690307617,2.060865065509153,FWVZ,HHZ,89193.53212408273,89.19353212408274,1.0,10.0,3.1622776601683795,8.631689978100008e-08,2.186065549541455e-08,3.9485046456683675,-16.265240432060875,0.6226707538339719,exact,1.0,10.0,-0.4737373849098134,-15.79150304715106
2026p020165,2026-01-08T11:04:09.457000+00:00,-39.66219711303711,176.3866424560547,25.579160690307617,2.060865065509153,NGZ,HHZ,90688.55368278832,90.68855368278832,1.0,10.0,3.1622776601683795,1.4990781831732292e-07,1.9072621048446936e-08,7.859843591320646,-15.713245276311238,1.12652241557642,exact,1.0,10.0,0.11913537911777466,-15.832380655429013
2026p020165,2026-01-08T11:04:09.457000+00:00,-39.66219711303711,176.3866424560547,25.579160690307617,2.060865065509153,NOVZ,EHZ,93475.08037049146,93.47508037049145,1.0,10.0,3.1622776601683795,1.3303932694242328e-07,1.5486913690263557e-08,8.590435099154943,-15.832621061136297,1.277398836799036,exact,1.0,10.0,0.24482585154452702,-16.077446912680823
2026p020165,2026-01-08T11:04:09.457000+00:00,-39.66219711303711,176.3866424560547,25.579160690307617,2.060865065509153,OTVZ,HHZ,87552.41507650379,87.55241507650379,1.0,10.0,3.1622776601683795,1.400847670855635e-07,2.391422129870855e-08,5.857801737961193,-15.781018118383074,1.0,exact,1.0,10.0,0.0,-15.781018118383074
2026p020165,2026-01-08T11:04:09.457000+00:00,-39.66219711303711,176.3866424560547,25.579160690307617,2.060865065509153,SNVZ,EHZ,87526.84905155751,87.5268490515575,1.0,10.0,3.1622776601683795,8.895717986418328e-08,2.718505679128337e-08,3.2722822890223484,-16.235110708113638,0.7545196052473487,exact,1.0,10.0,-0.28167401668856396,-15.953436691425074
2026p020165,2026-01-08T11:04:09.457000+00:00,-39.66219711303711,176.3866424560547,25.579160690307617,2.060865065509153,TMVZ,HHZ,88642.42659528532,88.64242659528531,1.0,10.0,3.1622776601683795,1.307377052798304e-07,1.892692914502703e-08,6.907496946707869,-15.850072770699322,0.9214864370155496,exact,1.0,10.0,-0.08176722035762422,-15.768305550341697
2026p020165,2026-01-08T11:04:09.457000+00:00,-39.66219711303711,176.3866424560547,25.579160690307617,2.060865065509153,TUVZ,EHZ,81377.76866411485,81.37776866411485,1.0,10.0,3.1622776601683795,3.487854339713394e-07,3.520322702374027e-08,9.907768788813772,-14.868808906186846,1.97029574161132,exact,1.0,10.0,0.6781836541279606,-15.546992560314807
2026p020165,2026-01-08T11:04:09.457000+00:00,-39.66219711303711,176.3866424560547,25.579160690307617,2.060865065509153,TWVZ,HHZ,108193.8389457923,108.19383894579231,1.0,10.0,3.1622776601683795,2.967026259628618e-08,8.625069159781015e-09,3.4400028621961205,-17.333120552117084,0.5802755580898467,exact,1.0,10.0,-0.5442521881111088,-16.788868364005975
2026p020165,2026-01-08T11:04:09.457000+00:00,-39.66219711303711,176.3866424560547,25.579160690307617,2.060865065509153,WHVZ,HHZ,85199.40523865083,85.19940523865083,1.0,10.0,3.1622776601683795,1.7085625811769167e-07,3.723966218870193e-08,4.588018474816547,-15.58244322974549,0.8211193479986806,exact,1.0,10.0,-0.19708681103425454,-15.385356418711234
2026p020165,2026-01-08T11:04:09.457000+00:00,-39.66219711303711,176.3866424560547,25.579160690307617,2.060865065509153,WTVZ,HHZ,95485.18305564253,95.48518305564252,1.0,10.0,3.1622776601683795,7.98809017600351e-08,1.717891924904997e-08,4.649937554392584,-16.342729039528678,1.0296407025017171,exact,1.0,10.0,0.02920990886272243,-16.3719389483914
2026p021911,2026-01-09T02:34:37.013000+00:00,-40.29070281982422,174.79400634765625,19.63309669494629,2.843848115935865,COVZ,HHZ,138606.11958776266,138.60611958776266,1.0,10.0,3.1622776601683795,2.602355186466952e-07,3.954501528362046e-08,6.5807413849827165,-15.161678775008374,1.0310666692210522,exact,1.0,10.0,0.030593867562053945,-15.192272642570428
2026p021911,2026-01-09T02:34:37.013000+00:00,-40.29070281982422,174.79400634765625,19.63309669494629,2.843848115935865,ETVZ,HHZ,151847.5880569187,151.8475880569187,1.0,10.0,3.1622776601683795,3.966025704792147e-07,3.226324147454164e-08,12.292706881054306,-14.740331139592726,0.9471602664391504,exact,1.0,10.0,-0.05428696417065311,-14.686044175422072
2026p021911,2026-01-09T02:34:37.013000+00:00,-40.29070281982422,174.79400634765625,19.63309669494629,2.843848115935865,KRVZ,HHZ,152824.75005068333,152.82475005068332,1.0,10.0,3.1622776601683795,2.7362183950021016e-07,4.2561988899508693e-08,6.428784146959088,-15.111518831648995,0.8296358879603257,exact,1.0,10.0,-0.18676836364818022,-14.924750468000815
2026p021911,2026-01-09T02:34:37.013000+00:00,-40.29070281982422,174.79400634765625,19.63309669494629,2.843848115935865,NOVZ,EHZ,148519.43572745807,148.51943572745807,1.0,10.0,3.1622776601683795,4.3985873364662715e-07,5.7238462614528446e-08,7.684670648980373,-14.636812221478895,1.277398836799036,exact,1.0,10.0,0.24482585154452702,-14.881638073023423
2026p021911,2026-01-09T02:34:37.013000+00:00,-40.29070281982422,174.79400634765625,19.63309669494629,2.843848115935865,NTVZ,HHZ,153885.20950876884,153.88520950876884,1.0,10.0,3.1622776601683795,5.810270030652821e-07,1.5702818992446724e-07,3.7001445622264657,-14.358468604297956,0.9936348993076428,exact,1.0,10.0,-0.006385444317864613,-14.352083159980092
2026p021911,2026-01-09T02:34:37.013000+00:00,-40.29070281982422,174.79400634765625,19.63309669494629,2.843848115935865,OTVZ,HHZ,147299.6168992135,147.2996168992135,1.0,10.0,3.1622776601683795,3.448239821040858e-07,3.032248140623835e-08,11.371891946585349,-14.880231746909475,1.0,exact,1.0,10.0,0.0,-14.880231746909475
2026p021911,2026-01-09T02:34:37.013000+00:00,-40.29070281982422,174.79400634765625,19.63309669494629,2.843848115935865,SNVZ,EHZ,144053.52371941687,144.0535237194169,1.0,10.0,3.1622776601683795,1.9531657109913894e-07,4.413306388365775e-08,4.42562908421737,-15.448644153205333,0.7545196052473487,exact,1.0,10.0,-0.28167401668856396,-15.166970136516769
2026p021911,2026-01-09T02:34:37.013000+00:00,-40.29070281982422,174.79400634765625,19.63309669494629,2.843848115935865,TMVZ,HHZ,153450.85638333997,153.45085638333995,1.0,10.0,3.1622776601683795,3.5627980367780464e-07,3.487760175589246e-08,10.215146275578203,-14.847549449416338,0.9214864370155496,exact,1.0,10.0,-0.08176722035762422,-14.765782229058713
2026p021911,2026-01-09T02:34:37.013000+00:00,-40.29070281982422,174.79400634765625,19.63309669494629,2.843848115935865,TUVZ,EHZ,137024.3940934937,137.0243940934937,1.0,10.0,3.1622776601683795,1.6397517672397537e-06,3.7775478766187097e-07,4.340783547414622,-13.320965689023641,1.97029574161132,exact,1.0,10.0,0.6781836541279606,-13.999149343151602
2026p021911,2026-01-09T02:34:37.013000+00:00,-40.29070281982422,174.79400634765625,19.63309669494629,2.843848115935865,TWVZ,HHZ,147708.07043120966,147.70807043120968,1.0,10.0,3.1622776601683795,1.698029320111072e-07,1.4181273304900232e-08,11.973743708361722,-15.588627295779451,0.5802755580898467,exact,1.0,10.0,-0.5442521881111088,-15.044375107668342
2026p021911,2026-01-09T02:34:37.013000+00:00,-40.29070281982422,174.79400634765625,19.63309669494629,2.843848115935865,WHVZ,HHZ,132799.59259807746,132.79959259807745,1.0,10.0,3.1622776601683795,5.199593130574194e-07,7.519423395309529e-08,6.914882773880773,-14.469515272552517,0.8211193479986806,exact,1.0,10.0,-0.19708681103425454,-14.272428461518261
2026p021911,2026-01-09T02:34:37.013000+00:00,-40.29070281982422,174.79400634765625,19.63309669494629,2.843848115935865,WTVZ,HHZ,148735.41974229377,148.73541974229377,1.0,10.0,3.1622776601683795,4.779151598523111e-07,1.091479891370653e-07,4.378597935067381,-14.553832610056864,1.0296407025017171,exact,1.0,10.0,0.02920990886272243,-14.583042518919585
2026p023193,2026-01-09T13:57:26.214000+00:00,-39.57770538330078,176.17530822753906,26.49876594543457,2.844034496420949,COVZ,HHZ,74139.2018782586,74.13920187825859,1.0,10.0,3.1622776601683795,6.182555542970645e-07,1.2199038217955425e-08,50.680680169283455,-14.296363946683801,1.0310666692210522,exact,1.0,10.0,0.030593867562053945,-14.326957814245855
2026p023193,2026-01-09T13:57:26.214000+00:00,-39.57770538330078,176.17530822753906,26.49876594543457,2.844034496420949,ETVZ,HHZ,69148.7226147112,69.14872261471119,1.0,10.0,3.1622776601683795,1.8051874419753484e-06,1.936446584314131e-08,93.2216492103616,-13.224846125601328,0.9471602664391504,exact,1.0,10.0,-0.05428696417065311,-13.170559161430674
2026p023193,2026-01-09T13:57:26.214000+00:00,-39.57770538330078,176.17530822753906,26.49876594543457,2.844034496420949,KRVZ,HHZ,75938.10468917483,75.93810468917482,1.0,10.0,3.1622776601683795,1.0975411068335534e-06,2.3137884499191563e-08,47.434807917374705,-13.72243823772488,0.8296358879603257,exact,1.0,10.0,-0.18676836364818022,-13.5356698740767
2026p023193,2026-01-09T13:57:26.214000+00:00,-39.57770538330078,176.17530822753906,26.49876594543457,2.844034496420949,NGZ,HHZ,72261.20445448683,72.26120445448683,1.0,10.0,3.1622776601683795,1.3833793945478687e-06,1.780468579496195e-08,77.69748988995428,-13.490981215680598,1.12652241557642,exact,1.0,10.0,0.11913537911777466,-13.610116594798374
2026p023193,2026-01-09T13:57:26.214000+00:00,-39.57770538330078,176.17530822753906,26.49876594543457,2.844034496420949,NOVZ,EHZ,75238.3862045735,75.2383862045735,1.0,10.0,3.1622776601683795,1.283316068491637e-06,1.494940407553633e-08,85.84396153902183,-13.566063151546585,1.277398836799036,exact,1.0,10.0,0.24482585154452702,-13.810889003091113
2026p023193,2026-01-09T13:57:26.214000+00:00,-39.57770538330078,176.17530822753906,26.49876594543457,2.844034496420949,NTVZ,HHZ,73854.10340465127,73.85410340465127,1.0,10.0,3.1622776601683795,1.6432298489308914e-06,4.670227145198924e-08,35.18522328448544,-13.318846832813628,0.9936348993076428,exact,1.0,10.0,-0.006385444317864613,-13.312461388495764
2026p023193,2026-01-09T13:57:26.214000+00:00,-39.57770538330078,176.17530822753906,26.49876594543457,2.844034496420949,OTVZ,HHZ,69542.28053317018,69.54228053317019,1.0,10.0,3.1622776601683795,1.4010106002326e-06,2.027022885546544e-08,69.116664159164,-13.478316724447735,1.0,exact,1.0,10.0,0.0,-13.478316724447735
2026p023193,2026-01-09T13:57:26.214000+00:00,-39.57770538330078,176.17530822753906,26.49876594543457,2.844034496420949,SNVZ,EHZ,69305.93908214994,69.30593908214993,1.0,10.0,3.1622776601683795,6.995235663323036e-07,4.581876460998584e-08,15.267185230477557,-14.172866353154907,0.7545196052473487,exact,1.0,10.0,-0.28167401668856396,-13.891192336466343
2026p023193,2026-01-09T13:57:26.214000+00:00,-39.57770538330078,176.17530822753906,26.49876594543457,2.844034496420949,TMVZ,HHZ,71058.6763964401,71.0586763964401,1.0,10.0,3.1622776601683795,1.7957505634681887e-06,2.7162024572609883e-08,66.1125446914962,-13.2300874822128,0.9214864370155496,exact,1.0,10.0,-0.08176722035762422,-13.148320261855176
2026p023193,2026-01-09T13:57:26.214000+00:00,-39.57770538330078,176.17530822753906,26.49876594543457,2.844034496420949,TUVZ,EHZ,63083.41784606325,63.08341784606325,1.0,10.0,3.1622776601683795,3.189813258120056e-06,8.873238953631827e-08,35.94869105620627,-12.655548182655318,1.97029574161132,exact,1.0,10.0,0.6781836541279606,-13.33373183678328
2026p023193,2026-01-09T13:57:26.214000+00:00,-39.57770538330078,176.17530822753906,26.49876594543457,2.844034496420949,TWVZ,HHZ,89277.22372616484,89.27722372616483,1.0,10.0,3.1622776601683795,2.8452857608981423e-07,8.203079253450368e-09,34.68558175518495,-15.072432145226164,0.5802755580898467,exact,1.0,10.0,-0.5442521881111088,-14.528179957115055
2026p023193,2026-01-09T13:57:26.214000+00:00,-39.57770538330078,176.17530822753906,26.49876594543457,2.844034496420949,WHVZ,HHZ,66664.31531964579,66.66431531964578,1.0,10.0,3.1622776601683795,1.559953185994302e-06,3.9206234607783034e-08,39.788395942634786,-13.37085474613112,0.8211193479986806,exact,1.0,10.0,-0.19708681103425454,-13.173767935096864
2026p023193,2026-01-09T13:57:26.214000+00:00,-39.57770538330078,176.17530822753906,26.49876594543457,2.844034496420949,WTVZ,HHZ,77141.55133496603,77.14155133496604,1.0,10.0,3.1622776601683795,7.101651585927902e-07,1.3723461955357798e-08,51.748251345247,-14.157768276226037,1.0296407025017171,exact,1.0,10.0,0.02920990886272243,-14.186978185088758
2026p023854,2026-01-09T19:49:50.510000+00:00,-40.01725006103516,176.54739379882812,34.98683166503906,2.246679763251997,NGZ,HHZ,129094.78680454388,129.09478680454387,1.0,10.0,3.1622776601683795,7.796877513317165e-08,2.0192646397709743e-08,3.8612460000297384,-16.366957409211274,1.12652241557642,exact,1.0,10.0,0.11913537911777466,-16.48609278832905
2026p023854,2026-01-09T19:49:50.510000+00:00,-40.01725006103516,176.54739379882812,34.98683166503906,2.246679763251997,NOVZ,EHZ,132620.78084710415,132.62078084710416,1.0,10.0,3.1622776601683795,7.34753010730844e-08,1.7586662182460554e-08,4.1778991550973466,-16.426316527023634,1.277398836799036,exact,1.0,10.0,0.24482585154452702,-16.67114237856816
2026p023854,2026-01-09T19:49:50.510000+00:00,-40.01725006103516,176.54739379882812,34.98683166503906,2.246679763251997,OTVZ,HHZ,126763.85175530495,126.76385175530494,1.0,10.0,3.1622776601683795,8.307764317509526e-08,2.7251248304929664e-08,3.0485811969232537,-16.30349020647888,1.0,exact,1.0,10.0,0.0,-16.30349020647888
2026p023854,2026-01-09T19:49:50.510000+00:00,-40.01725006103516,176.54739379882812,34.98683166503906,2.246679763251997,SNVZ,EHZ,126177.65053247823,126.17765053247824,1.0,10.0,3.1622776601683795,7.683294091148043e-08,2.1202765157823383e-08,3.62372267671562,-16.381632370633632,0.7545196052473487,exact,1.0,10.0,-0.28167401668856396,-16.09995835394507
2026p023854,2026-01-09T19:49:50.510000+00:00,-40.01725006103516,176.54739379882812,34.98683166503906,2.246679763251997,TUVZ,EHZ,118878.2893629105,118.8782893629105,1.0,10.0,3.1622776601683795,2.5559997292182775e-07,4.2502460081085385e-08,6.013768907357338,-15.179652220382678,1.97029574161132,exact,1.0,10.0,0.6781836541279606,-15.85783587451064
2026p023854,2026-01-09T19:49:50.510000+00:00,-40.01725006103516,176.54739379882812,34.98683166503906,2.246679763251997,WHVZ,HHZ,121664.77053849013,121.66477053849013,1.0,10.0,3.1622776601683795,1.1350511452248816e-07,3.666817088736124e-08,3.0954670433700584,-15.991417939168068,0.8211193479986806,exact,1.0,10.0,-0.19708681103425454,-15.794331128133813
2026p025013,2026-01-10T06:07:24.586000+00:00,-40.29154968261719,176.6895294189453,17.02623176574707,2.454145098910652,ETVZ,HHZ,154429.41238278223,154.42941238278223,1.0,10.0,3.1622776601683795,1.240455213922724e-07,1.9098779192955753e-08,6.494945050625246,-15.902617230706833,0.9471602664391504,exact,1.0,10.0,-0.05428696417065311,-15.848330266536179
2026p025013,2026-01-10T06:07:24.586000+00:00,-40.29154968261719,176.6895294189453,17.02623176574707,2.454145098910652,NGZ,HHZ,156197.6789668519,156.1976789668519,1.0,10.0,3.1622776601683795,1.1090134324543084e-07,1.2487696368715027e-08,8.880848794759933,-16.014624830441342,1.12652241557642,exact,1.0,10.0,0.11913537911777466,-16.133760209559117
2026p025013,2026-01-10T06:07:24.586000+00:00,-40.29154968261719,176.6895294189453,17.02623176574707,2.454145098910652,NOVZ,EHZ,160105.67919565606,160.10567919565605,1.0,10.0,3.1622776601683795,1.1836862055028724e-07,1.784537962075493e-08,6.633012189475618,-15.94946217875902,1.277398836799036,exact,1.0,10.0,0.24482585154452702,-16.194288030303547
2026p025013,2026-01-10T06:07:24.586000+00:00,-40.29154968261719,176.6895294189453,17.02623176574707,2.454145098910652,OTVZ,HHZ,154123.44875970474,154.12344875970473,1.0,10.0,3.1622776601683795,1.0993871957313027e-07,3.09545089573126e-08,3.551622147349835,-16.02334272117868,1.0,exact,1.0,10.0,0.0,-16.02334272117868
2026p025013,2026-01-10T06:07:24.586000+00:00,-40.29154968261719,176.6895294189453,17.02623176574707,2.454145098910652,SNVZ,EHZ,153282.90088580493,153.28290088580493,1.0,10.0,3.1622776601683795,6.542986321334145e-08,1.4466802768506216e-08,4.522759054666885,-16.542287058647087,0.7545196052473487,exact,1.0,10.0,-0.28167401668856396,-16.260613041958525
2026p025013,2026-01-10T06:07:24.586000+00:00,-40.29154968261719,176.6895294189453,17.02623176574707,2.454145098910652,TUVZ,EHZ,145366.0513028382,145.3660513028382,1.0,10.0,3.1622776601683795,2.417194337770887e-07,4.6592891617535346e-08,5.187903677695698,-15.235488147930194,1.97029574161132,exact,1.0,10.0,0.6781836541279606,-15.913671802058156
2026p025013,2026-01-10T06:07:24.586000+00:00,-40.29154968261719,176.6895294189453,17.02623176574707,2.454145098910652,TWVZ,HHZ,173850.01205756154,173.85001205756154,1.0,10.0,3.1622776601683795,2.8832400005824468e-08,8.560614677362675e-09,3.368029176931376,-17.36176608194079,0.5802755580898467,exact,1.0,10.0,-0.5442521881111088,-16.81751389382968
2026p025013,2026-01-10T06:07:24.586000+00:00,-40.29154968261719,176.6895294189453,17.02623176574707,2.454145098910652,WTVZ,HHZ,162126.03468752693,162.12603468752692,1.0,10.0,3.1622776601683795,8.744408477318681e-08,1.7165185083281237e-08,5.094269846140879,-16.252266279013863,1.0296407025017171,exact,1.0,10.0,0.02920990886272243,-16.281476187876585
2026p025386,2026-01-10T09:26:02.985000+00:00,-40.20822525024414,176.40196228027344,31.84113121032715,2.8814637097932367,COVZ,HHZ,138041.0543760438,138.04105437604377,1.0,10.0,3.1622776601683795,2.4259639769622495e-07,1.3306014469089165e-08,18.232085818018156,-15.231866689284443,1.0310666692210522,exact,1.0,10.0,0.030593867562053945,-15.262460556846497
2026p025386,2026-01-10T09:26:02.985000+00:00,-40.20822525024414,176.40196228027344,31.84113121032715,2.8814637097932367,ETVZ,HHZ,137086.81655912587,137.08681655912588,1.0,10.0,3.1622776601683795,5.274905427813061e-07,2.0129595450421405e-08,26.204726472546337,-14.455134900133576,0.9471602664391504,exact,1.0,10.0,-0.05428696417065311,-14.400847935962922
2026p025386,2026-01-10T09:26:02.985000+00:00,-40.20822525024414,176.40196228027344,31.84113121032715,2.8814637097932367,KRVZ,HHZ,143690.68135785236,143.69068135785236,1.0,10.0,3.1622776601683795,2.490084211905621e-07,4.461150695932334e-08,5.581708356492134,-15.20577912101117,0.8296358879603257,exact,1.0,10.0,-0.18676836364818022,-15.01901075736299
2026p025386,2026-01-10T09:26:02.985000+00:00,-40.20822525024414,176.40196228027344,31.84113121032715,2.8814637097932367,NGZ,HHZ,137736.86403799945,137.73686403799945,1.0,10.0,3.1622776601683795,5.81414590927261e-07,1.496407404847703e-08,38.85403059646276,-14.35780175294242,1.12652241557642,exact,1.0,10.0,0.11913537911777466,-14.476937132060195
2026p025386,2026-01-10T09:26:02.985000+00:00,-40.20822525024414,176.40196228027344,31.84113121032715,2.8814637097932367,NOVZ,EHZ,141931.65930721324,141.93165930721324,1.0,10.0,3.1622776601683795,5.556948394098894e-07,1.6196372633688477e-08,34.30983294704169,-14.403046543351328,1.277398836799036,exact,1.0,10.0,0.24482585154452702,-14.647872394895856
2026p025386,2026-01-10T09:26:02.985000+00:00,-40.20822525024414,176.40196228027344,31.84113121032715,2.8814637097932367,NTVZ,HHZ,141981.82800700798,141.98182800700798,1.0,10.0,3.1622776601683795,6.085388447951718e-07,6.174959811383967e-08,9.854944216370255,-14.312205089588085,0.9936348993076428,exact,1.0,10.0,-0.006385444317864613,-14.30581964527022
2026p025386,2026-01-10T09:26:02.985000+00:00,-40.20822525024414,176.40196228027344,31.84113121032715,2.8814637097932367,OTVZ,HHZ,136280.0207654775,136.2800207654775,1.0,10.0,3.1622776601683795,4.687301422726807e-07,2.4094990128186252e-08,19.453427446079818,-14.573238623710749,1.0,exact,1.0,10.0,0.0,-14.573238623710749
2026p025386,2026-01-10T09:26:02.985000+00:00,-40.20822525024414,176.40196228027344,31.84113121032715,2.8814637097932367,SNVZ,EHZ,135134.2506071582,135.1342506071582,1.0,10.0,3.1622776601683795,2.5669617086974634e-07,2.4073450489953504e-08,10.663040222541946,-15.175372665932631,0.7545196052473487,exact,1.0,10.0,-0.28167401668856396,-14.893698649244067
2026p025386,2026-01-10T09:26:02.985000+00:00,-40.20822525024414,176.40196228027344,31.84113121032715,2.8814637097932367,TMVZ,HHZ,139263.91959217133,139.26391959217133,1.0,10.0,3.1622776601683795,4.589600801816311e-07,2.0820163552577216e-08,22.04401896376164,-14.594302601949936,0.9214864370155496,exact,1.0,10.0,-0.08176722035762422,-14.512535381592311
2026p025386,2026-01-10T09:26:02.985000+00:00,-40.20822525024414,176.40196228027344,31.84113121032715,2.8814637097932367,TUVZ,EHZ,126972.98806109116,126.97298806109116,1.0,10.0,3.1622776601683795,1.6526446044569343e-06,5.3419380456536126e-08,30.937172807565293,-13.313133762569805,1.97029574161132,exact,1.0,10.0,0.6781836541279606,-13.991317416697767
2026p025386,2026-01-10T09:26:02.985000+00:00,-40.20822525024414,176.40196228027344,31.84113121032715,2.8814637097932367,TWVZ,HHZ,154520.96792293407,154.52096792293406,1.0,10.0,3.1622776601683795,1.1745013687228689e-07,6.5348248803733465e-09,17.972958575376047,-15.957251960475741,0.5802755580898467,exact,1.0,10.0,-0.5442521881111088,-15.412999772364632
2026p025386,2026-01-10T09:26:02.985000+00:00,-40.20822525024414,176.40196228027344,31.84113121032715,2.8814637097932367,WHVZ,HHZ,128748.97716508682,128.7489771650868,1.0,10.0,3.1622776601683795,6.158810395962165e-07,4.3787458084922664e-08,14.065238461701956,-14.300212009601093,0.8211193479986806,exact,1.0,10.0,-0.19708681103425454,-14.103125198566838
2026p025386,2026-01-10T09:26:02.985000+00:00,-40.20822525024414,176.40196228027344,31.84113121032715,2.8814637097932367,WTVZ,HHZ,143787.80861654197,143.78780861654198,1.0,10.0,3.1622776601683795,3.116804382216368e-07,1.7217225457546022e-08,18.102826090659832,-14.981287410494652,1.0296407025017171,exact,1.0,10.0,0.02920990886272243,-15.010497319357373
2026p028787,2026-01-11T15:38:00.399000+00:00,-40.14740753173828,175.16470336914062,24.86724853515625,2.0542377604509348,ETVZ,HHZ,124476.75422214928,124.47675422214928,1.0,10.0,3.1622776601683795,1.7316979590648111e-07,5.626938295445896e-08,3.077513681758947,-15.568993244556234,0.9471602664391504,exact,1.0,10.0,-0.05428696417065311,-15.51470628038558
2026p028787,2026-01-11T15:38:00.399000+00:00,-40.14740753173828,175.16470336914062,24.86724853515625,2.0542377604509348,KRVZ,HHZ,126574.74820525265,126.57474820525265,1.0,10.0,3.1622776601683795,1.0969889307955053e-07,3.343877467974183e-08,3.280589499172327,-16.025526560148673,0.8296358879603257,exact,1.0,10.0,-0.18676836364818022,-15.838758196500493
2026p028787,2026-01-11T15:38:00.399000+00:00,-40.14740753173828,175.16470336914062,24.86724853515625,2.0542377604509348,NOVZ,EHZ,122505.39428165607,122.50539428165608,1.0,10.0,3.1622776601683795,1.1498258081193148e-07,3.4884199860948835e-08,3.296122063004486,-15.978485191256677,1.277398836799036,exact,1.0,10.0,0.24482585154452702,-16.223311042801203
2026p028787,2026-01-11T15:38:00.399000+00:00,-40.14740753173828,175.16470336914062,24.86724853515625,2.0542377604509348,OTVZ,HHZ,120343.2943391194,120.3432943391194,1.0,10.0,3.1622776601683795,1.0472684795396888e-07,2.942385868078842e-08,3.5592492844029215,-16.071910324492258,1.0,exact,1.0,10.0,0.0,-16.071910324492258
2026p028787,2026-01-11T15:38:00.399000+00:00,-40.14740753173828,175.16470336914062,24.86724853515625,2.0542377604509348,TMVZ,HHZ,126281.31757483682,126.28131757483682,1.0,10.0,3.1622776601683795,1.1984719762814367e-07,3.9057988485471594e-08,3.0684426483643223,-15.937048258666099,0.9214864370155496,exact,1.0,10.0,-0.08176722035762422,-15.855281038308474
2026p028787,2026-01-11T15:38:00.399000+00:00,-40.14740753173828,175.16470336914062,24.86724853515625,2.0542377604509348,WTVZ,HHZ,123054.86664804348,123.05486664804347,1.0,10.0,3.1622776601683795,1.3673231829482596e-07,2.7081249428814092e-08,5.048966394783269,-15.80524070349361,1.0296407025017171,exact,1.0,10.0,0.02920990886272243,-15.834450612356331
2026p029414,2026-01-11T21:12:00.481000+00:00,-39.75133895874024,175.4639892578125,39.14805603027344,2.014677211152612,ETVZ,HHZ,82178.7285586107,82.1787285586107,1.0,10.0,3.1622776601683795,1.737453623983543e-07,2.9003672253296015e-08,5.990460824443002,-15.56567504409022,0.9471602664391504,exact,1.0,10.0,-0.05428696417065311,-15.511388079919566
2026p029414,2026-01-11T21:12:00.481000+00:00,-39.75133895874024,175.4639892578125,39.14805603027344,2.014677211152612,NGZ,HHZ,76641.15056467324,76.64115056467324,1.0,10.0,3.1622776601683795,2.0534305027110895e-07,2.4127686725328185e-08,8.510681218997627,-15.39858384045178,1.12652241557642,exact,1.0,10.0,0.11913537911777466,-15.517719219569555
2026p029414,2026-01-11T21:12:00.481000+00:00,-39.75133895874024,175.4639892578125,39.14805603027344,2.014677211152612,NOVZ,EHZ,81377.6609433619,81.3776609433619,1.0,10.0,3.1622776601683795,1.7382703887439843e-07,2.4084001632417347e-08,7.217531435491401,-15.565205061564287,1.277398836799036,exact,1.0,10.0,0.24482585154452702,-15.810030913108815
2026p029414,2026-01-11T21:12:00.481000+00:00,-39.75133895874024,175.4639892578125,39.14805603027344,2.014677211152612,OTVZ,HHZ,78849.83809850493,78.84983809850493,1.0,10.0,3.1622776601683795,1.4413241177570514e-07,2.5904823031571346e-08,5.563921884355073,-15.752533433655488,1.0,exact,1.0,10.0,0.0,-15.752533433655488
2026p029414,2026-01-11T21:12:00.481000+00:00,-39.75133895874024,175.4639892578125,39.14805603027344,2.014677211152612,TMVZ,HHZ,83885.95797229145,83.88595797229145,1.0,10.0,3.1622776601683795,1.3476035505462332e-07,4.29448362313558e-08,3.137987401526734,-15.81976778369334,0.9214864370155496,exact,1.0,10.0,-0.08176722035762422,-15.738000563335715
2026p029414,2026-01-11T21:12:00.481000+00:00,-39.75133895874024,175.4639892578125,39.14805603027344,2.014677211152612,TUVZ,EHZ,69274.09733510418,69.27409733510417,1.0,10.0,3.1622776601683795,9.357399231294964e-07,7.49362253553717e-08,12.487150489525146,-13.881928258983418,1.97029574161132,exact,1.0,10.0,0.6781836541279606,-14.56011191311138
2026p029414,2026-01-11T21:12:00.481000+00:00,-39.75133895874024,175.4639892578125,39.14805603027344,2.014677211152612,TWVZ,HHZ,85609.69224993631,85.60969224993632,1.0,10.0,3.1622776601683795,6.865677610430634e-08,1.0200910906674955e-08,6.730455420346908,-16.494146004515237,0.5802755580898467,exact,1.0,10.0,-0.5442521881111088,-15.949893816404128
2026p029414,2026-01-11T21:12:00.481000+00:00,-39.75133895874024,175.4639892578125,39.14805603027344,2.014677211152612,WHVZ,HHZ,67276.69148589413,67.27669148589413,1.0,10.0,3.1622776601683795,4.4968528716668756e-07,7.652117631177414e-08,5.876612316236643,-14.614717860701433,0.8211193479986806,exact,1.0,10.0,-0.19708681103425454,-14.417631049667177
2026p029414,2026-01-11T21:12:00.481000+00:00,-39.75133895874024,175.4639892578125,39.14805603027344,2.014677211152612,WTVZ,HHZ,82044.15059336623,82.04415059336623,1.0,10.0,3.1622776601683795,1.8932677106768992e-07,3.5964405113132014e-08,5.264282016402915,-15.479791367347786,1.0296407025017171,exact,1.0,10.0,0.02920990886272243,-15.509001276210508
2026p030834,2026-01-12T09:48:30.299000+00:00,-40.075313568115234,174.9762725830078,19.55315017700196,2.3199568346676407,COVZ,HHZ,110612.3966413901,110.6123966413901,1.0,10.0,3.1622776601683795,1.2069293323695837e-07,1.4821941187810273e-08,8.142856034013787,-15.930016258718009,1.0310666692210522,exact,1.0,10.0,0.030593867562053945,-15.960610126280063
2026p030834,2026-01-12T09:48:30.299000+00:00,-40.075313568115234,174.9762725830078,19.55315017700196,2.3199568346676407,ETVZ,HHZ,123662.67822931215,123.66267822931215,1.0,10.0,3.1622776601683795,2.6019115898378586e-07,1.83890984031356e-08,14.149206952931397,-15.161849249217033,0.9471602664391504,exact,1.0,10.0,-0.05428696417065311,-15.107562285046379
2026p030834,2026-01-12T09:48:30.299000+00:00,-40.075313568115234,174.9762725830078,19.55315017700196,2.3199568346676407,FWVZ,HHZ,105883.318027218,105.88331802721801,1.0,10.0,3.1622776601683795,1.6906100923882304e-07,1.2789914926319638e-08,13.218306002248852,-15.593006185755517,0.6226707538339719,exact,1.0,10.0,-0.4737373849098134,-15.119268800845703
2026p030834,2026-01-12T09:48:30.299000+00:00,-40.075313568115234,174.9762725830078,19.55315017700196,2.3199568346676407,KRVZ,HHZ,124714.22746293829,124.71422746293828,1.0,10.0,3.1622776601683795,1.5672889650085322e-07,1.3294862127585057e-08,11.788681597206018,-15.668748298070529,0.8296358879603257,exact,1.0,10.0,-0.18676836364818022,-15.481979934422348
2026p030834,2026-01-12T09:48:30.299000+00:00,-40.075313568115234,174.9762725830078,19.55315017700196,2.3199568346676407,NGZ,HHZ,115319.65311951426,115.31965311951426,1.0,10.0,3.1622776601683795,1.8452968038292128e-07,1.8892454371399268e-08,9.767374675377031,-15.50545551711978,1.12652241557642,exact,1.0,10.0,0.11913537911777466,-15.624590896237555
2026p030834,2026-01-12T09:48:30.299000+00:00,-40.075313568115234,174.9762725830078,19.55315017700196,2.3199568346676407,NOVZ,EHZ,120450.38627298774,120.45038627298774,1.0,10.0,3.1622776601683795,2.3734690982197335e-07,1.4269861837651857e-08,16.632740563452394,-15.253743011532581,1.277398836799036,exact,1.0,10.0,0.24482585154452702,-15.498568863077109
2026p030834,2026-01-12T09:48:30.299000+00:00,-40.075313568115234,174.9762725830078,19.55315017700196,2.3199568346676407,NTVZ,HHZ,125731.11439570964,125.73111439570964,1.0,10.0,3.1622776601683795,2.819280899197596e-07,1.4968279038776095e-08,18.835037026595405,-15.081613798810938,0.9936348993076428,exact,1.0,10.0,-0.006385444317864613,-15.075228354493074
2026p030834,2026-01-12T09:48:30.299000+00:00,-40.075313568115234,174.9762725830078,19.55315017700196,2.3199568346676407,OTVZ,HHZ,119158.75156300292,119.15875156300292,1.0,10.0,3.1622776601683795,1.5370805798292087e-07,1.1227055264483877e-08,13.690861438009234,-15.688210761081747,1.0,exact,1.0,10.0,0.0,-15.688210761081747
2026p030834,2026-01-12T09:48:30.299000+00:00,-40.075313568115234,174.9762725830078,19.55315017700196,2.3199568346676407,SNVZ,EHZ,115939.38987209901,115.93938987209901,1.0,10.0,3.1622776601683795,1.1613618525269457e-07,2.104976260776066e-08,5.517220664991124,-15.968502323652729,0.7545196052473487,exact,1.0,10.0,-0.28167401668856396,-15.686828306964165
2026p030834,2026-01-12T09:48:30.299000+00:00,-40.075313568115234,174.9762725830078,19.55315017700196,2.3199568346676407,TMVZ,HHZ,125267.40974545538,125.26740974545538,1.0,10.0,3.1622776601683795,2.180523159200507e-07,1.6759135706046548e-08,13.010952339348822,-15.338530821663587,0.9214864370155496,exact,1.0,10.0,-0.08176722035762422,-15.256763601305963
2026p030834,2026-01-12T09:48:30.299000+00:00,-40.075313568115234,174.9762725830078,19.55315017700196,2.3199568346676407,TUVZ,EHZ,108924.60660354773,108.92460660354773,1.0,10.0,3.1622776601683795,1.204627656158772e-06,2.909379307001077e-08,41.40497092489721,-13.629340037810058,1.97029574161132,exact,1.0,10.0,0.6781836541279606,-14.30752369193802
2026p030834,2026-01-12T09:48:30.299000+00:00,-40.075313568115234,174.9762725830078,19.55315017700196,2.3199568346676407,TWVZ,HHZ,120130.34374124355,120.13034374124355,1.0,10.0,3.1622776601683795,7.567005553916665e-08,8.197024098287132e-09,9.231405767732076,-16.396883322274785,0.5802755580898467,exact,1.0,10.0,-0.5442521881111088,-15.852631134163676
2026p030834,2026-01-12T09:48:30.299000+00:00,-40.075313568115234,174.9762725830078,19.55315017700196,2.3199568346676407,WHVZ,HHZ,104771.34415516864,104.77134415516863,1.0,10.0,3.1622776601683795,3.315706750730628e-07,3.928288222170611e-08,8.440589292856174,-14.919424852236789,0.8211193479986806,exact,1.0,10.0,-0.19708681103425454,-14.722338041202534
2026p030834,2026-01-12T09:48:30.299000+00:00,-40.075313568115234,174.9762725830078,19.55315017700196,2.3199568346676407,WTVZ,HHZ,120698.55227992177,120.69855227992177,1.0,10.0,3.1622776601683795,2.623200213555167e-07,1.4617297000233702e-08,17.945863818141117,-15.153700622999848,1.0296407025017171,exact,1.0,10.0,0.02920990886272243,-15.18291053186257
2026p031203,2026-01-12T13:05:27.264000+00:00,-39.320125579833984,175.05258178710938,5.0,2.1156024598470977,COVZ,HHZ,44745.38634225759,44.74538634225759,1.0,10.0,3.1622776601683795,1.9128739292277157e-07,1.4415311854902663e-08,13.269736711087143,-15.469488864800587,1.0310666692210522,exact,1.0,10.0,0.030593867562053945,-15.50008273236264
2026p031203,2026-01-12T13:05:27.264000+00:00,-39.320125579833984,175.05258178710938,5.0,2.1156024598470977,ETVZ,HHZ,60715.90073335637,60.71590073335637,1.0,10.0,3.1622776601683795,2.138468615631848e-07,1.7191988780057515e-08,12.43875064711794,-15.35800567826061,0.9471602664391504,exact,1.0,10.0,-0.05428696417065311,-15.303718714089957
2026p031203,2026-01-12T13:05:27.264000+00:00,-39.320125579833984,175.05258178710938,5.0,2.1156024598470977,FWVZ,HHZ,44334.52260230349,44.334522602303494,1.0,10.0,3.1622776601683795,2.503241963861824e-07,1.453385782385069e-08,17.223520377046043,-15.200508973639602,0.6226707538339719,exact,1.0,10.0,-0.4737373849098134,-14.726771588729788
2026p031203,2026-01-12T13:05:27.264000+00:00,-39.320125579833984,175.05258178710938,5.0,2.1156024598470977,KRVZ,HHZ,57018.30334752758,57.01830334752758,1.0,10.0,3.1622776601683795,4.627186603605293e-07,2.4170145838390697e-08,19.144222937437526,-14.586146612560883,0.8296358879603257,exact,1.0,10.0,-0.18676836364818022,-14.399378248912702
2026p031203,2026-01-12T13:05:27.264000+00:00,-39.320125579833984,175.05258178710938,5.0,2.1156024598470977,NGZ,HHZ,50415.64212346942,50.41564212346942,1.0,10.0,3.1622776601683795,4.4660151145781227e-07,1.2060199399750561e-08,37.0310221792062,-14.621599113180178,1.12652241557642,exact,1.0,10.0,0.11913537911777466,-14.740734492297953
2026p031203,2026-01-12T13:05:27.264000+00:00,-39.320125579833984,175.05258178710938,5.0,2.1156024598470977,NOVZ,EHZ,53164.73596819527,53.164735968195274,1.0,10.0,3.1622776601683795,5.301408425834423e-07,1.9036600558118977e-08,27.84850377907104,-14.45012312497958,1.277398836799036,exact,1.0,10.0,0.24482585154452702,-14.694948976524108
2026p031203,2026-01-12T13:05:27.264000+00:00,-39.320125579833984,175.05258178710938,5.0,2.1156024598470977,NTVZ,HHZ,59528.951443203085,59.528951443203084,1.0,10.0,3.1622776601683795,1.2806985638614664e-06,1.3638349564746237e-08,93.90421896590358,-13.568104875884995,0.9936348993076428,exact,1.0,10.0,-0.006385444317864613,-13.56171943156713
2026p031203,2026-01-12T13:05:27.264000+00:00,-39.320125579833984,175.05258178710938,5.0,2.1156024598470977,OTVZ,HHZ,56054.87273543628,56.05487273543628,1.0,10.0,3.1622776601683795,2.6234183227282315e-07,1.510291483083622e-08,17.37027820200571,-15.153617480239733,1.0,exact,1.0,10.0,0.0,-15.153617480239733
2026p031203,2026-01-12T13:05:27.264000+00:00,-39.320125579833984,175.05258178710938,5.0,2.1156024598470977,SNVZ,EHZ,53276.69079866287,53.27669079866287,1.0,10.0,3.1622776601683795,1.8425667311369513e-07,1.5163797311423552e-08,12.151090477507669,-15.506936088819405,0.7545196052473487,exact,1.0,10.0,-0.28167401668856396,-15.22526207213084
2026p031203,2026-01-12T13:05:27.264000+00:00,-39.320125579833984,175.05258178710938,5.0,2.1156024598470977,TMVZ,HHZ,60986.60580748426,60.98660580748426,1.0,10.0,3.1622776601683795,2.2234887879776592e-07,1.0961526369673933e-08,20.284481494558502,-15.319018162513029,0.9214864370155496,exact,1.0,10.0,-0.08176722035762422,-15.237250942155404
2026p031203,2026-01-12T13:05:27.264000+00:00,-39.320125579833984,175.05258178710938,5.0,2.1156024598470977,TUVZ,EHZ,52617.5793899874,52.6175793899874,1.0,10.0,3.1622776601683795,5.317345948826508e-07,3.535093242302725e-08,15.041600275762011,-14.447121353887223,1.97029574161132,exact,1.0,10.0,0.6781836541279606,-15.125305008015184
2026p031203,2026-01-12T13:05:27.264000+00:00,-39.320125579833984,175.05258178710938,5.0,2.1156024598470977,TWVZ,HHZ,43691.87132430192,43.69187132430192,1.0,10.0,3.1622776601683795,2.663872573597528e-07,1.6760236792083344e-08,15.894003209165882,-15.138314732157859,0.5802755580898467,exact,1.0,10.0,-0.5442521881111088,-14.59406254404675
2026p031203,2026-01-12T13:05:27.264000+00:00,-39.320125579833984,175.05258178710938,5.0,2.1156024598470977,WHVZ,HHZ,46964.54287464232,46.96454287464232,1.0,10.0,3.1622776601683795,2.698983979920301e-07,3.1204077750339214e-08,8.649459219768035,-15.125220252501276,0.8211193479986806,exact,1.0,10.0,-0.19708681103425454,-14.92813344146702
2026p031203,2026-01-12T13:05:27.264000+00:00,-39.320125579833984,175.05258178710938,5.0,2.1156024598470977,WTVZ,HHZ,52030.3876692551,52.0303876692551,1.0,10.0,3.1622776601683795,3.609914429099635e-07,1.4865115773185539e-08,24.28446898214802,-14.834411582744988,1.0296407025017171,exact,1.0,10.0,0.02920990886272243,-14.86362149160771
2026p031760,2026-01-12T18:02:09.062000+00:00,-40.03861999511719,176.7040557861328,15.507710456848145,2.596779258525397,COVZ,HHZ,137471.78147330062,137.4717814733006,1.0,10.0,3.1622776601683795,1.6753940980004192e-07,1.5253112184419762e-08,10.983949227828695,-15.60204723096754,1.0310666692210522,exact,1.0,10.0,0.030593867562053945,-15.632641098529595
2026p031760,2026-01-12T18:02:09.062000+00:00,-40.03861999511719,176.7040557861328,15.507710456848145,2.596779258525397,ETVZ,HHZ,132714.25854380772,132.71425854380772,1.0,10.0,3.1622776601683795,3.4281231035107933e-07,1.6192502986465464e-08,21.171051235106745,-14.886082739691734,0.9471602664391504,exact,1.0,10.0,-0.05428696417065311,-14.83179577552108
2026p031760,2026-01-12T18:02:09.062000+00:00,-40.03861999511719,176.7040557861328,15.507710456848145,2.596779258525397,FWVZ,HHZ,132815.33865268654,132.81533865268653,1.0,10.0,3.1622776601683795,1.5033818257442053e-07,1.2569582687052248e-08,11.960475245473488,-15.710378530039478,0.6226707538339719,exact,1.0,10.0,-0.4737373849098134,-15.236641145129663
2026p031760,2026-01-12T18:02:09.062000+00:00,-40.03861999511719,176.7040557861328,15.507710456848145,2.596779258525397,KRVZ,HHZ,140033.33130060675,140.03333130060676,1.0,10.0,3.1622776601683795,1.9553437346465365e-07,1.8477800314648187e-08,10.582123961456858,-15.447529649627493,0.8296358879603257,exact,1.0,10.0,-0.18676836364818022,-15.260761285979312
2026p031760,2026-01-12T18:02:09.062000+00:00,-40.03861999511719,176.7040557861328,15.507710456848145,2.596779258525397,NGZ,HHZ,135793.43082551687,135.79343082551688,1.0,10.0,3.1622776601683795,2.5710091947692766e-07,1.224379561660948e-08,20.998465469984982,-15.173797146341299,1.12652241557642,exact,1.0,10.0,0.11913537911777466,-15.292932525459074
2026p031760,2026-01-12T18:02:09.062000+00:00,-40.03861999511719,176.7040557861328,15.507710456848145,2.596779258525397,NOVZ,EHZ,139166.65445125056,139.16665445125057,1.0,10.0,3.1622776601683795,2.545821024991003e-07,1.908523229075957e-08,13.339219487643355,-15.183642449841155,1.277398836799036,exact,1.0,10.0,0.24482585154452702,-15.428468301385683
2026p031760,2026-01-12T18:02:09.062000+00:00,-40.03861999511719,176.7040557861328,15.507710456848145,2.596779258525397,NTVZ,HHZ,137768.10330054272,137.76810330054272,1.0,10.0,3.1622776601683795,2.9010733073481876e-07,1.4480353802674209e-08,20.034547131109615,-15.053014876456082,0.9936348993076428,exact,1.0,10.0,-0.006385444317864613,-15.046629432138218
2026p031760,2026-01-12T18:02:09.062000+00:00,-40.03861999511719,176.7040557861328,15.507710456848145,2.596779258525397,OTVZ,HHZ,133044.8790462128,133.0448790462128,1.0,10.0,3.1622776601683795,2.7372579044892315e-07,9.87627480951057e-09,27.71548946626445,-15.11113899644272,1.0,exact,1.0,10.0,0.0,-15.11113899644272
2026p031760,2026-01-12T18:02:09.062000+00:00,-40.03861999511719,176.7040557861328,15.507710456848145,2.596779258525397,SNVZ,EHZ,132638.591940083,132.638591940083,1.0,10.0,3.1622776601683795,1.5485621984196776e-07,1.59893011175996e-08,9.684989900622723,-15.680768764449994,0.7545196052473487,exact,1.0,10.0,-0.28167401668856396,-15.39909474776143
2026p031760,2026-01-12T18:02:09.062000+00:00,-40.03861999511719,176.7040557861328,15.507710456848145,2.596779258525397,TMVZ,HHZ,134767.49196809938,134.76749196809936,1.0,10.0,3.1622776601683795,2.763330958219025e-07,1.3262485814303697e-08,20.835693978565843,-15.101658829990201,0.9214864370155496,exact,1.0,10.0,-0.08176722035762422,-15.019891609632577
2026p031760,2026-01-12T18:02:09.062000+00:00,-40.03861999511719,176.7040557861328,15.507710456848145,2.596779258525397,TUVZ,EHZ,125431.2929410098,125.4312929410098,1.0,10.0,3.1622776601683795,6.081916111610528e-07,4.810986149439573e-08,12.641724425498511,-14.312775854693612,1.97029574161132,exact,1.0,10.0,0.6781836541279606,-14.990959508821573
2026p031760,2026-01-12T18:02:09.062000+00:00,-40.03861999511719,176.7040557861328,15.507710456848145,2.596779258525397,TWVZ,HHZ,153820.53890328042,153.82053890328044,1.0,10.0,3.1622776601683795,7.559298662682394e-08,1.4090103921985146e-08,5.364970126932441,-16.397902327550735,0.5802755580898467,exact,1.0,10.0,-0.5442521881111088,-15.853650139439626
2026p031760,2026-01-12T18:02:09.062000+00:00,-40.03861999511719,176.7040557861328,15.507710456848145,2.596779258525397,WHVZ,HHZ,128531.25018342861,128.5312501834286,1.0,10.0,3.1622776601683795,3.811108170018385e-07,3.129660683560528e-08,12.1773845645228,-14.780175645838236,0.8211193479986806,exact,1.0,10.0,-0.19708681103425454,-14.58308883480398
2026p031760,2026-01-12T18:02:09.062000+00:00,-40.03861999511719,176.7040557861328,15.507710456848145,2.596779258525397,WTVZ,HHZ,141261.96729431202,141.26196729431203,1.0,10.0,3.1622776601683795,1.854434369607661e-07,1.7550834835854772e-08,10.56607498703833,-15.500515923441489,1.0296407025017171,exact,1.0,10.0,0.02920990886272243,-15.52972583230421
2026p032139,2026-01-12T21:23:51.855000+00:00,-39.950927734375,176.18637084960938,27.81152534484864,2.03147939940756,ETVZ,HHZ,103482.18905003827,103.48218905003827,1.0,10.0,3.1622776601683795,1.6069107399845996e-07,1.7254702449367852e-08,9.31288583329625,-15.643782110248024,0.9471602664391504,exact,1.0,10.0,-0.05428696417065311,-15.58949514607737
2026p032139,2026-01-12T21:23:51.855000+00:00,-39.950927734375,176.18637084960938,27.81152534484864,2.03147939940756,FWVZ,HHZ,99105.2372946004,99.1052372946004,1.0,10.0,3.1622776601683795,5.8530106171484834e-08,1.0710355888534807e-08,5.464814314353455,-16.65372457967799,0.6226707538339719,exact,1.0,10.0,-0.4737373849098134,-16.179987194768177
2026p032139,2026-01-12T21:23:51.855000+00:00,-39.950927734375,176.18637084960938,27.81152534484864,2.03147939940756,KRVZ,HHZ,109917.14141696038,109.91714141696038,1.0,10.0,3.1622776601683795,7.430675938427375e-08,1.690320253752633e-08,4.396016625802559,-16.415063915144266,0.8296358879603257,exact,1.0,10.0,-0.18676836364818022,-16.228295551496085
2026p032139,2026-01-12T21:23:51.855000+00:00,-39.950927734375,176.18637084960938,27.81152534484864,2.03147939940756,NGZ,HHZ,103901.91428837676,103.90191428837676,1.0,10.0,3.1622776601683795,1.4764064539849277e-07,1.4576315954519247e-08,10.12880386643363,-15.728484587360324,1.12652241557642,exact,1.0,10.0,0.11913537911777466,-15.8476199664781
2026p032139,2026-01-12T21:23:51.855000+00:00,-39.950927734375,176.18637084960938,27.81152534484864,2.03147939940756,NOVZ,EHZ,108099.15890788537,108.09915890788537,1.0,10.0,3.1622776601683795,1.5293377984612316e-07,1.7714044441649037e-08,8.63347612962668,-15.693260820707138,1.277398836799036,exact,1.0,10.0,0.24482585154452702,-15.938086672251666
2026p032139,2026-01-12T21:23:51.855000+00:00,-39.950927734375,176.18637084960938,27.81152534484864,2.03147939940756,NTVZ,HHZ,108297.38534343913,108.29738534343913,1.0,10.0,3.1622776601683795,1.236300174321203e-07,1.395575136415478e-08,8.858714533254217,-15.905972461925238,0.9936348993076428,exact,1.0,10.0,-0.006385444317864613,-15.899587017607374
2026p032139,2026-01-12T21:23:51.855000+00:00,-39.950927734375,176.18637084960938,27.81152534484864,2.03147939940756,OTVZ,HHZ,102553.72468923811,102.55372468923811,1.0,10.0,3.1622776601683795,1.5010371442959457e-07,1.1471595191694496e-08,13.084816184785753,-15.711939352246794,1.0,exact,1.0,10.0,0.0,-15.711939352246794
2026p032139,2026-01-12T21:23:51.855000+00:00,-39.950927734375,176.18637084960938,27.81152534484864,2.03147939940756,SNVZ,EHZ,101365.83301362401,101.36583301362401,1.0,10.0,3.1622776601683795,8.482039969654647e-08,1.3961711885734013e-08,6.07521487269877,-16.282729760619787,0.7545196052473487,exact,1.0,10.0,-0.28167401668856396,-16.001055743931225
2026p032139,2026-01-12T21:23:51.855000+00:00,-39.950927734375,176.18637084960938,27.81152534484864,2.03147939940756,TMVZ,HHZ,105650.13470074766,105.65013470074766,1.0,10.0,3.1622776601683795,1.163093322579592e-07,1.1363233029014292e-08,10.235584534874974,-15.967012537666374,0.9214864370155496,exact,1.0,10.0,-0.08176722035762422,-15.88524531730875
2026p032139,2026-01-12T21:23:51.855000+00:00,-39.950927734375,176.18637084960938,27.81152534484864,2.03147939940756,TUVZ,EHZ,93271.81343522042,93.27181343522042,1.0,10.0,3.1622776601683795,5.079956314125115e-07,5.821989944445461e-08,8.725463909417616,-14.492792988986576,1.97029574161132,exact,1.0,10.0,0.6781836541279606,-15.170976643114537
2026p032139,2026-01-12T21:23:51.855000+00:00,-39.950927734375,176.18637084960938,27.81152534484864,2.03147939940756,TWVZ,HHZ,120515.43482609221,120.51543482609222,1.0,10.0,3.1622776601683795,2.8102481907553845e-08,8.244289056670138e-09,3.4087210812698525,-17.38740794039482,0.5802755580898467,exact,1.0,10.0,-0.5442521881111088,-16.84315575228371
2026p032139,2026-01-12T21:23:51.855000+00:00,-39.950927734375,176.18637084960938,27.81152534484864,2.03147939940756,WHVZ,HHZ,95065.04770994792,95.06504770994792,1.0,10.0,3.1622776601683795,2.64954660139993e-07,3.267776945973212e-08,8.108101150125593,-15.143707119409752,0.8211193479986806,exact,1.0,10.0,-0.19708681103425454,-14.946620308375497
2026p032139,2026-01-12T21:23:51.855000+00:00,-39.950927734375,176.18637084960938,27.81152534484864,2.03147939940756,WTVZ,HHZ,109911.66570868716,109.91166570868715,1.0,10.0,3.1622776601683795,1.0134072924487121e-07,1.8484047478540793e-08,5.4826048982249995,-16.10477744090252,1.0296407025017171,exact,1.0,10.0,0.02920990886272243,-16.133987349765242
2026p033488,2026-01-13T09:22:27.197000+00:00,-39.083492279052734,175.1375274658203,18.27030563354492,2.793052813806056,COVZ,HHZ,42048.97369508709,42.048973695087085,1.0,10.0,3.1622776601683795,8.901174261691929e-07,1.4293129102996132e-08,62.27589632438191,-13.931912443407532,1.0310666692210522,exact,1.0,10.0,0.030593867562053945,-13.962506310969585
2026p033488,2026-01-13T09:22:27.197000+00:00,-39.083492279052734,175.1375274658203,18.27030563354492,2.793052813806056,ETVZ,HHZ,53580.988129447585,53.58098812944758,1.0,10.0,3.1622776601683795,9.413538783824476e-07,2.450175576185961e-08,38.41985397013041,-13.875946701762455,0.9471602664391504,exact,1.0,10.0,-0.05428696417065311,-13.821659737591801
2026p033488,2026-01-13T09:22:27.197000+00:00,-39.083492279052734,175.1375274658203,18.27030563354492,2.793052813806056,FWVZ,HHZ,45429.15413354197,45.42915413354197,1.0,10.0,3.1622776601683795,2.4269884726701114e-06,1.3969187474997785e-08,173.7387000506625,-12.928859380851975,0.6226707538339719,exact,1.0,10.0,-0.4737373849098134,-12.45512199594216
2026p033488,2026-01-13T09:22:27.197000+00:00,-39.083492279052734,175.1375274658203,18.27030563354492,2.793052813806056,KRVZ,HHZ,47747.136767496035,47.74713676749604,1.0,10.0,3.1622776601683795,2.9891612085006126e-06,2.3105087438876416e-08,129.3724257226171,-12.72051774219226,0.8296358879603257,exact,1.0,10.0,-0.18676836364818022,-12.53374937854408
2026p033488,2026-01-13T09:22:27.197000+00:00,-39.083492279052734,175.1375274658203,18.27030563354492,2.793052813806056,NGZ,HHZ,45833.897993107756,45.833897993107755,1.0,10.0,3.1622776601683795,3.1963951494226306e-06,2.992514543292161e-08,106.81301972575123,-12.653486898959885,1.12652241557642,exact,1.0,10.0,0.11913537911777466,-12.77262227807766
2026p033488,2026-01-13T09:22:27.197000+00:00,-39.083492279052734,175.1375274658203,18.27030563354492,2.793052813806056,NOVZ,EHZ,45689.68098949174,45.68968098949174,1.0,10.0,3.1622776601683795,7.6059354397601416e-06,1.4280006635043588e-08,532.6282847162645,-11.786581636561527,1.277398836799036,exact,1.0,10.0,0.24482585154452702,-12.031407488106055
2026p033488,2026-01-13T09:22:27.197000+00:00,-39.083492279052734,175.1375274658203,18.27030563354492,2.793052813806056,NTVZ,HHZ,50539.575931303,50.539575931303,1.0,10.0,3.1622776601683795,4.9728309585717675e-06,2.4596488612172592e-08,202.1764584767094,-12.211521270651,0.9936348993076428,exact,1.0,10.0,-0.006385444317864613,-12.205135826333136
2026p033488,2026-01-13T09:22:27.197000+00:00,-39.083492279052734,175.1375274658203,18.27030563354492,2.793052813806056,OTVZ,HHZ,50501.62994094323,50.50162994094323,1.0,10.0,3.1622776601683795,1.961205157902552e-06,1.5890029332903206e-08,123.42363357640372,-13.141951397200044,1.0,exact,1.0,10.0,0.0,-13.141951397200044
2026p033488,2026-01-13T09:22:27.197000+00:00,-39.083492279052734,175.1375274658203,18.27030563354492,2.793052813806056,SNVZ,EHZ,49142.708360586475,49.142708360586475,1.0,10.0,3.1622776601683795,1.4914788955098266e-06,1.4957584856194257e-08,99.71388495196624,-13.415742382934274,0.7545196052473487,exact,1.0,10.0,-0.28167401668856396,-13.13406836624571
2026p033488,2026-01-13T09:22:27.197000+00:00,-39.083492279052734,175.1375274658203,18.27030563354492,2.793052813806056,TMVZ,HHZ,52854.516676395906,52.8545166763959,1.0,10.0,3.1622776601683795,1.5590393419689342e-06,2.5579383644469088e-08,60.94905818053353,-13.371440732819655,0.9214864370155496,exact,1.0,10.0,-0.08176722035762422,-13.28967351246203
2026p033488,2026-01-13T09:22:27.197000+00:00,-39.083492279052734,175.1375274658203,18.27030563354492,2.793052813806056,TUVZ,EHZ,52913.115768369935,52.913115768369934,1.0,10.0,3.1622776601683795,3.839177418014447e-06,1.0899230238706641e-07,35.22429872506321,-12.470252428370484,1.97029574161132,exact,1.0,10.0,0.6781836541279606,-13.148436082498446
2026p033488,2026-01-13T09:22:27.197000+00:00,-39.083492279052734,175.1375274658203,18.27030563354492,2.793052813806056,TWVZ,HHZ,32424.212689943328,32.424212689943325,1.0,10.0,3.1622776601683795,2.202361906775153e-06,1.5253621812375288e-08,144.3828838727582,-13.02598017950118,0.5802755580898467,exact,1.0,10.0,-0.5442521881111088,-12.481727991390072
2026p033488,2026-01-13T09:22:27.197000+00:00,-39.083492279052734,175.1375274658203,18.27030563354492,2.793052813806056,WHVZ,HHZ,49216.277798690906,49.2162777986909,1.0,10.0,3.1622776601683795,1.1668291519823773e-06,4.513779529419425e-08,25.850379806486874,-13.661220614706865,0.8211193479986806,exact,1.0,10.0,-0.19708681103425454,-13.46413380367261
2026p033488,2026-01-13T09:22:27.197000+00:00,-39.083492279052734,175.1375274658203,18.27030563354492,2.793052813806056,WTVZ,HHZ,43828.4098286709,43.8284098286709,1.0,10.0,3.1622776601683795,3.6728911827309848e-06,1.2038327361671356e-08,305.0997927191319,-12.514531417829977,1.0296407025017171,exact,1.0,10.0,0.02920990886272243,-12.543741326692698
2026p033966,2026-01-13T13:37:27.464000+00:00,-40.20912551879883,175.04750061035156,21.65819931030273,2.085006233719465,ETVZ,HHZ,134032.93670845628,134.03293670845628,1.0,10.0,3.1622776601683795,7.22235140430304e-08,2.087074356834857e-08,3.460514658067125,-16.44350016480326,0.9471602664391504,exact,1.0,10.0,-0.05428696417065311,-16.389213200632607
2026p033966,2026-01-13T13:37:27.464000+00:00,-40.20912551879883,175.04750061035156,21.65819931030273,2.085006233719465,FWVZ,HHZ,116888.37378364016,116.88837378364016,1.0,10.0,3.1622776601683795,6.419786993859424e-08,1.4677319189571768e-08,4.37395065879652,-16.561295805327486,0.6226707538339719,exact,1.0,10.0,-0.4737373849098134,-16.087558420417672
2026p033966,2026-01-13T13:37:27.464000+00:00,-40.20912551879883,175.04750061035156,21.65819931030273,2.085006233719465,NOVZ,EHZ,131600.6520622766,131.60065206227662,1.0,10.0,3.1622776601683795,6.660352310857482e-08,1.5758721856150856e-08,4.226454639947751,-16.52450836127105,1.277398836799036,exact,1.0,10.0,0.24482585154452702,-16.769334212815576
2026p033966,2026-01-13T13:37:27.464000+00:00,-40.20912551879883,175.04750061035156,21.65819931030273,2.085006233719465,NTVZ,HHZ,136529.18994988487,136.52918994988485,1.0,10.0,3.1622776601683795,8.520688579253299e-08,2.7400105856344e-08,3.109728343359844,-16.278183587215647,0.9936348993076428,exact,1.0,10.0,-0.006385444317864613,-16.271798142897783
2026p033966,2026-01-13T13:37:27.464000+00:00,-40.20912551879883,175.04750061035156,21.65819931030273,2.085006233719465,TWVZ,HHZ,132690.901264766,132.690901264766,1.0,10.0,3.1622776601683795,3.0703992336151e-08,8.489865912226638e-09,3.616546203860864,-17.298873147285352,0.5802755580898467,exact,1.0,10.0,-0.5442521881111088,-16.754620959174243
2026p033966,2026-01-13T13:37:27.464000+00:00,-40.20912551879883,175.04750061035156,21.65819931030273,2.085006233719465,WTVZ,HHZ,132048.10549969343,132.04810549969343,1.0,10.0,3.1622776601683795,5.932635474795784e-08,9.375143756814714e-09,6.328047471787726,-16.640212198847262,1.0296407025017171,exact,1.0,10.0,0.02920990886272243,-16.669422107709984
2026p034745,2026-01-13T20:32:27.910000+00:00,-40.21500396728516,175.0315704345703,26.92417907714844,2.5001888856295853,COVZ,HHZ,124126.58703027935,124.12658703027935,1.0,10.0,3.1622776601683795,1.3022598976904528e-07,2.711046020374957e-08,4.8035329828533895,-15.85399451289063,1.0310666692210522,exact,1.0,10.0,0.030593867562053945,-15.884588380452684
2026p034745,2026-01-13T20:32:27.910000+00:00,-40.21500396728516,175.0315704345703,26.92417907714844,2.5001888856295853,ETVZ,HHZ,136186.5707981576,136.1865707981576,1.0,10.0,3.1622776601683795,2.860438254683313e-07,1.601291115018054e-08,17.863324337817627,-15.067120801962725,0.9471602664391504,exact,1.0,10.0,-0.05428696417065311,-15.012833837792071
2026p034745,2026-01-13T20:32:27.910000+00:00,-40.21500396728516,175.0315704345703,26.92417907714844,2.5001888856295853,FWVZ,HHZ,119159.58046694734,119.15958046694735,1.0,10.0,3.1622776601683795,1.7494882495814155e-07,1.4210636259006741e-08,12.311118360183098,-15.558772334599158,0.6226707538339719,exact,1.0,10.0,-0.4737373849098134,-15.085034949689344
2026p034745,2026-01-13T20:32:27.910000+00:00,-40.21500396728516,175.0315704345703,26.92417907714844,2.5001888856295853,KRVZ,HHZ,137866.82911943382,137.86682911943382,1.0,10.0,3.1622776601683795,1.9708532217716475e-07,1.9829536947520344e-08,9.938977531283705,-15.439629094474105,0.8296358879603257,exact,1.0,10.0,-0.18676836364818022,-15.252860730825924
2026p034745,2026-01-13T20:32:27.910000+00:00,-40.21500396728516,175.0315704345703,26.92417907714844,2.5001888856295853,NGZ,HHZ,128492.62077277494,128.49262077277496,1.0,10.0,3.1622776601683795,2.0774625657574983e-07,1.7868679594279715e-08,11.626279125977247,-15.386948422262487,1.12652241557642,exact,1.0,10.0,0.11913537911777466,-15.506083801380262
2026p034745,2026-01-13T20:32:27.910000+00:00,-40.21500396728516,175.0315704345703,26.92417907714844,2.5001888856295853,NOVZ,EHZ,133720.62614935936,133.72062614935936,1.0,10.0,3.1622776601683795,2.594014831857624e-07,1.6647659352019165e-08,15.581859149124172,-15.164888847324969,1.277398836799036,exact,1.0,10.0,0.24482585154452702,-15.409714698869497
2026p034745,2026-01-13T20:32:27.910000+00:00,-40.21500396728516,175.0315704345703,26.92417907714844,2.5001888856295853,NTVZ,HHZ,138635.5215775549,138.6355215775549,1.0,10.0,3.1622776601683795,3.16155408377843e-07,1.7421208063228377e-08,18.147731617141094,-14.967031945588767,0.9936348993076428,exact,1.0,10.0,-0.006385444317864613,-14.960646501270903
2026p034745,2026-01-13T20:32:27.910000+00:00,-40.21500396728516,175.0315704345703,26.92417907714844,2.5001888856295853,OTVZ,HHZ,131912.62920179547,131.91262920179548,1.0,10.0,3.1622776601683795,1.7780804140856067e-07,1.1893672355228148e-08,14.949801549762794,-15.542561287619584,1.0,exact,1.0,10.0,0.0,-15.542561287619584
2026p034745,2026-01-13T20:32:27.910000+00:00,-40.21500396728516,175.0315704345703,26.92417907714844,2.5001888856295853,SNVZ,EHZ,128789.45616597774,128.78945616597773,1.0,10.0,3.1622776601683795,1.2739623374320776e-07,1.328240783464827e-08,9.591350855142698,-15.875963656700524,0.7545196052473487,exact,1.0,10.0,-0.28167401668856396,-15.59428964001196
2026p034745,2026-01-13T20:32:27.910000+00:00,-40.21500396728516,175.0315704345703,26.92417907714844,2.5001888856295853,TMVZ,HHZ,137913.76221897168,137.91376221897167,1.0,10.0,3.1622776601683795,2.20235525722394e-07,1.6819810086893722e-08,13.093817622471564,-15.328568291781579,0.9214864370155496,exact,1.0,10.0,-0.08176722035762422,-15.246801071423954
2026p034745,2026-01-13T20:32:27.910000+00:00,-40.21500396728516,175.0315704345703,26.92417907714844,2.5001888856295853,TUVZ,EHZ,121307.91321615661,121.3079132161566,1.0,10.0,3.1622776601683795,1.2281927396407228e-06,5.753990266882421e-08,21.345061125836278,-13.609966786450507,1.97029574161132,exact,1.0,10.0,0.6781836541279606,-14.288150440578468
2026p034745,2026-01-13T20:32:27.910000+00:00,-40.21500396728516,175.0315704345703,26.92417907714844,2.5001888856295853,TWVZ,HHZ,134658.39869435751,134.65839869435752,1.0,10.0,3.1622776601683795,7.768089542545774e-08,6.227383505533943e-09,12.474082470820509,-16.370656485925533,0.5802755580898467,exact,1.0,10.0,-0.5442521881111088,-15.826404297814424
2026p034745,2026-01-13T20:32:27.910000+00:00,-40.21500396728516,175.0315704345703,26.92417907714844,2.5001888856295853,WHVZ,HHZ,117649.32020740995,117.64932020740996,1.0,10.0,3.1622776601683795,4.2365482305243667e-07,4.14498821505798e-08,10.22089330708774,-14.67434680984547,0.8211193479986806,exact,1.0,10.0,-0.19708681103425454,-14.477259998811215
2026p034745,2026-01-13T20:32:27.910000+00:00,-40.21500396728516,175.0315704345703,26.92417907714844,2.5001888856295853,WTVZ,HHZ,134137.50297783094,134.13750297783093,1.0,10.0,3.1622776601683795,2.4540664403905545e-07,1.3738389164948463e-08,17.8628397472664,-15.220349230712324,1.0296407025017171,exact,1.0,10.0,0.02920990886272243,-15.249559139575046
2026p035435,2026-01-14T02:39:50.084000+00:00,-39.83441925048828,176.5078125,13.727985382080078,2.0055091012912376,ETVZ,HHZ,104621.25012215564,104.62125012215564,1.0,10.0,3.1622776601683795,1.1819806503456556e-07,2.0558034174674005e-08,5.749482855718614,-15.95090410237435,0.9471602664391504,exact,1.0,10.0,-0.05428696417065311,-15.896617138203696
2026p035435,2026-01-14T02:39:50.084000+00:00,-39.83441925048828,176.5078125,13.727985382080078,2.0055091012912376,FWVZ,HHZ,105472.83351459887,105.47283351459886,1.0,10.0,3.1622776601683795,4.924992840527068e-08,1.3839324305862866e-08,3.5586945805155046,-16.82635792302946,0.6226707538339719,exact,1.0,10.0,-0.4737373849098134,-16.352620538119645
2026p035435,2026-01-14T02:39:50.084000+00:00,-39.83441925048828,176.5078125,13.727985382080078,2.0055091012912376,NOVZ,EHZ,111205.02775659306,111.20502775659305,1.0,10.0,3.1622776601683795,1.3828479169930488e-07,2.004353776174952e-08,6.899220753494095,-15.793950570343338,1.277398836799036,exact,1.0,10.0,0.24482585154452702,-16.038776421887864
2026p035435,2026-01-14T02:39:50.084000+00:00,-39.83441925048828,176.5078125,13.727985382080078,2.0055091012912376,NTVZ,HHZ,109656.99343693124,109.65699343693124,1.0,10.0,3.1622776601683795,1.309999127059559e-07,3.2389787541893585e-08,4.044482000276107,-15.84806918011223,0.9936348993076428,exact,1.0,10.0,-0.006385444317864613,-15.841683735794366
2026p035435,2026-01-14T02:39:50.084000+00:00,-39.83441925048828,176.5078125,13.727985382080078,2.0055091012912376,OTVZ,HHZ,105077.8686043895,105.0778686043895,1.0,10.0,3.1622776601683795,1.1524104366201515e-07,1.654519748804318e-08,6.965226238326688,-15.97623987034958,1.0,exact,1.0,10.0,0.0,-15.97623987034958
2026p035435,2026-01-14T02:39:50.084000+00:00,-39.83441925048828,176.5078125,13.727985382080078,2.0055091012912376,SNVZ,EHZ,104783.78580435472,104.78378580435472,1.0,10.0,3.1622776601683795,7.118373186928605e-08,1.4079442302531646e-08,5.055863033473023,-16.45800152961709,0.7545196052473487,exact,1.0,10.0,-0.28167401668856396,-16.176327512928527
2026p035435,2026-01-14T02:39:50.084000+00:00,-39.83441925048828,176.5078125,13.727985382080078,2.0055091012912376,TUVZ,EHZ,97841.32994177256,97.84132994177257,1.0,10.0,3.1622776601683795,2.719404909642897e-07,4.859673614362746e-08,5.595859157301647,-15.117682577806477,1.97029574161132,exact,1.0,10.0,0.6781836541279606,-15.795866231934438
2026p035435,2026-01-14T02:39:50.084000+00:00,-39.83441925048828,176.5078125,13.727985382080078,2.0055091012912376,WHVZ,HHZ,101223.25729103696,101.22325729103696,1.0,10.0,3.1622776601683795,1.6147278521458745e-07,4.488107160065838e-08,3.597792553870722,-15.638929221086718,0.8211193479986806,exact,1.0,10.0,-0.19708681103425454,-15.441842410052462
2026p035435,2026-01-14T02:39:50.084000+00:00,-39.83441925048828,176.5078125,13.727985382080078,2.0055091012912376,WTVZ,HHZ,113305.90710173798,113.30590710173797,1.0,10.0,3.1622776601683795,8.129961340270819e-08,1.6994056011798065e-08,4.784002909385859,-16.325124575598192,1.0296407025017171,exact,1.0,10.0,0.02920990886272243,-16.354334484460914
2026p039588,2026-01-15T15:32:47.566000+00:00,-38.85108947753906,176.71328735351562,36.992584228515625,2.567161668216871,COVZ,HHZ,115045.50660231952,115.04550660231952,1.0,10.0,3.1622776601683795,1.2708542473893381e-07,3.8878459400266164e-08,3.268787567700375,-15.878406340866212,1.0310666692210522,exact,1.0,10.0,0.030593867562053945,-15.909000208428266
2026p039588,2026-01-15T15:32:47.566000+00:00,-38.85108947753906,176.71328735351562,36.992584228515625,2.567161668216871,ETVZ,HHZ,100027.7048204072,100.02770482040721,1.0,10.0,3.1622776601683795,3.4808657786404006e-07,4.592866184225796e-08,7.578853027757347,-14.87081460114865,0.9471602664391504,exact,1.0,10.0,-0.05428696417065311,-14.816527636977996
2026p039588,2026-01-15T15:32:47.566000+00:00,-38.85108947753906,176.71328735351562,36.992584228515625,2.567161668216871,FWVZ,HHZ,116713.2577309971,116.7132577309971,1.0,10.0,3.1622776601683795,1.1947158485802362e-07,3.4796603649911956e-08,3.433426608528385,-15.940187277464718,0.6226707538339719,exact,1.0,10.0,-0.4737373849098134,-15.466449892554904
2026p039588,2026-01-15T15:32:47.566000+00:00,-38.85108947753906,176.71328735351562,36.992584228515625,2.567161668216871,KRVZ,HHZ,104021.70643604275,104.02170643604275,1.0,10.0,3.1622776601683795,2.637490794879171e-07,2.1355736629692043e-08,12.350268410840597,-15.14826764225543,0.8296358879603257,exact,1.0,10.0,-0.18676836364818022,-14.96149927860725
2026p039588,2026-01-15T15:32:47.566000+00:00,-38.85108947753906,176.71328735351562,36.992584228515625,2.567161668216871,NGZ,HHZ,109786.81328112961,109.78681328112961,1.0,10.0,3.1622776601683795,2.4976669043724397e-07,3.898555241501455e-08,6.406647462074977,-15.202738593073125,1.12652241557642,exact,1.0,10.0,0.11913537911777466,-15.3218739721909
2026p039588,2026-01-15T15:32:47.566000+00:00,-38.85108947753906,176.71328735351562,36.992584228515625,2.567161668216871,NOVZ,EHZ,107428.09200558151,107.4280920055815,1.0,10.0,3.1622776601683795,1.6645631509875176e-07,2.2296691238650787e-08,7.465516444440136,-15.608532933730679,1.277398836799036,exact,1.0,10.0,0.24482585154452702,-15.853358785275207
2026p039588,2026-01-15T15:32:47.566000+00:00,-38.85108947753906,176.71328735351562,36.992584228515625,2.567161668216871,NTVZ,HHZ,101477.84543995596,101.47784543995596,1.0,10.0,3.1622776601683795,4.3409024695456927e-07,2.0697699379768136e-08,20.9728742789109,-14.650013382171373,0.9936348993076428,exact,1.0,10.0,-0.006385444317864613,-14.643627937853509
2026p039588,2026-01-15T15:32:47.566000+00:00,-38.85108947753906,176.71328735351562,36.992584228515625,2.567161668216871,OTVZ,HHZ,104524.75261876317,104.52475261876317,1.0,10.0,3.1622776601683795,2.63088176647622e-07,1.5684399318101984e-08,16.773876468701072,-15.150776588535468,1.0,exact,1.0,10.0,0.0,-15.150776588535468
2026p039588,2026-01-15T15:32:47.566000+00:00,-38.85108947753906,176.71328735351562,36.992584228515625,2.567161668216871,SNVZ,EHZ,107276.39160834638,107.27639160834639,1.0,10.0,3.1622776601683795,1.4394484573820812e-07,2.1268834666039642e-08,6.7678764727080996,-15.75383562644655,0.7545196052473487,exact,1.0,10.0,-0.28167401668856396,-15.472161609757986
2026p039588,2026-01-15T15:32:47.566000+00:00,-38.85108947753906,176.71328735351562,36.992584228515625,2.567161668216871,TMVZ,HHZ,99838.2979698569,99.8382979698569,1.0,10.0,3.1622776601683795,3.1132827914263053e-07,3.087285390712014e-08,10.08420796079463,-14.982417921534697,0.9214864370155496,exact,1.0,10.0,-0.08176722035762422,-14.900650701177073
2026p039588,2026-01-15T15:32:47.566000+00:00,-38.85108947753906,176.71328735351562,36.992584228515625,2.567161668216871,TUVZ,EHZ,109635.76382669497,109.63576382669497,1.0,10.0,3.1622776601683795,6.50096067461626e-07,1.9565485659750032e-07,3.3226676749404627,-14.246145688882686,1.97029574161132,exact,1.0,10.0,0.6781836541279606,-14.924329343010648
2026p039588,2026-01-15T15:32:47.566000+00:00,-38.85108947753906,176.71328735351562,36.992584228515625,2.567161668216871,TWVZ,HHZ,119450.99843412469,119.45099843412468,1.0,10.0,3.1622776601683795,4.0040198942561154e-08,1.1790353520802967e-08,3.396013433516985,-17.0333819139163,0.5802755580898467,exact,1.0,10.0,-0.5442521881111088,-16.489129725805192
2026p039588,2026-01-15T15:32:47.566000+00:00,-38.85108947753906,176.71328735351562,36.992584228515625,2.567161668216871,WTVZ,HHZ,108607.76863317075,108.60776863317075,1.0,10.0,3.1622776601683795,1.2085405306784383e-07,3.5186188670913094e-08,3.4347014448810897,-15.928682192354806,1.0296407025017171,exact,1.0,10.0,0.02920990886272243,-15.957892101217528
2026p043837,2026-01-17T05:16:28.191000+00:00,-40.27429962158203,174.79928588867188,20.0112361907959,2.558070733849548,COVZ,HHZ,136867.75450308135,136.86775450308136,1.0,10.0,3.1622776601683795,1.3020129310483101e-07,2.567685729394597e-08,5.070764370199213,-15.854184175540531,1.0310666692210522,exact,1.0,10.0,0.030593867562053945,-15.884778043102585
2026p043837,2026-01-17T05:16:28.191000+00:00,-40.27429962158203,174.79928588867188,20.0112361907959,2.558070733849548,FWVZ,HHZ,132158.7973803471,132.1587973803471,1.0,10.0,3.1622776601683795,1.2419878194553408e-07,1.0324285513373129e-08,12.029770174861826,-15.901382474696943,0.6226707538339719,exact,1.0,10.0,-0.4737373849098134,-15.427645089787129
2026p043837,2026-01-17T05:16:28.191000+00:00,-40.27429962158203,174.79928588867188,20.0112361907959,2.558070733849548,KRVZ,HHZ,151084.19806671285,151.08419806671284,1.0,10.0,3.1622776601683795,1.435597414501777e-07,2.7933084241758373e-08,5.1394160490005625,-15.756514571656522,0.8296358879603257,exact,1.0,10.0,-0.18676836364818022,-15.569746208008342
2026p043837,2026-01-17T05:16:28.191000+00:00,-40.27429962158203,174.79928588867188,20.0112361907959,2.558070733849548,NGZ,HHZ,141662.51162055082,141.66251162055082,1.0,10.0,3.1622776601683795,2.0555267066154555e-07,1.9682782202922408e-08,10.443273138033609,-15.397563530928254,1.12652241557642,exact,1.0,10.0,0.11913537911777466,-15.51669891004603
2026p043837,2026-01-17T05:16:28.191000+00:00,-40.27429962158203,174.79928588867188,20.0112361907959,2.558070733849548,NOVZ,EHZ,146780.5539685289,146.7805539685289,1.0,10.0,3.1622776601683795,1.9699459837182377e-07,2.1390527349997777e-08,9.209431593178756,-15.440089528016708,1.277398836799036,exact,1.0,10.0,0.24482585154452702,-15.684915379561236
2026p043837,2026-01-17T05:16:28.191000+00:00,-40.27429962158203,174.79928588867188,20.0112361907959,2.558070733849548,NTVZ,HHZ,152153.77280839084,152.15377280839084,1.0,10.0,3.1622776601683795,2.270032771541487e-07,2.5445923845885052e-08,8.921007487447078,-15.298301382766802,0.9936348993076428,exact,1.0,10.0,-0.006385444317864613,-15.291915938448938
2026p043837,2026-01-17T05:16:28.191000+00:00,-40.27429962158203,174.79928588867188,20.0112361907959,2.558070733849548,OTVZ,HHZ,145583.27204923108,145.58327204923108,1.0,10.0,3.1622776601683795,1.656127025816859e-07,1.4319414497081424e-08,11.565605745642811,-15.613613891525892,1.0,exact,1.0,10.0,0.0,-15.613613891525892
2026p043837,2026-01-17T05:16:28.191000+00:00,-40.27429962158203,174.79928588867188,20.0112361907959,2.558070733849548,SNVZ,EHZ,142337.68980773157,142.33768980773158,1.0,10.0,3.1622776601683795,8.759319278278774e-08,2.2134919002768448e-08,3.957240266920892,-16.25056254998253,0.7545196052473487,exact,1.0,10.0,-0.28167401668856396,-15.968888533293965
2026p043837,2026-01-17T05:16:28.191000+00:00,-40.27429962158203,174.79928588867188,20.0112361907959,2.558070733849548,TMVZ,HHZ,151730.29774814265,151.73029774814265,1.0,10.0,3.1622776601683795,1.6394493402963364e-07,2.6120922040854415e-08,6.276383880064251,-15.623735233616937,0.9214864370155496,exact,1.0,10.0,-0.08176722035762422,-15.541968013259313
2026p043837,2026-01-17T05:16:28.191000+00:00,-40.27429962158203,174.79928588867188,20.0112361907959,2.558070733849548,TUVZ,EHZ,135337.1766117576,135.3371766117576,1.0,10.0,3.1622776601683795,7.28357294765887e-07,3.3446166827878965e-08,21.777003580534874,-14.132474119633926,1.97029574161132,exact,1.0,10.0,0.6781836541279606,-14.810657773761887
2026p043837,2026-01-17T05:16:28.191000+00:00,-40.27429962158203,174.79928588867188,20.0112361907959,2.558070733849548,TWVZ,HHZ,145925.97133283186,145.92597133283186,1.0,10.0,3.1622776601683795,7.633694500026723e-08,7.378523137227663e-09,10.345829860601258,-16.38810880876559,0.5802755580898467,exact,1.0,10.0,-0.5442521881111088,-15.843856620654481
2026p043837,2026-01-17T05:16:28.191000+00:00,-40.27429962158203,174.79928588867188,20.0112361907959,2.558070733849548,WHVZ,HHZ,131101.4669942189,131.1014669942189,1.0,10.0,3.1622776601683795,2.3613251193047336e-07,4.743863939287973e-08,4.977640905230421,-15.2588726982672,0.8211193479986806,exact,1.0,10.0,-0.19708681103425454,-15.061785887232945
2026p043837,2026-01-17T05:16:28.191000+00:00,-40.27429962158203,174.79928588867188,20.0112361907959,2.558070733849548,WTVZ,HHZ,146988.18614862705,146.98818614862705,1.0,10.0,3.1622776601683795,2.0991098684681214e-07,1.90705417697094e-08,11.007080416573336,-15.376582268246176,1.0296407025017171,exact,1.0,10.0,0.02920990886272243,-15.405792177108898
2026p043858,2026-01-17T05:28:00.227000+00:00,-40.28242874145508,174.7289276123047,12.0,2.4329435761713145,FWVZ,HHZ,134893.43118436035,134.89343118436034,1.0,10.0,3.1622776601683795,6.010839913932678e-08,1.1236122110584199e-08,5.349567986868521,-16.62711625243553,0.6226707538339719,exact,1.0,10.0,-0.4737373849098134,-16.153378867525717
2026p043858,2026-01-17T05:28:00.227000+00:00,-40.28242874145508,174.7289276123047,12.0,2.4329435761713145,NGZ,HHZ,144480.64253059874,144.48064253059874,1.0,10.0,3.1622776601683795,8.923554981618535e-08,1.767313563958471e-08,5.0492199933278075,-16.23198633621644,1.12652241557642,exact,1.0,10.0,0.11913537911777466,-16.351121715334216
2026p043858,2026-01-17T05:28:00.227000+00:00,-40.28242874145508,174.7289276123047,12.0,2.4329435761713145,NOVZ,EHZ,149568.65176619394,149.56865176619394,1.0,10.0,3.1622776601683795,8.939030144711115e-08,2.1680772061139342e-08,4.123022058210487,-16.230253645583502,1.277398836799036,exact,1.0,10.0,0.24482585154452702,-16.47507949712803
2026p043858,2026-01-17T05:28:00.227000+00:00,-40.28242874145508,174.7289276123047,12.0,2.4329435761713145,NTVZ,HHZ,155093.40994392813,155.09340994392812,1.0,10.0,3.1622776601683795,1.1697951559959258e-07,3.29060947642213e-08,3.5549498181955053,-15.96126699782237,0.9936348993076428,exact,1.0,10.0,-0.006385444317864613,-15.954881553504507
2026p043858,2026-01-17T05:28:00.227000+00:00,-40.28242874145508,174.7289276123047,12.0,2.4329435761713145,OTVZ,HHZ,148555.2532245296,148.5552532245296,1.0,10.0,3.1622776601683795,6.642862162348907e-08,1.6778089065850603e-08,3.9592483603329427,-16.527137824792238,1.0,exact,1.0,10.0,0.0,-16.527137824792238
2026p043858,2026-01-17T05:28:00.227000+00:00,-40.28242874145508,174.7289276123047,12.0,2.4329435761713145,TUVZ,EHZ,138411.26198497918,138.41126198497918,1.0,10.0,3.1622776601683795,4.0472434796387604e-07,3.661276324565098e-08,11.05418744956244,-14.720059623879807,1.97029574161132,exact,1.0,10.0,0.6781836541279606,-15.398243278007769
2026p043858,2026-01-17T05:28:00.227000+00:00,-40.28242874145508,174.7289276123047,12.0,2.4329435761713145,TWVZ,HHZ,148188.61695468432,148.1886169546843,1.0,10.0,3.1622776601683795,3.3239365378373526e-08,8.428377245188474e-09,3.9437443782370987,-17.219530959248114,0.5802755580898467,exact,1.0,10.0,-0.5442521881111088,-16.675278771137005
2026p043858,2026-01-17T05:28:00.227000+00:00,-40.28242874145508,174.7289276123047,12.0,2.4329435761713145,WTVZ,HHZ,149723.5755754048,149.7235755754048,1.0,10.0,3.1622776601683795,9.534742394000823e-08,2.1662612821232756e-08,4.401473853908925,-16.16573852215002,1.0296407025017171,exact,1.0,10.0,0.02920990886272243,-16.19494843101274
2026p044030,2026-01-17T06:59:34.060000+00:00,-39.86074447631836,176.77430725097656,28.147403717041016,2.73377376398259,COVZ,HHZ,132134.17360623513,132.13417360623512,1.0,10.0,3.1622776601683795,2.3020998591865553e-07,2.5872084417338062e-08,8.898006909887066,-15.284273962282997,1.0310666692210522,exact,1.0,10.0,0.030593867562053945,-15.314867829845051
2026p044030,2026-01-17T06:59:34.060000+00:00,-39.86074447631836,176.77430725097656,28.147403717041016,2.73377376398259,ETVZ,HHZ,125356.6903944792,125.3566903944792,1.0,10.0,3.1622776601683795,4.026931058224401e-07,4.6195327506968455e-08,8.717182614663676,-14.725091089120228,0.9471602664391504,exact,1.0,10.0,-0.05428696417065311,-14.670804124949575
2026p044030,2026-01-17T06:59:34.060000+00:00,-39.86074447631836,176.77430725097656,28.147403717041016,2.73377376398259,FWVZ,HHZ,128267.87570723181,128.2678757072318,1.0,10.0,3.1622776601683795,2.0200319881144712e-07,1.2026319578236915e-08,16.796759598588785,-15.414982303970357,0.6226707538339719,exact,1.0,10.0,-0.4737373849098134,-14.941244919060543
2026p044030,2026-01-17T06:59:34.060000+00:00,-39.86074447631836,176.77430725097656,28.147403717041016,2.73377376398259,KRVZ,HHZ,132681.66808798816,132.68166808798816,1.0,10.0,3.1622776601683795,2.8694692410938835e-07,2.908983543917973e-08,9.864164570794136,-15.063968571705848,0.8296358879603257,exact,1.0,10.0,-0.18676836364818022,-14.877200208057667
2026p044030,2026-01-17T06:59:34.060000+00:00,-39.86074447631836,176.77430725097656,28.147403717041016,2.73377376398259,NGZ,HHZ,129764.677566756,129.764677566756,1.0,10.0,3.1622776601683795,3.957448454128084e-07,3.114745358830425e-08,12.705528055154053,-14.7424961631272,1.12652241557642,exact,1.0,10.0,0.11913537911777466,-14.861631542244975
2026p044030,2026-01-17T06:59:34.060000+00:00,-39.86074447631836,176.77430725097656,28.147403717041016,2.73377376398259,NOVZ,EHZ,132447.28017616097,132.44728017616097,1.0,10.0,3.1622776601683795,4.2026793848547664e-07,2.0671553748997084e-08,20.33073776594402,-14.68237338029687,1.277398836799036,exact,1.0,10.0,0.24482585154452702,-14.927199231841398
2026p044030,2026-01-17T06:59:34.060000+00:00,-39.86074447631836,176.77430725097656,28.147403717041016,2.73377376398259,NTVZ,HHZ,130217.45400843781,130.2174540084378,1.0,10.0,3.1622776601683795,5.324955690412249e-07,4.208542873347791e-08,12.652730055655532,-14.445691260446795,0.9936348993076428,exact,1.0,10.0,-0.006385444317864613,-14.43930581612893
2026p044030,2026-01-17T06:59:34.060000+00:00,-39.86074447631836,176.77430725097656,28.147403717041016,2.73377376398259,OTVZ,HHZ,126403.52030893836,126.40352030893835,1.0,10.0,3.1622776601683795,4.0935936730874387e-07,1.585125323878367e-08,25.825047467360736,-14.708672418012759,1.0,exact,1.0,10.0,0.0,-14.708672418012759
2026p044030,2026-01-17T06:59:34.060000+00:00,-39.86074447631836,176.77430725097656,28.147403717041016,2.73377376398259,SNVZ,EHZ,126491.32913851377,126.49132913851378,1.0,10.0,3.1622776601683795,2.07711424842611e-07,1.8011338085987245e-08,11.532259505150797,-15.38711610111296,0.7545196052473487,exact,1.0,10.0,-0.28167401668856396,-15.105442084424396
2026p044030,2026-01-17T06:59:34.060000+00:00,-39.86074447631836,176.77430725097656,28.147403717041016,2.73377376398259,TMVZ,HHZ,127207.87865342147,127.20787865342147,1.0,10.0,3.1622776601683795,4.379150549363641e-07,3.8704087842697e-08,11.314439361448315,-14.64124088387992,0.9214864370155496,exact,1.0,10.0,-0.08176722035762422,-14.559473663522295
2026p044030,2026-01-17T06:59:34.060000+00:00,-39.86074447631836,176.77430725097656,28.147403717041016,2.73377376398259,TUVZ,EHZ,120320.51357862611,120.3205135786261,1.0,10.0,3.1622776601683795,8.582129721922367e-07,3.512015772362727e-08,24.436478302455615,-13.9684135489215,1.97029574161132,exact,1.0,10.0,0.6781836541279606,-14.646597203049462
2026p044030,2026-01-17T06:59:34.060000+00:00,-39.86074447631836,176.77430725097656,28.147403717041016,2.73377376398259,TWVZ,HHZ,147550.11824593705,147.55011824593706,1.0,10.0,3.1622776601683795,6.727322510287324e-08,1.1343544891182277e-08,5.930529278829495,-16.5145035233961,0.5802755580898467,exact,1.0,10.0,-0.5442521881111088,-15.970251335284992
2026p044030,2026-01-17T06:59:34.060000+00:00,-39.86074447631836,176.77430725097656,28.147403717041016,2.73377376398259,WHVZ,HHZ,124162.87499123982,124.16287499123982,1.0,10.0,3.1622776601683795,4.3787852968686824e-07,4.291868654772754e-08,10.20251468320046,-14.641324294514932,0.8211193479986806,exact,1.0,10.0,-0.19708681103425454,-14.444237483480677
2026p044030,2026-01-17T06:59:34.060000+00:00,-39.86074447631836,176.77430725097656,28.147403717041016,2.73377376398259,WTVZ,HHZ,134521.78962670296,134.52178962670297,1.0,10.0,3.1622776601683795,2.201489121368961e-07,1.949221658611783e-08,11.294195873735779,-15.328961646219968,1.0296407025017171,exact,1.0,10.0,0.02920990886272243,-15.35817155508269
2026p046335,2026-01-18T03:27:28.817000+00:00,-40.09962844848633,174.99278259277344,5.0,2.192819838388925,ETVZ,HHZ,123659.15634385412,123.65915634385412,1.0,10.0,3.1622776601683795,2.2622617571290737e-07,5.732222725085742e-08,3.946569883317357,-15.301730560627316,0.9471602664391504,exact,1.0,10.0,-0.05428696417065311,-15.247443596456662
2026p046335,2026-01-18T03:27:28.817000+00:00,-40.09962844848633,174.99278259277344,5.0,2.192819838388925,FWVZ,HHZ,105615.2770135657,105.6152770135657,1.0,10.0,3.1622776601683795,1.9433595155798482e-07,2.3378723238444772e-08,8.31251345832317,-15.453677466500663,0.6226707538339719,exact,1.0,10.0,-0.4737373849098134,-14.979940081590849
2026p046335,2026-01-18T03:27:28.817000+00:00,-40.09962844848633,174.99278259277344,5.0,2.192819838388925,OTVZ,HHZ,119100.63700246625,119.10063700246624,1.0,10.0,3.1622776601683795,1.5916739632595397e-07,2.053244072563188e-08,7.751995900188122,-15.653309381457412,1.0,exact,1.0,10.0,0.0,-15.653309381457412
2026p046335,2026-01-18T03:27:28.817000+00:00,-40.09962844848633,174.99278259277344,5.0,2.192819838388925,SNVZ,EHZ,115834.14210972127,115.83414210972127,1.0,10.0,3.1622776601683795,8.5118344686159e-08,2.3907485152691962e-08,3.5603219720738695,-16.279223258368308,0.7545196052473487,exact,1.0,10.0,-0.28167401668856396,-15.997549241679744
2026p046335,2026-01-18T03:27:28.817000+00:00,-40.09962844848633,174.99278259277344,5.0,2.192819838388925,TMVZ,HHZ,125322.42263059625,125.32242263059625,1.0,10.0,3.1622776601683795,1.6400425431750023e-07,5.451299729589733e-08,3.008534889895758,-15.623373468498306,0.9214864370155496,exact,1.0,10.0,-0.08176722035762422,-15.541606248140681
2026p046335,2026-01-18T03:27:28.817000+00:00,-40.09962844848633,174.99278259277344,5.0,2.192819838388925,TUVZ,EHZ,108594.33022925013,108.59433022925013,1.0,10.0,3.1622776601683795,9.239796975426985e-07,5.245244706246994e-08,17.61556894461482,-13.89457573790251,1.97029574161132,exact,1.0,10.0,0.6781836541279606,-14.572759392030472
2026p046335,2026-01-18T03:27:28.817000+00:00,-40.09962844848633,174.99278259277344,5.0,2.192819838388925,TWVZ,HHZ,120585.29715293006,120.58529715293005,1.0,10.0,3.1622776601683795,9.252221798169311e-08,1.4465300492311608e-08,6.396149048605607,-16.195817026873407,0.5802755580898467,exact,1.0,10.0,-0.5442521881111088,-15.651564838762297
2026p046335,2026-01-18T03:27:28.817000+00:00,-40.09962844848633,174.99278259277344,5.0,2.192819838388925,WHVZ,HHZ,104370.99873903726,104.37099873903726,1.0,10.0,3.1622776601683795,2.1567016041602018e-07,4.0442439811361634e-08,5.332768285543228,-15.349515631479672,0.8211193479986806,exact,1.0,10.0,-0.19708681103425454,-15.152428820445417
2026p051624,2026-01-20T02:26:01.873000+00:00,-39.27138900756836,175.10633850097656,20.55168914794922,3.716577923824578,COVZ,HHZ,44158.019098150966,44.158019098150966,1.0,10.0,3.1622776601683795,1.3815061078842266e-05,3.241674226620484e-08,426.1705561093586,-11.189751178401254,1.0310666692210522,exact,1.0,10.0,0.030593867562053945,-11.220345045963308
2026p051624,2026-01-20T02:26:01.873000+00:00,-39.27138900756836,175.10633850097656,20.55168914794922,3.716577923824578,ETVZ,HHZ,58531.21412550716,58.53121412550716,1.0,10.0,3.1622776601683795,9.24034784730433e-06,2.650501712225674e-08,348.6263677809529,-11.59193102720711,0.9471602664391504,exact,1.0,10.0,-0.05428696417065311,-11.537644063036456
2026p051624,2026-01-20T02:26:01.873000+00:00,-39.27138900756836,175.10633850097656,20.55168914794922,3.716577923824578,FWVZ,HHZ,44716.32606444959,44.71632606444959,1.0,10.0,3.1622776601683795,1.8390879407363792e-05,2.489549319472563e-08,738.7232405285343,-10.903655700623853,0.6226707538339719,exact,1.0,10.0,-0.4737373849098134,-10.429918315714039
2026p051624,2026-01-20T02:26:01.873000+00:00,-39.27138900756836,175.10633850097656,20.55168914794922,3.716577923824578,KRVZ,HHZ,54727.121437263675,54.727121437263676,1.0,10.0,3.1622776601683795,1.019866097422523e-05,5.151780344918332e-08,197.96381622297028,-11.493254123328375,0.8296358879603257,exact,1.0,10.0,-0.18676836364818022,-11.306485759680195
2026p051624,2026-01-20T02:26:01.873000+00:00,-39.27138900756836,175.10633850097656,20.55168914794922,3.716577923824578,NGZ,HHZ,49225.85873400262,49.22585873400262,1.0,10.0,3.1622776601683795,2.4046465257304616e-05,8.6170843592051e-08,279.0557020788274,-10.6355225469626,1.12652241557642,exact,1.0,10.0,0.11913537911777466,-10.754657926080375
2026p051624,2026-01-20T02:26:01.873000+00:00,-39.27138900756836,175.10633850097656,20.55168914794922,3.716577923824578,NOVZ,EHZ,51399.04014328974,51.39904014328974,1.0,10.0,3.1622776601683795,2.1935031603185007e-05,4.508452142296339e-08,486.53131742045287,-10.727425582581919,1.277398836799036,exact,1.0,10.0,0.24482585154452702,-10.972251434126447
2026p051624,2026-01-20T02:26:01.873000+00:00,-39.27138900756836,175.10633850097656,20.55168914794922,3.716577923824578,NTVZ,HHZ,57153.35873950142,57.15335873950142,1.0,10.0,3.1622776601683795,1.4526713577613139e-05,5.570336915311846e-08,260.7869828785731,-11.139521287822376,0.9936348993076428,exact,1.0,10.0,-0.006385444317864613,-11.133135843504512
2026p051624,2026-01-20T02:26:01.873000+00:00,-39.27138900756836,175.10633850097656,20.55168914794922,3.716577923824578,OTVZ,HHZ,54400.05551987953,54.40005551987953,1.0,10.0,3.1622776601683795,1.3559342136456866e-05,1.973279239708307e-08,687.1476607872908,-11.20843479163947,1.0,exact,1.0,10.0,0.0,-11.20843479163947
2026p051624,2026-01-20T02:26:01.873000+00:00,-39.27138900756836,175.10633850097656,20.55168914794922,3.716577923824578,SNVZ,EHZ,52021.82670786231,52.02182670786231,1.0,10.0,3.1622776601683795,8.735567286261874e-06,2.470824638976199e-08,353.5486553137785,-11.64810767243873,0.7545196052473487,exact,1.0,10.0,-0.28167401668856396,-11.366433655750166
2026p051624,2026-01-20T02:26:01.873000+00:00,-39.27138900756836,175.10633850097656,20.55168914794922,3.716577923824578,TMVZ,HHZ,58639.9977636813,58.6399977636813,1.0,10.0,3.1622776601683795,8.409598734622657e-06,3.615265015913044e-08,232.61361746944553,-11.686136798004437,0.9214864370155496,exact,1.0,10.0,-0.08176722035762422,-11.604369577646812
2026p051624,2026-01-20T02:26:01.873000+00:00,-39.27138900756836,175.10633850097656,20.55168914794922,3.716577923824578,TUVZ,EHZ,52143.57424468779,52.14357424468779,1.0,10.0,3.1622776601683795,2.3307853942618202e-05,3.6752393087997426e-08,634.1860212153115,-10.666720175108683,1.97029574161132,exact,1.0,10.0,0.6781836541279606,-11.344903829236644
2026p051624,2026-01-20T02:26:01.873000+00:00,-39.27138900756836,175.10633850097656,20.55168914794922,3.716577923824578,TWVZ,HHZ,42227.438319442204,42.22743831944221,1.0,10.0,3.1622776601683795,1.1715340431010874e-05,2.3842976242530983e-08,491.35394473585507,-11.354611427014792,0.5802755580898467,exact,1.0,10.0,-0.5442521881111088,-10.810359238903683
2026p051624,2026-01-20T02:26:01.873000+00:00,-39.27138900756836,175.10633850097656,20.55168914794922,3.716577923824578,WHVZ,HHZ,47397.30177445118,47.39730177445118,1.0,10.0,3.1622776601683795,1.7096035573877462e-05,4.0948275782205475e-08,417.50318535528504,-10.976663959119138,0.8211193479986806,exact,1.0,10.0,-0.19708681103425454,-10.779577148084883
2026p051624,2026-01-20T02:26:01.873000+00:00,-39.27138900756836,175.10633850097656,20.55168914794922,3.716577923824578,WTVZ,HHZ,50166.16871566656,50.16616871566656,1.0,10.0,3.1622776601683795,1.734916022495104e-05,3.144602130795415e-08,551.7124107704727,-10.961966454762935,1.0296407025017171,exact,1.0,10.0,0.02920990886272243,-10.991176363625657
2026p054230,2026-01-21T01:33:53.723000+00:00,-40.12688064575195,174.95162963867188,5.0,2.386329426148503,COVZ,HHZ,114885.63939252865,114.88563939252866,1.0,10.0,3.1622776601683795,1.665537481731499e-07,4.202677404398478e-08,3.9630390854848034,-15.607947767767698,1.0310666692210522,exact,1.0,10.0,0.030593867562053945,-15.638541635329752
2026p054230,2026-01-21T01:33:53.723000+00:00,-40.12688064575195,174.95162963867188,5.0,2.386329426148503,ETVZ,HHZ,128042.30100849521,128.0423010084952,1.0,10.0,3.1622776601683795,3.5579761877571683e-07,5.2499201494013775e-08,6.777200579256175,-14.84890375432921,0.9471602664391504,exact,1.0,10.0,-0.05428696417065311,-14.794616790158557
2026p054230,2026-01-21T01:33:53.723000+00:00,-40.12688064575195,174.95162963867188,5.0,2.386329426148503,FWVZ,HHZ,109918.50286759676,109.91850286759676,1.0,10.0,3.1622776601683795,2.2918761684880087e-07,2.9374458532867917e-08,7.802275456153731,-15.28872488127567,0.6226707538339719,exact,1.0,10.0,-0.4737373849098134,-14.814987496365855
2026p054230,2026-01-21T01:33:53.723000+00:00,-40.12688064575195,174.95162963867188,5.0,2.386329426148503,NOVZ,EHZ,124819.3643204056,124.8193643204056,1.0,10.0,3.1622776601683795,3.0055813580249537e-07,9.288545717360772e-08,3.235793254919731,-15.017624638113775,1.277398836799036,exact,1.0,10.0,0.24482585154452702,-15.262450489658303
2026p054230,2026-01-21T01:33:53.723000+00:00,-40.12688064575195,174.95162963867188,5.0,2.386329426148503,NTVZ,HHZ,130173.4928398189,130.1734928398189,1.0,10.0,3.1622776601683795,4.6830009709364607e-07,7.878458280006054e-08,5.944057586521689,-14.574156513424786,0.9936348993076428,exact,1.0,10.0,-0.006385444317864613,-14.567771069106922
2026p054230,2026-01-21T01:33:53.723000+00:00,-40.12688064575195,174.95162963867188,5.0,2.386329426148503,OTVZ,HHZ,123459.27688099547,123.45927688099547,1.0,10.0,3.1622776601683795,1.7398021043754495e-07,3.016481695157113e-08,5.767653445962091,-15.56432427731754,1.0,exact,1.0,10.0,0.0,-15.56432427731754
2026p054230,2026-01-21T01:33:53.723000+00:00,-40.12688064575195,174.95162963867188,5.0,2.386329426148503,TUVZ,EHZ,113015.53384987601,113.01553384987601,1.0,10.0,3.1622776601683795,1.2066698771727953e-06,6.700511356477172e-08,18.008623715059386,-13.627646160157806,1.97029574161132,exact,1.0,10.0,0.6781836541279606,-14.305829814285767
2026p054230,2026-01-21T01:33:53.723000+00:00,-40.12688064575195,174.95162963867188,5.0,2.386329426148503,WHVZ,HHZ,108736.38467558072,108.73638467558072,1.0,10.0,3.1622776601683795,4.6106422225605143e-07,8.461229394018698e-08,5.449139844642209,-14.58972849290195,0.8211193479986806,exact,1.0,10.0,-0.19708681103425454,-14.392641681867694
2026p054644,2026-01-21T05:14:44.100000+00:00,-39.43953704833984,175.7234344482422,12.090082168579102,2.394787965967011,COVZ,HHZ,33563.866071485856,33.563866071485855,1.0,10.0,3.1622776601683795,6.425754933961895e-07,5.576391406821437e-08,11.523141876485672,-14.257781527630234,1.0310666692210522,exact,1.0,10.0,0.030593867562053945,-14.288375395192288
2026p054644,2026-01-21T05:14:44.100000+00:00,-39.43953704833984,175.7234344482422,12.090082168579102,2.394787965967011,ETVZ,HHZ,36286.05289812024,36.28605289812024,1.0,10.0,3.1622776601683795,1.7128016291313873e-06,3.4431243572958126e-08,49.74556395275251,-13.277380148520416,0.9471602664391504,exact,1.0,10.0,-0.05428696417065311,-13.223093184349763
2026p054644,2026-01-21T05:14:44.100000+00:00,-39.43953704833984,175.7234344482422,12.090082168579102,2.394787965967011,FWVZ,HHZ,28908.566526720453,28.908566526720453,1.0,10.0,3.1622776601683795,9.432918968728009e-07,7.838164577513784e-08,12.03460181965211,-13.87389006151853,0.6226707538339719,exact,1.0,10.0,-0.4737373849098134,-13.400152676608716
2026p054644,2026-01-21T05:14:44.100000+00:00,-39.43953704833984,175.7234344482422,12.090082168579102,2.394787965967011,KRVZ,HHZ,41170.73290332186,41.17073290332186,1.0,10.0,3.1622776601683795,7.277395079455322e-07,2.038246354569742e-07,3.570419769494215,-14.133322671538268,0.8296358879603257,exact,1.0,10.0,-0.18676836364818022,-13.946554307890088
2026p054644,2026-01-21T05:14:44.100000+00:00,-39.43953704833984,175.7234344482422,12.090082168579102,2.394787965967011,NGZ,HHZ,33960.8084024807,33.9608084024807,1.0,10.0,3.1622776601683795,1.373545950006658e-06,2.41906346943644e-07,5.6780070773696885,-13.498114877288,1.12652241557642,exact,1.0,10.0,0.11913537911777466,-13.617250256405775
2026p054644,2026-01-21T05:14:44.100000+00:00,-39.43953704833984,175.7234344482422,12.090082168579102,2.394787965967011,NOVZ,EHZ,38556.32390227268,38.55632390227268,1.0,10.0,3.1622776601683795,1.5427347465174034e-06,8.665716202285049e-08,17.802737944621384,-13.381953906997223,1.277398836799036,exact,1.0,10.0,0.24482585154452702,-13.626779758541751
2026p054644,2026-01-21T05:14:44.100000+00:00,-39.43953704833984,175.7234344482422,12.090082168579102,2.394787965967011,NTVZ,HHZ,40357.10301505258,40.35710301505258,1.0,10.0,3.1622776601683795,1.746312578179826e-06,6.542146157128484e-08,26.69326756445208,-13.25800409126653,0.9936348993076428,exact,1.0,10.0,-0.006385444317864613,-13.251618646948666
2026p054644,2026-01-21T05:14:44.100000+00:00,-39.43953704833984,175.7234344482422,12.090082168579102,2.394787965967011,OTVZ,HHZ,33941.142328530026,33.94114232853003,1.0,10.0,3.1622776601683795,1.1287753399324377e-06,2.2733608610074502e-08,49.65227295380707,-13.694377282914656,1.0,exact,1.0,10.0,0.0,-13.694377282914656
2026p054644,2026-01-21T05:14:44.100000+00:00,-39.43953704833984,175.7234344482422,12.090082168579102,2.394787965967011,SNVZ,EHZ,32090.330487553634,32.090330487553636,1.0,10.0,3.1622776601683795,8.018593093624527e-07,3.775345692726109e-08,21.239361230082338,-14.036332669203711,0.7545196052473487,exact,1.0,10.0,-0.28167401668856396,-13.754658652515147
2026p054644,2026-01-21T05:14:44.100000+00:00,-39.43953704833984,175.7234344482422,12.090082168579102,2.394787965967011,TMVZ,HHZ,38376.177485142965,38.37617748514297,1.0,10.0,3.1622776601683795,1.2701427287163115e-06,3.084020772428269e-08,41.1846359814314,-13.576381278992482,0.9214864370155496,exact,1.0,10.0,-0.08176722035762422,-13.494614058634857
2026p054644,2026-01-21T05:14:44.100000+00:00,-39.43953704833984,175.7234344482422,12.090082168579102,2.394787965967011,TUVZ,EHZ,24144.311499177336,24.144311499177338,1.0,10.0,3.1622776601683795,6.8830265009913004e-06,8.425913944991284e-08,81.68878231996257,-11.88645210434606,1.97029574161132,exact,1.0,10.0,0.6781836541279606,-12.56463575847402
2026p054644,2026-01-21T05:14:44.100000+00:00,-39.43953704833984,175.7234344482422,12.090082168579102,2.394787965967011,TWVZ,HHZ,49555.15115588679,49.55515115588679,1.0,10.0,3.1622776601683795,2.5270869312523775e-07,5.2079699695714714e-08,4.852345435970927,-15.191028422173492,0.5802755580898467,exact,1.0,10.0,-0.5442521881111088,-14.646776234062383
2026p054644,2026-01-21T05:14:44.100000+00:00,-39.43953704833984,175.7234344482422,12.090082168579102,2.394787965967011,WHVZ,HHZ,25308.209156657245,25.308209156657245,1.0,10.0,3.1622776601683795,2.2790064460907918e-06,1.0487391154462805e-07,21.730918705373007,-12.991770979231365,0.8211193479986806,exact,1.0,10.0,-0.19708681103425454,-12.79468416819711
2026p054644,2026-01-21T05:14:44.100000+00:00,-39.43953704833984,175.7234344482422,12.090082168579102,2.394787965967011,WTVZ,HHZ,40069.882289104324,40.06988228910432,1.0,10.0,3.1622776601683795,1.697010932649665e-06,3.078767655281686e-07,5.511981164731316,-13.286642129393712,1.0296407025017171,exact,1.0,10.0,0.02920990886272243,-13.315852038256434
2026p056085,2026-01-21T18:02:28.663000+00:00,-39.12393951416016,175.12725830078125,5.0,2.062131919106718,COVZ,HHZ,37356.49544423445,37.356495444234454,1.0,10.0,3.1622776601683795,2.0860898599544875e-07,2.6964738918270433e-08,7.736362166447756,-15.382804217668777,1.0310666692210522,exact,1.0,10.0,0.030593867562053945,-15.413398085230831
2026p056085,2026-01-21T18:02:28.663000+00:00,-39.12393951416016,175.12725830078125,5.0,2.062131919106718,FWVZ,HHZ,40171.33052687134,40.17133052687134,1.0,10.0,3.1622776601683795,5.759136442469652e-07,2.6566072779848518e-08,21.678538977873306,-14.367308110672475,0.6226707538339719,exact,1.0,10.0,-0.4737373849098134,-13.893570725762661
2026p056085,2026-01-21T18:02:28.663000+00:00,-39.12393951416016,175.12725830078125,5.0,2.062131919106718,KRVZ,HHZ,45003.21267650909,45.00321267650909,1.0,10.0,3.1622776601683795,2.9266903404184547e-07,3.3817259715784495e-08,8.654427842514977,-15.044223443030871,0.8296358879603257,exact,1.0,10.0,-0.18676836364818022,-14.85745507938269
2026p056085,2026-01-21T18:02:28.663000+00:00,-39.12393951416016,175.12725830078125,5.0,2.062131919106718,NGZ,HHZ,41866.179888427214,41.86617988842721,1.0,10.0,3.1622776601683795,3.5693239910488536e-07,1.9211521149841716e-08,18.579080559054333,-14.84571943134693,1.12652241557642,exact,1.0,10.0,0.11913537911777466,-14.964854810464706
2026p056085,2026-01-21T18:02:28.663000+00:00,-39.12393951416016,175.12725830078125,5.0,2.062131919106718,NOVZ,EHZ,42300.7534751086,42.3007534751086,1.0,10.0,3.1622776601683795,4.4897911498733946e-07,2.3691920719413166e-08,18.950726718389102,-14.616289464790801,1.277398836799036,exact,1.0,10.0,0.24482585154452702,-14.86111531633533
2026p056085,2026-01-21T18:02:28.663000+00:00,-39.12393951416016,175.12725830078125,5.0,2.062131919106718,NTVZ,HHZ,47953.07503896756,47.95307503896756,1.0,10.0,3.1622776601683795,3.822899642180563e-07,3.1964507301687944e-08,11.95982658546621,-14.77708644765307,0.9936348993076428,exact,1.0,10.0,-0.006385444317864613,-14.770701003335207
2026p056085,2026-01-21T18:02:28.663000+00:00,-39.12393951416016,175.12725830078125,5.0,2.062131919106718,OTVZ,HHZ,47148.65600210454,47.14865600210454,1.0,10.0,3.1622776601683795,1.5816794484131243e-07,1.9016951897047574e-08,8.317208020380404,-15.659608426408704,1.0,exact,1.0,10.0,0.0,-15.659608426408704
2026p056085,2026-01-21T18:02:28.663000+00:00,-39.12393951416016,175.12725830078125,5.0,2.062131919106718,SNVZ,EHZ,45367.69543609251,45.36769543609251,1.0,10.0,3.1622776601683795,1.5569590303927712e-07,2.1985490459870756e-08,7.081757094455667,-15.675361071623644,0.7545196052473487,exact,1.0,10.0,-0.28167401668856396,-15.39368705493508
2026p056085,2026-01-21T18:02:28.663000+00:00,-39.12393951416016,175.12725830078125,5.0,2.062131919106718,TUVZ,EHZ,48661.834668744654,48.66183466874465,1.0,10.0,3.1622776601683795,4.350209633991543e-07,7.41923841911204e-08,5.863418033292144,-14.647871615296717,1.97029574161132,exact,1.0,10.0,0.6781836541279606,-15.326055269424678
2026p056085,2026-01-21T18:02:28.663000+00:00,-39.12393951416016,175.12725830078125,5.0,2.062131919106718,TWVZ,HHZ,28158.782136358765,28.158782136358763,1.0,10.0,3.1622776601683795,1.9612405359407137e-07,2.4850893129091928e-08,7.892032393977701,-15.444518451429031,0.5802755580898467,exact,1.0,10.0,-0.5442521881111088,-14.900266263317922
2026p056085,2026-01-21T18:02:28.663000+00:00,-39.12393951416016,175.12725830078125,5.0,2.062131919106718,WTVZ,HHZ,40478.56646812128,40.47856646812128,1.0,10.0,3.1622776601683795,2.9680757418553104e-07,5.640733700847549e-08,5.261861132372446,-15.030181806485773,1.0296407025017171,exact,1.0,10.0,0.02920990886272243,-15.059391715348495
2026p057856,2026-01-22T09:45:49.922000+00:00,-39.87617492675781,176.7020721435547,33.37386703491211,2.942701307759693,COVZ,HHZ,129490.99782386799,129.49099782386799,1.0,10.0,3.1622776601683795,2.655309021813196e-07,2.4095152802179546e-08,11.020096214426196,-15.141534610640804,1.0310666692210522,exact,1.0,10.0,0.030593867562053945,-15.172128478202858
2026p057856,2026-01-22T09:45:49.922000+00:00,-39.87617492675781,176.7020721435547,33.37386703491211,2.942701307759693,ETVZ,HHZ,123400.12935921682,123.40012935921682,1.0,10.0,3.1622776601683795,5.303309450373507e-07,3.288224417745083e-08,16.12818584325908,-14.44976460067339,0.9471602664391504,exact,1.0,10.0,-0.05428696417065311,-14.395477636502736
2026p057856,2026-01-22T09:45:49.922000+00:00,-39.87617492675781,176.7020721435547,33.37386703491211,2.942701307759693,KRVZ,HHZ,130606.34268000867,130.60634268000868,1.0,10.0,3.1622776601683795,2.7542549697816825e-07,2.6543141643530767e-08,10.376522141842859,-15.104948673317196,0.8296358879603257,exact,1.0,10.0,-0.18676836364818022,-14.918180309669015
2026p057856,2026-01-22T09:45:49.922000+00:00,-39.87617492675781,176.7020721435547,33.37386703491211,2.942701307759693,NGZ,HHZ,127368.00679641947,127.36800679641948,1.0,10.0,3.1622776601683795,4.846210322694372e-07,2.708821606276031e-08,17.890474261820177,-14.539898628206915,1.12652241557642,exact,1.0,10.0,0.11913537911777466,-14.65903400732469
2026p057856,2026-01-22T09:45:49.922000+00:00,-39.87617492675781,176.7020721435547,33.37386703491211,2.942701307759693,NOVZ,EHZ,130208.55605132353,130.2085560513235,1.0,10.0,3.1622776601683795,5.082158855425725e-07,2.3660214987679986e-08,21.479766173181588,-14.492359508102261,1.277398836799036,exact,1.0,10.0,0.24482585154452702,-14.737185359646789
2026p057856,2026-01-22T09:45:49.922000+00:00,-39.87617492675781,176.7020721435547,33.37386703491211,2.942701307759693,NTVZ,HHZ,128244.14999413241,128.2441499941324,1.0,10.0,3.1622776601683795,4.790476621287147e-07,6.178057315784183e-08,7.75401777035649,-14.55146574108539,0.9936348993076428,exact,1.0,10.0,-0.006385444317864613,-14.545080296767527
2026p057856,2026-01-22T09:45:49.922000+00:00,-39.87617492675781,176.7020721435547,33.37386703491211,2.942701307759693,SNVZ,EHZ,124191.30904503487,124.19130904503487,1.0,10.0,3.1622776601683795,3.3562632459108797e-07,8.50643614234437e-08,3.945557445854046,-14.907267425050957,0.7545196052473487,exact,1.0,10.0,-0.28167401668856396,-14.625593408362393
2026p057856,2026-01-22T09:45:49.922000+00:00,-39.87617492675781,176.7020721435547,33.37386703491211,2.942701307759693,TMVZ,HHZ,125280.00522575878,125.28000522575879,1.0,10.0,3.1622776601683795,4.212411021634974e-07,4.1563811671641676e-08,10.134804418116047,-14.680060477963462,0.9214864370155496,exact,1.0,10.0,-0.08176722035762422,-14.598293257605837
2026p057856,2026-01-22T09:45:49.922000+00:00,-39.87617492675781,176.7020721435547,33.37386703491211,2.942701307759693,TUVZ,EHZ,117830.24641547023,117.83024641547023,1.0,10.0,3.1622776601683795,1.1044161003430078e-06,6.463092850258727e-08,17.088043231481603,-13.716193778634661,1.97029574161132,exact,1.0,10.0,0.6781836541279606,-14.394377432762623
2026p057856,2026-01-22T09:45:49.922000+00:00,-39.87617492675781,176.7020721435547,33.37386703491211,2.942701307759693,TWVZ,HHZ,144960.0902964013,144.9600902964013,1.0,10.0,3.1622776601683795,1.0654711925561251e-07,1.6396340183100646e-08,6.498225705601566,-16.05467851531714,0.5802755580898467,exact,1.0,10.0,-0.5442521881111088,-15.51042632720603
2026p057856,2026-01-22T09:45:49.922000+00:00,-39.87617492675781,176.7020721435547,33.37386703491211,2.942701307759693,WHVZ,HHZ,121468.95411251656,121.46895411251656,1.0,10.0,3.1622776601683795,5.570651552280048e-07,8.290329595348783e-08,6.719457276349318,-14.400583628585506,0.8211193479986806,exact,1.0,10.0,-0.19708681103425454,-14.203496817551251
2026p057856,2026-01-22T09:45:49.922000+00:00,-39.87617492675781,176.7020721435547,33.37386703491211,2.942701307759693,WTVZ,HHZ,132237.14066228035,132.23714066228035,1.0,10.0,3.1622776601683795,2.839483274635163e-07,2.0835088847496234e-08,13.628371327902379,-15.074473560890304,1.0296407025017171,exact,1.0,10.0,0.02920990886272243,-15.103683469753026
2026p061316,2026-01-23T16:29:34.420000+00:00,-39.48920822143555,175.71324157714844,10.502503395080566,2.180785892988142,COVZ,HHZ,37202.77847428952,37.20277847428952,1.0,10.0,3.1622776601683795,3.063822315174959e-07,3.058181488038005e-08,10.018445037219074,-14.998432391892413,1.0310666692210522,exact,1.0,10.0,0.030593867562053945,-15.029026259454467
2026p061316,2026-01-23T16:29:34.420000+00:00,-39.48920822143555,175.71324157714844,10.502503395080566,2.180785892988142,ETVZ,HHZ,40965.485911203636,40.965485911203636,1.0,10.0,3.1622776601683795,9.80812762155742e-07,4.7042961367136886e-08,20.8492988887582,-13.834884259863248,0.9471602664391504,exact,1.0,10.0,-0.05428696417065311,-13.780597295692594
2026p061316,2026-01-23T16:29:34.420000+00:00,-39.48920822143555,175.71324157714844,10.502503395080566,2.180785892988142,FWVZ,HHZ,32009.515504417337,32.00951550441734,1.0,10.0,3.1622776601683795,4.1922667088144723e-07,1.1600695240068535e-07,3.613806433199348,-14.684854082677559,0.6226707538339719,exact,1.0,10.0,-0.4737373849098134,-14.211116697767745
2026p061316,2026-01-23T16:29:34.420000+00:00,-39.48920822143555,175.71324157714844,10.502503395080566,2.180785892988142,KRVZ,HHZ,45788.30613077921,45.78830613077921,1.0,10.0,3.1622776601683795,4.6463470020458064e-07,3.5017325698053884e-08,13.26870887317369,-14.582014331055229,0.8296358879603257,exact,1.0,10.0,-0.18676836364818022,-14.395245967407048
2026p061316,2026-01-23T16:29:34.420000+00:00,-39.48920822143555,175.71324157714844,10.502503395080566,2.180785892988142,NGZ,HHZ,38061.09904143875,38.06109904143875,1.0,10.0,3.1622776601683795,6.056639698272324e-07,1.154196659843586e-07,5.2474936975585305,-14.316940509907571,1.12652241557642,exact,1.0,10.0,0.11913537911777466,-14.436075889025346
2026p061316,2026-01-23T16:29:34.420000+00:00,-39.48920822143555,175.71324157714844,10.502503395080566,2.180785892988142,NOVZ,EHZ,42934.51421087616,42.93451421087616,1.0,10.0,3.1622776601683795,1.2225121187895891e-06,3.1859293173469706e-08,38.37222979597098,-13.6146027025262,1.277398836799036,exact,1.0,10.0,0.24482585154452702,-13.859428554070728
2026p061316,2026-01-23T16:29:34.420000+00:00,-39.48920822143555,175.71324157714844,10.502503395080566,2.180785892988142,NTVZ,HHZ,45060.18762467911,45.06018762467911,1.0,10.0,3.1622776601683795,1.1696300174244128e-06,1.1441247500455754e-07,10.222923832194185,-13.658823083587674,0.9936348993076428,exact,1.0,10.0,-0.006385444317864613,-13.65243763926981
2026p061316,2026-01-23T16:29:34.420000+00:00,-39.48920822143555,175.71324157714844,10.502503395080566,2.180785892988142,OTVZ,HHZ,38368.64487485061,38.36864487485061,1.0,10.0,3.1622776601683795,9.83443513604194e-07,3.148012298402272e-08,31.240142044658676,-13.832205634824454,1.0,exact,1.0,10.0,0.0,-13.832205634824454
2026p061316,2026-01-23T16:29:34.420000+00:00,-39.48920822143555,175.71324157714844,10.502503395080566,2.180785892988142,TMVZ,HHZ,43103.890671686735,43.103890671686734,1.0,10.0,3.1622776601683795,9.895911419012727e-07,3.711024614781872e-08,26.666251093013543,-13.82597396709931,0.9214864370155496,exact,1.0,10.0,-0.08176722035762422,-13.744206746741686
2026p061316,2026-01-23T16:29:34.420000+00:00,-39.48920822143555,175.71324157714844,10.502503395080566,2.180785892988142,TUVZ,EHZ,27813.80154049555,27.81380154049555,1.0,10.0,3.1622776601683795,4.48130626962454e-06,3.251190155634084e-07,13.783587102276227,-12.315595975996803,1.97029574161132,exact,1.0,10.0,0.6781836541279606,-12.993779630124765
2026p061316,2026-01-23T16:29:34.420000+00:00,-39.48920822143555,175.71324157714844,10.502503395080566,2.180785892988142,TWVZ,HHZ,53432.817709656185,53.432817709656184,1.0,10.0,3.1622776601683795,1.0301812123392832e-07,2.7629761283889928e-08,3.7285201336138596,-16.088360929881418,0.5802755580898467,exact,1.0,10.0,-0.5442521881111088,-15.544108741770309
2026p061316,2026-01-23T16:29:34.420000+00:00,-39.48920822143555,175.71324157714844,10.502503395080566,2.180785892988142,WHVZ,HHZ,28300.764041520448,28.30076404152045,1.0,10.0,3.1622776601683795,1.0184176563115448e-06,6.159552791554997e-08,16.533954505720576,-13.797260452548374,0.8211193479986806,exact,1.0,10.0,-0.19708681103425454,-13.600173641514118
2026p061316,2026-01-23T16:29:34.420000+00:00,-39.48920822143555,175.71324157714844,10.502503395080566,2.180785892988142,WTVZ,HHZ,44428.05985161707,44.42805985161707,1.0,10.0,3.1622776601683795,9.255246607527353e-07,3.171463779941753e-08,29.182886041654037,-13.8929050594178,1.0296407025017171,exact,1.0,10.0,0.02920990886272243,-13.922114968280521
2026p063891,2026-01-24T15:21:19.327000+00:00,-40.26063919067383,175.1553192138672,16.070587158203125,2.241979726283397,COVZ,HHZ,123557.27458791039,123.55727458791038,1.0,10.0,3.1622776601683795,1.1463523792938148e-07,3.084441855088596e-08,3.7165634275212738,-15.981510593635218,1.0310666692210522,exact,1.0,10.0,0.030593867562053945,-16.01210446119727
2026p063891,2026-01-24T15:21:19.327000+00:00,-40.26063919067383,175.1553192138672,16.070587158203125,2.241979726283397,ETVZ,HHZ,134787.52544296198,134.787525442962,1.0,10.0,3.1622776601683795,2.0769840507062865e-07,3.248311183777064e-08,6.39404272927822,-15.387178785098987,0.9471602664391504,exact,1.0,10.0,-0.05428696417065311,-15.332891820928333
2026p063891,2026-01-24T15:21:19.327000+00:00,-40.26063919067383,175.1553192138672,16.070587158203125,2.241979726283397,FWVZ,HHZ,118142.10823773054,118.14210823773054,1.0,10.0,3.1622776601683795,2.680987435331952e-07,8.018943376771547e-08,3.3433175785951565,-15.131910478275737,0.6226707538339719,exact,1.0,10.0,-0.4737373849098134,-14.658173093365923
2026p063891,2026-01-24T15:21:19.327000+00:00,-40.26063919067383,175.1553192138672,16.070587158203125,2.241979726283397,KRVZ,HHZ,137118.161795029,137.118161795029,1.0,10.0,3.1622776601683795,1.6164465608876554e-07,3.070602886084358e-08,5.264264448565516,-15.637865391850548,0.8296358879603257,exact,1.0,10.0,-0.18676836364818022,-15.451097028202367
2026p063891,2026-01-24T15:21:19.327000+00:00,-40.26063919067383,175.1553192138672,16.070587158203125,2.241979726283397,NOVZ,EHZ,133002.56787377453,133.00256787377452,1.0,10.0,3.1622776601683795,2.141192683914414e-07,3.305771174522424e-08,6.477135200453632,-15.356732648242678,1.277398836799036,exact,1.0,10.0,0.24482585154452702,-15.601558499787206
2026p063891,2026-01-24T15:21:19.327000+00:00,-40.26063919067383,175.1553192138672,16.070587158203125,2.241979726283397,NTVZ,HHZ,137639.94348646168,137.63994348646168,1.0,10.0,3.1622776601683795,2.536575153627265e-07,3.6028837962712735e-08,7.040402347287577,-15.187280844503226,0.9936348993076428,exact,1.0,10.0,-0.006385444317864613,-15.180895400185362
2026p063891,2026-01-24T15:21:19.327000+00:00,-40.26063919067383,175.1553192138672,16.070587158203125,2.241979726283397,OTVZ,HHZ,130647.27324694526,130.64727324694525,1.0,10.0,3.1622776601683795,1.6401869727003026e-07,3.0428133687784876e-08,5.3903633707207685,-15.623285407876514,1.0,exact,1.0,10.0,0.0,-15.623285407876514
2026p063891,2026-01-24T15:21:19.327000+00:00,-40.26063919067383,175.1553192138672,16.070587158203125,2.241979726283397,TMVZ,HHZ,136660.56075609755,136.66056075609754,1.0,10.0,3.1622776601683795,1.5557214096826066e-07,3.9843528061896116e-08,3.904577444210826,-15.676156283852595,0.9214864370155496,exact,1.0,10.0,-0.08176722035762422,-15.59438906349497
2026p063891,2026-01-24T15:21:19.327000+00:00,-40.26063919067383,175.1553192138672,16.070587158203125,2.241979726283397,TUVZ,EHZ,119534.50650964165,119.53450650964164,1.0,10.0,3.1622776601683795,7.741733729327195e-07,6.871173210449023e-08,11.266975074291981,-14.071469992402946,1.97029574161132,exact,1.0,10.0,0.6781836541279606,-14.749653646530907
2026p063891,2026-01-24T15:21:19.327000+00:00,-40.26063919067383,175.1553192138672,16.070587158203125,2.241979726283397,TWVZ,HHZ,135379.0597633303,135.3790597633303,1.0,10.0,3.1622776601683795,8.426574527418226e-08,1.2985883654243691e-08,6.489026662936784,-16.289290397647854,0.5802755580898467,exact,1.0,10.0,-0.5442521881111088,-15.745038209536744
2026p063891,2026-01-24T15:21:19.327000+00:00,-40.26063919067383,175.1553192138672,16.070587158203125,2.241979726283397,WHVZ,HHZ,116202.18274045075,116.20218274045075,1.0,10.0,3.1622776601683795,3.230824289928002e-07,6.280511409556816e-08,5.144205748932769,-14.94535834816113,0.8211193479986806,exact,1.0,10.0,-0.19708681103425454,-14.748271537126875
2026p063891,2026-01-24T15:21:19.327000+00:00,-40.26063919067383,175.1553192138672,16.070587158203125,2.241979726283397,WTVZ,HHZ,133635.43693169023,133.63543693169024,1.0,10.0,3.1622776601683795,2.0247468443629503e-07,3.378273911862535e-08,5.993435988873537,-15.412650973344267,1.0296407025017171,exact,1.0,10.0,0.02920990886272243,-15.441860882206988
2026p064519,2026-01-24T20:55:54.582000+00:00,-39.85927963256836,175.40122985839844,12.0,3.2952506820748715,COVZ,HHZ,75356.55716596614,75.35655716596614,1.0,10.0,3.1622776601683795,3.393455739876e-06,4.9366084518578684e-08,68.74062978599993,-12.5936617635056,1.0310666692210522,exact,1.0,10.0,0.030593867562053945,-12.624255631067653
2026p064519,2026-01-24T20:55:54.582000+00:00,-39.85927963256836,175.40122985839844,12.0,3.2952506820748715,ETVZ,HHZ,85656.78627349169,85.65678627349169,1.0,10.0,3.1622776601683795,7.573918661901727e-06,3.7654989392292326e-08,201.139843195708,-11.790799967662783,0.9471602664391504,exact,1.0,10.0,-0.05428696417065311,-11.73651300349213
2026p064519,2026-01-24T20:55:54.582000+00:00,-39.85927963256836,175.40122985839844,12.0,3.2952506820748715,FWVZ,HHZ,69779.80813783698,69.77980813783698,1.0,10.0,3.1622776601683795,4.4625760838452466e-06,8.907871865661225e-08,50.09699455880075,-12.319784361402684,0.6226707538339719,exact,1.0,10.0,-0.4737373849098134,-11.84604697649287
2026p064519,2026-01-24T20:55:54.582000+00:00,-39.85927963256836,175.40122985839844,12.0,3.2952506820748715,KRVZ,HHZ,88382.25346932019,88.38225346932019,1.0,10.0,3.1622776601683795,4.587758661930941e-06,3.5970002063397496e-08,127.54401998212204,-12.292118962100968,0.8296358879603257,exact,1.0,10.0,-0.18676836364818022,-12.105350598452787
2026p064519,2026-01-24T20:55:54.582000+00:00,-39.85927963256836,175.40122985839844,12.0,3.2952506820748715,NGZ,HHZ,78984.31264176857,78.98431264176857,1.0,10.0,3.1622776601683795,4.554914176130204e-06,6.126584573281624e-08,74.34671180406842,-12.299303869113679,1.12652241557642,exact,1.0,10.0,0.11913537911777466,-12.418439248231454
2026p064519,2026-01-24T20:55:54.582000+00:00,-39.85927963256836,175.40122985839844,12.0,3.2952506820748715,NOVZ,EHZ,84410.88024270108,84.41088024270108,1.0,10.0,3.1622776601683795,4.968931922083139e-06,4.056009573496852e-08,122.50789432430308,-12.21230564596458,1.277398836799036,exact,1.0,10.0,0.24482585154452702,-12.457131497509108
2026p064519,2026-01-24T20:55:54.582000+00:00,-39.85927963256836,175.40122985839844,12.0,3.2952506820748715,NTVZ,HHZ,88709.19458657337,88.70919458657337,1.0,10.0,3.1622776601683795,8.015604300063039e-06,9.629276854593298e-08,83.24201724701149,-11.734120378604787,0.9936348993076428,exact,1.0,10.0,-0.006385444317864613,-11.727734934286923
2026p064519,2026-01-24T20:55:54.582000+00:00,-39.85927963256836,175.40122985839844,12.0,3.2952506820748715,OTVZ,HHZ,81678.03691845332,81.67803691845332,1.0,10.0,3.1622776601683795,4.904138475565186e-06,2.6048617202626842e-08,188.26866844473548,-12.225431122460433,1.0,exact,1.0,10.0,0.0,-12.225431122460433
2026p064519,2026-01-24T20:55:54.582000+00:00,-39.85927963256836,175.40122985839844,12.0,3.2952506820748715,SNVZ,EHZ,78687.49076520234,78.68749076520234,1.0,10.0,3.1622776601683795,3.2591613998671376e-06,3.0739297575778796e-07,10.602589053418098,-12.634040634981922,0.7545196052473487,exact,1.0,10.0,-0.28167401668856396,-12.352366618293358
2026p064519,2026-01-24T20:55:54.582000+00:00,-39.85927963256836,175.40122985839844,12.0,3.2952506820748715,TMVZ,HHZ,87578.81852521989,87.57881852521989,1.0,10.0,3.1622776601683795,5.982600730320388e-06,3.941804291576255e-08,151.77315482418476,-12.026655179809538,0.9214864370155496,exact,1.0,10.0,-0.08176722035762422,-11.944887959451913
2026p064519,2026-01-24T20:55:54.582000+00:00,-39.85927963256836,175.40122985839844,12.0,3.2952506820748715,TUVZ,EHZ,70480.63875259757,70.48063875259757,1.0,10.0,3.1622776601683795,3.686137257359132e-05,1.545322785696325e-07,238.53510033492148,-10.208346368933764,1.97029574161132,exact,1.0,10.0,0.6781836541279606,-10.886530023061725
2026p064519,2026-01-24T20:55:54.582000+00:00,-39.85927963256836,175.40122985839844,12.0,3.2952506820748715,TWVZ,HHZ,88546.45967850882,88.54645967850882,1.0,10.0,3.1622776601683795,1.653958378993218e-06,1.5427908431666245e-08,107.20561288777284,-13.312339125528714,0.5802755580898467,exact,1.0,10.0,-0.5442521881111088,-12.768086937417605
2026p064519,2026-01-24T20:55:54.582000+00:00,-39.85927963256836,175.40122985839844,12.0,3.2952506820748715,WHVZ,HHZ,67520.2823208179,67.5202823208179,1.0,10.0,3.1622776601683795,1.2276582774647854e-05,7.476283752586983e-08,164.20702023782667,-11.307816949651281,0.8211193479986806,exact,1.0,10.0,-0.19708681103425454,-11.110730138617026
2026p064519,2026-01-24T20:55:54.582000+00:00,-39.85927963256836,175.40122985839844,12.0,3.2952506820748715,WTVZ,HHZ,85207.92624459376,85.20792624459376,1.0,10.0,3.1622776601683795,6.1286726084668134e-06,5.5814011906587833e-08,109.80526930628032,-12.002532371681857,1.0296407025017171,exact,1.0,10.0,0.02920990886272243,-12.031742280544579
2026p070137,2026-01-26T22:49:15.106000+00:00,-39.64051818847656,176.22525024414062,23.18820381164551,2.605867556961402,COVZ,HHZ,80267.82880347136,80.26782880347136,1.0,10.0,3.1622776601683795,3.0712145294986337e-07,3.6667914039232283e-08,8.375754688997672,-14.996022555378554,1.0310666692210522,exact,1.0,10.0,0.030593867562053945,-15.026616422940608
2026p070137,2026-01-26T22:49:15.106000+00:00,-39.64051818847656,176.22525024414062,23.18820381164551,2.605867556961402,ETVZ,HHZ,75521.70438467637,75.52170438467637,1.0,10.0,3.1622776601683795,5.125328089201818e-07,2.3292600223492532e-08,22.004104479638546,-14.483901110577643,0.9471602664391504,exact,1.0,10.0,-0.05428696417065311,-14.429614146406989
2026p070137,2026-01-26T22:49:15.106000+00:00,-39.64051818847656,176.22525024414062,23.18820381164551,2.605867556961402,FWVZ,HHZ,76275.85275329737,76.27585275329737,1.0,10.0,3.1622776601683795,3.066807021200133e-07,1.2234754798779114e-08,25.06635459098996,-14.997458688836096,0.6226707538339719,exact,1.0,10.0,-0.4737373849098134,-14.523721303926282
2026p070137,2026-01-26T22:49:15.106000+00:00,-39.64051818847656,176.22525024414062,23.18820381164551,2.605867556961402,KRVZ,HHZ,82485.62760633657,82.48562760633656,1.0,10.0,3.1622776601683795,2.7529490032876653e-07,2.42269693698207e-08,11.363158805644867,-15.105422949020397,0.8296358879603257,exact,1.0,10.0,-0.18676836364818022,-14.918654585372217
2026p070137,2026-01-26T22:49:15.106000+00:00,-39.64051818847656,176.22525024414062,23.18820381164551,2.605867556961402,NGZ,HHZ,78489.38408736858,78.48938408736858,1.0,10.0,3.1622776601683795,5.525218405701815e-07,1.4301011731396082e-08,38.63515749429035,-14.408772873892044,1.12652241557642,exact,1.0,10.0,0.11913537911777466,-14.52790825300982
2026p070137,2026-01-26T22:49:15.106000+00:00,-39.64051818847656,176.22525024414062,23.18820381164551,2.605867556961402,NOVZ,EHZ,81663.47121167023,81.66347121167023,1.0,10.0,3.1622776601683795,4.774438045715779e-07,1.5638437287396583e-08,30.53014798072964,-14.55481937071235,1.277398836799036,exact,1.0,10.0,0.24482585154452702,-14.799645222256878
2026p070137,2026-01-26T22:49:15.106000+00:00,-39.64051818847656,176.22525024414062,23.18820381164551,2.605867556961402,NTVZ,HHZ,80371.22376361459,80.3712237636146,1.0,10.0,3.1622776601683795,5.222582743049677e-07,4.892325787217491e-08,10.675051029297906,-14.46510359306422,0.9936348993076428,exact,1.0,10.0,-0.006385444317864613,-14.458718148746355
2026p070137,2026-01-26T22:49:15.106000+00:00,-39.64051818847656,176.22525024414062,23.18820381164551,2.605867556961402,OTVZ,HHZ,75810.10686810069,75.81010686810069,1.0,10.0,3.1622776601683795,4.756046304966703e-07,1.363113856329128e-08,34.891042174384154,-14.558678936061389,1.0,exact,1.0,10.0,0.0,-14.558678936061389
2026p070137,2026-01-26T22:49:15.106000+00:00,-39.64051818847656,176.22525024414062,23.18820381164551,2.605867556961402,SNVZ,EHZ,75471.46717214532,75.47146717214532,1.0,10.0,3.1622776601683795,3.343421676936798e-07,1.6178139075733966e-08,20.66629333129969,-14.911100914192078,0.7545196052473487,exact,1.0,10.0,-0.28167401668856396,-14.629426897503514
2026p070137,2026-01-26T22:49:15.106000+00:00,-39.64051818847656,176.22525024414062,23.18820381164551,2.605867556961402,TMVZ,HHZ,77508.53785198988,77.50853785198989,1.0,10.0,3.1622776601683795,4.086994925870206e-07,3.13039364342325e-08,13.055849811274413,-14.710285687906138,0.9214864370155496,exact,1.0,10.0,-0.08176722035762422,-14.628518467548513
2026p070137,2026-01-26T22:49:15.106000+00:00,-39.64051818847656,176.22525024414062,23.18820381164551,2.605867556961402,TUVZ,EHZ,68821.96148224115,68.82196148224115,1.0,10.0,3.1622776601683795,1.6722185115328485e-06,3.194916302568348e-08,52.3399786776441,-13.301359363124972,1.97029574161132,exact,1.0,10.0,0.6781836541279606,-13.979543017252933
2026p070137,2026-01-26T22:49:15.106000+00:00,-39.64051818847656,176.22525024414062,23.18820381164551,2.605867556961402,WHVZ,HHZ,72261.1981114672,72.2611981114672,1.0,10.0,3.1622776601683795,6.007401482016834e-07,4.093315895914538e-08,14.676124772125965,-14.325103361629205,0.8211193479986806,exact,1.0,10.0,-0.19708681103425454,-14.12801655059495
2026p070137,2026-01-26T22:49:15.106000+00:00,-39.64051818847656,176.22525024414062,23.18820381164551,2.605867556961402,WTVZ,HHZ,83628.37968019406,83.62837968019406,1.0,10.0,3.1622776601683795,2.914349804114677e-07,1.883586986517979e-08,15.47233987585664,-15.048448907797297,1.0296407025017171,exact,1.0,10.0,0.02920990886272243,-15.07765881666002
2026p073186,2026-01-28T01:53:40.157000+00:00,-38.55306625366211,175.97666931152344,5.0,2.415699057916064,ETVZ,HHZ,68962.99359470782,68.96299359470783,1.0,10.0,3.1622776601683795,1.2770651216767485e-07,3.6809594445819996e-08,3.469381124414341,-15.87353107937672,0.9471602664391504,exact,1.0,10.0,-0.05428696417065311,-15.819244115206066
2026p073186,2026-01-28T01:53:40.157000+00:00,-38.55306625366211,175.97666931152344,5.0,2.415699057916064,FWVZ,HHZ,86438.98108933146,86.43898108933146,1.0,10.0,3.1622776601683795,4.436181952187947e-08,1.1030194095198791e-08,4.02185302806133,-16.930886658130508,0.6226707538339719,exact,1.0,10.0,-0.4737373849098134,-16.457149273220693
2026p073186,2026-01-28T01:53:40.157000+00:00,-38.55306625366211,175.97666931152344,5.0,2.415699057916064,NGZ,HHZ,76678.19077682009,76.67819077682009,1.0,10.0,3.1622776601683795,9.947508264225972e-08,1.9792532751327304e-08,5.025889505504991,-16.12335864984955,1.12652241557642,exact,1.0,10.0,0.11913537911777466,-16.242494028967325
2026p073186,2026-01-28T01:53:40.157000+00:00,-38.55306625366211,175.97666931152344,5.0,2.415699057916064,NOVZ,EHZ,71442.36893188585,71.44236893188585,1.0,10.0,3.1622776601683795,1.4920945547288198e-07,2.0730638598816208e-08,7.197533002258906,-15.717914776701706,1.277398836799036,exact,1.0,10.0,0.24482585154452702,-15.962740628246234
2026p073186,2026-01-28T01:53:40.157000+00:00,-38.55306625366211,175.97666931152344,5.0,2.415699057916064,NTVZ,HHZ,66234.70922549606,66.23470922549606,1.0,10.0,3.1622776601683795,2.084338455413367e-07,4.351897850683636e-08,4.789493060104663,-15.383644133625433,0.9936348993076428,exact,1.0,10.0,-0.006385444317864613,-15.377258689307569
2026p073186,2026-01-28T01:53:40.157000+00:00,-38.55306625366211,175.97666931152344,5.0,2.415699057916064,OTVZ,HHZ,73213.52845033893,73.21352845033893,1.0,10.0,3.1622776601683795,8.425366777109863e-08,1.454110388866791e-08,5.794172740678837,-16.289433734286476,1.0,exact,1.0,10.0,0.0,-16.289433734286476
2026p073186,2026-01-28T01:53:40.157000+00:00,-38.55306625366211,175.97666931152344,5.0,2.415699057916064,SNVZ,EHZ,76394.57339424068,76.39457339424068,1.0,10.0,3.1622776601683795,5.659163811347139e-08,1.5203398721765306e-08,3.7223017793024367,-16.687404599162495,0.7545196052473487,exact,1.0,10.0,-0.28167401668856396,-16.405730582473932
2026p073186,2026-01-28T01:53:40.157000+00:00,-38.55306625366211,175.97666931152344,5.0,2.415699057916064,TWVZ,HHZ,74390.85544923262,74.39085544923262,1.0,10.0,3.1622776601683795,1.6779737006740272e-07,7.614461473932129e-09,22.03666938782891,-15.600508716055183,0.5802755580898467,exact,1.0,10.0,-0.5442521881111088,-15.056256527944074
2026p073186,2026-01-28T01:53:40.157000+00:00,-38.55306625366211,175.97666931152344,5.0,2.415699057916064,WTVZ,HHZ,71149.07837177749,71.14907837177749,1.0,10.0,3.1622776601683795,1.2995411134758625e-07,1.7576159901649942e-08,7.3937715675531015,-15.856084438440286,1.0296407025017171,exact,1.0,10.0,0.02920990886272243,-15.885294347303008
2026p076582,2026-01-29T08:03:15.736000+00:00,-40.26799011230469,174.7456512451172,12.0,2.3660034854271923,COVZ,HHZ,137472.46698297828,137.4724669829783,1.0,10.0,3.1622776601683795,7.463148915712271e-08,1.7416993500237294e-08,4.284981168311621,-16.41070331213481,1.0310666692210522,exact,1.0,10.0,0.030593867562053945,-16.441297179696864
2026p076582,2026-01-29T08:03:15.736000+00:00,-40.26799011230469,174.7456512451172,12.0,2.3660034854271923,ETVZ,HHZ,151089.6102844135,151.0896102844135,1.0,10.0,3.1622776601683795,1.1420784270777552e-07,3.0966299887377246e-08,3.688133329559659,-15.9852458668831,0.9471602664391504,exact,1.0,10.0,-0.05428696417065311,-15.930958902712446
2026p076582,2026-01-29T08:03:15.736000+00:00,-40.26799011230469,174.7456512451172,12.0,2.3660034854271923,KRVZ,HHZ,151834.88533400744,151.83488533400745,1.0,10.0,3.1622776601683795,7.899378269678376e-08,1.949040601797676e-08,4.052957266458416,-16.353896687617112,0.8296358879603257,exact,1.0,10.0,-0.18676836364818022,-16.16712832396893
2026p076582,2026-01-29T08:03:15.736000+00:00,-40.26799011230469,174.7456512451172,12.0,2.3660034854271923,NGZ,HHZ,142379.63776510893,142.37963776510892,1.0,10.0,3.1622776601683795,1.0585156298592818e-07,1.2417411692209793e-08,8.524446608493731,-16.06122807342894,1.12652241557642,exact,1.0,10.0,0.11913537911777466,-16.180363452546715
2026p076582,2026-01-29T08:03:15.736000+00:00,-40.26799011230469,174.7456512451172,12.0,2.3660034854271923,NOVZ,EHZ,147472.5581054061,147.47255810540608,1.0,10.0,3.1622776601683795,1.2340825237887633e-07,1.813069699705898e-08,6.806591737697379,-15.907767852679747,1.277398836799036,exact,1.0,10.0,0.24482585154452702,-16.152593704224273
2026p076582,2026-01-29T08:03:15.736000+00:00,-40.26799011230469,174.7456512451172,12.0,2.3660034854271923,NTVZ,HHZ,152988.21111483264,152.98821111483264,1.0,10.0,3.1622776601683795,1.8026909214010902e-07,2.6139099489646326e-08,6.896530318939007,-15.52881514605704,0.9936348993076428,exact,1.0,10.0,-0.006385444317864613,-15.522429701739176
2026p076582,2026-01-29T08:03:15.736000+00:00,-40.26799011230469,174.7456512451172,12.0,2.3660034854271923,OTVZ,HHZ,146444.3868908473,146.44438689084728,1.0,10.0,3.1622776601683795,8.904808715056109e-08,1.2657412658706371e-08,7.035251954854263,-16.23408930806401,1.0,exact,1.0,10.0,0.0,-16.23408930806401
2026p076582,2026-01-29T08:03:15.736000+00:00,-40.26799011230469,174.7456512451172,12.0,2.3660034854271923,SNVZ,EHZ,143156.3764267718,143.1563764267718,1.0,10.0,3.1622776601683795,5.723383010043532e-08,1.839346354183545e-08,3.1116396305817267,-16.676120678067303,0.7545196052473487,exact,1.0,10.0,-0.28167401668856396,-16.39444666137874
2026p076582,2026-01-29T08:03:15.736000+00:00,-40.26799011230469,174.7456512451172,12.0,2.3660034854271923,TMVZ,HHZ,152651.0992284526,152.6510992284526,1.0,10.0,3.1622776601683795,1.0673233548134895e-07,3.3897107892661904e-08,3.148715100395173,-16.052941674114827,0.9214864370155496,exact,1.0,10.0,-0.08176722035762422,-15.971174453757202
2026p076582,2026-01-29T08:03:15.736000+00:00,-40.26799011230469,174.7456512451172,12.0,2.3660034854271923,TUVZ,EHZ,136290.80948487198,136.29080948487197,1.0,10.0,3.1622776601683795,4.886768940784065e-07,3.106346971071821e-08,15.731561819373717,-14.531564314167824,1.97029574161132,exact,1.0,10.0,0.6781836541279606,-15.209747968295785
2026p076582,2026-01-29T08:03:15.736000+00:00,-40.26799011230469,174.7456512451172,12.0,2.3660034854271923,WHVZ,HHZ,131858.06127909568,131.8580612790957,1.0,10.0,3.1622776601683795,1.596700500959764e-07,3.188307678205805e-08,5.007987503446639,-15.650156337847895,0.8211193479986806,exact,1.0,10.0,-0.19708681103425454,-15.453069526813639
2026p076582,2026-01-29T08:03:15.736000+00:00,-40.26799011230469,174.7456512451172,12.0,2.3660034854271923,WTVZ,HHZ,147633.29185153867,147.63329185153867,1.0,10.0,3.1622776601683795,1.2691008491584824e-07,1.4946109772784294e-08,8.491178430051521,-15.879786994021668,1.0296407025017171,exact,1.0,10.0,0.02920990886272243,-15.90899690288439
2026p077024,2026-01-29T11:58:28.594000+00:00,-38.614864349365234,175.27490234375,12.0,2.3342660660965144,COVZ,HHZ,70205.71730780281,70.20571730780281,1.0,10.0,3.1622776601683795,1.613301871499197e-07,1.3925747984589467e-08,11.585028490279385,-15.639812720224901,1.0310666692210522,exact,1.0,10.0,0.030593867562053945,-15.670406587786955
2026p077024,2026-01-29T11:58:28.594000+00:00,-38.614864349365234,175.27490234375,12.0,2.3342660660965144,ETVZ,HHZ,70340.53834902002,70.34053834902002,1.0,10.0,3.1622776601683795,3.1331469843138693e-07,4.924177879779306e-08,6.362781891328207,-14.976057725210383,0.9471602664391504,exact,1.0,10.0,-0.05428696417065311,-14.92177076103973
2026p077024,2026-01-29T11:58:28.594000+00:00,-38.614864349365234,175.27490234375,12.0,2.3342660660965144,FWVZ,HHZ,76339.12052551784,76.33912052551784,1.0,10.0,3.1622776601683795,1.4034456931911853e-07,1.430890374120458e-08,9.808198577433702,-15.779165228730262,0.6226707538339719,exact,1.0,10.0,-0.4737373849098134,-15.305427843820448
2026p077024,2026-01-29T11:58:28.594000+00:00,-38.614864349365234,175.27490234375,12.0,2.3342660660965144,KRVZ,HHZ,63402.05252850217,63.402052528502175,1.0,10.0,3.1622776601683795,3.590994286173704e-07,2.159620788264071e-08,16.627892756395386,-14.839666526867491,0.8296358879603257,exact,1.0,10.0,-0.18676836364818022,-14.65289816321931
2026p077024,2026-01-29T11:58:28.594000+00:00,-38.614864349365234,175.27490234375,12.0,2.3342660660965144,NGZ,HHZ,69691.22536556618,69.69122536556618,1.0,10.0,3.1622776601683795,5.109852103879961e-07,1.3737307663883853e-08,37.19689642908739,-14.486925189650792,1.12652241557642,exact,1.0,10.0,0.11913537911777466,-14.606060568768568
2026p077024,2026-01-29T11:58:28.594000+00:00,-38.614864349365234,175.27490234375,12.0,2.3342660660965144,NOVZ,EHZ,65242.335577546684,65.24233557754668,1.0,10.0,3.1622776601683795,5.909734136743778e-07,1.5215551007877695e-08,38.84009283452222,-14.341494805874724,1.277398836799036,exact,1.0,10.0,0.24482585154452702,-14.586320657419252
2026p077024,2026-01-29T11:58:28.594000+00:00,-38.614864349365234,175.27490234375,12.0,2.3342660660965144,NTVZ,HHZ,65346.30726109377,65.34630726109377,1.0,10.0,3.1622776601683795,6.029180312865763e-07,1.832871359249884e-08,32.894727076390396,-14.321484584307337,0.9936348993076428,exact,1.0,10.0,-0.006385444317864613,-14.315099139989472
2026p077024,2026-01-29T11:58:28.594000+00:00,-38.614864349365234,175.27490234375,12.0,2.3342660660965144,OTVZ,HHZ,70941.10553784863,70.94110553784863,1.0,10.0,3.1622776601683795,2.1026217600049783e-07,1.2019351756124993e-08,17.493636950374583,-15.37491062775831,1.0,exact,1.0,10.0,0.0,-15.37491062775831
2026p077024,2026-01-29T11:58:28.594000+00:00,-38.614864349365234,175.27490234375,12.0,2.3342660660965144,SNVZ,EHZ,72202.38138203177,72.20238138203177,1.0,10.0,3.1622776601683795,2.4921131759843323e-07,1.4715985688533051e-08,16.934734979568713,-15.204964635340326,0.7545196052473487,exact,1.0,10.0,-0.28167401668856396,-14.923290618651762
2026p077024,2026-01-29T11:58:28.594000+00:00,-38.614864349365234,175.27490234375,12.0,2.3342660660965144,TMVZ,HHZ,68203.55093608816,68.20355093608815,1.0,10.0,3.1622776601683795,3.579830776806943e-07,2.1116031994554834e-08,16.953141469619244,-14.842780120711268,0.9214864370155496,exact,1.0,10.0,-0.08176722035762422,-14.761012900353643
2026p077024,2026-01-29T11:58:28.594000+00:00,-38.614864349365234,175.27490234375,12.0,2.3342660660965144,TUVZ,EHZ,80709.24516215021,80.70924516215021,1.0,10.0,3.1622776601683795,7.785415655316575e-07,3.709338029568159e-08,20.988692842919342,-14.065843455277923,1.97029574161132,exact,1.0,10.0,0.6781836541279606,-14.744027109405884
2026p077024,2026-01-29T11:58:28.594000+00:00,-38.614864349365234,175.27490234375,12.0,2.3342660660965144,TWVZ,HHZ,54176.766369989135,54.17676636998913,1.0,10.0,3.1622776601683795,2.2476699399422654e-07,8.923461992168356e-09,25.188317515275177,-15.308201553575653,0.5802755580898467,exact,1.0,10.0,-0.5442521881111088,-14.763949365464544
2026p077024,2026-01-29T11:58:28.594000+00:00,-38.614864349365234,175.27490234375,12.0,2.3342660660965144,WHVZ,HHZ,80198.5723897739,80.19857238977389,1.0,10.0,3.1622776601683795,1.9792894618765042e-07,3.428819036233378e-08,5.772510712757798,-15.435357728294816,0.8211193479986806,exact,1.0,10.0,-0.19708681103425454,-15.23827091726056
2026p077024,2026-01-29T11:58:28.594000+00:00,-38.614864349365234,175.27490234375,12.0,2.3342660660965144,WTVZ,HHZ,63293.285656515945,63.29328565651595,1.0,10.0,3.1622776601683795,4.520362695535612e-07,4.223355493914881e-08,10.703249352437101,-14.609503417958292,1.0296407025017171,exact,1.0,10.0,0.02920990886272243,-14.638713326821014
2026p077320,2026-01-29T14:36:18.899000+00:00,-39.83831787109375,176.6730499267578,30.64698791503906,2.0431412345158626,FWVZ,HHZ,120552.94748528597,120.55294748528597,1.0,10.0,3.1622776601683795,3.8615113429912676e-08,1.1044780466849326e-08,3.4962318667912973,-17.069622097472223,0.6226707538339719,exact,1.0,10.0,-0.4737373849098134,-16.59588471256241
2026p077320,2026-01-29T14:36:18.899000+00:00,-39.83831787109375,176.6730499267578,30.64698791503906,2.0431412345158626,KRVZ,HHZ,125378.25558849664,125.37825558849664,1.0,10.0,3.1622776601683795,6.22588774498512e-08,1.9685283238245647e-08,3.162711793188286,-16.591964702133218,0.8296358879603257,exact,1.0,10.0,-0.18676836364818022,-16.405196338485037
2026p077320,2026-01-29T14:36:18.899000+00:00,-39.83831787109375,176.6730499267578,30.64698791503906,2.0431412345158626,NGZ,HHZ,122238.9978046876,122.2389978046876,1.0,10.0,3.1622776601683795,1.0134255418577585e-07,1.2199940437894745e-08,8.306807291533286,-16.10475943309375,1.12652241557642,exact,1.0,10.0,0.11913537911777466,-16.223894812211526
2026p077320,2026-01-29T14:36:18.899000+00:00,-39.83831787109375,176.6730499267578,30.64698791503906,2.0431412345158626,NOVZ,EHZ,125026.99954221956,125.02699954221957,1.0,10.0,3.1622776601683795,8.35317833522261e-08,2.1768759013527457e-08,3.8372322143085005,-16.298038638565412,1.277398836799036,exact,1.0,10.0,0.24482585154452702,-16.542864490109938
2026p077320,2026-01-29T14:36:18.899000+00:00,-39.83831787109375,176.6730499267578,30.64698791503906,2.0431412345158626,NTVZ,HHZ,122989.46418594502,122.98946418594502,1.0,10.0,3.1622776601683795,9.677045280247659e-08,2.392135112678005e-08,4.045358988696156,-16.15092412890282,0.9936348993076428,exact,1.0,10.0,-0.006385444317864613,-16.144538684584955
2026p077320,2026-01-29T14:36:18.899000+00:00,-39.83831787109375,176.6730499267578,30.64698791503906,2.0431412345158626,OTVZ,HHZ,119036.99845885068,119.03699845885068,1.0,10.0,3.1622776601683795,9.655511907435618e-08,1.2894938458408308e-08,7.487830933492838,-16.153151809546205,1.0,exact,1.0,10.0,0.0,-16.153151809546205
2026p077320,2026-01-29T14:36:18.899000+00:00,-39.83831787109375,176.6730499267578,30.64698791503906,2.0431412345158626,TUVZ,EHZ,112750.06126173346,112.75006126173345,1.0,10.0,3.1622776601683795,1.854848396432912e-07,3.59556334021929e-08,5.158714284587701,-15.500292685229098,1.97029574161132,exact,1.0,10.0,0.6781836541279606,-16.178476339357058
2026p077320,2026-01-29T14:36:18.899000+00:00,-39.83831787109375,176.6730499267578,30.64698791503906,2.0431412345158626,WHVZ,HHZ,116473.70683682662,116.47370683682662,1.0,10.0,3.1622776601683795,8.717019694885557e-08,2.8412106588471704e-08,3.068065251600356,-16.25540334256038,0.8211193479986806,exact,1.0,10.0,-0.19708681103425454,-16.058316531526128
2026p077320,2026-01-29T14:36:18.899000+00:00,-39.83831787109375,176.6730499267578,30.64698791503906,2.0431412345158626,WTVZ,HHZ,127068.25215185428,127.06825215185428,1.0,10.0,3.1622776601683795,5.733862233704079e-08,1.3071778912793108e-08,4.3864437059078885,-16.67429140299118,1.0296407025017171,exact,1.0,10.0,0.02920990886272243,-16.703501311853902
2026p077758,2026-01-29T18:30:19.150000+00:00,-38.61754989624024,175.27609252929688,5.0,2.819357553214637,COVZ,HHZ,68924.20791588388,68.92420791588387,1.0,10.0,3.1622776601683795,6.901063860666118e-07,4.4220834126321904e-08,15.605910645991965,-14.186420068534803,1.0310666692210522,exact,1.0,10.0,0.030593867562053945,-14.217013936096857
2026p077758,2026-01-29T18:30:19.150000+00:00,-38.61754989624024,175.27609252929688,5.0,2.819357553214637,ETVZ,HHZ,69059.75503747407,69.05975503747406,1.0,10.0,3.1622776601683795,1.2789436077234227e-06,5.518347651778534e-08,23.17620578528114,-13.569476127251702,0.9471602664391504,exact,1.0,10.0,-0.05428696417065311,-13.515189163081049
2026p077758,2026-01-29T18:30:19.150000+00:00,-38.61754989624024,175.27609252929688,5.0,2.819357553214637,FWVZ,HHZ,75051.94386038414,75.05194386038414,1.0,10.0,3.1622776601683795,5.325266217452859e-07,1.038405431795212e-08,51.28311211013653,-14.445632946724624,0.6226707538339719,exact,1.0,10.0,-0.4737373849098134,-13.97189556181481
2026p077758,2026-01-29T18:30:19.150000+00:00,-38.61754989624024,175.27609252929688,5.0,2.819357553214637,KRVZ,HHZ,62013.47745124844,62.013477451248434,1.0,10.0,3.1622776601683795,1.4740395902923086e-06,2.3381364215975888e-08,63.043352675081934,-13.427503905472136,0.8296358879603257,exact,1.0,10.0,-0.18676836364818022,-13.240735541823955
2026p077758,2026-01-29T18:30:19.150000+00:00,-38.61754989624024,175.27609252929688,5.0,2.819357553214637,NGZ,HHZ,68371.40822344221,68.37140822344222,1.0,10.0,3.1622776601683795,2.060303547871461e-06,1.958350932446267e-08,105.20604421485581,-13.09265723268256,1.12652241557642,exact,1.0,10.0,0.11913537911777466,-13.211792611800336
2026p077758,2026-01-29T18:30:19.150000+00:00,-38.61754989624024,175.27609252929688,5.0,2.819357553214637,NOVZ,EHZ,63852.03643898143,63.85203643898143,1.0,10.0,3.1622776601683795,2.327604406652499e-06,1.5681893453778592e-08,148.4262352319233,-12.970670970948426,1.277398836799036,exact,1.0,10.0,0.24482585154452702,-13.215496822492954
2026p077758,2026-01-29T18:30:19.150000+00:00,-38.61754989624024,175.27609252929688,5.0,2.819357553214637,NTVZ,HHZ,63987.11530223654,63.98711530223654,1.0,10.0,3.1622776601683795,2.5239209620365614e-06,5.702379929662499e-08,44.26083482981714,-12.889696928341165,0.9936348993076428,exact,1.0,10.0,-0.006385444317864613,-12.8833114840233
2026p077758,2026-01-29T18:30:19.150000+00:00,-38.61754989624024,175.27609252929688,5.0,2.819357553214637,OTVZ,HHZ,69637.15680693026,69.63715680693026,1.0,10.0,3.1622776601683795,8.422105065561579e-07,1.5747516420746098e-08,53.482116421013075,-13.987235846164413,1.0,exact,1.0,10.0,0.0,-13.987235846164413
2026p077758,2026-01-29T18:30:19.150000+00:00,-38.61754989624024,175.27609252929688,5.0,2.819357553214637,SNVZ,EHZ,70904.34252138999,70.90434252138999,1.0,10.0,3.1622776601683795,9.857850294977017e-07,1.50084316431413e-08,65.68208144174714,-13.82982752893601,0.7545196052473487,exact,1.0,10.0,-0.28167401668856396,-13.548153512247445
2026p077758,2026-01-29T18:30:19.150000+00:00,-38.61754989624024,175.27609252929688,5.0,2.819357553214637,TMVZ,HHZ,66896.43613097387,66.89643613097387,1.0,10.0,3.1622776601683795,1.5175812694172995e-06,4.74440414819556e-08,31.986762131014522,-13.398392760641297,0.9214864370155496,exact,1.0,10.0,-0.08176722035762422,-13.316625540283672
2026p077758,2026-01-29T18:30:19.150000+00:00,-38.61754989624024,175.27609252929688,5.0,2.819357553214637,TUVZ,EHZ,79528.62452848427,79.52862452848427,1.0,10.0,3.1622776601683795,3.258332017808198e-06,3.262299910382605e-08,99.8783713121599,-12.634295144502765,1.97029574161132,exact,1.0,10.0,0.6781836541279606,-13.312478798630726
2026p077758,2026-01-29T18:30:19.150000+00:00,-38.61754989624024,175.27609252929688,5.0,2.819357553214637,TWVZ,HHZ,52611.07614985846,52.61107614985846,1.0,10.0,3.1622776601683795,9.346545323457841e-07,1.0033121224546385e-08,93.15690615390143,-13.883088860055956,0.5802755580898467,exact,1.0,10.0,-0.5442521881111088,-13.338836671944847
2026p077758,2026-01-29T18:30:19.150000+00:00,-38.61754989624024,175.27609252929688,5.0,2.819357553214637,WHVZ,HHZ,78953.21630421866,78.95321630421866,1.0,10.0,3.1622776601683795,8.032198304949792e-07,2.5732725174924104e-08,31.213943530462014,-14.034637398952444,0.8211193479986806,exact,1.0,10.0,-0.19708681103425454,-13.837550587918189
2026p077758,2026-01-29T18:30:19.150000+00:00,-38.61754989624024,175.27609252929688,5.0,2.819357553214637,WTVZ,HHZ,61901.074389661255,61.901074389661254,1.0,10.0,3.1622776601683795,1.8066782966464355e-06,2.0199510943960745e-08,89.44168508132107,-13.224020593943374,1.0296407025017171,exact,1.0,10.0,0.02920990886272243,-13.253230502806096
2026p077841,2026-01-29T19:13:47.081000+00:00,-40.270782470703125,176.7090301513672,18.082056045532227,3.060351726633358,COVZ,HHZ,156549.63604075598,156.54963604075598,1.0,10.0,3.1622776601683795,5.296280199600134e-07,1.8797724894100055e-08,28.175112836460595,-14.4510909259437,1.0310666692210522,exact,1.0,10.0,0.030593867562053945,-14.481684793505753
2026p077841,2026-01-29T19:13:47.081000+00:00,-40.270782470703125,176.7090301513672,18.082056045532227,3.060351726633358,ETVZ,HHZ,153581.54186900542,153.58154186900543,1.0,10.0,3.1622776601683795,8.352877795052434e-07,5.0117465859174176e-08,16.666600459255683,-13.995489525358321,0.9471602664391504,exact,1.0,10.0,-0.05428696417065311,-13.941202561187668
2026p077841,2026-01-29T19:13:47.081000+00:00,-40.270782470703125,176.7090301513672,18.082056045532227,3.060351726633358,FWVZ,HHZ,151455.3931331944,151.45539313319438,1.0,10.0,3.1622776601683795,3.352327305125065e-07,9.514033929445923e-09,35.235603845700155,-14.908440828378371,0.6226707538339719,exact,1.0,10.0,-0.4737373849098134,-14.434703443468557
2026p077841,2026-01-29T19:13:47.081000+00:00,-40.270782470703125,176.7090301513672,18.082056045532227,3.060351726633358,KRVZ,HHZ,160689.48509092475,160.68948509092473,1.0,10.0,3.1622776601683795,3.53874553323807e-07,2.59918964590484e-08,13.614803132251431,-14.854323355758007,0.8296358879603257,exact,1.0,10.0,-0.18676836364818022,-14.667554992109826
2026p077841,2026-01-29T19:13:47.081000+00:00,-40.270782470703125,176.7090301513672,18.082056045532227,3.060351726633358,NGZ,HHZ,155528.61200996808,155.52861200996807,1.0,10.0,3.1622776601683795,8.163848135506723e-07,3.784040947003919e-08,21.57441806217925,-14.018380007910007,1.12652241557642,exact,1.0,10.0,0.11913537911777466,-14.137515387027783
2026p077841,2026-01-29T19:13:47.081000+00:00,-40.270782470703125,176.7090301513672,18.082056045532227,3.060351726633358,NOVZ,EHZ,159366.34903139158,159.3663490313916,1.0,10.0,3.1622776601683795,8.802716197830822e-07,1.962910293569202e-08,44.845229181740415,-13.943035318255088,1.277398836799036,exact,1.0,10.0,0.24482585154452702,-14.187861169799616
2026p077841,2026-01-29T19:13:47.081000+00:00,-40.270782470703125,176.7090301513672,18.082056045532227,3.060351726633358,NTVZ,HHZ,158645.01896144764,158.64501896144765,1.0,10.0,3.1622776601683795,5.101156535050624e-07,7.340247182231835e-08,6.949570509558227,-14.488628365358274,0.9936348993076428,exact,1.0,10.0,-0.006385444317864613,-14.48224292104041
2026p077841,2026-01-29T19:13:47.081000+00:00,-40.270782470703125,176.7090301513672,18.082056045532227,3.060351726633358,OTVZ,HHZ,153364.38732739456,153.36438732739455,1.0,10.0,3.1622776601683795,7.150594880862805e-07,1.2606293127615391e-08,56.722422749306745,-14.15090009759267,1.0,exact,1.0,10.0,0.0,-14.15090009759267
2026p077841,2026-01-29T19:13:47.081000+00:00,-40.270782470703125,176.7090301513672,18.082056045532227,3.060351726633358,SNVZ,EHZ,152582.41614998592,152.58241614998593,1.0,10.0,3.1622776601683795,4.931302367346116e-07,1.3402240659937943e-08,36.79461138231009,-14.522492525915487,0.7545196052473487,exact,1.0,10.0,-0.28167401668856396,-14.240818509226923
2026p077841,2026-01-29T19:13:47.081000+00:00,-40.270782470703125,176.7090301513672,18.082056045532227,3.060351726633358,TMVZ,HHZ,155728.8329267205,155.7288329267205,1.0,10.0,3.1622776601683795,5.632036552281439e-07,1.0099678160078428e-07,5.576451509656525,-14.38962454201685,0.9214864370155496,exact,1.0,10.0,-0.08176722035762422,-14.307857321659226
2026p077841,2026-01-29T19:13:47.081000+00:00,-40.270782470703125,176.7090301513672,18.082056045532227,3.060351726633358,TUVZ,EHZ,144755.0682883099,144.7550682883099,1.0,10.0,3.1622776601683795,1.7984698742503323e-06,3.0296793640033117e-08,59.36172307929964,-13.228574324437355,1.97029574161132,exact,1.0,10.0,0.6781836541279606,-13.906757978565317
2026p077841,2026-01-29T19:13:47.081000+00:00,-40.270782470703125,176.7090301513672,18.082056045532227,3.060351726633358,TWVZ,HHZ,173231.58485297736,173.23158485297736,1.0,10.0,3.1622776601683795,1.9682885804243565e-07,8.607032120809233e-09,22.868377308196894,-15.440931226683833,0.5802755580898467,exact,1.0,10.0,-0.5442521881111088,-14.896679038572724
2026p077841,2026-01-29T19:13:47.081000+00:00,-40.270782470703125,176.7090301513672,18.082056045532227,3.060351726633358,WHVZ,HHZ,147177.0484462712,147.1770484462712,1.0,10.0,3.1622776601683795,1.0283056730978237e-06,3.023279544903713e-08,34.012920665282834,-13.787598087758845,0.8211193479986806,exact,1.0,10.0,-0.19708681103425454,-13.59051127672459
2026p077841,2026-01-29T19:13:47.081000+00:00,-40.270782470703125,176.7090301513672,18.082056045532227,3.060351726633358,WTVZ,HHZ,161395.33760708795,161.39533760708795,1.0,10.0,3.1622776601683795,4.2115171194864026e-07,1.492933487827049e-08,28.209676812971935,-14.680272707255297,1.0296407025017171,exact,1.0,10.0,0.02920990886272243,-14.709482616118018
2026p078317,2026-01-29T23:27:30.572000+00:00,-39.253814697265625,175.26611328125,10.543140411376951,2.36632890494141,COVZ,HHZ,27218.77354664289,27.21877354664289,1.0,10.0,3.1622776601683795,7.531570877145467e-07,2.849313236570774e-08,26.43293401539073,-14.098992015081,1.0310666692210522,exact,1.0,10.0,0.030593867562053945,-14.129585882643054
2026p078317,2026-01-29T23:27:30.572000+00:00,-39.253814697265625,175.26611328125,10.543140411376951,2.36632890494141,ETVZ,HHZ,42250.91320716177,42.25091320716177,1.0,10.0,3.1622776601683795,4.137716618025815e-07,2.2659175520611418e-08,18.260667137963747,-14.69795155681574,0.9471602664391504,exact,1.0,10.0,-0.05428696417065311,-14.643664592645086
2026p078317,2026-01-29T23:27:30.572000+00:00,-39.253814697265625,175.26611328125,10.543140411376951,2.36632890494141,FWVZ,HHZ,27774.325974870342,27.774325974870344,1.0,10.0,3.1622776601683795,1.0570586720050236e-06,1.0430038261343104e-08,101.34753540864799,-13.760020344570309,0.6226707538339719,exact,1.0,10.0,-0.4737373849098134,-13.286282959660495
2026p078317,2026-01-29T23:27:30.572000+00:00,-39.253814697265625,175.26611328125,10.543140411376951,2.36632890494141,KRVZ,HHZ,38751.95553029821,38.75195553029821,1.0,10.0,3.1622776601683795,8.139522743384617e-07,2.4842378859082454e-08,32.764667142208005,-14.021364103696568,0.8296358879603257,exact,1.0,10.0,-0.18676836364818022,-13.834595740048387
2026p078317,2026-01-29T23:27:30.572000+00:00,-39.253814697265625,175.26611328125,10.543140411376951,2.36632890494141,NGZ,HHZ,32506.432127075033,32.50643212707503,1.0,10.0,3.1622776601683795,1.1543434783903802e-06,2.160688024872604e-08,53.42481029663878,-13.671978792578718,1.12652241557642,exact,1.0,10.0,0.11913537911777466,-13.791114171696494
2026p078317,2026-01-29T23:27:30.572000+00:00,-39.253814697265625,175.26611328125,10.543140411376951,2.36632890494141,NOVZ,EHZ,35075.7201017715,35.075720101771495,1.0,10.0,3.1622776601683795,1.3266016157277364e-06,2.1481650243289185e-08,61.75510729871247,-13.532890061909265,1.277398836799036,exact,1.0,10.0,0.24482585154452702,-13.777715913453793
2026p078317,2026-01-29T23:27:30.572000+00:00,-39.253814697265625,175.26611328125,10.543140411376951,2.36632890494141,NTVZ,HHZ,41122.06521523946,41.12206521523946,1.0,10.0,3.1622776601683795,1.5548230823763183e-06,7.082056178948354e-08,21.954401985656105,-13.374148792197195,0.9936348993076428,exact,1.0,10.0,-0.006385444317864613,-13.36776334787933
2026p078317,2026-01-29T23:27:30.572000+00:00,-39.253814697265625,175.26611328125,10.543140411376951,2.36632890494141,OTVZ,HHZ,37868.03110623845,37.86803110623845,1.0,10.0,3.1622776601683795,4.942282984042407e-07,1.2667666730495581e-08,39.0149432345309,-14.520268283994747,1.0,exact,1.0,10.0,0.0,-14.520268283994747
2026p078317,2026-01-29T23:27:30.572000+00:00,-39.253814697265625,175.26611328125,10.543140411376951,2.36632890494141,SNVZ,EHZ,35330.214743663506,35.330214743663504,1.0,10.0,3.1622776601683795,3.969943940671922e-07,1.2393197022073641e-08,32.033251255515566,-14.739343677096471,0.7545196052473487,exact,1.0,10.0,-0.28167401668856396,-14.457669660407907
2026p078317,2026-01-29T23:27:30.572000+00:00,-39.253814697265625,175.26611328125,10.543140411376951,2.36632890494141,TMVZ,HHZ,42486.75398560489,42.48675398560489,1.0,10.0,3.1622776601683795,5.164088422505663e-07,3.9732215532377506e-08,12.997232480774908,-14.476367055249554,0.9214864370155496,exact,1.0,10.0,-0.08176722035762422,-14.39459983489193
2026p078317,2026-01-29T23:27:30.572000+00:00,-39.253814697265625,175.26611328125,10.543140411376951,2.36632890494141,TUVZ,EHZ,35605.2971466639,35.6052971466639,1.0,10.0,3.1622776601683795,1.571841484640731e-06,2.8450828686512507e-08,55.247652079318286,-13.363262705784162,1.97029574161132,exact,1.0,10.0,0.6781836541279606,-14.041446359912124
2026p078317,2026-01-29T23:27:30.572000+00:00,-39.253814697265625,175.26611328125,10.543140411376951,2.36632890494141,TWVZ,HHZ,27696.748920379043,27.696748920379044,1.0,10.0,3.1622776601683795,1.04100556911709e-06,8.292856886830483e-09,125.53039119368678,-13.775323418569489,0.5802755580898467,exact,1.0,10.0,-0.5442521881111088,-13.23107123045838
2026p078317,2026-01-29T23:27:30.572000+00:00,-39.253814697265625,175.26611328125,10.543140411376951,2.36632890494141,WHVZ,HHZ,30734.861665942066,30.734861665942066,1.0,10.0,3.1622776601683795,6.971054669899598e-07,4.5679395611519544e-08,15.260829475908434,-14.176329122008896,0.8211193479986806,exact,1.0,10.0,-0.19708681103425454,-13.97924231097464
2026p078317,2026-01-29T23:27:30.572000+00:00,-39.253814697265625,175.26611328125,10.543140411376951,2.36632890494141,WTVZ,HHZ,33997.56162278326,33.99756162278326,1.0,10.0,3.1622776601683795,1.1727936434132637e-06,1.7560937656076017e-08,66.78422680963631,-13.656121925837867,1.0296407025017171,exact,1.0,10.0,0.02920990886272243,-13.68533183470059
2026p078352,2026-01-29T23:45:57.994000+00:00,-40.07571029663086,175.1295928955078,14.971246719360352,2.1519913775782933,ETVZ,HHZ,116810.75701560664,116.81075701560664,1.0,10.0,3.1622776601683795,1.493048820012044e-07,3.718996701832733e-08,4.014654864512961,-15.71727543366458,0.9471602664391504,exact,1.0,10.0,-0.05428696417065311,-15.662988469493927
2026p078352,2026-01-29T23:45:57.994000+00:00,-40.07571029663086,175.1295928955078,14.971246719360352,2.1519913775782933,FWVZ,HHZ,99566.40671161281,99.56640671161281,1.0,10.0,3.1622776601683795,1.0947158606436678e-07,1.0794985127238992e-08,10.140966826173486,-16.027600809359342,0.6226707538339719,exact,1.0,10.0,-0.4737373849098134,-15.553863424449528
2026p078352,2026-01-29T23:45:57.994000+00:00,-40.07571029663086,175.1295928955078,14.971246719360352,2.1519913775782933,NGZ,HHZ,109072.1447732941,109.0721447732941,1.0,10.0,3.1622776601683795,9.851484962249486e-08,2.120382250373094e-08,4.6460891476129165,-16.133058542542372,1.12652241557642,exact,1.0,10.0,0.11913537911777466,-16.252193921660147
2026p078352,2026-01-29T23:45:57.994000+00:00,-40.07571029663086,175.1295928955078,14.971246719360352,2.1519913775782933,NOVZ,EHZ,114386.82941715255,114.38682941715255,1.0,10.0,3.1622776601683795,1.3106024678293018e-07,2.062488385332379e-08,6.354471991938478,-15.847608720360103,1.277398836799036,exact,1.0,10.0,0.24482585154452702,-16.09243457190463
2026p078352,2026-01-29T23:45:57.994000+00:00,-40.07571029663086,175.1295928955078,14.971246719360352,2.1519913775782933,OTVZ,HHZ,112480.50323370572,112.48050323370572,1.0,10.0,3.1622776601683795,1.0346416340716837e-07,1.5753527431344863e-08,6.567682308490813,-16.08404053147215,1.0,exact,1.0,10.0,0.0,-16.08404053147215
2026p078352,2026-01-29T23:45:57.994000+00:00,-40.07571029663086,175.1295928955078,14.971246719360352,2.1519913775782933,SNVZ,EHZ,109317.16094488978,109.31716094488978,1.0,10.0,3.1622776601683795,5.667012556737003e-08,1.2635491688946738e-08,4.484995674283405,-16.68601865100291,0.7545196052473487,exact,1.0,10.0,-0.28167401668856396,-16.40434463431435
2026p078352,2026-01-29T23:45:57.994000+00:00,-40.07571029663086,175.1295928955078,14.971246719360352,2.1519913775782933,TUVZ,EHZ,101704.80607596168,101.70480607596168,1.0,10.0,3.1622776601683795,7.271744925755573e-07,3.8585291128631364e-08,18.845898820651207,-14.134099370914557,1.97029574161132,exact,1.0,10.0,0.6781836541279606,-14.812283025042518
2026p078352,2026-01-29T23:45:57.994000+00:00,-40.07571029663086,175.1295928955078,14.971246719360352,2.1519913775782933,TWVZ,HHZ,115766.74785236822,115.76674785236823,1.0,10.0,3.1622776601683795,4.74190424829368e-08,8.420396690849314e-09,5.6314499451633235,-16.864241948775,0.5802755580898467,exact,1.0,10.0,-0.5442521881111088,-16.31998976066389
2026p078352,2026-01-29T23:45:57.994000+00:00,-40.07571029663086,175.1295928955078,14.971246719360352,2.1519913775782933,WHVZ,HHZ,97971.3243732574,97.9713243732574,1.0,10.0,3.1622776601683795,2.127635288845533e-07,4.792441265265182e-08,4.4395646625161165,-15.363084480988029,0.8211193479986806,exact,1.0,10.0,-0.19708681103425454,-15.165997669953773
2026p078352,2026-01-29T23:45:57.994000+00:00,-40.07571029663086,175.1295928955078,14.971246719360352,2.1519913775782933,WTVZ,HHZ,114865.9382978515,114.8659382978515,1.0,10.0,3.1622776601683795,1.5873981630540228e-07,1.800640358659788e-08,8.81574244084765,-15.655999350488571,1.0296407025017171,exact,1.0,10.0,0.02920990886272243,-15.685209259351293
2026p078386,2026-01-30T00:04:23.503000+00:00,-39.7796516418457,176.5540313720703,24.78873443603516,2.122632589035056,COVZ,HHZ,111308.61849470196,111.30861849470196,1.0,10.0,3.1622776601683795,8.569988604091015e-08,2.8369762054256284e-08,3.020817935554475,-16.2724143410879,1.0310666692210522,exact,1.0,10.0,0.030593867562053945,-16.303008208649953
2026p078386,2026-01-30T00:04:23.503000+00:00,-39.7796516418457,176.5540313720703,24.78873443603516,2.122632589035056,ETVZ,HHZ,105156.41352151376,105.15641352151377,1.0,10.0,3.1622776601683795,1.8284408278652213e-07,3.991054993710642e-08,4.581347114350954,-15.51463205389996,0.9471602664391504,exact,1.0,10.0,-0.05428696417065311,-15.460345089729307
2026p078386,2026-01-30T00:04:23.503000+00:00,-39.7796516418457,176.5540313720703,24.78873443603516,2.122632589035056,FWVZ,HHZ,107350.12802900717,107.35012802900718,1.0,10.0,3.1622776601683795,8.614963163902504e-08,1.1260190658598824e-08,7.650814648794338,-16.267180149790956,0.6226707538339719,exact,1.0,10.0,-0.4737373849098134,-15.793442764881142
2026p078386,2026-01-30T00:04:23.503000+00:00,-39.7796516418457,176.5540313720703,24.78873443603516,2.122632589035056,NGZ,HHZ,109122.64079892717,109.12264079892716,1.0,10.0,3.1622776601683795,1.571940187437142e-07,1.7218697032496614e-08,9.129263291353816,-15.665785006379283,1.12652241557642,exact,1.0,10.0,0.11913537911777466,-15.784920385497058
2026p078386,2026-01-30T00:04:23.503000+00:00,-39.7796516418457,176.5540313720703,24.78873443603516,2.122632589035056,NOVZ,EHZ,111987.50531406635,111.98750531406635,1.0,10.0,3.1622776601683795,1.8943157020175168e-07,1.850683511527444e-08,10.235762572143205,-15.47923798475357,1.277398836799036,exact,1.0,10.0,0.24482585154452702,-15.724063836298098
2026p078386,2026-01-30T00:04:23.503000+00:00,-39.7796516418457,176.5540313720703,24.78873443603516,2.122632589035056,OTVZ,HHZ,105962.18712516103,105.96218712516102,1.0,10.0,3.1622776601683795,1.9717838473583466e-07,1.2894991241063922e-08,15.291083262462623,-15.439157011658637,1.0,exact,1.0,10.0,0.0,-15.439157011658637
2026p078386,2026-01-30T00:04:23.503000+00:00,-39.7796516418457,176.5540313720703,24.78873443603516,2.122632589035056,SNVZ,EHZ,105908.55196933058,105.90855196933059,1.0,10.0,3.1622776601683795,9.124442768028078e-08,1.3462972848190145e-08,6.777435319016257,-16.20972391286592,0.7545196052473487,exact,1.0,10.0,-0.28167401668856396,-15.928049896177354
2026p078386,2026-01-30T00:04:23.503000+00:00,-39.7796516418457,176.5540313720703,24.78873443603516,2.122632589035056,TUVZ,EHZ,99529.34606734439,99.52934606734439,1.0,10.0,3.1622776601683795,3.93549963839775e-07,3.919525044343821e-08,10.040756453583532,-14.74805780424012,1.97029574161132,exact,1.0,10.0,0.6781836541279606,-15.42624145836808
2026p078386,2026-01-30T00:04:23.503000+00:00,-39.7796516418457,176.5540313720703,24.78873443603516,2.122632589035056,TWVZ,HHZ,126877.62406694019,126.87762406694019,1.0,10.0,3.1622776601683795,3.0218006161870764e-08,8.152283407803445e-09,3.7066923032810406,-17.314827859714864,0.5802755580898467,exact,1.0,10.0,-0.5442521881111088,-16.770575671603755
2026p078386,2026-01-30T00:04:23.503000+00:00,-39.7796516418457,176.5540313720703,24.78873443603516,2.122632589035056,WHVZ,HHZ,103243.62295382205,103.24362295382205,1.0,10.0,3.1622776601683795,2.0967551222542472e-07,4.54075238289269e-08,4.617638103662697,-15.377704681129476,0.8211193479986806,exact,1.0,10.0,-0.19708681103425454,-15.18061787009522
2026p078386,2026-01-30T00:04:23.503000+00:00,-39.7796516418457,176.5540313720703,24.78873443603516,2.122632589035056,WTVZ,HHZ,114043.68002555372,114.04368002555373,1.0,10.0,3.1622776601683795,1.0288921907582123e-07,1.5941591431624568e-08,6.454137249541594,-16.08961297048135,1.0296407025017171,exact,1.0,10.0,0.02920990886272243,-16.118822879344073
2026p078411,2026-01-30T00:17:44.241000+00:00,-40.26085662841797,176.69544982910156,16.425533294677734,2.699153623847662,COVZ,HHZ,154777.04996913276,154.77704996913275,1.0,10.0,3.1622776601683795,2.828545105042035e-07,3.562603997223607e-08,7.939543960671363,-15.078333168654718,1.0310666692210522,exact,1.0,10.0,0.030593867562053945,-15.108927036216771
2026p078411,2026-01-30T00:17:44.241000+00:00,-40.26085662841797,176.69544982910156,16.425533294677734,2.699153623847662,ETVZ,HHZ,151830.16748975706,151.83016748975706,1.0,10.0,3.1622776601683795,3.23601119192225e-07,3.598244698619005e-08,8.993304966625034,-14.94375419320123,0.9471602664391504,exact,1.0,10.0,-0.05428696417065311,-14.889467229030576
2026p078411,2026-01-30T00:17:44.241000+00:00,-40.26085662841797,176.69544982910156,16.425533294677734,2.699153623847662,FWVZ,HHZ,149665.0035201664,149.6650035201664,1.0,10.0,3.1622776601683795,1.5023557595525045e-07,1.106737833606341e-08,13.574630901132473,-15.711061268437252,0.6226707538339719,exact,1.0,10.0,-0.4737373849098134,-15.237323883527438
2026p078411,2026-01-30T00:17:44.241000+00:00,-40.26085662841797,176.69544982910156,16.425533294677734,2.699153623847662,KRVZ,HHZ,158941.45280235843,158.94145280235844,1.0,10.0,3.1622776601683795,1.768795319952047e-07,3.2076519167286663e-08,5.514299449785557,-15.547796946289433,0.8296358879603257,exact,1.0,10.0,-0.18676836364818022,-15.361028582641252
2026p078411,2026-01-30T00:17:44.241000+00:00,-40.26085662841797,176.69544982910156,16.425533294677734,2.699153623847662,NGZ,HHZ,153758.94893038235,153.75894893038236,1.0,10.0,3.1622776601683795,3.6155699522251383e-07,1.5160666692398707e-08,23.848357236413104,-14.832846144642298,1.12652241557642,exact,1.0,10.0,0.11913537911777466,-14.951981523760074
2026p078411,2026-01-30T00:17:44.241000+00:00,-40.26085662841797,176.69544982910156,16.425533294677734,2.699153623847662,NOVZ,EHZ,157606.8665610938,157.6068665610938,1.0,10.0,3.1622776601683795,3.8124195285951443e-07,2.0140243361193657e-08,18.929361776933327,-14.779831616501284,1.277398836799036,exact,1.0,10.0,0.24482585154452702,-15.024657468045811
2026p078411,2026-01-30T00:17:44.241000+00:00,-40.26085662841797,176.69544982910156,16.425533294677734,2.699153623847662,NTVZ,HHZ,156898.73652598445,156.89873652598445,1.0,10.0,3.1622776601683795,2.3548598231213554e-07,4.5279416146232455e-08,5.2007292132835845,-15.261614448352228,0.9936348993076428,exact,1.0,10.0,-0.006385444317864613,-15.255229004034364
2026p078411,2026-01-30T00:17:44.241000+00:00,-40.26085662841797,176.69544982910156,16.425533294677734,2.699153623847662,OTVZ,HHZ,151600.27867859977,151.60027867859978,1.0,10.0,3.1622776601683795,3.193512761069526e-07,1.2840735419646126e-08,24.870170256631106,-14.956974160995795,1.0,exact,1.0,10.0,0.0,-14.956974160995795
2026p078411,2026-01-30T00:17:44.241000+00:00,-40.26085662841797,176.69544982910156,16.425533294677734,2.699153623847662,SNVZ,EHZ,150810.8736599939,150.8108736599939,1.0,10.0,3.1622776601683795,1.902507919855387e-07,1.5414071526190834e-08,12.34266959656142,-15.474922677345797,0.7545196052473487,exact,1.0,10.0,-0.28167401668856396,-15.193248660657233
2026p078411,2026-01-30T00:17:44.241000+00:00,-40.26085662841797,176.69544982910156,16.425533294677734,2.699153623847662,TMVZ,HHZ,153981.92537159566,153.98192537159565,1.0,10.0,3.1622776601683795,2.5605220223142646e-07,7.064214133696666e-08,3.6246381746844882,-15.17788449828817,0.9214864370155496,exact,1.0,10.0,-0.08176722035762422,-15.096117277930546
2026p078411,2026-01-30T00:17:44.241000+00:00,-40.26085662841797,176.69544982910156,16.425533294677734,2.699153623847662,TUVZ,EHZ,142968.4647589781,142.96846475897812,1.0,10.0,3.1622776601683795,7.208866542490449e-07,4.984844794457832e-08,14.461566688104899,-14.142783918331673,1.97029574161132,exact,1.0,10.0,0.6781836541279606,-14.820967572459635
2026p078411,2026-01-30T00:17:44.241000+00:00,-40.26085662841797,176.69544982910156,16.425533294677734,2.699153623847662,TWVZ,HHZ,171478.51576731176,171.47851576731176,1.0,10.0,3.1622776601683795,8.40052057778106e-08,1.0524594540919908e-08,7.981799721708621,-16.292387066478014,0.5802755580898467,exact,1.0,10.0,-0.5442521881111088,-15.748134878366905
2026p078411,2026-01-30T00:17:44.241000+00:00,-40.26085662841797,176.69544982910156,16.425533294677734,2.699153623847662,WHVZ,HHZ,145380.9086687596,145.3809086687596,1.0,10.0,3.1622776601683795,4.1975641577613916e-07,4.253465572292433e-08,9.868574428120002,-14.683591256350029,0.8211193479986806,exact,1.0,10.0,-0.19708681103425454,-14.486504445315774
2026p078411,2026-01-30T00:17:44.241000+00:00,-40.26085662841797,176.69544982910156,16.425533294677734,2.699153623847662,WTVZ,HHZ,159639.53724499536,159.63953724499535,1.0,10.0,3.1622776601683795,1.815763279822161e-07,1.5170997058355822e-08,11.968648288822138,-15.521589731796682,1.0296407025017171,exact,1.0,10.0,0.02920990886272243,-15.550799640659404
2026p078910,2026-01-30T04:43:25.652000+00:00,-40.27331161499024,176.70338439941406,18.043739318847656,2.2385126863143427,ETVZ,HHZ,153537.39464441047,153.53739464441045,1.0,10.0,3.1622776601683795,9.146419383819071e-08,2.001146499421533e-08,4.570589602741731,-16.207318265425,0.9471602664391504,exact,1.0,10.0,-0.05428696417065311,-16.153031301254344
2026p078910,2026-01-30T04:43:25.652000+00:00,-40.27331161499024,176.70338439941406,18.043739318847656,2.2385126863143427,FWVZ,HHZ,151342.8590038613,151.3428590038613,1.0,10.0,3.1622776601683795,4.370870273425104e-08,9.464822212902645e-09,4.618016244897492,-16.94571860743518,0.6226707538339719,exact,1.0,10.0,-0.4737373849098134,-16.471981222525365
2026p078910,2026-01-30T04:43:25.652000+00:00,-40.27331161499024,176.70338439941406,18.043739318847656,2.2385126863143427,KRVZ,HHZ,160637.0868396894,160.6370868396894,1.0,10.0,3.1622776601683795,5.8297033849605614e-08,1.745832375066869e-08,3.339211408963173,-16.657714622249518,0.8296358879603257,exact,1.0,10.0,-0.18676836364818022,-16.470946258601337
2026p078910,2026-01-30T04:43:25.652000+00:00,-40.27331161499024,176.70338439941406,18.043739318847656,2.2385126863143427,NGZ,HHZ,155447.7102565418,155.4477102565418,1.0,10.0,3.1622776601683795,9.252670603307084e-08,9.863565979094743e-09,9.380654646521942,-16.195768520226824,1.12652241557642,exact,1.0,10.0,0.11913537911777466,-16.3149038993446
2026p078910,2026-01-30T04:43:25.652000+00:00,-40.27331161499024,176.70338439941406,18.043739318847656,2.2385126863143427,NOVZ,EHZ,159299.28710524464,159.29928710524464,1.0,10.0,3.1622776601683795,9.91081458426929e-08,1.5842804511822936e-08,6.25571979814129,-16.12705420077773,1.277398836799036,exact,1.0,10.0,0.24482585154452702,-16.371880052322258
2026p078910,2026-01-30T04:43:25.652000+00:00,-40.27331161499024,176.70338439941406,18.043739318847656,2.2385126863143427,NTVZ,HHZ,158600.32383536152,158.6003238353615,1.0,10.0,3.1622776601683795,7.116846247164978e-08,2.121547929301221e-08,3.3545536015814026,-16.458216059470534,0.9936348993076428,exact,1.0,10.0,-0.006385444317864613,-16.45183061515267
2026p078910,2026-01-30T04:43:25.652000+00:00,-40.27331161499024,176.70338439941406,18.043739318847656,2.2385126863143427,OTVZ,HHZ,153302.23443452813,153.30223443452812,1.0,10.0,3.1622776601683795,8.815559968617333e-08,1.08147879005508e-08,8.151394229533022,-16.24416240560313,1.0,exact,1.0,10.0,0.0,-16.24416240560313
2026p078910,2026-01-30T04:43:25.652000+00:00,-40.27331161499024,176.70338439941406,18.043739318847656,2.2385126863143427,SNVZ,EHZ,152508.51227062356,152.50851227062356,1.0,10.0,3.1622776601683795,5.43114988611115e-08,1.531035880146493e-08,3.5473694356473766,-16.728529867027646,0.7545196052473487,exact,1.0,10.0,-0.28167401668856396,-16.446855850339084
2026p078910,2026-01-30T04:43:25.652000+00:00,-40.27331161499024,176.70338439941406,18.043739318847656,2.2385126863143427,TUVZ,EHZ,144663.99701580527,144.66399701580528,1.0,10.0,3.1622776601683795,1.8949295635351025e-07,4.5515663524460974e-08,4.163247147911469,-15.478913982753207,1.97029574161132,exact,1.0,10.0,0.6781836541279606,-16.15709763688117
2026p078910,2026-01-30T04:43:25.652000+00:00,-40.27331161499024,176.70338439941406,18.043739318847656,2.2385126863143427,TWVZ,HHZ,173137.94115901433,173.13794115901433,1.0,10.0,3.1622776601683795,2.3713021956222177e-08,6.110176839005248e-09,3.8809060001089453,-17.557241490067877,0.5802755580898467,exact,1.0,10.0,-0.5442521881111088,-17.012989301956768
2026p078910,2026-01-30T04:43:25.652000+00:00,-40.27331161499024,176.70338439941406,18.043739318847656,2.2385126863143427,WTVZ,HHZ,161325.87924180436,161.32587924180436,1.0,10.0,3.1622776601683795,5.484755458647748e-08,1.1347014415078459e-08,4.833655143117947,-16.71870823487489,1.0296407025017171,exact,1.0,10.0,0.02920990886272243,-16.74791814373761
2026p079403,2026-01-30T09:05:56.969000+00:00,-39.83600616455078,176.65257263183594,34.401390075683594,2.1532017709639284,COVZ,HHZ,123955.5374650021,123.9555374650021,1.0,10.0,3.1622776601683795,4.9644551693883856e-08,1.1500483429127338e-08,4.31673607460264,-16.818377186738633,1.0310666692210522,exact,1.0,10.0,0.030593867562053945,-16.848971054300687
2026p079403,2026-01-30T09:05:56.969000+00:00,-39.83600616455078,176.65257263183594,34.401390075683594,2.1532017709639284,ETVZ,HHZ,117822.99101942284,117.82299101942284,1.0,10.0,3.1622776601683795,1.0330697717136179e-07,1.4996927628300597e-08,6.888542755678298,-16.08556092030055,0.9471602664391504,exact,1.0,10.0,-0.05428696417065311,-16.031273956129898
2026p079403,2026-01-30T09:05:56.969000+00:00,-39.83600616455078,176.65257263183594,34.401390075683594,2.1532017709639284,FWVZ,HHZ,120099.4250087496,120.0994250087496,1.0,10.0,3.1622776601683795,3.570514978958662e-08,1.0821042598504001e-08,3.2996034776281933,-17.14797090675496,0.6226707538339719,exact,1.0,10.0,-0.4737373849098134,-16.674233521845146
2026p079403,2026-01-30T09:05:56.969000+00:00,-39.83600616455078,176.65257263183594,34.401390075683594,2.1532017709639284,KRVZ,HHZ,124984.35917849322,124.98435917849322,1.0,10.0,3.1622776601683795,6.178767044532273e-08,1.5277485847151096e-08,4.044361164101142,-16.599561999744243,0.8296358879603257,exact,1.0,10.0,-0.18676836364818022,-16.412793636096062
2026p079403,2026-01-30T09:05:56.969000+00:00,-39.83600616455078,176.65257263183594,34.401390075683594,2.1532017709639284,NGZ,HHZ,121813.2650072464,121.8132650072464,1.0,10.0,3.1622776601683795,1.0385665924821233e-07,1.2741362501067355e-08,8.151142331874803,-16.080254164961183,1.12652241557642,exact,1.0,10.0,0.11913537911777466,-16.199389544078958
2026p079403,2026-01-30T09:05:56.969000+00:00,-39.83600616455078,176.65257263183594,34.401390075683594,2.1532017709639284,NOVZ,EHZ,124610.90426911497,124.61090426911497,1.0,10.0,3.1622776601683795,9.786230016434396e-08,1.4855722584569214e-08,6.5875153232865635,-16.139704446718866,1.277398836799036,exact,1.0,10.0,0.24482585154452702,-16.384530298263392
2026p079403,2026-01-30T09:05:56.969000+00:00,-39.83600616455078,176.65257263183594,34.401390075683594,2.1532017709639284,NTVZ,HHZ,122633.45273082165,122.63345273082165,1.0,10.0,3.1622776601683795,9.210195526262399e-08,1.561360747664119e-08,5.89882609771083,-16.200369664131735,0.9936348993076428,exact,1.0,10.0,-0.006385444317864613,-16.19398421981387
2026p079403,2026-01-30T09:05:56.969000+00:00,-39.83600616455078,176.65257263183594,34.401390075683594,2.1532017709639284,OTVZ,HHZ,118679.69835299882,118.67969835299883,1.0,10.0,3.1622776601683795,9.504811767933106e-08,1.0451588872876582e-08,9.094130934100841,-16.16888257168696,1.0,exact,1.0,10.0,0.0,-16.16888257168696
2026p079403,2026-01-30T09:05:56.969000+00:00,-39.83600616455078,176.65257263183594,34.401390075683594,2.1532017709639284,SNVZ,EHZ,118653.36608946059,118.65336608946059,1.0,10.0,3.1622776601683795,6.330611145046607e-08,1.947360145030301e-08,3.2508681874805974,-16.575283965055952,0.7545196052473487,exact,1.0,10.0,-0.28167401668856396,-16.29360994836739
2026p079403,2026-01-30T09:05:56.969000+00:00,-39.83600616455078,176.65257263183594,34.401390075683594,2.1532017709639284,TMVZ,HHZ,119686.42541239123,119.68642541239123,1.0,10.0,3.1622776601683795,8.260330538581378e-08,1.5636724499958932e-08,5.282647614980409,-16.30921614044272,0.9214864370155496,exact,1.0,10.0,-0.08176722035762422,-16.2274489200851
2026p079403,2026-01-30T09:05:56.969000+00:00,-39.83600616455078,176.65257263183594,34.401390075683594,2.1532017709639284,TUVZ,EHZ,112384.6090958549,112.3846090958549,1.0,10.0,3.1622776601683795,2.2840532082842457e-07,3.04068466869535e-08,7.5116411504263345,-15.292144063339476,1.97029574161132,exact,1.0,10.0,0.6781836541279606,-15.970327717467438
2026p079403,2026-01-30T09:05:56.969000+00:00,-39.83600616455078,176.65257263183594,34.401390075683594,2.1532017709639284,TWVZ,HHZ,139304.0075458007,139.30400754580072,1.0,10.0,3.1622776601683795,1.938391632676711e-08,5.575327218296571e-09,3.4767316011793605,-17.758822170054838,0.5802755580898467,exact,1.0,10.0,-0.5442521881111088,-17.21456998194373
2026p079403,2026-01-30T09:05:56.969000+00:00,-39.83600616455078,176.65257263183594,34.401390075683594,2.1532017709639284,WTVZ,HHZ,126622.48540830257,126.62248540830257,1.0,10.0,3.1622776601683795,5.040183461921672e-08,1.0717604515494883e-08,4.702714542820526,-16.80323826135666,1.0296407025017171,exact,1.0,10.0,0.02920990886272243,-16.832448170219383
2026p079576,2026-01-30T10:38:33.697000+00:00,-40.28451156616211,174.7698516845703,12.0,2.240847211039444,COVZ,HHZ,138047.35221561586,138.04735221561586,1.0,10.0,3.1622776601683795,5.380853560899426e-08,1.1937214730162751e-08,4.50762902614391,-16.737833727920684,1.0310666692210522,exact,1.0,10.0,0.030593867562053945,-16.768427595482738
2026p079576,2026-01-30T10:38:33.697000+00:00,-40.28451156616211,174.7698516845703,12.0,2.240847211039444,ETVZ,HHZ,151498.99410698673,151.49899410698674,1.0,10.0,3.1622776601683795,8.643613220052488e-08,1.57188307255838e-08,5.498890706917682,-16.263860051790964,0.9471602664391504,exact,1.0,10.0,-0.05428696417065311,-16.20957308762031
2026p079576,2026-01-30T10:38:33.697000+00:00,-40.28451156616211,174.7698516845703,12.0,2.240847211039444,FWVZ,HHZ,133289.65661694744,133.28965661694744,1.0,10.0,3.1622776601683795,6.554226378985549e-08,1.0698164891112322e-08,6.1264959417765015,-16.540570653688558,0.6226707538339719,exact,1.0,10.0,-0.4737373849098134,-16.066833268778744
2026p079576,2026-01-30T10:38:33.697000+00:00,-40.28451156616211,174.7698516845703,12.0,2.240847211039444,KRVZ,HHZ,152378.65021440745,152.37865021440746,1.0,10.0,3.1622776601683795,7.649755409046824e-08,1.5854306297874243e-08,4.825033189924247,-16.386007069298675,0.8296358879603257,exact,1.0,10.0,-0.18676836364818022,-16.199238705650494
2026p079576,2026-01-30T10:38:33.697000+00:00,-40.28451156616211,174.7698516845703,12.0,2.240847211039444,NGZ,HHZ,142895.26600379145,142.89526600379145,1.0,10.0,3.1622776601683795,8.353621651922154e-08,8.391478484747915e-09,9.954886575834557,-16.29798556835448,1.12652241557642,exact,1.0,10.0,0.11913537911777466,-16.417120947472256
2026p079576,2026-01-30T10:38:33.697000+00:00,-40.28451156616211,174.7698516845703,12.0,2.240847211039444,NOVZ,EHZ,148025.7827538397,148.0257827538397,1.0,10.0,3.1622776601683795,1.002670335234395e-07,1.1593691954523094e-08,8.64841276762765,-16.11542887473463,1.277398836799036,exact,1.0,10.0,0.24482585154452702,-16.360254726279155
2026p079576,2026-01-30T10:38:33.697000+00:00,-40.28451156616211,174.7698516845703,12.0,2.240847211039444,NTVZ,HHZ,153481.89866611714,153.48189866611713,1.0,10.0,3.1622776601683795,1.3982893929419026e-07,1.7233431456047685e-08,8.113818751118218,-15.782846023603676,0.9936348993076428,exact,1.0,10.0,-0.006385444317864613,-15.776460579285812
2026p079576,2026-01-30T10:38:33.697000+00:00,-40.28451156616211,174.7698516845703,12.0,2.240847211039444,OTVZ,HHZ,146884.80924527437,146.88480924527437,1.0,10.0,3.1622776601683795,6.749656649617198e-08,8.727903568401452e-09,7.733422575902065,-16.511189107085062,1.0,exact,1.0,10.0,0.0,-16.511189107085062
2026p079576,2026-01-30T10:38:33.697000+00:00,-40.28451156616211,174.7698516845703,12.0,2.240847211039444,SNVZ,EHZ,143605.38475885236,143.60538475885235,1.0,10.0,3.1622776601683795,4.662869351040392e-08,1.2381527209102652e-08,3.765988857668821,-16.881049744738647,0.7545196052473487,exact,1.0,10.0,-0.28167401668856396,-16.599375728050084
2026p079576,2026-01-30T10:38:33.697000+00:00,-40.28451156616211,174.7698516845703,12.0,2.240847211039444,TMVZ,HHZ,153090.39122818355,153.09039122818356,1.0,10.0,3.1622776601683795,9.068347265476468e-08,1.8244800823738146e-08,4.970373397377801,-16.21589071633275,0.9214864370155496,exact,1.0,10.0,-0.08176722035762422,-16.13412349597513
2026p079576,2026-01-30T10:38:33.697000+00:00,-40.28451156616211,174.7698516845703,12.0,2.240847211039444,TUVZ,EHZ,136624.22462839106,136.62422462839106,1.0,10.0,3.1622776601683795,4.2544678892988837e-07,4.2211866278725864e-08,10.078843378320542,-14.670125952146977,1.97029574161132,exact,1.0,10.0,0.6781836541279606,-15.348309606274938
2026p079576,2026-01-30T10:38:33.697000+00:00,-40.28451156616211,174.7698516845703,12.0,2.240847211039444,TWVZ,HHZ,146994.49526001562,146.9944952600156,1.0,10.0,3.1622776601683795,3.908260874263984e-08,4.591892849071987e-09,8.511219670672055,-17.057588258093944,0.5802755580898467,exact,1.0,10.0,-0.5442521881111088,-16.513336069982834
2026p079576,2026-01-30T10:38:33.697000+00:00,-40.28451156616211,174.7698516845703,12.0,2.240847211039444,WHVZ,HHZ,132268.8735326283,132.2688735326283,1.0,10.0,3.1622776601683795,1.3192875617261584e-07,3.409255029711424e-08,3.8697238846277493,-15.84100378602956,0.8211193479986806,exact,1.0,10.0,-0.19708681103425454,-15.643916974995305
2026p079576,2026-01-30T10:38:33.697000+00:00,-40.28451156616211,174.7698516845703,12.0,2.240847211039444,WTVZ,HHZ,148226.59034730014,148.22659034730015,1.0,10.0,3.1622776601683795,1.1606239637034973e-07,1.0930369908310836e-08,10.618341130623808,-15.969137890711863,1.0296407025017171,exact,1.0,10.0,0.02920990886272243,-15.998347799574585
2026p081831,2026-01-31T06:39:42.543000+00:00,-38.68867492675781,174.66415405273438,13.827181816101074,2.212112023912173,ETVZ,HHZ,104532.88279307798,104.53288279307797,1.0,10.0,3.1622776601683795,7.665133008566743e-08,2.4384788958548277e-08,3.1434075650999924,-16.383998879063327,0.9471602664391504,exact,1.0,10.0,-0.05428696417065311,-16.329711914892673
2026p081831,2026-01-31T06:39:42.543000+00:00,-38.68867492675781,174.66415405273438,13.827181816101074,2.212112023912173,FWVZ,HHZ,100679.17475386414,100.67917475386413,1.0,10.0,3.1622776601683795,6.779995851855319e-08,1.0780635564942562e-08,6.289050224369997,-16.506704253821,0.6226707538339719,exact,1.0,10.0,-0.4737373849098134,-16.032966868911185
2026p081831,2026-01-31T06:39:42.543000+00:00,-38.68867492675781,174.66415405273438,13.827181816101074,2.212112023912173,KRVZ,HHZ,97162.11479690066,97.16211479690065,1.0,10.0,3.1622776601683795,1.348549048820993e-07,2.242307610665035e-08,6.014112615088674,-15.81906641514785,0.8296358879603257,exact,1.0,10.0,-0.18676836364818022,-15.632298051499669
2026p081831,2026-01-31T06:39:42.543000+00:00,-38.68867492675781,174.66415405273438,13.827181816101074,2.212112023912173,NGZ,HHZ,98774.16749398161,98.77416749398161,1.0,10.0,3.1622776601683795,1.0746692434034522e-07,1.5921007759545743e-08,6.7500076605333845,-16.046082717276995,1.12652241557642,exact,1.0,10.0,0.11913537911777466,-16.16521809639477
2026p081831,2026-01-31T06:39:42.543000+00:00,-38.68867492675781,174.66415405273438,13.827181816101074,2.212112023912173,NOVZ,EHZ,96625.86083258054,96.62586083258054,1.0,10.0,3.1622776601683795,1.5459638962610126e-07,1.652556729234633e-08,9.354982306580252,-15.682448054066414,1.277398836799036,exact,1.0,10.0,0.24482585154452702,-15.927273905610942
2026p081831,2026-01-31T06:39:42.543000+00:00,-38.68867492675781,174.66415405273438,13.827181816101074,2.212112023912173,NTVZ,HHZ,100013.66446385415,100.01366446385414,1.0,10.0,3.1622776601683795,2.423852047137646e-07,2.1841401417066376e-08,11.097511560058152,-15.23273762127345,0.9936348993076428,exact,1.0,10.0,-0.006385444317864613,-15.226352176955587
2026p081831,2026-01-31T06:39:42.543000+00:00,-38.68867492675781,174.66415405273438,13.827181816101074,2.212112023912173,OTVZ,HHZ,102677.10349672021,102.6771034967202,1.0,10.0,3.1622776601683795,7.513527274871765e-08,1.2932993646427906e-08,5.809580890768474,-16.403975711359948,1.0,exact,1.0,10.0,0.0,-16.403975711359948
2026p081831,2026-01-31T06:39:42.543000+00:00,-38.68867492675781,174.66415405273438,13.827181816101074,2.212112023912173,SNVZ,EHZ,102236.67059670262,102.23667059670262,1.0,10.0,3.1622776601683795,6.361532334244502e-08,1.3900044238879748e-08,4.576627401264443,-16.57041146256273,0.7545196052473487,exact,1.0,10.0,-0.28167401668856396,-16.28873744587417
2026p081831,2026-01-31T06:39:42.543000+00:00,-38.68867492675781,174.66415405273438,13.827181816101074,2.212112023912173,TMVZ,HHZ,103001.81403729829,103.00181403729829,1.0,10.0,3.1622776601683795,1.2858478883358948e-07,2.3621927444980194e-08,5.443450333724336,-15.866677314925871,0.9214864370155496,exact,1.0,10.0,-0.08176722035762422,-15.784910094568247
2026p081831,2026-01-31T06:39:42.543000+00:00,-38.68867492675781,174.66415405273438,13.827181816101074,2.212112023912173,TUVZ,EHZ,108277.21705329126,108.27721705329125,1.0,10.0,3.1622776601683795,3.6265023956946115e-07,2.494895059666836e-08,14.535691117120127,-14.829826994529292,1.97029574161132,exact,1.0,10.0,0.6781836541279606,-15.508010648657253
2026p081831,2026-01-31T06:39:42.543000+00:00,-38.68867492675781,174.66415405273438,13.827181816101074,2.212112023912173,TWVZ,HHZ,80805.4306426287,80.80543064262869,1.0,10.0,3.1622776601683795,5.757104247343907e-08,9.907883941859281e-09,5.810629475604806,-16.67024613049422,0.5802755580898467,exact,1.0,10.0,-0.5442521881111088,-16.12599394238311
2026p081831,2026-01-31T06:39:42.543000+00:00,-38.68867492675781,174.66415405273438,13.827181816101074,2.212112023912173,WTVZ,HHZ,94412.80224801699,94.41280224801699,1.0,10.0,3.1622776601683795,1.264392992265596e-07,1.3832709988191359e-08,9.140602191074466,-15.883503491954123,1.0296407025017171,exact,1.0,10.0,0.02920990886272243,-15.912713400816845
2026p082432,2026-01-31T12:00:07.791000+00:00,-40.27853393554688,176.66452026367188,12.80931854248047,2.4869453625022127,COVZ,HHZ,154236.02596294964,154.23602596294964,1.0,10.0,3.1622776601683795,9.500057102678745e-08,1.6135509184468207e-08,5.887671094893834,-16.169382934555646,1.0310666692210522,exact,1.0,10.0,0.030593867562053945,-16.1999768021177
2026p082432,2026-01-31T12:00:07.791000+00:00,-40.27853393554688,176.66452026367188,12.80931854248047,2.4869453625022127,ETVZ,HHZ,151621.97835316294,151.62197835316294,1.0,10.0,3.1622776601683795,1.419930077652317e-07,1.6161845100867588e-08,8.785692900720187,-15.76748802164745,0.9471602664391504,exact,1.0,10.0,-0.05428696417065311,-15.713201057476796
2026p082432,2026-01-31T12:00:07.791000+00:00,-40.27853393554688,176.66452026367188,12.80931854248047,2.4869453625022127,FWVZ,HHZ,149020.66985355967,149.02066985355967,1.0,10.0,3.1622776601683795,6.237347342944314e-08,2.061907476337569e-08,3.025037454165162,-16.590125757251286,0.6226707538339719,exact,1.0,10.0,-0.4737373849098134,-16.116388372341472
2026p082432,2026-01-31T12:00:07.791000+00:00,-40.27853393554688,176.66452026367188,12.80931854248047,2.4869453625022127,KRVZ,HHZ,158698.73342466395,158.69873342466394,1.0,10.0,3.1622776601683795,7.499907181829135e-08,1.591643713551918e-08,4.7120515213120875,-16.405790099242797,0.8296358879603257,exact,1.0,10.0,-0.18676836364818022,-16.219021735594616
2026p082432,2026-01-31T12:00:07.791000+00:00,-40.27853393554688,176.66452026367188,12.80931854248047,2.4869453625022127,NGZ,HHZ,153328.9526950057,153.32895269500568,1.0,10.0,3.1622776601683795,1.455742729574245e-07,1.2485293103114247e-08,11.659660030016711,-15.742579413517516,1.12652241557642,exact,1.0,10.0,0.11913537911777466,-15.861714792635292
2026p082432,2026-01-31T12:00:07.791000+00:00,-40.27853393554688,176.66452026367188,12.80931854248047,2.4869453625022127,NOVZ,EHZ,157267.63473921688,157.26763473921687,1.0,10.0,3.1622776601683795,1.644508524262963e-07,1.5109069868184573e-08,10.88424726743658,-15.620654080826474,1.277398836799036,exact,1.0,10.0,0.24482585154452702,-15.865479932371002
2026p082432,2026-01-31T12:00:07.791000+00:00,-40.27853393554688,176.66452026367188,12.80931854248047,2.4869453625022127,NTVZ,HHZ,156697.03350893236,156.69703350893235,1.0,10.0,3.1622776601683795,1.3032593097695338e-07,1.5001007071122033e-08,8.687812115483881,-15.853227362815332,0.9936348993076428,exact,1.0,10.0,-0.006385444317864613,-15.846841918497468
2026p082432,2026-01-31T12:00:07.791000+00:00,-40.27853393554688,176.66452026367188,12.80931854248047,2.4869453625022127,OTVZ,HHZ,151277.450216732,151.27745021673198,1.0,10.0,3.1622776601683795,1.5699365913746796e-07,1.1081050244995035e-08,14.167759884346442,-15.667060420073147,1.0,exact,1.0,10.0,0.0,-15.667060420073147
2026p082432,2026-01-31T12:00:07.791000+00:00,-40.27853393554688,176.66452026367188,12.80931854248047,2.4869453625022127,SNVZ,EHZ,150413.32813709413,150.4133281370941,1.0,10.0,3.1622776601683795,8.183193875736849e-08,2.079370424648268e-08,3.935418999296896,-16.31859822018664,0.7545196052473487,exact,1.0,10.0,-0.28167401668856396,-16.036924203498078
2026p082432,2026-01-31T12:00:07.791000+00:00,-40.27853393554688,176.66452026367188,12.80931854248047,2.4869453625022127,TMVZ,HHZ,153795.8034322542,153.79580343225422,1.0,10.0,3.1622776601683795,1.2975728744586803e-07,2.1086607328189727e-08,6.153540274466126,-15.85760015119155,0.9214864370155496,exact,1.0,10.0,-0.08176722035762422,-15.775832930833925
2026p082432,2026-01-31T12:00:07.791000+00:00,-40.27853393554688,176.66452026367188,12.80931854248047,2.4869453625022127,TUVZ,EHZ,142452.6450490671,142.4526450490671,1.0,10.0,3.1622776601683795,3.624835767526375e-07,2.296356319650584e-08,15.78516250508516,-14.830286669187974,1.97029574161132,exact,1.0,10.0,0.6781836541279606,-15.508470323315935
2026p082432,2026-01-31T12:00:07.791000+00:00,-40.27853393554688,176.66452026367188,12.80931854248047,2.4869453625022127,TWVZ,HHZ,171012.28716160703,171.01228716160702,1.0,10.0,3.1622776601683795,3.034220008451019e-08,6.542564706826501e-09,4.63766144381441,-17.310726351333695,0.5802755580898467,exact,1.0,10.0,-0.5442521881111088,-16.766474163222586
2026p082432,2026-01-31T12:00:07.791000+00:00,-40.27853393554688,176.66452026367188,12.80931854248047,2.4869453625022127,WHVZ,HHZ,144731.58854944012,144.73158854944012,1.0,10.0,3.1622776601683795,1.832550462597889e-07,2.993366024495366e-08,6.122039361714303,-15.51238695898833,0.8211193479986806,exact,1.0,10.0,-0.19708681103425454,-15.315300147954074
2026p082432,2026-01-31T12:00:07.791000+00:00,-40.27853393554688,176.66452026367188,12.80931854248047,2.4869453625022127,WTVZ,HHZ,159296.1357230813,159.2961357230813,1.0,10.0,3.1622776601683795,8.492064559485686e-08,1.3261002435335284e-08,6.403787798769812,-16.281548597751453,1.0296407025017171,exact,1.0,10.0,0.02920990886272243,-16.310758506614174
2026p083037,2026-01-31T17:22:07.391000+00:00,-40.26529312133789,176.62460327148438,13.742088317871094,2.1047688584070925,ETVZ,HHZ,148654.7754999259,148.6547754999259,1.0,10.0,3.1622776601683795,7.688899453418771e-08,2.4998566594393395e-08,3.0757361324641765,-16.380903084666354,0.9471602664391504,exact,1.0,10.0,-0.05428696417065311,-16.3266161204957
2026p083037,2026-01-31T17:22:07.391000+00:00,-40.26529312133789,176.62460327148438,13.742088317871094,2.1047688584070925,NGZ,HHZ,150228.5631948854,150.22856319488542,1.0,10.0,3.1622776601683795,7.505272753915196e-08,1.9478199463871487e-08,3.8531655699676506,-16.405074936567278,1.12652241557642,exact,1.0,10.0,0.11913537911777466,-16.524210315685053
2026p083037,2026-01-31T17:22:07.391000+00:00,-40.26529312133789,176.62460327148438,13.742088317871094,2.1047688584070925,NOVZ,EHZ,154211.19869872523,154.21119869872524,1.0,10.0,3.1622776601683795,8.764390235089538e-08,1.9606045956170193e-08,4.470248746066673,-16.24998379615778,1.277398836799036,exact,1.0,10.0,0.24482585154452702,-16.494809647702308
2026p083037,2026-01-31T17:22:07.391000+00:00,-40.26529312133789,176.62460327148438,13.742088317871094,2.1047688584070925,NTVZ,HHZ,153721.62008026117,153.72162008026118,1.0,10.0,3.1622776601683795,7.363973762797375e-08,1.9947005894270716e-08,3.691768981184537,-16.424081043488837,0.9936348993076428,exact,1.0,10.0,-0.006385444317864613,-16.417695599170973
2026p083037,2026-01-31T17:22:07.391000+00:00,-40.26529312133789,176.62460327148438,13.742088317871094,2.1047688584070925,OTVZ,HHZ,148246.2755280352,148.24627552803523,1.0,10.0,3.1622776601683795,8.146795325101907e-08,1.5332714718307574e-08,5.313341749830164,-16.3230561056715,1.0,exact,1.0,10.0,0.0,-16.3230561056715
2026p083037,2026-01-31T17:22:07.391000+00:00,-40.26529312133789,176.62460327148438,13.742088317871094,2.1047688584070925,TMVZ,HHZ,150836.21511261485,150.83621511261487,1.0,10.0,3.1622776601683795,7.80705471596044e-08,2.548171899692473e-08,3.0637865196232004,-16.3656529682618,0.9214864370155496,exact,1.0,10.0,-0.08176722035762422,-16.283885747904176
2026p083037,2026-01-31T17:22:07.391000+00:00,-40.26529312133789,176.62460327148438,13.742088317871094,2.1047688584070925,TUVZ,EHZ,139331.8303034142,139.3318303034142,1.0,10.0,3.1622776601683795,1.9952253770496974e-07,3.143450738787736e-08,6.3472455681591216,-15.427338636045,1.97029574161132,exact,1.0,10.0,0.6781836541279606,-16.10552229017296
2026p083037,2026-01-31T17:22:07.391000+00:00,-40.26529312133789,176.62460327148438,13.742088317871094,2.1047688584070925,WHVZ,HHZ,141547.91936674717,141.54791936674718,1.0,10.0,3.1622776601683795,9.748332136978264e-08,2.845761803160869e-08,3.425561523157178,-16.143584536449556,0.8211193479986806,exact,1.0,10.0,-0.19708681103425454,-15.9464977254153
2026p083037,2026-01-31T17:22:07.391000+00:00,-40.26529312133789,176.62460327148438,13.742088317871094,2.1047688584070925,WTVZ,HHZ,156226.39699769786,156.22639699769786,1.0,10.0,3.1622776601683795,4.53410147994476e-08,1.2624444980620525e-08,3.5915253992590945,-16.909053810127038,1.0296407025017171,exact,1.0,10.0,0.02920990886272243,-16.93826371898976
2026p083814,2026-02-01T00:16:32.449000+00:00,-40.13513946533203,174.89102172851562,26.906370162963867,2.138394596499833,FWVZ,HHZ,116669.81914103539,116.66981914103539,1.0,10.0,3.1622776601683795,4.655168575170852e-08,1.1931860915658828e-08,3.901460642288934,-16.882702620093678,0.6226707538339719,exact,1.0,10.0,-0.4737373849098134,-16.408965235183864
2026p083814,2026-02-01T00:16:32.449000+00:00,-40.13513946533203,174.89102172851562,26.906370162963867,2.138394596499833,NGZ,HHZ,125970.69083783425,125.97069083783425,1.0,10.0,3.1622776601683795,4.7883815993442676e-08,1.1711180241426546e-08,4.08872675565703,-16.854488260321276,1.12652241557642,exact,1.0,10.0,0.11913537911777466,-16.97362363943905
2026p083814,2026-02-01T00:16:32.449000+00:00,-40.13513946533203,174.89102172851562,26.906370162963867,2.138394596499833,NOVZ,EHZ,131009.44565049514,131.00944565049514,1.0,10.0,3.1622776601683795,5.708948227291669e-08,1.3958215534608475e-08,4.09002727686552,-16.678645935623788,1.277398836799036,exact,1.0,10.0,0.24482585154452702,-16.923471787168314
2026p083814,2026-02-01T00:16:32.449000+00:00,-40.13513946533203,174.89102172851562,26.906370162963867,2.138394596499833,NTVZ,HHZ,136321.37400061375,136.32137400061376,1.0,10.0,3.1622776601683795,7.599058541555037e-08,1.3858552053618395e-08,5.483299057617612,-16.39265638044454,0.9936348993076428,exact,1.0,10.0,-0.006385444317864613,-16.386270936126675
2026p083814,2026-02-01T00:16:32.449000+00:00,-40.13513946533203,174.89102172851562,26.906370162963867,2.138394596499833,TMVZ,HHZ,135925.71689834955,135.92571689834955,1.0,10.0,3.1622776601683795,4.16893579345998e-08,1.2719422205801421e-08,3.277614129011692,-16.99301994611738,0.9214864370155496,exact,1.0,10.0,-0.08176722035762422,-16.911252725759756
2026p083814,2026-02-01T00:16:32.449000+00:00,-40.13513946533203,174.89102172851562,26.906370162963867,2.138394596499833,TUVZ,EHZ,119847.97438142527,119.84797438142527,1.0,10.0,3.1622776601683795,2.562198296965559e-07,3.744403214282551e-08,6.842741420561704,-15.177230051194966,1.97029574161132,exact,1.0,10.0,0.6781836541279606,-15.855413705322928
2026p083814,2026-02-01T00:16:32.449000+00:00,-40.13513946533203,174.89102172851562,26.906370162963867,2.138394596499833,TWVZ,HHZ,130180.58145224449,130.1805814522445,1.0,10.0,3.1622776601683795,2.189342269065164e-08,5.453188319014047e-09,4.014793073313491,-17.637079578993372,0.5802755580898467,exact,1.0,10.0,-0.5442521881111088,-17.092827390882263
2026p083814,2026-02-01T00:16:32.449000+00:00,-40.13513946533203,174.89102172851562,26.906370162963867,2.138394596499833,WTVZ,HHZ,131185.33004779494,131.18533004779493,1.0,10.0,3.1622776601683795,6.408821395863182e-08,1.4914208235771006e-08,4.297124791708308,-16.563005359526002,1.0296407025017171,exact,1.0,10.0,0.02920990886272243,-16.592215268388724
2026p085012,2026-02-01T10:55:44.365000+00:00,-40.07596969604492,176.3788299560547,20.79326057434082,2.213081550910988,COVZ,HHZ,122872.93645477279,122.87293645477278,1.0,10.0,3.1622776601683795,9.620311487039701e-08,1.3568985377871007e-08,7.089926931993747,-16.156804100688788,1.0310666692210522,exact,1.0,10.0,0.030593867562053945,-16.187397968250842
2026p085012,2026-02-01T10:55:44.365000+00:00,-40.07596969604492,176.3788299560547,20.79326057434082,2.213081550910988,ETVZ,HHZ,121148.65588424813,121.14865588424813,1.0,10.0,3.1622776601683795,1.49250940550323e-07,1.5667378031027527e-08,9.526223229869597,-15.717636782848846,0.9471602664391504,exact,1.0,10.0,-0.05428696417065311,-15.663349818678192
2026p085012,2026-02-01T10:55:44.365000+00:00,-40.07596969604492,176.3788299560547,20.79326057434082,2.213081550910988,FWVZ,HHZ,117698.8775084612,117.6988775084612,1.0,10.0,3.1622776601683795,7.393015161908477e-08,9.64724740510171e-09,7.663341522680201,-16.420145086532965,0.6226707538339719,exact,1.0,10.0,-0.4737373849098134,-15.946407701623151
2026p085012,2026-02-01T10:55:44.365000+00:00,-40.07596969604492,176.3788299560547,20.79326057434082,2.213081550910988,KRVZ,HHZ,127964.56758108272,127.96456758108272,1.0,10.0,3.1622776601683795,7.590765153521352e-08,1.3763903998346839e-08,5.514979728449912,-16.39374834688526,0.8296358879603257,exact,1.0,10.0,-0.18676836364818022,-16.20697998323708
2026p085012,2026-02-01T10:55:44.365000+00:00,-40.07596969604492,176.3788299560547,20.79326057434082,2.213081550910988,NGZ,HHZ,122254.04212624687,122.25404212624687,1.0,10.0,3.1622776601683795,1.6853408605086702e-07,9.75624653737652e-09,17.27448003750285,-15.596127816509012,1.12652241557642,exact,1.0,10.0,0.11913537911777466,-15.715263195626788
2026p085012,2026-02-01T10:55:44.365000+00:00,-40.07596969604492,176.3788299560547,20.79326057434082,2.213081550910988,NOVZ,EHZ,126338.59441782882,126.33859441782882,1.0,10.0,3.1622776601683795,1.9795159097690117e-07,1.512894534482406e-08,13.084295465752653,-15.435243326160084,1.277398836799036,exact,1.0,10.0,0.24482585154452702,-15.680069177704612
2026p085012,2026-02-01T10:55:44.365000+00:00,-40.07596969604492,176.3788299560547,20.79326057434082,2.213081550910988,NTVZ,HHZ,126134.48716993486,126.13448716993486,1.0,10.0,3.1622776601683795,1.5279020395098944e-07,1.389711985492829e-08,10.994379090485136,-15.694200072537535,0.9936348993076428,exact,1.0,10.0,-0.006385444317864613,-15.687814628219671
2026p085012,2026-02-01T10:55:44.365000+00:00,-40.07596969604492,176.3788299560547,20.79326057434082,2.213081550910988,OTVZ,HHZ,120521.16346279644,120.52116346279644,1.0,10.0,3.1622776601683795,1.5919094091190408e-07,9.19363926687002e-09,17.315334688577654,-15.65316146897491,1.0,exact,1.0,10.0,0.0,-15.65316146897491
2026p085012,2026-02-01T10:55:44.365000+00:00,-40.07596969604492,176.3788299560547,20.79326057434082,2.213081550910988,SNVZ,EHZ,119497.87360560666,119.49787360560666,1.0,10.0,3.1622776601683795,1.0136063478542391e-07,1.532916008988669e-08,6.612275831883047,-16.10458103827137,0.7545196052473487,exact,1.0,10.0,-0.28167401668856396,-15.822907021582806
2026p085012,2026-02-01T10:55:44.365000+00:00,-40.07596969604492,176.3788299560547,20.79326057434082,2.213081550910988,TMVZ,HHZ,123335.97319710314,123.33597319710314,1.0,10.0,3.1622776601683795,1.2615011437649205e-07,2.486419655680105e-08,5.073564878250067,-15.885793255189188,0.9214864370155496,exact,1.0,10.0,-0.08176722035762422,-15.804026034831564
2026p085012,2026-02-01T10:55:44.365000+00:00,-40.07596969604492,176.3788299560547,20.79326057434082,2.213081550910988,TUVZ,EHZ,111419.89507125551,111.41989507125551,1.0,10.0,3.1622776601683795,6.457209404844815e-07,7.498981604768197e-08,8.610781763671783,-14.252898407168518,1.97029574161132,exact,1.0,10.0,0.6781836541279606,-14.931082061296479
2026p085012,2026-02-01T10:55:44.365000+00:00,-40.07596969604492,176.3788299560547,20.79326057434082,2.213081550910988,TWVZ,HHZ,139521.83552696762,139.52183552696764,1.0,10.0,3.1622776601683795,3.100180698352168e-08,5.7213184307708675e-09,5.418647355264339,-17.289220344369028,0.5802755580898467,exact,1.0,10.0,-0.5442521881111088,-16.74496815625792
2026p085012,2026-02-01T10:55:44.365000+00:00,-40.07596969604492,176.3788299560547,20.79326057434082,2.213081550910988,WHVZ,HHZ,113496.74699141746,113.49674699141745,1.0,10.0,3.1622776601683795,3.272156689585744e-07,3.345407904189114e-08,9.781039512366656,-14.93264634534921,0.8211193479986806,exact,1.0,10.0,-0.19708681103425454,-14.735559534314955
2026p085012,2026-02-01T10:55:44.365000+00:00,-40.07596969604492,176.3788299560547,20.79326057434082,2.213081550910988,WTVZ,HHZ,128276.32343253626,128.27632343253626,1.0,10.0,3.1622776601683795,1.128789920398527e-07,1.1098247834576473e-08,10.170884064075358,-15.996949458925663,1.0296407025017171,exact,1.0,10.0,0.02920990886272243,-16.026159367788384
2026p087290,2026-02-02T07:08:27.335000+00:00,-38.62212753295898,176.2015380859375,5.0,2.527558294538,ETVZ,HHZ,71443.51097776882,71.44351097776882,1.0,10.0,3.1622776601683795,2.382627300740422e-07,3.56552651041012e-08,6.682399622563354,-15.249891864259066,0.9471602664391504,exact,1.0,10.0,-0.05428696417065311,-15.195604900088412
2026p087290,2026-02-02T07:08:27.335000+00:00,-38.62212753295898,176.2015380859375,5.0,2.527558294538,KRVZ,HHZ,71785.7986400604,71.78579864006039,1.0,10.0,3.1622776601683795,1.640223826554933e-07,1.9379157760487883e-08,8.463855069590183,-15.62326293882804,0.8296358879603257,exact,1.0,10.0,-0.18676836364818022,-15.436494575179859
2026p087290,2026-02-02T07:08:27.335000+00:00,-38.62212753295898,176.2015380859375,5.0,2.527558294538,NOVZ,EHZ,76198.11645953057,76.19811645953058,1.0,10.0,3.1622776601683795,1.4991462340373692e-07,2.2317673396542e-08,6.71730519306575,-15.71319988220147,1.277398836799036,exact,1.0,10.0,0.24482585154452702,-15.958025733745998
2026p087290,2026-02-02T07:08:27.335000+00:00,-38.62212753295898,176.2015380859375,5.0,2.527558294538,NTVZ,HHZ,70117.88388309634,70.11788388309634,1.0,10.0,3.1622776601683795,2.8596895004434203e-07,4.394802185901363e-08,6.506981155186864,-15.067382598298828,0.9936348993076428,exact,1.0,10.0,-0.006385444317864613,-15.060997153980964
2026p087290,2026-02-02T07:08:27.335000+00:00,-38.62212753295898,176.2015380859375,5.0,2.527558294538,OTVZ,HHZ,76257.83981771811,76.25783981771811,1.0,10.0,3.1622776601683795,1.4882684148040015e-07,1.746997576644083e-08,8.519006750214901,-15.72048234452206,1.0,exact,1.0,10.0,0.0,-15.72048234452206
2026p087290,2026-02-02T07:08:27.335000+00:00,-38.62212753295898,176.2015380859375,5.0,2.527558294538,TMVZ,HHZ,70025.37391205181,70.02537391205182,1.0,10.0,3.1622776601683795,2.3417540419665903e-07,2.0259130456277797e-08,11.559005688918596,-15.267195411807403,0.9214864370155496,exact,1.0,10.0,-0.08176722035762422,-15.185428191449779
2026p087290,2026-02-02T07:08:27.335000+00:00,-38.62212753295898,176.2015380859375,5.0,2.527558294538,WTVZ,HHZ,76515.47991815327,76.51547991815328,1.0,10.0,3.1622776601683795,1.3096256477559335e-07,2.115475683477082e-08,6.190691096025171,-15.848354319655684,1.0296407025017171,exact,1.0,10.0,0.02920990886272243,-15.877564228518406
2026p090534,2026-02-03T11:56:51.964000+00:00,-39.23997116088867,175.1073760986328,20.57033920288086,2.110883116610616,FWVZ,HHZ,44649.62231299782,44.64962231299782,1.0,10.0,3.1622776601683795,1.7127909128740825e-07,2.52671601623729e-08,6.778723457116956,-15.57997149810054,0.6226707538339719,exact,1.0,10.0,-0.4737373849098134,-15.106234113190727
2026p090534,2026-02-03T11:56:51.964000+00:00,-39.23997116088867,175.1073760986328,20.57033920288086,2.110883116610616,KRVZ,HHZ,53513.23249295592,53.513232492955915,1.0,10.0,3.1622776601683795,1.3123852618977818e-07,1.9812366975960395e-08,6.62407103346199,-15.846249358802437,0.8296358879603257,exact,1.0,10.0,-0.18676836364818022,-15.659480995154256
2026p090534,2026-02-03T11:56:51.964000+00:00,-39.23997116088867,175.1073760986328,20.57033920288086,2.110883116610616,NGZ,HHZ,48529.73843199144,48.52973843199144,1.0,10.0,3.1622776601683795,1.8355536380716281e-07,2.3410380073006244e-08,7.840768207724,-15.510749504836353,1.12652241557642,exact,1.0,10.0,0.11913537911777466,-15.629884883954128
2026p090534,2026-02-03T11:56:51.964000+00:00,-39.23997116088867,175.1073760986328,20.57033920288086,2.110883116610616,NOVZ,EHZ,50355.46437133842,50.35546437133842,1.0,10.0,3.1622776601683795,2.0661831296141823e-07,1.642542497934414e-08,12.579176077407553,-15.392392644492052,1.277398836799036,exact,1.0,10.0,0.24482585154452702,-15.63721849603658
2026p090534,2026-02-03T11:56:51.964000+00:00,-39.23997116088867,175.1073760986328,20.57033920288086,2.110883116610616,NTVZ,HHZ,56016.37606657119,56.01637606657119,1.0,10.0,3.1622776601683795,1.825038521084574e-07,2.0031191913927163e-08,9.110983155304266,-15.516494556703021,0.9936348993076428,exact,1.0,10.0,-0.006385444317864613,-15.510109112385157
2026p090534,2026-02-03T11:56:51.964000+00:00,-39.23997116088867,175.1073760986328,20.57033920288086,2.110883116610616,OTVZ,HHZ,53673.95966520338,53.67395966520338,1.0,10.0,3.1622776601683795,1.0898675590356724e-07,2.0406837753008604e-08,5.3406979181524195,-16.032039467571515,1.0,exact,1.0,10.0,0.0,-16.032039467571515
2026p090534,2026-02-03T11:56:51.964000+00:00,-39.23997116088867,175.1073760986328,20.57033920288086,2.110883116610616,SNVZ,EHZ,51439.2652945622,51.439265294562205,1.0,10.0,3.1622776601683795,7.928467050011555e-08,1.955272802214651e-08,4.054916040887661,-16.350221037205355,0.7545196052473487,exact,1.0,10.0,-0.28167401668856396,-16.068547020516792
2026p090534,2026-02-03T11:56:51.964000+00:00,-39.23997116088867,175.1073760986328,20.57033920288086,2.110883116610616,TUVZ,EHZ,52168.95331235896,52.16895331235896,1.0,10.0,3.1622776601683795,2.4473863253819565e-07,5.4095434669197224e-08,4.5242012386962775,-15.223075001810743,1.97029574161132,exact,1.0,10.0,0.6781836541279606,-15.901258655938705
2026p090534,2026-02-03T11:56:51.964000+00:00,-39.23997116088867,175.1073760986328,20.57033920288086,2.110883116610616,TWVZ,HHZ,40449.615320035264,40.449615320035264,1.0,10.0,3.1622776601683795,6.933154377032658e-08,1.1861403491205673e-08,5.845138294277793,-16.484365857251216,0.5802755580898467,exact,1.0,10.0,-0.5442521881111088,-15.940113669140107
2026p090534,2026-02-03T11:56:51.964000+00:00,-39.23997116088867,175.1073760986328,20.57033920288086,2.110883116610616,WTVZ,HHZ,49010.14782884242,49.01014782884242,1.0,10.0,3.1622776601683795,1.6286758795139594e-07,1.8731918431949986e-08,8.694656051544715,-15.630328310126185,1.0296407025017171,exact,1.0,10.0,0.02920990886272243,-15.659538218988907
2026p091298,2026-02-03T18:43:44.860000+00:00,-40.264739990234375,176.70021057128906,17.008556365966797,3.107241828022601,COVZ,HHZ,155431.0644096396,155.4310644096396,1.0,10.0,3.1622776601683795,3.6971793086827956e-07,2.485348238090503e-08,14.875900495631727,-14.810525471048564,1.0310666692210522,exact,1.0,10.0,0.030593867562053945,-14.841119338610618
2026p091298,2026-02-03T18:43:44.860000+00:00,-40.264739990234375,176.70021057128906,17.008556365966797,3.107241828022601,ETVZ,HHZ,152479.46663155354,152.47946663155355,1.0,10.0,3.1622776601683795,5.851491946459774e-07,4.523971483948728e-08,12.93441386008102,-14.351398988647224,0.9471602664391504,exact,1.0,10.0,-0.05428696417065311,-14.29711202447657
2026p091298,2026-02-03T18:43:44.860000+00:00,-40.264739990234375,176.70021057128906,17.008556365966797,3.107241828022601,FWVZ,HHZ,150324.61137400827,150.32461137400827,1.0,10.0,3.1622776601683795,2.3773416959448931e-07,1.7325026447457337e-08,13.722009043707969,-15.252112721988048,0.6226707538339719,exact,1.0,10.0,-0.4737373849098134,-14.778375337078234
2026p091298,2026-02-03T18:43:44.860000+00:00,-40.264739990234375,176.70021057128906,17.008556365966797,3.107241828022601,KRVZ,HHZ,159589.26554455506,159.58926554455508,1.0,10.0,3.1622776601683795,2.610931578245015e-07,3.1817168624562967e-08,8.206046267201057,-15.158388566776182,0.8296358879603257,exact,1.0,10.0,-0.18676836364818022,-14.971620203128001
2026p091298,2026-02-03T18:43:44.860000+00:00,-40.264739990234375,176.70021057128906,17.008556365966797,3.107241828022601,NGZ,HHZ,154412.95259507775,154.41295259507774,1.0,10.0,3.1622776601683795,5.915489904500737e-07,6.562386175913404e-08,9.014236203003358,-14.340521332866278,1.12652241557642,exact,1.0,10.0,0.11913537911777466,-14.459656711984053
2026p091298,2026-02-03T18:43:44.860000+00:00,-40.264739990234375,176.70021057128906,17.008556365966797,3.107241828022601,NOVZ,EHZ,158258.00471017542,158.2580047101754,1.0,10.0,3.1622776601683795,6.357273496158606e-07,2.7118623387314492e-08,23.442463894138527,-14.268496061095053,1.277398836799036,exact,1.0,10.0,0.24482585154452702,-14.513321912639581
2026p091298,2026-02-03T18:43:44.860000+00:00,-40.264739990234375,176.70021057128906,17.008556365966797,3.107241828022601,NTVZ,HHZ,157546.2680804991,157.54626808049912,1.0,10.0,3.1622776601683795,3.7147794729644677e-07,7.503494131451729e-08,4.9507328291143144,-14.805776335798335,0.9936348993076428,exact,1.0,10.0,-0.006385444317864613,-14.79939089148047
2026p091298,2026-02-03T18:43:44.860000+00:00,-40.264739990234375,176.70021057128906,17.008556365966797,3.107241828022601,OTVZ,HHZ,152253.22399870184,152.25322399870183,1.0,10.0,3.1622776601683795,5.482582203303382e-07,1.7902219023370536e-08,30.62515432386409,-14.416519455998232,1.0,exact,1.0,10.0,0.0,-14.416519455998232
2026p091298,2026-02-03T18:43:44.860000+00:00,-40.264739990234375,176.70021057128906,17.008556365966797,3.107241828022601,SNVZ,EHZ,151465.85954917455,151.46585954917455,1.0,10.0,3.1622776601683795,3.5793248224006325e-07,3.0801211140229114e-08,11.620727529527944,-14.842921465427175,0.7545196052473487,exact,1.0,10.0,-0.28167401668856396,-14.56124744873861
2026p091298,2026-02-03T18:43:44.860000+00:00,-40.264739990234375,176.70021057128906,17.008556365966797,3.107241828022601,TMVZ,HHZ,154629.79988817906,154.62979988817906,1.0,10.0,3.1622776601683795,4.251887861659204e-07,5.306595639115015e-08,8.01245874156768,-14.670732563907485,0.9214864370155496,exact,1.0,10.0,-0.08176722035762422,-14.58896534354986
2026p091298,2026-02-03T18:43:44.860000+00:00,-40.264739990234375,176.70021057128906,17.008556365966797,3.107241828022601,TUVZ,EHZ,143627.8059014884,143.62780590148841,1.0,10.0,3.1622776601683795,1.263495867342524e-06,4.250430939432824e-08,29.726300352761985,-13.581628180924838,1.97029574161132,exact,1.0,10.0,0.6781836541279606,-14.2598118350528
2026p091298,2026-02-03T18:43:44.860000+00:00,-40.264739990234375,176.70021057128906,17.008556365966797,3.107241828022601,TWVZ,HHZ,172126.1750515279,172.12617505152792,1.0,10.0,3.1622776601683795,1.4187667865935677e-07,1.5262894048970067e-08,9.295529288492345,-15.768307616820517,0.5802755580898467,exact,1.0,10.0,-0.5442521881111088,-15.224055428709407
2026p091298,2026-02-03T18:43:44.860000+00:00,-40.264739990234375,176.70021057128906,17.008556365966797,3.107241828022601,WHVZ,HHZ,146042.55913946682,146.04255913946682,1.0,10.0,3.1622776601683795,7.704430052905132e-07,5.984942812063382e-08,12.873022006786622,-14.076300155992302,0.8211193479986806,exact,1.0,10.0,-0.19708681103425454,-13.879213344958046
2026p091298,2026-02-03T18:43:44.860000+00:00,-40.264739990234375,176.70021057128906,17.008556365966797,3.107241828022601,WTVZ,HHZ,160289.27918094827,160.28927918094828,1.0,10.0,3.1622776601683795,3.095573554591686e-07,2.62735368513716e-08,11.782096837982749,-14.98812244548293,1.0296407025017171,exact,1.0,10.0,0.02920990886272243,-15.017332354345651
2026p091324,2026-02-03T18:57:36.825000+00:00,-40.261905670166016,176.68862915039062,18.603843688964844,2.570560833064157,ETVZ,HHZ,151870.41873491928,151.87041873491927,1.0,10.0,3.1622776601683795,1.500174074542409e-07,4.07553782655023e-08,3.680922956399703,-15.712514499888462,0.9471602664391504,exact,1.0,10.0,-0.05428696417065311,-15.658227535717808
2026p091324,2026-02-03T18:57:36.825000+00:00,-40.261905670166016,176.68862915039062,18.603843688964844,2.570560833064157,FWVZ,HHZ,149654.9668194862,149.6549668194862,1.0,10.0,3.1622776601683795,7.10080346445848e-08,1.533981293801173e-08,4.629002643743354,-16.46047280229942,0.6226707538339719,exact,1.0,10.0,-0.4737373849098134,-15.986735417389607
2026p091324,2026-02-03T18:57:36.825000+00:00,-40.261905670166016,176.68862915039062,18.603843688964844,2.570560833064157,NGZ,HHZ,153762.8235021663,153.76282350216633,1.0,10.0,3.1622776601683795,1.6578678220236843e-07,3.643841758380465e-08,4.549779962894265,-15.612563318759872,1.12652241557642,exact,1.0,10.0,0.11913537911777466,-15.731698697877647
2026p091324,2026-02-03T18:57:36.825000+00:00,-40.261905670166016,176.68862915039062,18.603843688964844,2.570560833064157,NOVZ,EHZ,157617.78923091333,157.61778923091333,1.0,10.0,3.1622776601683795,1.7353438604003808e-07,2.830929541363799e-08,6.129943663537382,-15.566890066764131,1.277398836799036,exact,1.0,10.0,0.24482585154452702,-15.811715918308659
2026p091324,2026-02-03T18:57:36.825000+00:00,-40.261905670166016,176.68862915039062,18.603843688964844,2.570560833064157,OTVZ,HHZ,151627.16880098314,151.62716880098313,1.0,10.0,3.1622776601683795,1.420625314592247e-07,2.5359275829630567e-08,5.601994805121147,-15.766998513887305,1.0,exact,1.0,10.0,0.0,-15.766998513887305
2026p091324,2026-02-03T18:57:36.825000+00:00,-40.261905670166016,176.68862915039062,18.603843688964844,2.570560833064157,SNVZ,EHZ,150829.2092124519,150.8292092124519,1.0,10.0,3.1622776601683795,9.977781914284937e-08,2.180423842228784e-08,4.576074486548384,-16.12031993140853,0.7545196052473487,exact,1.0,10.0,-0.28167401668856396,-15.838645914719967
2026p091324,2026-02-03T18:57:36.825000+00:00,-40.261905670166016,176.68862915039062,18.603843688964844,2.570560833064157,TUVZ,EHZ,142983.31252364963,142.98331252364963,1.0,10.0,3.1622776601683795,3.764781327265236e-07,4.658518443832919e-08,8.081499241994335,-14.792405871800835,1.97029574161132,exact,1.0,10.0,0.6781836541279606,-15.470589525928796
2026p091324,2026-02-03T18:57:36.825000+00:00,-40.261905670166016,176.68862915039062,18.603843688964844,2.570560833064157,TWVZ,HHZ,171436.73714830104,171.43673714830103,1.0,10.0,3.1622776601683795,3.8500844519574945e-08,1.1886200960198487e-08,3.2391211160316797,-17.072585660319877,0.5802755580898467,exact,1.0,10.0,-0.5442521881111088,-16.528333472208768
2026p091324,2026-02-03T18:57:36.825000+00:00,-40.261905670166016,176.68862915039062,18.603843688964844,2.570560833064157,WHVZ,HHZ,145381.515230867,145.381515230867,1.0,10.0,3.1622776601683795,2.1331137547639262e-07,6.20197439636073e-08,3.4394107721818727,-15.360512882012607,0.8211193479986806,exact,1.0,10.0,-0.19708681103425454,-15.163426070978351
2026p091324,2026-02-03T18:57:36.825000+00:00,-40.261905670166016,176.68862915039062,18.603843688964844,2.570560833064157,WTVZ,HHZ,159640.6142445467,159.64061424454673,1.0,10.0,3.1622776601683795,8.749961071241945e-08,2.5588574963065272e-08,3.419479624743347,-16.25163149259366,1.0296407025017171,exact,1.0,10.0,0.02920990886272243,-16.28084140145638
2026p094590,2026-02-04T23:57:59.940000+00:00,-40.0605354309082,174.88479614257812,23.7967586517334,2.123233995495148,FWVZ,HHZ,109341.13214180888,109.34113214180887,1.0,10.0,3.1622776601683795,5.460594225817836e-08,1.0078729038359459e-08,5.417939310636206,-16.723123127550018,0.6226707538339719,exact,1.0,10.0,-0.4737373849098134,-16.249385742640204
2026p094590,2026-02-04T23:57:59.940000+00:00,-40.0605354309082,174.88479614257812,23.7967586517334,2.123233995495148,NGZ,HHZ,118638.03085999095,118.63803085999095,1.0,10.0,3.1622776601683795,6.346806934800253e-08,1.1275619216490012e-08,5.6287879299066566,-16.57272890243001,1.12652241557642,exact,1.0,10.0,0.11913537911777466,-16.691864281547787
2026p094590,2026-02-04T23:57:59.940000+00:00,-40.0605354309082,174.88479614257812,23.7967586517334,2.123233995495148,NOVZ,EHZ,123614.02447585884,123.61402447585884,1.0,10.0,3.1622776601683795,8.668453505315095e-08,1.70954556805984e-08,5.070618570964977,-16.260990342159666,1.277398836799036,exact,1.0,10.0,0.24482585154452702,-16.50581619370419
2026p094590,2026-02-04T23:57:59.940000+00:00,-40.0605354309082,174.88479614257812,23.7967586517334,2.123233995495148,OTVZ,HHZ,122709.346983096,122.709346983096,1.0,10.0,3.1622776601683795,5.3673424452472986e-08,1.1942628956693914e-08,4.49427212777876,-16.740347847082848,1.0,exact,1.0,10.0,0.0,-16.740347847082848
2026p094590,2026-02-04T23:57:59.940000+00:00,-40.0605354309082,174.88479614257812,23.7967586517334,2.123233995495148,TUVZ,EHZ,112892.51851176072,112.89251851176071,1.0,10.0,3.1622776601683795,3.2547182264393817e-07,7.853183030004179e-08,4.144457367164725,-14.937989945422942,1.97029574161132,exact,1.0,10.0,0.6781836541279606,-15.616173599550903
2026p094590,2026-02-04T23:57:59.940000+00:00,-40.0605354309082,174.88479614257812,23.7967586517334,2.123233995495148,TWVZ,HHZ,122256.74990197075,122.25674990197075,1.0,10.0,3.1622776601683795,3.6351007051233216e-08,6.748181031139196e-09,5.386785992179675,-17.130043929052615,0.5802755580898467,exact,1.0,10.0,-0.5442521881111088,-16.585791740941506
2026p094590,2026-02-04T23:57:59.940000+00:00,-40.0605354309082,174.88479614257812,23.7967586517334,2.123233995495148,WTVZ,HHZ,123715.47697527747,123.71547697527747,1.0,10.0,3.1622776601683795,9.080773272892713e-08,1.4652188255542475e-08,6.197554327393886,-16.214521392752406,1.0296407025017171,exact,1.0,10.0,0.02920990886272243,-16.243731301615128
2026p096511,2026-02-05T17:01:27.047000+00:00,-40.33100509643555,176.57261657714844,12.450242042541504,2.3811111193916883,COVZ,HHZ,154107.02134067175,154.10702134067176,1.0,10.0,3.1622776601683795,6.679592469855587e-08,1.616829561941506e-08,4.131290413712292,-16.521623765771494,1.0310666692210522,exact,1.0,10.0,0.030593867562053945,-16.552217633333548
2026p096511,2026-02-05T17:01:27.047000+00:00,-40.33100509643555,176.57261657714844,12.450242042541504,2.3811111193916883,ETVZ,HHZ,152513.57947345564,152.51357947345565,1.0,10.0,3.1622776601683795,1.5551508419271068e-07,2.6244716512846434e-08,5.925576834353998,-15.676523105577019,0.9471602664391504,exact,1.0,10.0,-0.05428696417065311,-15.622236141406365
2026p096511,2026-02-05T17:01:27.047000+00:00,-40.33100509643555,176.57261657714844,12.450242042541504,2.3811111193916883,FWVZ,HHZ,148698.32699693288,148.69832699693288,1.0,10.0,3.1622776601683795,6.578339914924865e-08,1.3575295998195986e-08,4.84581692789539,-16.536898323010874,0.6226707538339719,exact,1.0,10.0,-0.4737373849098134,-16.06316093810106
2026p096511,2026-02-05T17:01:27.047000+00:00,-40.33100509643555,176.57261657714844,12.450242042541504,2.3811111193916883,KRVZ,HHZ,159419.49443446373,159.41949443446373,1.0,10.0,3.1622776601683795,8.791014302845083e-08,2.8990902448109208e-08,3.0323355123491282,-16.24695064609738,0.8296358879603257,exact,1.0,10.0,-0.18676836364818022,-16.060182282449198
2026p096511,2026-02-05T17:01:27.047000+00:00,-40.33100509643555,176.57261657714844,12.450242042541504,2.3811111193916883,NGZ,HHZ,153560.85608603904,153.56085608603905,1.0,10.0,3.1622776601683795,1.4326323614863688e-07,1.4900052966962998e-08,9.614948112351408,-15.758582086676718,1.12652241557642,exact,1.0,10.0,0.11913537911777466,-15.877717465794493
2026p096511,2026-02-05T17:01:27.047000+00:00,-40.33100509643555,176.57261657714844,12.450242042541504,2.3811111193916883,NOVZ,EHZ,157733.0887487056,157.7330887487056,1.0,10.0,3.1622776601683795,1.755106861159372e-07,1.544947828042638e-08,11.360298576444448,-15.555565906344684,1.277398836799036,exact,1.0,10.0,0.24482585154452702,-15.800391757889212
2026p096511,2026-02-05T17:01:27.047000+00:00,-40.33100509643555,176.57261657714844,12.450242042541504,2.3811111193916883,NTVZ,HHZ,157560.90094753593,157.56090094753594,1.0,10.0,3.1622776601683795,1.0491692938039274e-07,1.793357290920859e-08,5.850308240948442,-16.070096948670393,0.9936348993076428,exact,1.0,10.0,-0.006385444317864613,-16.06371150435253
2026p096511,2026-02-05T17:01:27.047000+00:00,-40.33100509643555,176.57261657714844,12.450242042541504,2.3811111193916883,OTVZ,HHZ,151851.55228661417,151.85155228661418,1.0,10.0,3.1622776601683795,1.383459829512601e-07,1.5377825269070753e-08,8.996459546819914,-15.793508166543324,1.0,exact,1.0,10.0,0.0,-15.793508166543324
2026p096511,2026-02-05T17:01:27.047000+00:00,-40.33100509643555,176.57261657714844,12.450242042541504,2.3811111193916883,SNVZ,EHZ,150781.23236423053,150.78123236423053,1.0,10.0,3.1622776601683795,9.889304864384263e-08,2.9487160076184386e-08,3.353766466093649,-16.129226887503414,0.7545196052473487,exact,1.0,10.0,-0.28167401668856396,-15.84755287081485
2026p096511,2026-02-05T17:01:27.047000+00:00,-40.33100509643555,176.57261657714844,12.450242042541504,2.3811111193916883,TMVZ,HHZ,154729.05380912873,154.72905380912874,1.0,10.0,3.1622776601683795,1.2928370045354734e-07,2.1062150377395915e-08,6.138200427639893,-15.86125661902551,0.9214864370155496,exact,1.0,10.0,-0.08176722035762422,-15.779489398667886
2026p096511,2026-02-05T17:01:27.047000+00:00,-40.33100509643555,176.57261657714844,12.450242042541504,2.3811111193916883,TUVZ,EHZ,142543.459148114,142.54345914811398,1.0,10.0,3.1622776601683795,2.3572714895792617e-07,2.774244214462509e-08,8.496986232468243,-15.260590849259403,1.97029574161132,exact,1.0,10.0,0.6781836541279606,-15.938774503387364
2026p096511,2026-02-05T17:01:27.047000+00:00,-40.33100509643555,176.57261657714844,12.450242042541504,2.3811111193916883,TWVZ,HHZ,170958.56373202585,170.95856373202585,1.0,10.0,3.1622776601683795,4.5133114047250556e-08,6.776640175874018e-09,6.660101890599424,-16.913649623776276,0.5802755580898467,exact,1.0,10.0,-0.5442521881111088,-16.369397435665167
2026p096511,2026-02-05T17:01:27.047000+00:00,-40.33100509643555,176.57261657714844,12.450242042541504,2.3811111193916883,WHVZ,HHZ,144445.9183106889,144.4459183106889,1.0,10.0,3.1622776601683795,1.4570572170714912e-07,2.8728203785929072e-08,5.071870235705966,-15.741676854048581,0.8211193479986806,exact,1.0,10.0,-0.19708681103425454,-15.544590043014326
2026p096511,2026-02-05T17:01:27.047000+00:00,-40.33100509643555,176.57261657714844,12.450242042541504,2.3811111193916883,WTVZ,HHZ,159711.72583824754,159.71172583824753,1.0,10.0,3.1622776601683795,1.375352627997578e-07,1.6477042467628162e-08,8.347084318679657,-15.799385495993679,1.0296407025017171,exact,1.0,10.0,0.02920990886272243,-15.8285954048564
2026p100003,2026-02-07T00:01:45.106000+00:00,-40.20130920410156,174.8948974609375,12.0,2.9041686229988493,COVZ,HHZ,124967.23616889367,124.96723616889366,1.0,10.0,3.1622776601683795,5.791713104633749e-07,5.1320732413435214e-08,11.285328233385735,-14.36166753014146,1.0310666692210522,exact,1.0,10.0,0.030593867562053945,-14.392261397703514
2026p100003,2026-02-07T00:01:45.106000+00:00,-40.20130920410156,174.8948974609375,12.0,2.9041686229988493,ETVZ,HHZ,138099.4658418576,138.0994658418576,1.0,10.0,3.1622776601683795,1.1391295332109638e-06,3.0482307997985716e-08,37.3701864467165,-13.68524615458271,0.9471602664391504,exact,1.0,10.0,-0.05428696417065311,-13.630959190412057
2026p100003,2026-02-07T00:01:45.106000+00:00,-40.20130920410156,174.8948974609375,12.0,2.9041686229988493,FWVZ,HHZ,120084.67599469009,120.08467599469009,1.0,10.0,3.1622776601683795,5.493473012783054e-07,1.2347746746001688e-07,4.448967998604191,-14.414534988384073,0.6226707538339719,exact,1.0,10.0,-0.4737373849098134,-13.940797603474259
2026p100003,2026-02-07T00:01:45.106000+00:00,-40.20130920410156,174.8948974609375,12.0,2.9041686229988493,KRVZ,HHZ,139211.72245594024,139.21172245594025,1.0,10.0,3.1622776601683795,6.886494065368379e-07,4.656718163983033e-08,14.788299018461856,-14.188533539361067,0.8296358879603257,exact,1.0,10.0,-0.18676836364818022,-14.001765175712887
2026p100003,2026-02-07T00:01:45.106000+00:00,-40.20130920410156,174.8948974609375,12.0,2.9041686229988493,NGZ,HHZ,129695.50104442738,129.69550104442737,1.0,10.0,3.1622776601683795,7.543032701528166e-07,2.165096549562267e-08,34.83924401917871,-14.097471334748462,1.12652241557642,exact,1.0,10.0,0.11913537911777466,-14.216606713866238
2026p100003,2026-02-07T00:01:45.106000+00:00,-40.20130920410156,174.8948974609375,12.0,2.9041686229988493,NOVZ,EHZ,134886.9383401895,134.8869383401895,1.0,10.0,3.1622776601683795,1.0223852255500143e-06,2.4843223323156676e-08,41.15348528856303,-13.79337220418067,1.277398836799036,exact,1.0,10.0,0.24482585154452702,-14.038198055725198
2026p100003,2026-02-07T00:01:45.106000+00:00,-40.20130920410156,174.8948974609375,12.0,2.9041686229988493,NTVZ,HHZ,140222.03938695072,140.2220393869507,1.0,10.0,3.1622776601683795,1.0581622441174732e-06,5.091161906304945e-08,20.784297643471813,-13.75897688645757,0.9936348993076428,exact,1.0,10.0,-0.006385444317864613,-13.752591442139705
2026p100003,2026-02-07T00:01:45.106000+00:00,-40.20130920410156,174.8948974609375,12.0,2.9041686229988493,OTVZ,HHZ,133546.1234792574,133.5461234792574,1.0,10.0,3.1622776601683795,6.364158865985842e-07,5.351166115652845e-08,11.89303177744728,-14.267413577565907,1.0,exact,1.0,10.0,0.0,-14.267413577565907
2026p100003,2026-02-07T00:01:45.106000+00:00,-40.20130920410156,174.8948974609375,12.0,2.9041686229988493,SNVZ,EHZ,130288.02199195826,130.28802199195826,1.0,10.0,3.1622776601683795,3.9784600286106043e-07,4.038451368123547e-08,9.851449642339466,-14.7372008340225,0.7545196052473487,exact,1.0,10.0,-0.28167401668856396,-14.455526817333936
2026p100003,2026-02-07T00:01:45.106000+00:00,-40.20130920410156,174.8948974609375,12.0,2.9041686229988493,TMVZ,HHZ,139737.03611131292,139.73703611131293,1.0,10.0,3.1622776601683795,8.912888983457159e-07,3.5120797936200184e-08,25.377808897303968,-13.930597221462632,0.9214864370155496,exact,1.0,10.0,-0.08176722035762422,-13.848830001105007
2026p100003,2026-02-07T00:01:45.106000+00:00,-40.20130920410156,174.8948974609375,12.0,2.9041686229988493,TUVZ,EHZ,123135.1662405234,123.13516624052339,1.0,10.0,3.1622776601683795,3.459195738502067e-06,1.2844674138641455e-07,26.930973111225512,-12.574474441433923,1.97029574161132,exact,1.0,10.0,0.6781836541279606,-13.252658095561884
2026p100003,2026-02-07T00:01:45.106000+00:00,-40.20130920410156,174.8948974609375,12.0,2.9041686229988493,TWVZ,HHZ,134505.04713595132,134.50504713595132,1.0,10.0,3.1622776601683795,4.1367316254306565e-07,1.633271515052094e-08,25.327886926986007,-14.698189637367053,0.5802755580898467,exact,1.0,10.0,-0.5442521881111088,-14.153937449255944
2026p100003,2026-02-07T00:01:45.106000+00:00,-40.20130920410156,174.8948974609375,12.0,2.9041686229988493,WHVZ,HHZ,118917.25500567,118.91725500567,1.0,10.0,3.1622776601683795,1.6189749576232237e-06,4.8383470318649435e-08,33.46132360826522,-13.333717351193702,0.8211193479986806,exact,1.0,10.0,-0.19708681103425454,-13.136630540159446
2026p100003,2026-02-07T00:01:45.106000+00:00,-40.20130920410156,174.8948974609375,12.0,2.9041686229988493,WTVZ,HHZ,135162.81295763626,135.16281295763625,1.0,10.0,3.1622776601683795,1.1103986239156498e-06,3.1707911126863694e-08,35.019608181470325,-13.710791486463686,1.0296407025017171,exact,1.0,10.0,0.02920990886272243,-13.740001395326408
2026p101487,2026-02-07T13:12:25.441000+00:00,-40.27646255493164,176.3743438720703,26.486352920532227,2.2301145248402348,ETVZ,HHZ,141599.67479346463,141.59967479346463,1.0,10.0,3.1622776601683795,9.13181465239535e-08,1.5523485046743363e-08,5.882580248506177,-16.208916311987142,0.9471602664391504,exact,1.0,10.0,-0.05428696417065311,-16.15462934781649
2026p101487,2026-02-07T13:12:25.441000+00:00,-40.27646255493164,176.3743438720703,26.486352920532227,2.2301145248402348,NGZ,HHZ,141824.68550758876,141.82468550758875,1.0,10.0,3.1622776601683795,9.627575311156007e-08,2.1904051050376297e-08,4.39534006244503,-16.156049334772163,1.12652241557642,exact,1.0,10.0,0.11913537911777466,-16.27518471388994
2026p101487,2026-02-07T13:12:25.441000+00:00,-40.27646255493164,176.3743438720703,26.486352920532227,2.2301145248402348,NOVZ,EHZ,146196.6621329061,146.19666213290608,1.0,10.0,3.1622776601683795,1.1897561047303624e-07,1.9458420897723395e-08,6.114350753249263,-15.944347318848923,1.277398836799036,exact,1.0,10.0,0.24482585154452702,-16.18917317039345
2026p101487,2026-02-07T13:12:25.441000+00:00,-40.27646255493164,176.3743438720703,26.486352920532227,2.2301145248402348,NTVZ,HHZ,146506.96425876883,146.50696425876882,1.0,10.0,3.1622776601683795,9.44295874403101e-08,2.4553525835833157e-08,3.84586670247173,-16.175411386628237,0.9936348993076428,exact,1.0,10.0,-0.006385444317864613,-16.169025942310373
2026p101487,2026-02-07T13:12:25.441000+00:00,-40.27646255493164,176.3743438720703,26.486352920532227,2.2301145248402348,OTVZ,HHZ,140577.56370330066,140.57756370330065,1.0,10.0,3.1622776601683795,9.198225940594493e-08,2.811280490926524e-08,3.271899040413075,-16.201670111036034,1.0,exact,1.0,10.0,0.0,-16.201670111036034
2026p101487,2026-02-07T13:12:25.441000+00:00,-40.27646255493164,176.3743438720703,26.486352920532227,2.2301145248402348,TUVZ,EHZ,130891.44395139859,130.89144395139857,1.0,10.0,3.1622776601683795,3.9430352684932805e-07,3.427917283532474e-08,11.502714162431529,-14.746144851519196,1.97029574161132,exact,1.0,10.0,0.6781836541279606,-15.424328505647157
2026p101487,2026-02-07T13:12:25.441000+00:00,-40.27646255493164,176.3743438720703,26.486352920532227,2.2301145248402348,TWVZ,HHZ,158525.61360346488,158.52561360346488,1.0,10.0,3.1622776601683795,2.499980394064924e-08,7.155903893008188e-09,3.4935913498049875,-17.504397854482992,0.5802755580898467,exact,1.0,10.0,-0.5442521881111088,-16.960145666371883
2026p101487,2026-02-07T13:12:25.441000+00:00,-40.27646255493164,176.3743438720703,26.486352920532227,2.2301145248402348,WHVZ,HHZ,132391.36963653393,132.39136963653394,1.0,10.0,3.1622776601683795,1.3605364454778186e-07,3.913115591396901e-08,3.476862396983615,-15.81021658377914,0.8211193479986806,exact,1.0,10.0,-0.19708681103425454,-15.613129772744884
2026p101487,2026-02-07T13:12:25.441000+00:00,-40.27646255493164,176.3743438720703,26.486352920532227,2.2301145248402348,WTVZ,HHZ,148043.92224301092,148.0439222430109,1.0,10.0,3.1622776601683795,7.660724645454575e-08,1.5063513359572096e-08,5.085616125926276,-16.38457416344,1.0296407025017171,exact,1.0,10.0,0.02920990886272243,-16.41378407230272
2026p103251,2026-02-08T04:52:34.591000+00:00,-39.825340270996094,176.80686950683594,32.67877197265625,2.9564557028432503,COVZ,HHZ,133382.50282076473,133.38250282076473,1.0,10.0,3.1622776601683795,2.680945887180559e-07,2.2411619060132136e-08,11.96230348190093,-15.131925975727455,1.0310666692210522,exact,1.0,10.0,0.030593867562053945,-15.162519843289509
2026p103251,2026-02-08T04:52:34.591000+00:00,-39.825340270996094,176.80686950683594,32.67877197265625,2.9564557028432503,ETVZ,HHZ,126129.27796513573,126.12927796513573,1.0,10.0,3.1622776601683795,5.122937239101461e-07,3.649562700557008e-08,14.037126251645388,-14.484367696886084,0.9471602664391504,exact,1.0,10.0,-0.05428696417065311,-14.43008073271543
2026p103251,2026-02-08T04:52:34.591000+00:00,-39.825340270996094,176.80686950683594,32.67877197265625,2.9564557028432503,FWVZ,HHZ,129748.49821508152,129.74849821508153,1.0,10.0,3.1622776601683795,2.686739714794385e-07,3.684901894407086e-08,7.291210978702842,-15.129767194348087,0.6226707538339719,exact,1.0,10.0,-0.4737373849098134,-14.656029809438273
2026p103251,2026-02-08T04:52:34.591000+00:00,-39.825340270996094,176.80686950683594,32.67877197265625,2.9564557028432503,KRVZ,HHZ,133404.64925177596,133.40464925177596,1.0,10.0,3.1622776601683795,3.126217825782423e-07,2.005571401817828e-08,15.587666552030276,-14.97827173943456,0.8296358879603257,exact,1.0,10.0,-0.18676836364818022,-14.791503375786379
2026p103251,2026-02-08T04:52:34.591000+00:00,-39.825340270996094,176.80686950683594,32.67877197265625,2.9564557028432503,NGZ,HHZ,130855.95622333835,130.85595622333835,1.0,10.0,3.1622776601683795,5.398439597555281e-07,1.6128401283308065e-08,33.471634929758004,-14.431985702561752,1.12652241557642,exact,1.0,10.0,0.11913537911777466,-14.551121081679527
2026p103251,2026-02-08T04:52:34.591000+00:00,-39.825340270996094,176.80686950683594,32.67877197265625,2.9564557028432503,NOVZ,EHZ,133340.9449687064,133.3409449687064,1.0,10.0,3.1622776601683795,3.9828724283566095e-07,1.4563205914009992e-08,27.348871202356857,-14.736092376305995,1.277398836799036,exact,1.0,10.0,0.24482585154452702,-14.980918227850523
2026p103251,2026-02-08T04:52:34.591000+00:00,-39.825340270996094,176.80686950683594,32.67877197265625,2.9564557028432503,NTVZ,HHZ,130904.05834868556,130.90405834868557,1.0,10.0,3.1622776601683795,4.905697336093205e-07,3.1714272250830433e-08,15.468421590423693,-14.52769839962737,0.9936348993076428,exact,1.0,10.0,-0.006385444317864613,-14.521312955309506
2026p103251,2026-02-08T04:52:34.591000+00:00,-39.825340270996094,176.80686950683594,32.67877197265625,2.9564557028432503,OTVZ,HHZ,127360.22092032197,127.36022092032196,1.0,10.0,3.1622776601683795,4.085958537993499e-07,1.4882108323103274e-08,27.455508650278922,-14.71053930194832,1.0,exact,1.0,10.0,0.0,-14.71053930194832
2026p103251,2026-02-08T04:52:34.591000+00:00,-39.825340270996094,176.80686950683594,32.67877197265625,2.9564557028432503,SNVZ,EHZ,127576.8063770966,127.5768063770966,1.0,10.0,3.1622776601683795,2.7531652147297027e-07,1.7278440919400652e-08,15.934106714676913,-15.105344413983314,0.7545196052473487,exact,1.0,10.0,-0.28167401668856396,-14.82367039729475
2026p103251,2026-02-08T04:52:34.591000+00:00,-39.825340270996094,176.80686950683594,32.67877197265625,2.9564557028432503,TMVZ,HHZ,127912.59352738856,127.91259352738855,1.0,10.0,3.1622776601683795,4.046321262427733e-07,3.0245641583215814e-08,13.378196165206012,-14.720287512886545,0.9214864370155496,exact,1.0,10.0,-0.08176722035762422,-14.63852029252892
2026p103251,2026-02-08T04:52:34.591000+00:00,-39.825340270996094,176.80686950683594,32.67877197265625,2.9564557028432503,TUVZ,EHZ,121717.12535661638,121.71712535661638,1.0,10.0,3.1622776601683795,1.2038777289227538e-06,3.1378146248279874e-08,38.36675753236218,-13.629962770285475,1.97029574161132,exact,1.0,10.0,0.6781836541279606,-14.308146424413437
2026p103251,2026-02-08T04:52:34.591000+00:00,-39.825340270996094,176.80686950683594,32.67877197265625,2.9564557028432503,TWVZ,HHZ,148465.79497003098,148.46579497003097,1.0,10.0,3.1622776601683795,9.519142747738839e-08,1.0638969813102374e-08,8.947429041499472,-16.167375946710035,0.5802755580898467,exact,1.0,10.0,-0.5442521881111088,-15.623123758598926
2026p103251,2026-02-08T04:52:34.591000+00:00,-39.825340270996094,176.80686950683594,32.67877197265625,2.9564557028432503,WHVZ,HHZ,125719.33214050921,125.71933214050921,1.0,10.0,3.1622776601683795,6.189464070205805e-07,3.972641053375505e-08,15.580224810259894,-14.295247147944515,0.8211193479986806,exact,1.0,10.0,-0.19708681103425454,-14.09816033691026
2026p103251,2026-02-08T04:52:34.591000+00:00,-39.825340270996094,176.80686950683594,32.67877197265625,2.9564557028432503,WTVZ,HHZ,135394.18025613733,135.39418025613733,1.0,10.0,3.1622776601683795,3.018506738117166e-07,1.676037975336706e-08,18.009775330482988,-15.013333399433098,1.0296407025017171,exact,1.0,10.0,0.02920990886272243,-15.04254330829582
2026p104133,2026-02-08T12:42:33.970000+00:00,-39.923439025878906,176.65309143066406,26.040674209594727,3.118244956367348,COVZ,HHZ,127683.5783510648,127.68357835106481,1.0,10.0,3.1622776601683795,8.840668465754523e-07,1.3280546775306767e-08,66.56855787137057,-13.938733158869663,1.0310666692210522,exact,1.0,10.0,0.030593867562053945,-13.969327026431717
2026p104133,2026-02-08T12:42:33.970000+00:00,-39.923439025878906,176.65309143066406,26.040674209594727,3.118244956367348,ETVZ,HHZ,122307.10736220269,122.30710736220269,1.0,10.0,3.1622776601683795,2.0683949339529325e-06,2.117094608254864e-08,97.6996930551878,-13.088737645686225,0.9471602664391504,exact,1.0,10.0,-0.05428696417065311,-13.03445068151557
2026p104133,2026-02-08T12:42:33.970000+00:00,-39.923439025878906,176.65309143066406,26.040674209594727,3.118244956367348,FWVZ,HHZ,123403.0387199077,123.4030387199077,1.0,10.0,3.1622776601683795,8.190220154022648e-07,9.371626928482105e-09,87.39379209741114,-14.01515487262158,0.6226707538339719,exact,1.0,10.0,-0.4737373849098134,-13.541417487711765
2026p104133,2026-02-08T12:42:33.970000+00:00,-39.923439025878906,176.65309143066406,26.040674209594727,3.118244956367348,KRVZ,HHZ,129562.89611848451,129.5628961184845,1.0,10.0,3.1622776601683795,1.242508294603834e-06,1.8001776526394196e-08,69.02142645655383,-13.598378403260417,0.8296358879603257,exact,1.0,10.0,-0.18676836364818022,-13.411610039612237
2026p104133,2026-02-08T12:42:33.970000+00:00,-39.923439025878906,176.65309143066406,26.040674209594727,3.118244956367348,NGZ,HHZ,125795.31136801725,125.79531136801725,1.0,10.0,3.1622776601683795,1.576906724646647e-06,1.0779076712477065e-08,146.293301987668,-13.360045399071486,1.12652241557642,exact,1.0,10.0,0.11913537911777466,-13.479180778189262
2026p104133,2026-02-08T12:42:33.970000+00:00,-39.923439025878906,176.65309143066406,26.040674209594727,3.118244956367348,NOVZ,EHZ,128916.23375470698,128.91623375470698,1.0,10.0,3.1622776601683795,1.7859163234324323e-06,1.7408005441554336e-08,102.59166849576596,-13.235578927989144,1.277398836799036,exact,1.0,10.0,0.24482585154452702,-13.480404779533671
2026p104133,2026-02-08T12:42:33.970000+00:00,-39.923439025878906,176.65309143066406,26.040674209594727,3.118244956367348,NTVZ,HHZ,127260.37793754516,127.26037793754516,1.0,10.0,3.1622776601683795,1.6925013781674722e-06,1.5492743045178212e-08,109.24478468609388,-13.289303017881156,0.9936348993076428,exact,1.0,10.0,-0.006385444317864613,-13.282917573563292
2026p104133,2026-02-08T12:42:33.970000+00:00,-39.923439025878906,176.65309143066406,26.040674209594727,3.118244956367348,OTVZ,HHZ,122872.14494298113,122.87214494298114,1.0,10.0,3.1622776601683795,1.7617261663648277e-06,1.2003038585686292e-08,146.7733485807251,-13.249216453217434,1.0,exact,1.0,10.0,0.0,-13.249216453217434
2026p104133,2026-02-08T12:42:33.970000+00:00,-39.923439025878906,176.65309143066406,26.040674209594727,3.118244956367348,SNVZ,EHZ,122635.9736022188,122.6359736022188,1.0,10.0,3.1622776601683795,9.675491545222706e-07,1.470209532324107e-08,65.81028984302456,-13.848499607625268,0.7545196052473487,exact,1.0,10.0,-0.28167401668856396,-13.566825590936704
2026p104133,2026-02-08T12:42:33.970000+00:00,-39.923439025878906,176.65309143066406,26.040674209594727,3.118244956367348,TMVZ,HHZ,124279.73735621801,124.27973735621802,1.0,10.0,3.1622776601683795,1.6379028125337585e-06,1.2951902041584875e-08,126.46040768953613,-13.322093907301142,0.9214864370155496,exact,1.0,10.0,-0.08176722035762422,-13.240326686943517
2026p104133,2026-02-08T12:42:33.970000+00:00,-39.923439025878906,176.65309143066406,26.040674209594727,3.118244956367348,TUVZ,EHZ,115838.19329191178,115.83819329191178,1.0,10.0,3.1622776601683795,4.119650885973042e-06,2.278030261157744e-08,180.84267607048145,-12.399742134607482,1.97029574161132,exact,1.0,10.0,0.6781836541279606,-13.077925788735444
2026p104133,2026-02-08T12:42:33.970000+00:00,-39.923439025878906,176.65309143066406,26.040674209594727,3.118244956367348,TWVZ,HHZ,143600.040858667,143.600040858667,1.0,10.0,3.1622776601683795,3.942561044964593e-07,1.3178188797588811e-08,29.917321003064973,-14.74626512740206,0.5802755580898467,exact,1.0,10.0,-0.5442521881111088,-14.20201293929095
2026p104133,2026-02-08T12:42:33.970000+00:00,-39.923439025878906,176.65309143066406,26.040674209594727,3.118244956367348,WHVZ,HHZ,119224.01422907178,119.22401422907178,1.0,10.0,3.1622776601683795,1.9994544984511827e-06,3.03174186782598e-08,65.95068398369165,-13.122636165381994,0.8211193479986806,exact,1.0,10.0,-0.19708681103425454,-12.925549354347739
2026p104133,2026-02-08T12:42:33.970000+00:00,-39.923439025878906,176.65309143066406,26.040674209594727,3.118244956367348,WTVZ,HHZ,130971.74633839866,130.97174633839867,1.0,10.0,3.1622776601683795,1.2030986004725514e-06,2.3527059913310988e-08,51.136801831828976,-13.630610162175374,1.0296407025017171,exact,1.0,10.0,0.02920990886272243,-13.659820071038096
2026p107640,2026-02-09T19:50:35.958000+00:00,-40.307559967041016,176.32005310058594,7.05703067779541,3.599286629711038,COVZ,HHZ,140120.0065573017,140.1200065573017,1.0,10.0,3.1622776601683795,1.3050385838589188e-06,2.683084964087715e-08,48.639480349167755,-13.549277951451272,1.0310666692210522,exact,1.0,10.0,0.030593867562053945,-13.579871819013325
2026p107640,2026-02-09T19:50:35.958000+00:00,-40.307559967041016,176.32005310058594,7.05703067779541,3.599286629711038,ETVZ,HHZ,140455.67325402526,140.45567325402524,1.0,10.0,3.1622776601683795,3.3344712642040676e-06,4.232267529705715e-08,78.78687348566373,-12.61119643263376,0.9471602664391504,exact,1.0,10.0,-0.05428696417065311,-12.556909468463106
2026p107640,2026-02-09T19:50:35.958000+00:00,-40.307559967041016,176.32005310058594,7.05703067779541,3.599286629711038,FWVZ,HHZ,134387.13219889087,134.38713219889087,1.0,10.0,3.1622776601683795,1.0464750259398614e-06,9.81672696908368e-09,106.60121537815799,-13.770083159712184,0.6226707538339719,exact,1.0,10.0,-0.4737373849098134,-13.29634577480237
2026p107640,2026-02-09T19:50:35.958000+00:00,-40.307559967041016,176.32005310058594,7.05703067779541,3.599286629711038,KRVZ,HHZ,146967.15536565386,146.96715536565387,1.0,10.0,3.1622776601683795,1.4344274202826944e-06,2.721087989472959e-08,52.715216333762335,-13.454744798634426,0.8296358879603257,exact,1.0,10.0,-0.18676836364818022,-13.267976434986245
2026p107640,2026-02-09T19:50:35.958000+00:00,-40.307559967041016,176.32005310058594,7.05703067779541,3.599286629711038,NGZ,HHZ,140232.22282123222,140.23222282123223,1.0,10.0,3.1622776601683795,2.982826797814494e-06,1.1580582340592916e-08,257.5713992688364,-12.722639117203379,1.12652241557642,exact,1.0,10.0,0.11913537911777466,-12.841774496321154
2026p107640,2026-02-09T19:50:35.958000+00:00,-40.307559967041016,176.32005310058594,7.05703067779541,3.599286629711038,NOVZ,EHZ,144804.02631889787,144.80402631889788,1.0,10.0,3.1622776601683795,2.7704091991402803e-06,1.8632186778383326e-08,148.68942825081868,-12.796515523353937,1.277398836799036,exact,1.0,10.0,0.24482585154452702,-13.041341374898465
2026p107640,2026-02-09T19:50:35.958000+00:00,-40.307559967041016,176.32005310058594,7.05703067779541,3.599286629711038,NTVZ,HHZ,145399.9427422313,145.3999427422313,1.0,10.0,3.1622776601683795,1.856900669692852e-06,1.0334627336592234e-07,17.96775644844056,-13.196601766688921,0.9936348993076428,exact,1.0,10.0,-0.006385444317864613,-13.190216322371057
2026p107640,2026-02-09T19:50:35.958000+00:00,-40.307559967041016,176.32005310058594,7.05703067779541,3.599286629711038,OTVZ,HHZ,139181.67571275958,139.18167571275958,1.0,10.0,3.1622776601683795,3.634936613171398e-06,1.3364002270837928e-08,271.99461205595003,-12.524918885047919,1.0,exact,1.0,10.0,0.0,-12.524918885047919
2026p107640,2026-02-09T19:50:35.958000+00:00,-40.307559967041016,176.32005310058594,7.05703067779541,3.599286629711038,SNVZ,EHZ,137728.75657681943,137.72875657681942,1.0,10.0,3.1622776601683795,1.5849236630560452e-06,1.2380821881345178e-08,128.0144144100911,-13.354974313904613,0.7545196052473487,exact,1.0,10.0,-0.28167401668856396,-13.073300297216049
2026p107640,2026-02-09T19:50:35.958000+00:00,-40.307559967041016,176.32005310058594,7.05703067779541,3.599286629711038,TMVZ,HHZ,142731.32838859598,142.73132838859598,1.0,10.0,3.1622776601683795,2.952292016047319e-06,6.928063681246466e-08,42.61352308349677,-12.732928734693205,0.9214864370155496,exact,1.0,10.0,-0.08176722035762422,-12.65116151433558
2026p107640,2026-02-09T19:50:35.958000+00:00,-40.307559967041016,176.32005310058594,7.05703067779541,3.599286629711038,TUVZ,EHZ,129059.22044616452,129.05922044616452,1.0,10.0,3.1622776601683795,6.1326943026815986e-06,2.31461445608108e-08,264.9553270770194,-12.00187637722575,1.97029574161132,exact,1.0,10.0,0.6781836541279606,-12.680060031353712
2026p107640,2026-02-09T19:50:35.958000+00:00,-40.307559967041016,176.32005310058594,7.05703067779541,3.599286629711038,TWVZ,HHZ,156981.85409927228,156.98185409927228,1.0,10.0,3.1622776601683795,7.901727860377372e-07,6.781096002413607e-09,116.52582204358848,-14.051014198896846,0.5802755580898467,exact,1.0,10.0,-0.5442521881111088,-13.506762010785737
2026p107640,2026-02-09T19:50:35.958000+00:00,-40.307559967041016,176.32005310058594,7.05703067779541,3.599286629711038,WHVZ,HHZ,130237.44686420083,130.23744686420082,1.0,10.0,3.1622776601683795,3.2119671572398557e-06,2.6435477971081437e-08,121.50214044752748,-12.64862698695076,0.8211193479986806,exact,1.0,10.0,-0.19708681103425454,-12.451540175916504
2026p107640,2026-02-09T19:50:35.958000+00:00,-40.307559967041016,176.32005310058594,7.05703067779541,3.599286629711038,WTVZ,HHZ,146678.87594838892,146.6788759483889,1.0,10.0,3.1622776601683795,2.512952115905278e-06,2.2157842098560752e-08,113.4114100428807,-12.894052354138566,1.0296407025017171,exact,1.0,10.0,0.02920990886272243,-12.923262263001288
2026p108079,2026-02-09T23:44:54.306000+00:00,-39.724403381347656,175.0021209716797,34.429439544677734,2.134819759554583,COVZ,HHZ,82561.87138133461,82.56187138133461,1.0,10.0,3.1622776601683795,1.9856493999653905e-07,2.7031039256901915e-08,7.345812275635643,-15.43214963668729,1.0310666692210522,exact,1.0,10.0,0.030593867562053945,-15.462743504249344
2026p108079,2026-02-09T23:44:54.306000+00:00,-39.724403381347656,175.0021209716797,34.429439544677734,2.134819759554583,ETVZ,HHZ,96253.86668175204,96.25386668175204,1.0,10.0,3.1622776601683795,2.1250275926082046e-07,3.764487458358367e-08,5.644932055464717,-15.364310863909438,0.9471602664391504,exact,1.0,10.0,-0.05428696417065311,-15.310023899738784
2026p108079,2026-02-09T23:44:54.306000+00:00,-39.724403381347656,175.0021209716797,34.429439544677734,2.134819759554583,FWVZ,HHZ,79323.79122308815,79.32379122308815,1.0,10.0,3.1622776601683795,1.859710189251298e-07,9.591527230506384e-09,19.389093567251592,-15.49767498760368,0.6226707538339719,exact,1.0,10.0,-0.4737373849098134,-15.023937602693866
2026p108079,2026-02-09T23:44:54.306000+00:00,-39.724403381347656,175.0021209716797,34.429439544677734,2.134819759554583,KRVZ,HHZ,95869.7632608064,95.86976326080641,1.0,10.0,3.1622776601683795,1.9028103362500763e-07,3.267436595822523e-08,5.82355703147493,-15.474763733270704,0.8296358879603257,exact,1.0,10.0,-0.18676836364818022,-15.287995369622523
2026p108079,2026-02-09T23:44:54.306000+00:00,-39.724403381347656,175.0021209716797,34.429439544677734,2.134819759554583,NGZ,HHZ,87515.25980863888,87.51525980863887,1.0,10.0,3.1622776601683795,2.18953956753993e-07,1.6829460758195287e-08,13.010158786422853,-15.334404372366548,1.12652241557642,exact,1.0,10.0,0.11913537911777466,-15.453539751484323
2026p108079,2026-02-09T23:44:54.306000+00:00,-39.724403381347656,175.0021209716797,34.429439544677734,2.134819759554583,NOVZ,EHZ,91876.39648615474,91.87639648615475,1.0,10.0,3.1622776601683795,2.601417534767745e-07,1.7783965318877548e-08,14.627882410490082,-15.1620391488216,1.277398836799036,exact,1.0,10.0,0.24482585154452702,-15.406865000366128
2026p108079,2026-02-09T23:44:54.306000+00:00,-39.724403381347656,175.0021209716797,34.429439544677734,2.134819759554583,NTVZ,HHZ,97317.37162550585,97.31737162550586,1.0,10.0,3.1622776601683795,3.639974222556056e-07,1.0999616868081556e-07,3.309182734462736,-14.826119051050116,0.9936348993076428,exact,1.0,10.0,-0.006385444317864613,-14.819733606732251
2026p108079,2026-02-09T23:44:54.306000+00:00,-39.724403381347656,175.0021209716797,34.429439544677734,2.134819759554583,OTVZ,HHZ,91822.99584525451,91.82299584525451,1.0,10.0,3.1622776601683795,1.8321247010075557e-07,1.2369235941754915e-08,14.811947234532408,-15.512619318787353,1.0,exact,1.0,10.0,0.0,-15.512619318787353
2026p108079,2026-02-09T23:44:54.306000+00:00,-39.724403381347656,175.0021209716797,34.429439544677734,2.134819759554583,SNVZ,EHZ,88801.83942030481,88.8018394203048,1.0,10.0,3.1622776601683795,1.4565576388034895e-07,1.2984700333236515e-08,11.217491366167199,-15.74201978082347,0.7545196052473487,exact,1.0,10.0,-0.28167401668856396,-15.460345764134907
2026p108079,2026-02-09T23:44:54.306000+00:00,-39.724403381347656,175.0021209716797,34.429439544677734,2.134819759554583,TUVZ,EHZ,83690.00322963313,83.69000322963313,1.0,10.0,3.1622776601683795,1.0139678136871324e-06,6.204112861378393e-08,16.343477888663923,-13.801639395224973,1.97029574161132,exact,1.0,10.0,0.6781836541279606,-14.479823049352934
2026p108079,2026-02-09T23:44:54.306000+00:00,-39.724403381347656,175.0021209716797,34.429439544677734,2.134819759554583,TWVZ,HHZ,89059.46747075849,89.05946747075849,1.0,10.0,3.1622776601683795,7.394621197988095e-08,8.317558677376324e-09,8.89037454956752,-16.419927873173528,0.5802755580898467,exact,1.0,10.0,-0.5442521881111088,-15.875675685062419
2026p108079,2026-02-09T23:44:54.306000+00:00,-39.724403381347656,175.0021209716797,34.429439544677734,2.134819759554583,WHVZ,HHZ,79286.10888952696,79.28610888952696,1.0,10.0,3.1622776601683795,2.576098724664166e-07,3.265578273010857e-08,7.888644856425407,-15.171819518658598,0.8211193479986806,exact,1.0,10.0,-0.19708681103425454,-14.974732707624343
2026p108079,2026-02-09T23:44:54.306000+00:00,-39.724403381347656,175.0021209716797,34.429439544677734,2.134819759554583,WTVZ,HHZ,91663.8727278003,91.66387272780031,1.0,10.0,3.1622776601683795,4.029455677955289e-07,1.640607942872608e-08,24.560747102686513,-14.724464351627056,1.0296407025017171,exact,1.0,10.0,0.02920990886272243,-14.753674260489777
2026p108229,2026-02-10T01:04:39.425000+00:00,-39.03121566772461,174.75689697265625,23.9963321685791,3.248684544649509,COVZ,HHZ,74807.14483764788,74.80714483764788,1.0,10.0,3.1622776601683795,1.646522719330076e-06,6.583258052888464e-08,25.010757684147734,-13.316844936664562,1.0310666692210522,exact,1.0,10.0,0.030593867562053945,-13.347438804226616
2026p108229,2026-02-10T01:04:39.425000+00:00,-39.03121566772461,174.75689697265625,23.9963321685791,3.248684544649509,ETVZ,HHZ,87066.01723685456,87.06601723685456,1.0,10.0,3.1622776601683795,1.734464157837449e-06,4.4304944002382155e-08,39.14832073242642,-13.26481203501218,0.9471602664391504,exact,1.0,10.0,-0.05428696417065311,-13.210525070841527
2026p108229,2026-02-10T01:04:39.425000+00:00,-39.03121566772461,174.75689697265625,23.9963321685791,3.248684544649509,FWVZ,HHZ,77660.52832672262,77.66052832672261,1.0,10.0,3.1622776601683795,3.1964466391205026e-06,1.372495733658163e-08,232.89301093861303,-12.653470790412364,0.6226707538339719,exact,1.0,10.0,-0.4737373849098134,-12.17973340550255
2026p108229,2026-02-10T01:04:39.425000+00:00,-39.03121566772461,174.75689697265625,23.9963321685791,3.248684544649509,KRVZ,HHZ,80884.271983062,80.884271983062,1.0,10.0,3.1622776601683795,3.4912649197652547e-06,3.437448200447901e-08,101.56560088121012,-12.5652464462224,0.8296358879603257,exact,1.0,10.0,-0.18676836364818022,-12.378478082574219
2026p108229,2026-02-10T01:04:39.425000+00:00,-39.03121566772461,174.75689697265625,23.9963321685791,3.248684544649509,NGZ,HHZ,78979.93182631426,78.97993182631426,1.0,10.0,3.1622776601683795,3.7220749550851914e-06,1.3598135775882759e-08,273.71950217518423,-12.501229261557631,1.12652241557642,exact,1.0,10.0,0.11913537911777466,-12.620364640675406
2026p108229,2026-02-10T01:04:39.425000+00:00,-39.03121566772461,174.75689697265625,23.9963321685791,3.248684544649509,NOVZ,EHZ,78856.4558792587,78.8564558792587,1.0,10.0,3.1622776601683795,5.423044377264709e-06,2.002597989451439e-08,270.80045050630525,-12.12485320698104,1.277398836799036,exact,1.0,10.0,0.24482585154452702,-12.369679058525568
2026p108229,2026-02-10T01:04:39.425000+00:00,-39.03121566772461,174.75689697265625,23.9963321685791,3.248684544649509,NTVZ,HHZ,83790.02695282538,83.79002695282539,1.0,10.0,3.1622776601683795,6.416449639106254e-06,9.763264993875158e-08,65.72032658267004,-11.95664560894753,0.9936348993076428,exact,1.0,10.0,-0.006385444317864613,-11.950260164629666
2026p108229,2026-02-10T01:04:39.425000+00:00,-39.03121566772461,174.75689697265625,23.9963321685791,3.248684544649509,OTVZ,HHZ,83887.33201240051,83.8873320124005,1.0,10.0,3.1622776601683795,2.279085673308466e-06,1.551816833032054e-08,146.86563676818872,-12.991736215906883,1.0,exact,1.0,10.0,0.0,-12.991736215906883
2026p108229,2026-02-10T01:04:39.425000+00:00,-39.03121566772461,174.75689697265625,23.9963321685791,3.248684544649509,SNVZ,EHZ,82402.72679851332,82.40272679851333,1.0,10.0,3.1622776601683795,1.8356559958244953e-06,1.6159476935981772e-08,113.59625086237172,-13.20810864942986,0.7545196052473487,exact,1.0,10.0,-0.28167401668856396,-12.926434632741296
2026p108229,2026-02-10T01:04:39.425000+00:00,-39.03121566772461,174.75689697265625,23.9963321685791,3.248684544649509,TMVZ,HHZ,86260.0953310344,86.2600953310344,1.0,10.0,3.1622776601683795,2.0742688522498127e-06,6.09392303964466e-08,34.0383171686849,-13.085901826736647,0.9214864370155496,exact,1.0,10.0,-0.08176722035762422,-13.004134606379022
2026p108229,2026-02-10T01:04:39.425000+00:00,-39.03121566772461,174.75689697265625,23.9963321685791,3.248684544649509,TUVZ,EHZ,85745.46148389463,85.74546148389463,1.0,10.0,3.1622776601683795,1.0019230543955947e-05,3.69639617976969e-08,271.05402280174985,-11.511004257276578,1.97029574161132,exact,1.0,10.0,0.6781836541279606,-12.18918791140454
2026p108229,2026-02-10T01:04:39.425000+00:00,-39.03121566772461,174.75689697265625,23.9963321685791,3.248684544649509,TWVZ,HHZ,64202.32788783364,64.20232788783365,1.0,10.0,3.1622776601683795,1.6709767810820958e-06,7.97422802618259e-09,209.54715310317295,-13.302102203670719,0.5802755580898467,exact,1.0,10.0,-0.5442521881111088,-12.75785001555961
2026p108229,2026-02-10T01:04:39.425000+00:00,-39.03121566772461,174.75689697265625,23.9963321685791,3.248684544649509,WHVZ,HHZ,81408.6646650295,81.4086646650295,1.0,10.0,3.1622776601683795,2.7634709994797724e-06,4.3513059848069156e-08,63.509001875040475,-12.799023059855253,0.8211193479986806,exact,1.0,10.0,-0.19708681103425454,-12.601936248820998
2026p108229,2026-02-10T01:04:39.425000+00:00,-39.03121566772461,174.75689697265625,23.9963321685791,3.248684544649509,WTVZ,HHZ,76908.39604505208,76.90839604505209,1.0,10.0,3.1622776601683795,3.3483892551518113e-06,1.5797295883744345e-08,211.95964675178072,-12.607031147115661,1.0296407025017171,exact,1.0,10.0,0.02920990886272243,-12.636241055978383
2026p108883,2026-02-10T06:53:07.752000+00:00,-39.94938659667969,174.42428588867188,12.0,2.73076495915818,COVZ,HHZ,127763.87763415156,127.76387763415156,1.0,10.0,3.1622776601683795,4.518899206498782e-07,1.6338935056064486e-08,27.65724443479878,-14.609827225159693,1.0310666692210522,exact,1.0,10.0,0.030593867562053945,-14.640421092721747
2026p108883,2026-02-10T06:53:07.752000+00:00,-39.94938659667969,174.42428588867188,12.0,2.73076495915818,ETVZ,HHZ,143394.77311247017,143.39477311247018,1.0,10.0,3.1622776601683795,3.730968866403127e-07,2.9146690281111366e-08,12.800660488100075,-14.801427701325778,0.9471602664391504,exact,1.0,10.0,-0.05428696417065311,-14.747140737155124
2026p108883,2026-02-10T06:53:07.752000+00:00,-39.94938659667969,174.42428588867188,12.0,2.73076495915818,FWVZ,HHZ,124653.15251137667,124.65315251137667,1.0,10.0,3.1622776601683795,2.9127094450970104e-07,8.453450436339385e-09,34.45586470319813,-15.049011922172419,0.6226707538339719,exact,1.0,10.0,-0.4737373849098134,-14.575274537262604
2026p108883,2026-02-10T06:53:07.752000+00:00,-39.94938659667969,174.42428588867188,12.0,2.73076495915818,KRVZ,HHZ,141889.904420748,141.889904420748,1.0,10.0,3.1622776601683795,4.136850809649708e-07,1.891016067200949e-08,21.876338765185675,-14.698160826578016,0.8296358879603257,exact,1.0,10.0,-0.18676836364818022,-14.511392462929836
2026p108883,2026-02-10T06:53:07.752000+00:00,-39.94938659667969,174.42428588867188,12.0,2.73076495915818,NGZ,HHZ,133379.32093477924,133.37932093477923,1.0,10.0,3.1622776601683795,7.17161072866248e-07,1.6925909767070052e-08,42.37060711865013,-14.147965373227432,1.12652241557642,exact,1.0,10.0,0.11913537911777466,-14.267100752345208
2026p108883,2026-02-10T06:53:07.752000+00:00,-39.94938659667969,174.42428588867188,12.0,2.73076495915818,NOVZ,EHZ,137584.9362141841,137.5849362141841,1.0,10.0,3.1622776601683795,8.131902173890659e-07,1.5435711197665866e-08,52.68239389656589,-14.022300785037,1.277398836799036,exact,1.0,10.0,0.24482585154452702,-14.267126636581528
2026p108883,2026-02-10T06:53:07.752000+00:00,-39.94938659667969,174.42428588867188,12.0,2.73076495915818,NTVZ,HHZ,143816.25284552053,143.81625284552052,1.0,10.0,3.1622776601683795,5.259661822797538e-07,3.39161883091865e-08,15.507821146791168,-14.45802891851935,0.9936348993076428,exact,1.0,10.0,-0.006385444317864613,-14.451643474201486
2026p108883,2026-02-10T06:53:07.752000+00:00,-39.94938659667969,174.42428588867188,12.0,2.73076495915818,OTVZ,HHZ,138470.7628678223,138.47076286782232,1.0,10.0,3.1622776601683795,4.2240869851465904e-07,1.773459222534537e-08,23.81834852176495,-14.677292511691917,1.0,exact,1.0,10.0,0.0,-14.677292511691917
2026p108883,2026-02-10T06:53:07.752000+00:00,-39.94938659667969,174.42428588867188,12.0,2.73076495915818,SNVZ,EHZ,135214.15290046507,135.21415290046505,1.0,10.0,3.1622776601683795,2.2149042353613213e-07,3.3158084938327785e-08,6.679831599083365,-15.322886482995719,0.7545196052473487,exact,1.0,10.0,-0.28167401668856396,-15.041212466307154
2026p108883,2026-02-10T06:53:07.752000+00:00,-39.94938659667969,174.42428588867188,12.0,2.73076495915818,TMVZ,HHZ,144390.44423978383,144.39044423978382,1.0,10.0,3.1622776601683795,3.0136804924221534e-07,2.982598235481656e-08,10.104212014111507,-15.014933564196019,0.9214864370155496,exact,1.0,10.0,-0.08176722035762422,-14.933166343838394
2026p108883,2026-02-10T06:53:07.752000+00:00,-39.94938659667969,174.42428588867188,12.0,2.73076495915818,TUVZ,EHZ,130631.58502804399,130.631585028044,1.0,10.0,3.1622776601683795,1.3245310873849705e-06,2.661951379534624e-08,49.757899320329884,-13.534452057475397,1.97029574161132,exact,1.0,10.0,0.6781836541279606,-14.212635711603358
2026p108883,2026-02-10T06:53:07.752000+00:00,-39.94938659667969,174.42428588867188,12.0,2.73076495915818,TWVZ,HHZ,131444.85156916603,131.44485156916602,1.0,10.0,3.1622776601683795,3.2271713610947023e-07,5.787554654334118e-09,55.760533659547825,-14.946489637006861,0.5802755580898467,exact,1.0,10.0,-0.5442521881111088,-14.402237448895752
2026p108883,2026-02-10T06:53:07.752000+00:00,-39.94938659667969,174.42428588867188,12.0,2.73076495915818,WHVZ,HHZ,125206.9510110764,125.2069510110764,1.0,10.0,3.1622776601683795,3.299216545929721e-07,3.078037616044431e-08,10.718571237506596,-14.924410620996504,0.8211193479986806,exact,1.0,10.0,-0.19708681103425454,-14.727323809962249
2026p108883,2026-02-10T06:53:07.752000+00:00,-39.94938659667969,174.42428588867188,12.0,2.73076495915818,WTVZ,HHZ,137071.98762336298,137.071987623363,1.0,10.0,3.1622776601683795,6.975325895830143e-07,1.4633189248791523e-08,47.66784449539049,-14.175716600925888,1.0296407025017171,exact,1.0,10.0,0.02920990886272243,-14.20492650978861
2026p109071,2026-02-10T08:33:16.046000+00:00,-39.30729293823242,174.99224853515625,23.28454971313477,2.10335554271222,COVZ,HHZ,54703.44707171615,54.703447071716155,1.0,10.0,3.1622776601683795,1.7808307248378614e-07,1.2735136227083648e-08,13.983601691284557,-15.541015696177482,1.0310666692210522,exact,1.0,10.0,0.030593867562053945,-15.571609563739536
2026p109071,2026-02-10T08:33:16.046000+00:00,-39.30729293823242,174.99224853515625,23.28454971313477,2.10335554271222,ETVZ,HHZ,69370.89684596677,69.37089684596677,1.0,10.0,3.1622776601683795,1.0455788575472954e-07,2.7865053817198216e-08,3.7522944129466125,-16.07352498823724,0.9471602664391504,exact,1.0,10.0,-0.05428696417065311,-16.019238024066585
2026p109071,2026-02-10T08:33:16.046000+00:00,-39.30729293823242,174.99224853515625,23.28454971313477,2.10335554271222,FWVZ,HHZ,54916.0493427923,54.9160493427923,1.0,10.0,3.1622776601683795,2.826106365976746e-07,9.60276834039524e-09,29.430121250435437,-15.079195729054414,0.6226707538339719,exact,1.0,10.0,-0.4737373849098134,-14.6054583441446
2026p109071,2026-02-10T08:33:16.046000+00:00,-39.30729293823242,174.99224853515625,23.28454971313477,2.10335554271222,KRVZ,HHZ,65579.25910893524,65.57925910893523,1.0,10.0,3.1622776601683795,3.0215536106764226e-07,2.094520096661641e-08,14.425994840022483,-15.012324511229421,0.8296358879603257,exact,1.0,10.0,-0.18676836364818022,-14.82555614758124
2026p109071,2026-02-10T08:33:16.046000+00:00,-39.30729293823242,174.99224853515625,23.28454971313477,2.10335554271222,NGZ,HHZ,59910.051000176914,59.910051000176914,1.0,10.0,3.1622776601683795,4.730152285145475e-07,1.261196738300608e-08,37.50526893622553,-14.564138253381735,1.12652241557642,exact,1.0,10.0,0.11913537911777466,-14.68327363249951
2026p109071,2026-02-10T08:33:16.046000+00:00,-39.30729293823242,174.99224853515625,23.28454971313477,2.10335554271222,NOVZ,EHZ,62195.070120326905,62.1950701203269,1.0,10.0,3.1622776601683795,4.812709225159949e-07,1.8844259200967924e-08,25.5393919911309,-14.546835476931532,1.277398836799036,exact,1.0,10.0,0.24482585154452702,-14.79166132847606
2026p109071,2026-02-10T08:33:16.046000+00:00,-39.30729293823242,174.99224853515625,23.28454971313477,2.10335554271222,NTVZ,HHZ,68027.8834642923,68.0278834642923,1.0,10.0,3.1622776601683795,4.2810535228480907e-07,3.0001849927399785e-08,14.26929850395103,-14.663896521456453,0.9936348993076428,exact,1.0,10.0,-0.006385444317864613,-14.657511077138588
2026p109071,2026-02-10T08:33:16.046000+00:00,-39.30729293823242,174.99224853515625,23.28454971313477,2.10335554271222,OTVZ,HHZ,65156.167186942446,65.15616718694244,1.0,10.0,3.1622776601683795,1.768021553427584e-07,1.4481506260376092e-08,12.20882359637683,-15.54823449596447,1.0,exact,1.0,10.0,0.0,-15.54823449596447
2026p109071,2026-02-10T08:33:16.046000+00:00,-39.30729293823242,174.99224853515625,23.28454971313477,2.10335554271222,SNVZ,EHZ,62689.73299920223,62.68973299920223,1.0,10.0,3.1622776601683795,1.4715426049456752e-07,3.332612359119196e-08,4.415582871254194,-15.731784409274127,0.7545196052473487,exact,1.0,10.0,-0.28167401668856396,-15.450110392585563
2026p109071,2026-02-10T08:33:16.046000+00:00,-39.30729293823242,174.99224853515625,23.28454971313477,2.10335554271222,TMVZ,HHZ,69511.70325124991,69.51170325124991,1.0,10.0,3.1622776601683795,1.7060916382807137e-07,2.419571195986647e-08,7.0512148644793555,-15.583890488043806,0.9214864370155496,exact,1.0,10.0,-0.08176722035762422,-15.502123267686182
2026p109071,2026-02-10T08:33:16.046000+00:00,-39.30729293823242,174.99224853515625,23.28454971313477,2.10335554271222,TUVZ,EHZ,62385.78425058167,62.38578425058167,1.0,10.0,3.1622776601683795,4.3964047467007666e-07,3.612388542848715e-08,12.170354031833408,-14.637308547067292,1.97029574161132,exact,1.0,10.0,0.6781836541279606,-15.315492201195253
2026p109071,2026-02-10T08:33:16.046000+00:00,-39.30729293823242,174.99224853515625,23.28454971313477,2.10335554271222,TWVZ,HHZ,52566.869217288804,52.566869217288804,1.0,10.0,3.1622776601683795,1.0285959893230275e-07,5.2459219714354e-09,19.60753505149031,-16.08990089576821,0.5802755580898467,exact,1.0,10.0,-0.5442521881111088,-15.5456487076571
2026p109071,2026-02-10T08:33:16.046000+00:00,-39.30729293823242,174.99224853515625,23.28454971313477,2.10335554271222,WHVZ,HHZ,57434.73500160205,57.43473500160205,1.0,10.0,3.1622776601683795,2.0610091961578668e-07,3.2284055805796036e-08,6.383984740194411,-15.394899887071661,0.8211193479986806,exact,1.0,10.0,-0.19708681103425454,-15.197813076037406
2026p109071,2026-02-10T08:33:16.046000+00:00,-39.30729293823242,174.99224853515625,23.28454971313477,2.10335554271222,WTVZ,HHZ,60958.35899719002,60.958358997190025,1.0,10.0,3.1622776601683795,3.6429344672482345e-07,1.4087536374835139e-08,25.859272837482674,-14.82530612177109,1.0296407025017171,exact,1.0,10.0,0.02920990886272243,-14.854516030633812
2026p109432,2026-02-10T11:45:28.793000+00:00,-39.229774475097656,174.83706665039062,17.694318771362305,2.377560046085908,COVZ,HHZ,63835.79877450282,63.83579877450282,1.0,10.0,3.1622776601683795,2.7314021133908777e-07,1.3331716599023603e-08,20.488000124386996,-15.113280578957369,1.0310666692210522,exact,1.0,10.0,0.030593867562053945,-15.143874446519423
2026p109432,2026-02-10T11:45:28.793000+00:00,-39.229774475097656,174.83706665039062,17.694318771362305,2.377560046085908,ETVZ,HHZ,78511.25666388976,78.51125666388975,1.0,10.0,3.1622776601683795,2.820837060977222e-07,2.5664173047799836e-08,10.991342116199803,-15.081061979919879,0.9471602664391504,exact,1.0,10.0,-0.05428696417065311,-15.026775015749225
2026p109432,2026-02-10T11:45:28.793000+00:00,-39.229774475097656,174.83706665039062,17.694318771362305,2.377560046085908,FWVZ,HHZ,64937.6043650733,64.9376043650733,1.0,10.0,3.1622776601683795,4.3302598617519305e-07,1.0804391530325031e-08,40.07870179082322,-14.65246809648329,0.6226707538339719,exact,1.0,10.0,-0.4737373849098134,-14.178730711573476
2026p109432,2026-02-10T11:45:28.793000+00:00,-39.229774475097656,174.83706665039062,17.694318771362305,2.377560046085908,KRVZ,HHZ,73574.7151719643,73.5747151719643,1.0,10.0,3.1622776601683795,6.5807960975768e-07,1.4529966367906837e-08,45.29119979322305,-14.23393992546581,0.8296358879603257,exact,1.0,10.0,-0.18676836364818022,-14.04717156181763
2026p109432,2026-02-10T11:45:28.793000+00:00,-39.229774475097656,174.83706665039062,17.694318771362305,2.377560046085908,NGZ,HHZ,68986.08684553711,68.98608684553712,1.0,10.0,3.1622776601683795,5.292116404619879e-07,1.1436796098012407e-08,46.27271798208934,-14.45187740860968,1.12652241557642,exact,1.0,10.0,0.11913537911777466,-14.571012787727456
2026p109432,2026-02-10T11:45:28.793000+00:00,-39.229774475097656,174.83706665039062,17.694318771362305,2.377560046085908,NOVZ,EHZ,70478.34585904767,70.47834585904766,1.0,10.0,3.1622776601683795,8.644378232827176e-07,1.3449276205927931e-08,64.27392894955241,-13.961186456581114,1.277398836799036,exact,1.0,10.0,0.24482585154452702,-14.206012308125642
2026p109432,2026-02-10T11:45:28.793000+00:00,-39.229774475097656,174.83706665039062,17.694318771362305,2.377560046085908,NTVZ,HHZ,76343.99056329757,76.34399056329757,1.0,10.0,3.1622776601683795,9.662951784160235e-07,1.4171048828837717e-08,68.18797889184023,-13.84979648169175,0.9936348993076428,exact,1.0,10.0,-0.006385444317864613,-13.843411037373885
2026p109432,2026-02-10T11:45:28.793000+00:00,-39.229774475097656,174.83706665039062,17.694318771362305,2.377560046085908,OTVZ,HHZ,74429.23094303592,74.42923094303592,1.0,10.0,3.1622776601683795,4.0005795471787486e-07,1.2715828521921162e-08,31.461414726394278,-14.73165641353882,1.0,exact,1.0,10.0,0.0,-14.73165641353882
2026p109432,2026-02-10T11:45:28.793000+00:00,-39.229774475097656,174.83706665039062,17.694318771362305,2.377560046085908,SNVZ,EHZ,72175.74882051369,72.17574882051369,1.0,10.0,3.1622776601683795,2.4183952639991133e-07,1.471938937193054e-08,16.42999721585547,-15.234991444797043,0.7545196052473487,exact,1.0,10.0,-0.28167401668856396,-14.953317428108479
2026p109432,2026-02-10T11:45:28.793000+00:00,-39.229774475097656,174.83706665039062,17.694318771362305,2.377560046085908,TMVZ,HHZ,78299.97732137608,78.29997732137608,1.0,10.0,3.1622776601683795,3.6414217590841793e-07,1.2890797486853664e-08,28.248227177548838,-14.825721452416325,0.9214864370155496,exact,1.0,10.0,-0.08176722035762422,-14.7439542320587
2026p109432,2026-02-10T11:45:28.793000+00:00,-39.229774475097656,174.83706665039062,17.694318771362305,2.377560046085908,TUVZ,EHZ,73204.47807885302,73.20447807885301,1.0,10.0,3.1622776601683795,1.0658368422643537e-06,2.7885349827937248e-08,38.222107624288554,-13.751750299972084,1.97029574161132,exact,1.0,10.0,0.6781836541279606,-14.429933954100045
2026p109432,2026-02-10T11:45:28.793000+00:00,-39.229774475097656,174.83706665039062,17.694318771362305,2.377560046085908,TWVZ,HHZ,57959.618239430165,57.959618239430164,1.0,10.0,3.1622776601683795,2.7249855188697375e-07,4.6605945259833975e-09,58.46862462884515,-15.115632537033475,0.5802755580898467,exact,1.0,10.0,-0.5442521881111088,-14.571380348922366
2026p109432,2026-02-10T11:45:28.793000+00:00,-39.229774475097656,174.83706665039062,17.694318771362305,2.377560046085908,WHVZ,HHZ,68073.5907488844,68.0735907488844,1.0,10.0,3.1622776601683795,2.9174671273508207e-07,2.7154697768465347e-08,10.743876261214973,-15.047379833246541,0.8211193479986806,exact,1.0,10.0,-0.19708681103425454,-14.850293022212286
2026p109432,2026-02-10T11:45:28.793000+00:00,-39.229774475097656,174.83706665039062,17.694318771362305,2.377560046085908,WTVZ,HHZ,68906.5724260186,68.9065724260186,1.0,10.0,3.1622776601683795,5.209030951445773e-07,1.0443781562183844e-08,49.876866156481924,-14.467701810295896,1.0296407025017171,exact,1.0,10.0,0.02920990886272243,-14.496911719158618
2026p110136,2026-02-10T18:01:17.715000+00:00,-38.59628677368164,176.20745849609375,5.0,2.371073783128105,COVZ,HHZ,88643.9301425811,88.6439301425811,1.0,10.0,3.1622776601683795,5.166301223749018e-08,1.6506862000259426e-08,3.129790037420694,-16.778523742084108,1.0310666692210522,exact,1.0,10.0,0.030593867562053945,-16.80911760964616
2026p110136,2026-02-10T18:01:17.715000+00:00,-38.59628677368164,176.20745849609375,5.0,2.371073783128105,ETVZ,HHZ,74055.35730890695,74.05535730890695,1.0,10.0,3.1622776601683795,1.1324471226480643e-07,3.699558781064729e-08,3.0610329222074077,-15.993714764491804,0.9471602664391504,exact,1.0,10.0,-0.05428696417065311,-15.93942780032115
2026p110136,2026-02-10T18:01:17.715000+00:00,-38.59628677368164,176.20745849609375,5.0,2.371073783128105,FWVZ,HHZ,92830.03914368057,92.83003914368057,1.0,10.0,3.1622776601683795,3.845674955097531e-08,9.560755459214224e-09,4.022354688918692,-17.07373161541262,0.6226707538339719,exact,1.0,10.0,-0.4737373849098134,-16.599994230502805
2026p110136,2026-02-10T18:01:17.715000+00:00,-38.59628677368164,176.20745849609375,5.0,2.371073783128105,KRVZ,HHZ,74252.00610352067,74.25200610352067,1.0,10.0,3.1622776601683795,7.229872823099774e-08,1.9740180487437763e-08,3.6625160685337774,-16.442459298102406,0.8296358879603257,exact,1.0,10.0,-0.18676836364818022,-16.255690934454226
2026p110136,2026-02-10T18:01:17.715000+00:00,-38.59628677368164,176.20745849609375,5.0,2.371073783128105,NGZ,HHZ,83333.82175331253,83.33382175331253,1.0,10.0,3.1622776601683795,6.293846654237308e-08,1.1429826729329801e-08,5.506510993807824,-16.581108309407824,1.12652241557642,exact,1.0,10.0,0.11913537911777466,-16.7002436885256
2026p110136,2026-02-10T18:01:17.715000+00:00,-38.59628677368164,176.20745849609375,5.0,2.371073783128105,NOVZ,EHZ,78673.52298196875,78.67352298196876,1.0,10.0,3.1622776601683795,9.2864052237906e-08,1.4986652671007873e-08,6.1964505534684395,-16.19212921716432,1.277398836799036,exact,1.0,10.0,0.24482585154452702,-16.436955068708848
2026p110136,2026-02-10T18:01:17.715000+00:00,-38.59628677368164,176.20745849609375,5.0,2.371073783128105,OTVZ,HHZ,78847.3691540814,78.8473691540814,1.0,10.0,3.1622776601683795,8.889393907826185e-08,1.1254449764079927e-08,7.898559320241375,-16.235821873598148,1.0,exact,1.0,10.0,0.0,-16.235821873598148
2026p110136,2026-02-10T18:01:17.715000+00:00,-38.59628677368164,176.20745849609375,5.0,2.371073783128105,SNVZ,EHZ,82180.24287187251,82.18024287187251,1.0,10.0,3.1622776601683795,5.325306365251666e-08,1.429978561648324e-08,3.724046295570495,-16.748210500631263,0.7545196052473487,exact,1.0,10.0,-0.28167401668856396,-16.4665364839427
2026p110136,2026-02-10T18:01:17.715000+00:00,-38.59628677368164,176.20745849609375,5.0,2.371073783128105,TUVZ,EHZ,88873.53898607675,88.87353898607675,1.0,10.0,3.1622776601683795,1.8588818132952737e-07,2.912558267840829e-08,6.382299141686601,-15.498120519659448,1.97029574161132,exact,1.0,10.0,0.6781836541279606,-16.176304173787408
2026p110136,2026-02-10T18:01:17.715000+00:00,-38.59628677368164,176.20745849609375,5.0,2.371073783128105,TWVZ,HHZ,85328.63075027989,85.32863075027988,1.0,10.0,3.1622776601683795,2.5660900222411336e-08,6.652439542383463e-09,3.857366919146392,-17.47829739566147,0.5802755580898467,exact,1.0,10.0,-0.5442521881111088,-16.934045207550362
2026p110136,2026-02-10T18:01:17.715000+00:00,-38.59628677368164,176.20745849609375,5.0,2.371073783128105,WTVZ,HHZ,78947.93757549801,78.94793757549802,1.0,10.0,3.1622776601683795,6.94973998504886e-08,1.3166871122781153e-08,5.278201571385102,-16.481976497298707,1.0296407025017171,exact,1.0,10.0,0.02920990886272243,-16.51118640616143
2026p110454,2026-02-10T20:50:09.670000+00:00,-39.25814056396485,175.037353515625,15.471734046936035,3.567456039539588,COVZ,HHZ,47100.36886206248,47.10036886206248,1.0,10.0,3.1622776601683795,8.109009560495734e-06,1.6690114611408824e-07,48.5857032698426,-11.722534823004432,1.0310666692210522,exact,1.0,10.0,0.030593867562053945,-11.753128690566486
2026p110454,2026-02-10T20:50:09.670000+00:00,-39.25814056396485,175.037353515625,15.471734046936035,3.567456039539588,ETVZ,HHZ,62019.07317715762,62.019073177157615,1.0,10.0,3.1622776601683795,8.060381732241033e-06,2.289209286389725e-07,35.21033127099065,-11.728549641247021,0.9471602664391504,exact,1.0,10.0,-0.05428696417065311,-11.674262677076367
2026p110454,2026-02-10T20:50:09.670000+00:00,-39.25814056396485,175.037353515625,15.471734046936035,3.567456039539588,FWVZ,HHZ,47826.51787660932,47.82651787660932,1.0,10.0,3.1622776601683795,1.3491026690844716e-05,1.0916112972225732e-07,123.58819229125268,-11.213485783090997,0.6226707538339719,exact,1.0,10.0,-0.4737373849098134,-10.739748398181183
2026p110454,2026-02-10T20:50:09.670000+00:00,-39.25814056396485,175.037353515625,15.471734046936035,3.567456039539588,KRVZ,HHZ,57715.884711525505,57.715884711525504,1.0,10.0,3.1622776601683795,1.3283052342701497e-05,1.0154060719122019e-07,130.8151754271766,-11.229021595243376,0.8296358879603257,exact,1.0,10.0,-0.18676836364818022,-11.042253231595195
2026p110454,2026-02-10T20:50:09.670000+00:00,-39.25814056396485,175.037353515625,15.471734046936035,3.567456039539588,NGZ,HHZ,52357.78586481373,52.357785864813735,1.0,10.0,3.1622776601683795,2.8484331777548445e-05,1.8204184610223215e-07,156.4713409989923,-10.466156384055594,1.12652241557642,exact,1.0,10.0,0.11913537911777466,-10.58529176317337
2026p110454,2026-02-10T20:50:09.670000+00:00,-39.25814056396485,175.037353515625,15.471734046936035,3.567456039539588,NOVZ,EHZ,54349.758235364476,54.349758235364476,1.0,10.0,3.1622776601683795,2.399691313783693e-05,1.9822210392449132e-07,121.06073269698553,-10.637585355145289,1.277398836799036,exact,1.0,10.0,0.24482585154452702,-10.882411206689817
2026p110454,2026-02-10T20:50:09.670000+00:00,-39.25814056396485,175.037353515625,15.471734046936035,3.567456039539588,NTVZ,HHZ,60325.70032282114,60.32570032282114,1.0,10.0,3.1622776601683795,3.239059796925709e-05,1.4600801671870399e-07,221.84122966110925,-10.337642363412174,0.9936348993076428,exact,1.0,10.0,-0.006385444317864613,-10.33125691909431
2026p110454,2026-02-10T20:50:09.670000+00:00,-39.25814056396485,175.037353515625,15.471734046936035,3.567456039539588,OTVZ,HHZ,57782.814898176126,57.78281489817613,1.0,10.0,3.1622776601683795,1.6700131110567643e-05,2.376863585585321e-07,70.26120982225031,-11.00009398764019,1.0,exact,1.0,10.0,0.0,-11.00009398764019
2026p110454,2026-02-10T20:50:09.670000+00:00,-39.25814056396485,175.037353515625,15.471734046936035,3.567456039539588,SNVZ,EHZ,55377.06177913606,55.377061779136056,1.0,10.0,3.1622776601683795,1.1001161088473839e-05,2.0908345688037071e-07,52.61612397564418,-11.41750973723866,0.7545196052473487,exact,1.0,10.0,-0.28167401668856396,-11.135835720550096
2026p110454,2026-02-10T20:50:09.670000+00:00,-39.25814056396485,175.037353515625,15.471734046936035,3.567456039539588,TMVZ,HHZ,62019.040163508886,62.01904016350888,1.0,10.0,3.1622776601683795,8.503364804619868e-06,1.8329855602336507e-07,46.39078991727542,-11.675048613432608,0.9214864370155496,exact,1.0,10.0,-0.08176722035762422,-11.593281393074983
2026p110454,2026-02-10T20:50:09.670000+00:00,-39.25814056396485,175.037353515625,15.471734046936035,3.567456039539588,TUVZ,EHZ,55866.38674394533,55.866386743945334,1.0,10.0,3.1622776601683795,2.9411448116407845e-05,3.5842450187701206e-07,82.05758245428193,-10.434126567698364,1.97029574161132,exact,1.0,10.0,0.6781836541279606,-11.112310221826325
2026p110454,2026-02-10T20:50:09.670000+00:00,-39.25814056396485,175.037353515625,15.471734046936035,3.567456039539588,TWVZ,HHZ,43624.29647826015,43.62429647826015,1.0,10.0,3.1622776601683795,8.173365544156882e-06,1.7478691252334626e-07,46.76188523591643,-11.714629794606777,0.5802755580898467,exact,1.0,10.0,-0.5442521881111088,-11.170377606495668
2026p110454,2026-02-10T20:50:09.670000+00:00,-39.25814056396485,175.037353515625,15.471734046936035,3.567456039539588,WHVZ,HHZ,50785.61357795067,50.78561357795067,1.0,10.0,3.1622776601683795,1.730511887210128e-05,1.4886523066239664e-07,116.2468817943568,-10.96450821166616,0.8211193479986806,exact,1.0,10.0,-0.19708681103425454,-10.767421400631905
2026p110454,2026-02-10T20:50:09.670000+00:00,-39.25814056396485,175.037353515625,15.471734046936035,3.567456039539588,WTVZ,HHZ,52975.68750600315,52.975687506003155,1.0,10.0,3.1622776601683795,1.4858565907100592e-05,1.7444904484231368e-07,85.1742462707744,-11.116934030256344,1.0296407025017171,exact,1.0,10.0,0.02920990886272243,-11.146143939119066
2026p110868,2026-02-11T00:31:50.337000+00:00,-39.2379264831543,175.0452117919922,17.73309326171875,2.5259286366477016,COVZ,HHZ,47079.77398247774,47.07977398247774,1.0,10.0,3.1622776601683795,4.964707074892618e-07,5.135648461378999e-08,9.667147415225378,-14.515741353209163,1.0310666692210522,exact,1.0,10.0,0.030593867562053945,-14.546335220771217
2026p110868,2026-02-11T00:31:50.337000+00:00,-39.2379264831543,175.0452117919922,17.73309326171875,2.5259286366477016,ETVZ,HHZ,61591.529880973576,61.591529880973575,1.0,10.0,3.1622776601683795,5.530196731057507e-07,4.768829808862565e-08,11.596548739860648,-14.40787226082042,0.9471602664391504,exact,1.0,10.0,-0.05428696417065311,-14.353585296649767
2026p110868,2026-02-11T00:31:50.337000+00:00,-39.2379264831543,175.0452117919922,17.73309326171875,2.5259286366477016,FWVZ,HHZ,48122.65716233295,48.12265716233295,1.0,10.0,3.1622776601683795,8.937208334773629e-07,3.0091076367701184e-08,29.70052724457058,-13.927872377342172,0.6226707538339719,exact,1.0,10.0,-0.4737373849098134,-13.454134992432358
2026p110868,2026-02-11T00:31:50.337000+00:00,-39.2379264831543,175.0452117919922,17.73309326171875,2.5259286366477016,KRVZ,HHZ,57144.51747868404,57.144517478684044,1.0,10.0,3.1622776601683795,8.164749739600456e-07,3.7007275828108934e-08,22.062552719427423,-14.018269575391361,0.8296358879603257,exact,1.0,10.0,-0.18676836364818022,-13.83150121174318
2026p110868,2026-02-11T00:31:50.337000+00:00,-39.2379264831543,175.0452117919922,17.73309326171875,2.5259286366477016,NGZ,HHZ,52172.06223492987,52.172062234929875,1.0,10.0,3.1622776601683795,1.7490998909573596e-06,1.0718499778670325e-08,163.18514037179398,-13.256409250375537,1.12652241557642,exact,1.0,10.0,0.11913537911777466,-13.375544629493312
2026p110868,2026-02-11T00:31:50.337000+00:00,-39.2379264831543,175.0452117919922,17.73309326171875,2.5259286366477016,NOVZ,EHZ,53935.09575906737,53.93509575906737,1.0,10.0,3.1622776601683795,1.3894598381904981e-06,1.9854888083288034e-08,69.98074390356368,-13.486595491966751,1.277398836799036,exact,1.0,10.0,0.24482585154452702,-13.731421343511279
2026p110868,2026-02-11T00:31:50.337000+00:00,-39.2379264831543,175.0452117919922,17.73309326171875,2.5259286366477016,NTVZ,HHZ,59764.792627141855,59.76479262714185,1.0,10.0,3.1622776601683795,2.125329596006909e-06,1.233566984283817e-07,17.22913812613776,-13.061583663612025,0.9936348993076428,exact,1.0,10.0,-0.006385444317864613,-13.05519821929416
2026p110868,2026-02-11T00:31:50.337000+00:00,-39.2379264831543,175.0452117919922,17.73309326171875,2.5259286366477016,OTVZ,HHZ,57498.94169130395,57.498941691303955,1.0,10.0,3.1622776601683795,1.000852411654776e-06,1.3210385456058153e-08,75.76254417283448,-13.814658509405989,1.0,exact,1.0,10.0,0.0,-13.814658509405989
2026p110868,2026-02-11T00:31:50.337000+00:00,-39.2379264831543,175.0452117919922,17.73309326171875,2.5259286366477016,SNVZ,EHZ,55215.14969273183,55.21514969273183,1.0,10.0,3.1622776601683795,7.809588658218082e-07,1.4245639473634293e-08,54.82090623360223,-14.062743357095803,0.7545196052473487,exact,1.0,10.0,-0.28167401668856396,-13.781069340407239
2026p110868,2026-02-11T00:31:50.337000+00:00,-39.2379264831543,175.0452117919922,17.73309326171875,2.5259286366477016,TMVZ,HHZ,61514.75526278047,61.51475526278047,1.0,10.0,3.1622776601683795,5.524033229104362e-07,9.684746653012512e-08,5.703848977181113,-14.408987400023074,0.9214864370155496,exact,1.0,10.0,-0.08176722035762422,-14.32722017966545
2026p110868,2026-02-11T00:31:50.337000+00:00,-39.2379264831543,175.0452117919922,17.73309326171875,2.5259286366477016,TUVZ,EHZ,56049.23351825974,56.04923351825974,1.0,10.0,3.1622776601683795,1.9508231732072157e-06,8.588974715840971e-08,22.713108813898806,-13.147259134358421,1.97029574161132,exact,1.0,10.0,0.6781836541279606,-13.825442788486383
2026p110868,2026-02-11T00:31:50.337000+00:00,-39.2379264831543,175.0452117919922,17.73309326171875,2.5259286366477016,TWVZ,HHZ,42995.89444395166,42.99589444395166,1.0,10.0,3.1622776601683795,4.460713261189464e-07,6.101601332823525e-09,73.10725525761714,-14.62278697367932,0.5802755580898467,exact,1.0,10.0,-0.5442521881111088,-14.07853478556821
2026p110868,2026-02-11T00:31:50.337000+00:00,-39.2379264831543,175.0452117919922,17.73309326171875,2.5259286366477016,WHVZ,HHZ,51161.85080074301,51.161850800743004,1.0,10.0,3.1622776601683795,1.099639878956928e-06,4.280304660557344e-08,25.690691811964207,-13.720527814527815,0.8211193479986806,exact,1.0,10.0,-0.19708681103425454,-13.52344100349356
2026p110868,2026-02-11T00:31:50.337000+00:00,-39.2379264831543,175.0452117919922,17.73309326171875,2.5259286366477016,WTVZ,HHZ,52507.22178568381,52.50722178568381,1.0,10.0,3.1622776601683795,8.563000411652705e-07,1.2290641772245361e-08,69.67089734068738,-13.970645006840845,1.0296407025017171,exact,1.0,10.0,0.02920990886272243,-13.999854915703567
2026p113505,2026-02-11T23:55:31.195000+00:00,-39.87461853027344,176.60543823242188,36.3885612487793,2.296538527411823,ETVZ,HHZ,118612.1494532439,118.6121494532439,1.0,10.0,3.1622776601683795,1.5505741215647313e-07,3.112255112389643e-08,4.982156235817616,-15.67947038759918,0.9471602664391504,exact,1.0,10.0,-0.05428696417065311,-15.625183423428526
2026p113505,2026-02-11T23:55:31.195000+00:00,-39.87461853027344,176.60543823242188,36.3885612487793,2.296538527411823,FWVZ,HHZ,119959.07848887292,119.95907848887292,1.0,10.0,3.1622776601683795,6.630573923642385e-08,1.6368062086605527e-08,4.050921782040637,-16.528989378849154,0.6226707538339719,exact,1.0,10.0,-0.4737373849098134,-16.05525199393934
2026p113505,2026-02-11T23:55:31.195000+00:00,-39.87461853027344,176.60543823242188,36.3885612487793,2.296538527411823,NGZ,HHZ,122111.25176764188,122.11125176764187,1.0,10.0,3.1622776601683795,1.5015347907563228e-07,1.4299040486244722e-08,10.500947893676903,-15.711607872118625,1.12652241557642,exact,1.0,10.0,0.11913537911777466,-15.8307432512364
2026p113505,2026-02-11T23:55:31.195000+00:00,-39.87461853027344,176.60543823242188,36.3885612487793,2.296538527411823,NOVZ,EHZ,125114.28061757633,125.11428061757633,1.0,10.0,3.1622776601683795,1.2261211930752396e-07,1.9953042864628436e-08,6.1450336241638315,-15.914239965903093,1.277398836799036,exact,1.0,10.0,0.24482585154452702,-16.15906581744762
2026p113505,2026-02-11T23:55:31.195000+00:00,-39.87461853027344,176.60543823242188,36.3885612487793,2.296538527411823,OTVZ,HHZ,119224.95465760543,119.22495465760542,1.0,10.0,3.1622776601683795,1.3845322267404745e-07,1.4324220142644261e-08,9.665672636645814,-15.792733310792487,1.0,exact,1.0,10.0,0.0,-15.792733310792487
2026p113505,2026-02-11T23:55:31.195000+00:00,-39.87461853027344,176.60543823242188,36.3885612487793,2.296538527411823,SNVZ,EHZ,119035.74205232738,119.03574205232738,1.0,10.0,3.1622776601683795,6.724965238240862e-08,1.2907116011592116e-08,5.210277208480227,-16.514853987512637,0.7545196052473487,exact,1.0,10.0,-0.28167401668856396,-16.233179970824075
2026p113505,2026-02-11T23:55:31.195000+00:00,-39.87461853027344,176.60543823242188,36.3885612487793,2.296538527411823,TUVZ,EHZ,112488.04150516297,112.48804150516297,1.0,10.0,3.1622776601683795,2.9111497448238115e-06,2.6345349791355296e-07,11.04995670157717,-12.746962453498819,1.97029574161132,exact,1.0,10.0,0.6781836541279606,-13.42514610762678
2026p113505,2026-02-11T23:55:31.195000+00:00,-39.87461853027344,176.60543823242188,36.3885612487793,2.296538527411823,WHVZ,HHZ,115912.27431473344,115.91227431473344,1.0,10.0,3.1622776601683795,1.6952192924185163e-07,4.193615767491144e-08,4.042381053504793,-15.590283542436145,0.8211193479986806,exact,1.0,10.0,-0.19708681103425454,-15.39319673140189
2026p113505,2026-02-11T23:55:31.195000+00:00,-39.87461853027344,176.60543823242188,36.3885612487793,2.296538527411823,WTVZ,HHZ,127096.77175474766,127.09677175474766,1.0,10.0,3.1622776601683795,7.337679870708045e-08,2.168122223505419e-08,3.3843478892276138,-16.427658045203138,1.0296407025017171,exact,1.0,10.0,0.02920990886272243,-16.45686795406586
2026p114206,2026-02-12T06:09:18.466000+00:00,-40.27730178833008,174.7562713623047,12.0,2.18060515956289,ETVZ,HHZ,151453.93306142226,151.45393306142225,1.0,10.0,3.1622776601683795,7.81632242890682e-08,2.0155514090186883e-08,3.87800697810648,-16.364466577643753,0.9471602664391504,exact,1.0,10.0,-0.05428696417065311,-16.3101796134731
2026p114206,2026-02-12T06:09:18.466000+00:00,-40.27730178833008,174.7562713623047,12.0,2.18060515956289,FWVZ,HHZ,133198.01997639623,133.19801997639624,1.0,10.0,3.1622776601683795,5.120815748617984e-08,8.630483309010952e-09,5.9334055408825375,-16.78736699169002,0.6226707538339719,exact,1.0,10.0,-0.4737373849098134,-16.313629606780207
2026p114206,2026-02-12T06:09:18.466000+00:00,-40.27730178833008,174.7562713623047,12.0,2.18060515956289,KRVZ,HHZ,152264.28914216443,152.26428914216444,1.0,10.0,3.1622776601683795,5.990147252664454e-08,1.731130246466069e-08,3.4602522051086257,-16.63056474904462,0.8296358879603257,exact,1.0,10.0,-0.18676836364818022,-16.44379638539644
2026p114206,2026-02-12T06:09:18.466000+00:00,-40.27730178833008,174.7562713623047,12.0,2.18060515956289,NGZ,HHZ,142794.93878769438,142.79493878769438,1.0,10.0,3.1622776601683795,7.507993476852451e-08,8.286094775219551e-09,9.060955348116348,-16.40471249405474,1.12652241557642,exact,1.0,10.0,0.11913537911777466,-16.523847873172514
2026p114206,2026-02-12T06:09:18.466000+00:00,-40.27730178833008,174.7562713623047,12.0,2.18060515956289,NOVZ,EHZ,147906.2804570207,147.9062804570207,1.0,10.0,3.1622776601683795,9.038323442389536e-08,1.6464892654481478e-08,5.489451788153293,-16.21920704666076,1.277398836799036,exact,1.0,10.0,0.24482585154452702,-16.464032898205286
2026p114206,2026-02-12T06:09:18.466000+00:00,-40.27730178833008,174.7562713623047,12.0,2.18060515956289,NTVZ,HHZ,153393.47356550448,153.39347356550448,1.0,10.0,3.1622776601683795,1.1249933489318298e-07,1.661318070924163e-08,6.771691517844112,-16.00031852738001,0.9936348993076428,exact,1.0,10.0,-0.006385444317864613,-15.993933083062146
2026p114206,2026-02-12T06:09:18.466000+00:00,-40.27730178833008,174.7562713623047,12.0,2.18060515956289,OTVZ,HHZ,146823.50228468553,146.82350228468553,1.0,10.0,3.1622776601683795,6.0982618739894e-08,1.0355564772883326e-08,5.888874250449447,-16.612676952066103,1.0,exact,1.0,10.0,0.0,-16.612676952066103
2026p114206,2026-02-12T06:09:18.466000+00:00,-40.27730178833008,174.7562713623047,12.0,2.18060515956289,TMVZ,HHZ,153030.01160739257,153.03001160739257,1.0,10.0,3.1622776601683795,7.266999301035155e-08,1.662620414729761e-08,4.370810821672919,-16.437337288501283,0.9214864370155496,exact,1.0,10.0,-0.08176722035762422,-16.35557006814366
2026p114206,2026-02-12T06:09:18.466000+00:00,-40.27730178833008,174.7562713623047,12.0,2.18060515956289,TUVZ,EHZ,136617.34077185806,136.61734077185807,1.0,10.0,3.1622776601683795,3.338968958492895e-07,2.798130602406874e-08,11.93285601329976,-14.912433586687847,1.97029574161132,exact,1.0,10.0,0.6781836541279606,-15.590617240815808
2026p114206,2026-02-12T06:09:18.466000+00:00,-40.27730178833008,174.7562713623047,12.0,2.18060515956289,TWVZ,HHZ,146722.5799700799,146.72257997007992,1.0,10.0,3.1622776601683795,3.4644047185379276e-08,1.1108888743218603e-08,3.1185880051708734,-17.17813992447129,0.5802755580898467,exact,1.0,10.0,-0.5442521881111088,-16.63388773636018
2026p114206,2026-02-12T06:09:18.466000+00:00,-40.27730178833008,174.7562713623047,12.0,2.18060515956289,WHVZ,HHZ,132221.8585533097,132.2218585533097,1.0,10.0,3.1622776601683795,1.0390177058849882e-07,3.387085649352769e-08,3.067586159456971,-16.079819897711175,0.8211193479986806,exact,1.0,10.0,-0.19708681103425454,-15.88273308667692
2026p114206,2026-02-12T06:09:18.466000+00:00,-40.27730178833008,174.7562713623047,12.0,2.18060515956289,WTVZ,HHZ,148086.36467854958,148.0863646785496,1.0,10.0,3.1622776601683795,9.483256327175675e-08,1.254076791390252e-08,7.5619422927543924,-16.171152992238326,1.0296407025017171,exact,1.0,10.0,0.02920990886272243,-16.200362901101048
2026p114524,2026-02-12T08:58:53.376000+00:00,-39.31975555419922,175.06723022460938,19.552902221679688,2.0748139560166106,COVZ,HHZ,47812.989281807575,47.812989281807575,1.0,10.0,3.1622776601683795,2.8090100996240576e-07,1.5163326838122514e-08,18.525025079337155,-15.085263507390895,1.0310666692210522,exact,1.0,10.0,0.030593867562053945,-15.115857374952949
2026p114524,2026-02-12T08:58:53.376000+00:00,-39.31975555419922,175.06723022460938,19.552902221679688,2.0748139560166106,ETVZ,HHZ,62736.860968846566,62.736860968846564,1.0,10.0,3.1622776601683795,1.5000746214395882e-07,2.3306823595640465e-08,6.436203609144648,-15.712580796461136,0.9471602664391504,exact,1.0,10.0,-0.05428696417065311,-15.658293832290482
2026p114524,2026-02-12T08:58:53.376000+00:00,-39.31975555419922,175.06723022460938,19.552902221679688,2.0748139560166106,FWVZ,HHZ,47688.881230743034,47.688881230743036,1.0,10.0,3.1622776601683795,4.1304351945142044e-07,9.576261496659757e-09,43.132021780680475,-14.699712875562442,0.6226707538339719,exact,1.0,10.0,-0.4737373849098134,-14.225975490652628
2026p114524,2026-02-12T08:58:53.376000+00:00,-39.31975555419922,175.06723022460938,19.552902221679688,2.0748139560166106,KRVZ,HHZ,59282.71625956817,59.282716259568176,1.0,10.0,3.1622776601683795,3.622068413157532e-07,1.925304039863803e-08,18.812968435955494,-14.83105040344866,0.8296358879603257,exact,1.0,10.0,-0.18676836364818022,-14.64428203980048
2026p114524,2026-02-12T08:58:53.376000+00:00,-39.31975555419922,175.06723022460938,19.552902221679688,2.0748139560166106,NGZ,HHZ,53121.038738256044,53.12103873825605,1.0,10.0,3.1622776601683795,3.607434297362325e-07,9.937370689357642e-09,36.30169800574796,-14.835098852247661,1.12652241557642,exact,1.0,10.0,0.11913537911777466,-14.954234231365437
2026p114524,2026-02-12T08:58:53.376000+00:00,-39.31975555419922,175.06723022460938,19.552902221679688,2.0748139560166106,NOVZ,EHZ,55719.78053990141,55.71978053990141,1.0,10.0,3.1622776601683795,4.1692364169206417e-07,1.4675609667387158e-08,28.409289367962124,-14.690362745363212,1.277398836799036,exact,1.0,10.0,0.24482585154452702,-14.93518859690774
2026p114524,2026-02-12T08:58:53.376000+00:00,-39.31975555419922,175.06723022460938,19.552902221679688,2.0748139560166106,NTVZ,HHZ,61652.567927083204,61.652567927083204,1.0,10.0,3.1622776601683795,4.719164700518352e-07,1.420788163365622e-08,33.2151183561341,-14.566463837251098,0.9936348993076428,exact,1.0,10.0,-0.006385444317864613,-14.560078392933233
2026p114524,2026-02-12T08:58:53.376000+00:00,-39.31975555419922,175.06723022460938,19.552902221679688,2.0748139560166106,OTVZ,HHZ,58393.01293686048,58.39301293686048,1.0,10.0,3.1622776601683795,1.7964095243662968e-07,1.1087801323477963e-08,16.20167490341366,-15.532305686822482,1.0,exact,1.0,10.0,0.0,-15.532305686822482
2026p114524,2026-02-12T08:58:53.376000+00:00,-39.31975555419922,175.06723022460938,19.552902221679688,2.0748139560166106,SNVZ,EHZ,55807.7637746645,55.8077637746645,1.0,10.0,3.1622776601683795,1.4667398579267453e-07,1.3241568375923684e-08,11.076783476749075,-15.735053496815462,0.7545196052473487,exact,1.0,10.0,-0.28167401668856396,-15.453379480126898
2026p114524,2026-02-12T08:58:53.376000+00:00,-39.31975555419922,175.06723022460938,19.552902221679688,2.0748139560166106,TMVZ,HHZ,63000.12263168719,63.00012263168719,1.0,10.0,3.1622776601683795,1.2904878211021925e-07,1.3496617175016769e-08,9.561564978600567,-15.863075348174485,0.9214864370155496,exact,1.0,10.0,-0.08176722035762422,-15.78130812781686
2026p114524,2026-02-12T08:58:53.376000+00:00,-39.31975555419922,175.06723022460938,19.552902221679688,2.0748139560166106,TUVZ,EHZ,55117.95234280193,55.11795234280193,1.0,10.0,3.1622776601683795,6.514375162261599e-07,4.143846741915339e-08,15.720598680371491,-14.244084352538634,1.97029574161132,exact,1.0,10.0,0.6781836541279606,-14.922268006666595
2026p114524,2026-02-12T08:58:53.376000+00:00,-39.31975555419922,175.06723022460938,19.552902221679688,2.0748139560166106,TWVZ,HHZ,47042.271329366566,47.042271329366564,1.0,10.0,3.1622776601683795,1.1184645149557918e-07,1.5738128181253473e-08,7.106718804641932,-16.00613887507832,0.5802755580898467,exact,1.0,10.0,-0.5442521881111088,-15.461886686967212
2026p114524,2026-02-12T08:58:53.376000+00:00,-39.31975555419922,175.06723022460938,19.552902221679688,2.0748139560166106,WHVZ,HHZ,50086.692032331615,50.08669203233161,1.0,10.0,3.1622776601683795,3.3131466504341446e-07,2.9130838315551877e-08,11.373330951019621,-14.92019726347259,0.8211193479986806,exact,1.0,10.0,-0.19708681103425454,-14.723110452438334
2026p114524,2026-02-12T08:58:53.376000+00:00,-39.31975555419922,175.06723022460938,19.552902221679688,2.0748139560166106,WTVZ,HHZ,54602.04540799578,54.60204540799578,1.0,10.0,3.1622776601683795,3.578133195201984e-07,1.1696293922825788e-08,30.592025292893105,-14.843254440404248,1.0296407025017171,exact,1.0,10.0,0.02920990886272243,-14.87246434926697
2026p114889,2026-02-12T12:13:10.633000+00:00,-38.36334991455078,176.18087768554688,3.804120302200317,2.869508415382624,COVZ,HHZ,108294.7337988538,108.29473379885381,1.0,10.0,3.1622776601683795,8.332568995353396e-08,1.2050825648192205e-08,6.914521244113593,-16.300508932516454,1.0310666692210522,exact,1.0,10.0,0.030593867562053945,-16.331102800078508
2026p114889,2026-02-12T12:13:10.633000+00:00,-38.36334991455078,176.18087768554688,3.804120302200317,2.869508415382624,ETVZ,HHZ,95120.12055230657,95.12012055230657,1.0,10.0,3.1622776601683795,1.6871429042379378e-07,2.6742780534357524e-08,6.308778932207134,-15.595059141890259,0.9471602664391504,exact,1.0,10.0,-0.05428696417065311,-15.540772177719605
2026p114889,2026-02-12T12:13:10.633000+00:00,-38.36334991455078,176.18087768554688,3.804120302200317,2.869508415382624,NGZ,HHZ,103420.26972701907,103.42026972701908,1.0,10.0,3.1622776601683795,1.0428674763901136e-07,1.6739234435128624e-08,6.230078683894723,-16.076121543041147,1.12652241557642,exact,1.0,10.0,0.11913537911777466,-16.195256922158922
2026p114889,2026-02-12T12:13:10.633000+00:00,-38.36334991455078,176.18087768554688,3.804120302200317,2.869508415382624,NOVZ,EHZ,98296.58623718389,98.29658623718389,1.0,10.0,3.1622776601683795,1.377767618914052e-07,4.316263372193098e-08,3.1920378811685137,-15.797631129079564,1.277398836799036,exact,1.0,10.0,0.24482585154452702,-16.04245698062409
2026p114889,2026-02-12T12:13:10.633000+00:00,-38.36334991455078,176.18087768554688,3.804120302200317,2.869508415382624,NTVZ,HHZ,92805.16313439321,92.80516313439321,1.0,10.0,3.1622776601683795,1.2979675798748514e-07,2.134192198843972e-08,6.081774549536456,-15.857296009972288,0.9936348993076428,exact,1.0,10.0,-0.006385444317864613,-15.850910565654424
2026p114889,2026-02-12T12:13:10.633000+00:00,-38.36334991455078,176.18087768554688,3.804120302200317,2.869508415382624,OTVZ,HHZ,99600.39680221198,99.60039680221198,1.0,10.0,3.1622776601683795,1.1285000262632566e-07,1.556378467216935e-08,7.250807242798747,-15.997206310410153,1.0,exact,1.0,10.0,0.0,-15.997206310410153
2026p114889,2026-02-12T12:13:10.633000+00:00,-38.36334991455078,176.18087768554688,3.804120302200317,2.869508415382624,SNVZ,EHZ,102860.06714284206,102.86006714284206,1.0,10.0,3.1622776601683795,7.916008996706614e-08,2.397000942542877e-08,3.3024638648280438,-16.351793579690888,0.7545196052473487,exact,1.0,10.0,-0.28167401668856396,-16.070119563002326
2026p114889,2026-02-12T12:13:10.633000+00:00,-38.36334991455078,176.18087768554688,3.804120302200317,2.869508415382624,TMVZ,HHZ,93366.24754091208,93.36624754091208,1.0,10.0,3.1622776601683795,1.27117600585462e-07,1.7436330033540944e-08,7.2903873889135795,-15.878153190089119,0.9214864370155496,exact,1.0,10.0,-0.08176722035762422,-15.796385969731494
2026p114889,2026-02-12T12:13:10.633000+00:00,-38.36334991455078,176.18087768554688,3.804120302200317,2.869508415382624,TUVZ,EHZ,110446.94334390762,110.44694334390762,1.0,10.0,3.1622776601683795,1.5392520552648376e-07,3.368448464627782e-08,4.569617351812229,-15.686799030912194,1.97029574161132,exact,1.0,10.0,0.6781836541279606,-16.364982685040154
2026p114889,2026-02-12T12:13:10.633000+00:00,-38.36334991455078,176.18087768554688,3.804120302200317,2.869508415382624,TWVZ,HHZ,101843.3953962509,101.8433953962509,1.0,10.0,3.1622776601683795,9.296364552360796e-08,1.6143806251588174e-08,5.758471334135499,-16.191057328566043,0.5802755580898467,exact,1.0,10.0,-0.5442521881111088,-15.646805140454934
2026p114889,2026-02-12T12:13:10.633000+00:00,-38.36334991455078,176.18087768554688,3.804120302200317,2.869508415382624,WHVZ,HHZ,114419.22067883928,114.41922067883928,1.0,10.0,3.1622776601683795,8.325733350267954e-08,2.712893305587483e-08,3.0689497936097414,-16.301329621843287,0.8211193479986806,exact,1.0,10.0,-0.19708681103425454,-16.104242810809033
2026p114889,2026-02-12T12:13:10.633000+00:00,-38.36334991455078,176.18087768554688,3.804120302200317,2.869508415382624,WTVZ,HHZ,98151.88848949561,98.15188848949562,1.0,10.0,3.1622776601683795,1.3485440832450237e-07,4.197574865567408e-08,3.2126742855906967,-15.81907009731656,1.0296407025017171,exact,1.0,10.0,0.02920990886272243,-15.848280006179282
2026p120046,2026-02-14T10:01:17.434000+00:00,-39.33518981933594,175.08729553222656,20.65680885314941,3.192179254072,COVZ,HHZ,47351.30051118038,47.351300511180376,1.0,10.0,3.1622776601683795,8.968259414399419e-06,1.9129344603918768e-08,468.8220950634249,-11.621818945940234,1.0310666692210522,exact,1.0,10.0,0.030593867562053945,-11.652412813502288
2026p120046,2026-02-14T10:01:17.434000+00:00,-39.33518981933594,175.08729553222656,20.65680885314941,3.192179254072,ETVZ,HHZ,62176.02638437916,62.17602638437916,1.0,10.0,3.1622776601683795,3.1217089659376857e-06,6.642458421823911e-08,46.9962891401963,-12.677129960607841,0.9471602664391504,exact,1.0,10.0,-0.05428696417065311,-12.622842996437187
2026p120046,2026-02-14T10:01:17.434000+00:00,-39.33518981933594,175.08729553222656,20.65680885314941,3.192179254072,FWVZ,HHZ,46992.31217558677,46.99231217558677,1.0,10.0,3.1622776601683795,5.687472713641377e-06,1.0454453971965714e-08,544.02388961611,-12.07724457130023,0.6226707538339719,exact,1.0,10.0,-0.4737373849098134,-11.603507186390416
2026p120046,2026-02-14T10:01:17.434000+00:00,-39.33518981933594,175.08729553222656,20.65680885314941,3.192179254072,KRVZ,HHZ,58998.44846308626,58.998448463086255,1.0,10.0,3.1622776601683795,5.5040917164469805e-06,1.987120454042652e-08,276.9883277709364,-12.110018793873415,0.8296358879603257,exact,1.0,10.0,-0.18676836364818022,-11.923250430225234
2026p120046,2026-02-14T10:01:17.434000+00:00,-39.33518981933594,175.08729553222656,20.65680885314941,3.192179254072,NGZ,HHZ,52631.97964754769,52.63197964754769,1.0,10.0,3.1622776601683795,1.0783601526379463e-05,2.4691356405579066e-08,436.7358904569084,-11.437483954924016,1.12652241557642,exact,1.0,10.0,0.11913537911777466,-11.556619334041791
2026p120046,2026-02-14T10:01:17.434000+00:00,-39.33518981933594,175.08729553222656,20.65680885314941,3.192179254072,NOVZ,EHZ,55396.22357002789,55.39622357002789,1.0,10.0,3.1622776601683795,1.0875864332056075e-05,2.2792370068444923e-08,477.1712770280635,-11.428964505338046,1.277398836799036,exact,1.0,10.0,0.24482585154452702,-11.673790356882574
2026p120046,2026-02-14T10:01:17.434000+00:00,-39.33518981933594,175.08729553222656,20.65680885314941,3.192179254072,NTVZ,HHZ,61282.392145109574,61.282392145109576,1.0,10.0,3.1622776601683795,7.421552394007263e-06,2.1228771063468266e-08,349.5987766705305,-11.811122305146725,0.9936348993076428,exact,1.0,10.0,-0.006385444317864613,-11.80473686082886
2026p120046,2026-02-14T10:01:17.434000+00:00,-39.33518981933594,175.08729553222656,20.65680885314941,3.192179254072,OTVZ,HHZ,57824.16617573751,57.82416617573751,1.0,10.0,3.1622776601683795,4.953290401188487e-06,1.632544014606845e-08,303.40930209966535,-12.215458474704326,1.0,exact,1.0,10.0,0.0,-12.215458474704326
2026p120046,2026-02-14T10:01:17.434000+00:00,-39.33518981933594,175.08729553222656,20.65680885314941,3.192179254072,SNVZ,EHZ,55202.53545718649,55.202535457186485,1.0,10.0,3.1622776601683795,2.9218643040550445e-06,1.55627935611982e-08,187.74677518951077,-12.743288685120323,0.7545196052473487,exact,1.0,10.0,-0.28167401668856396,-12.461614668431759
2026p120046,2026-02-14T10:01:17.434000+00:00,-39.33518981933594,175.08729553222656,20.65680885314941,3.192179254072,TMVZ,HHZ,62517.513607157125,62.51751360715713,1.0,10.0,3.1622776601683795,2.5453551379140383e-06,2.948029310790513e-08,86.34090334846441,-12.88124037431237,0.9214864370155496,exact,1.0,10.0,-0.08176722035762422,-12.799473153954745
2026p120046,2026-02-14T10:01:17.434000+00:00,-39.33518981933594,175.08729553222656,20.65680885314941,3.192179254072,TUVZ,EHZ,54180.313631466175,54.18031363146618,1.0,10.0,3.1622776601683795,1.434964429762068e-05,3.8075331253871337e-08,376.8751006246773,-11.151785403688114,1.97029574161132,exact,1.0,10.0,0.6781836541279606,-11.829969057816076
2026p120046,2026-02-14T10:01:17.434000+00:00,-39.33518981933594,175.08729553222656,20.65680885314941,3.192179254072,TWVZ,HHZ,47425.5234921159,47.4255234921159,1.0,10.0,3.1622776601683795,3.736318746738237e-06,9.843869209572794e-09,379.5579428366243,-12.4974097235876,0.5802755580898467,exact,1.0,10.0,-0.5442521881111088,-11.95315753547649
2026p120046,2026-02-14T10:01:17.434000+00:00,-39.33518981933594,175.08729553222656,20.65680885314941,3.192179254072,WHVZ,HHZ,49211.10734643927,49.21110734643927,1.0,10.0,3.1622776601683795,5.808171431962467e-06,3.612059614693472e-08,160.7994344372238,-12.05624476435492,0.8211193479986806,exact,1.0,10.0,-0.19708681103425454,-11.859157953320665
2026p120046,2026-02-14T10:01:17.434000+00:00,-39.33518981933594,175.08729553222656,20.65680885314941,3.192179254072,WTVZ,HHZ,54363.145114347964,54.363145114347965,1.0,10.0,3.1622776601683795,9.912625137272816e-06,1.7686402469536015e-08,560.465880743517,-11.521701346894057,1.0296407025017171,exact,1.0,10.0,0.02920990886272243,-11.550911255756779
2026p121023,2026-02-14T18:41:07.013000+00:00,-39.357200622558594,174.92726135253906,12.0,2.2744117873039404,COVZ,HHZ,57390.209486108666,57.39020948610867,1.0,10.0,3.1622776601683795,1.7171607069752847e-07,2.1633399096437924e-08,7.9375446240347225,-15.57742347588348,1.0310666692210522,exact,1.0,10.0,0.030593867562053945,-15.608017343445534
2026p121023,2026-02-14T18:41:07.013000+00:00,-39.357200622558594,174.92726135253906,12.0,2.2744117873039404,FWVZ,HHZ,56907.91851017163,56.907918510171626,1.0,10.0,3.1622776601683795,2.5136058328512595e-07,1.5050655727577584e-08,16.70097222571861,-15.1963773419249,0.6226707538339719,exact,1.0,10.0,-0.4737373849098134,-14.722639957015087
2026p121023,2026-02-14T18:41:07.013000+00:00,-39.357200622558594,174.92726135253906,12.0,2.2744117873039404,NGZ,HHZ,63007.567668514865,63.00756766851487,1.0,10.0,3.1622776601683795,3.199690616558441e-07,8.988877116494927e-08,3.559611033826337,-14.955041528152163,1.12652241557642,exact,1.0,10.0,0.11913537911777466,-15.074176907269939
2026p121023,2026-02-14T18:41:07.013000+00:00,-39.357200622558594,174.92726135253906,12.0,2.2744117873039404,NOVZ,EHZ,65714.35550294623,65.71435550294623,1.0,10.0,3.1622776601683795,3.6126427924997864e-07,4.0996837578944654e-08,8.812003573551694,-14.833656070965374,1.277398836799036,exact,1.0,10.0,0.24482585154452702,-15.078481922509901
2026p121023,2026-02-14T18:41:07.013000+00:00,-39.357200622558594,174.92726135253906,12.0,2.2744117873039404,NTVZ,HHZ,71974.80936164956,71.97480936164956,1.0,10.0,3.1622776601683795,5.839543521470967e-07,1.2650455617573412e-07,4.616073679875175,-14.353443021304843,0.9936348993076428,exact,1.0,10.0,-0.006385444317864613,-14.347057576986979
2026p121023,2026-02-14T18:41:07.013000+00:00,-39.357200622558594,174.92726135253906,12.0,2.2744117873039404,OTVZ,HHZ,68569.17116846559,68.56917116846559,1.0,10.0,3.1622776601683795,2.524346559928713e-07,2.395648616432653e-08,10.537215443923088,-15.192113409869473,1.0,exact,1.0,10.0,0.0,-15.192113409869473
2026p121023,2026-02-14T18:41:07.013000+00:00,-39.357200622558594,174.92726135253906,12.0,2.2744117873039404,SNVZ,EHZ,65816.14830019294,65.81614830019295,1.0,10.0,3.1622776601683795,1.4859499065112164e-07,2.264513179648391e-08,6.561895597984281,-15.722041415519506,0.7545196052473487,exact,1.0,10.0,-0.28167401668856396,-15.440367398830942
2026p121023,2026-02-14T18:41:07.013000+00:00,-39.357200622558594,174.92726135253906,12.0,2.2744117873039404,TUVZ,EHZ,64881.52878948671,64.88152878948671,1.0,10.0,3.1622776601683795,6.602284857863789e-07,6.416772770510217e-08,10.289104965982489,-14.230679871250652,1.97029574161132,exact,1.0,10.0,0.6781836541279606,-14.908863525378614
2026p121023,2026-02-14T18:41:07.013000+00:00,-39.357200622558594,174.92726135253906,12.0,2.2744117873039404,TWVZ,HHZ,55896.061189554865,55.896061189554864,1.0,10.0,3.1622776601683795,1.5679903864110754e-07,1.016266767214914e-08,15.428925130634388,-15.668300860164285,0.5802755580898467,exact,1.0,10.0,-0.5442521881111088,-15.124048672053176
2026p121023,2026-02-14T18:41:07.013000+00:00,-39.357200622558594,174.92726135253906,12.0,2.2744117873039404,WHVZ,HHZ,59331.27710328677,59.331277103286766,1.0,10.0,3.1622776601683795,2.3178662784626504e-07,2.9188250806109103e-08,7.941093468943061,-15.277448596029796,0.8211193479986806,exact,1.0,10.0,-0.19708681103425454,-15.08036178499554
2026p121107,2026-02-14T19:26:14.633000+00:00,-38.6261100769043,175.27601623535156,5.0,2.341803111615451,COVZ,HHZ,68035.44104067188,68.03544104067188,1.0,10.0,3.1622776601683795,1.4599136679837504e-07,2.3312434765715882e-08,6.262381783179305,-15.739718348504391,1.0310666692210522,exact,1.0,10.0,0.030593867562053945,-15.770312216066445
2026p121107,2026-02-14T19:26:14.633000+00:00,-38.6261100769043,175.27601623535156,5.0,2.341803111615451,FWVZ,HHZ,74158.38816277463,74.15838816277463,1.0,10.0,3.1622776601683795,1.281110634863093e-07,2.4650966250815696e-08,5.196999670634416,-15.870368265759708,0.6226707538339719,exact,1.0,10.0,-0.4737373849098134,-15.396630880849894
2026p121107,2026-02-14T19:26:14.633000+00:00,-38.6261100769043,175.27601623535156,5.0,2.341803111615451,KRVZ,HHZ,61206.69567709049,61.20669567709049,1.0,10.0,3.1622776601683795,3.4811096855118247e-07,7.104422174347762e-08,4.899919515032785,-14.870744532854735,0.8296358879603257,exact,1.0,10.0,-0.18676836364818022,-14.683976169206554
2026p121107,2026-02-14T19:26:14.633000+00:00,-38.6261100769043,175.27601623535156,5.0,2.341803111615451,NGZ,HHZ,67513.67308305403,67.51367308305403,1.0,10.0,3.1622776601683795,4.7290200618183603e-07,5.344727935393668e-08,8.848008951965564,-14.564377645009458,1.12652241557642,exact,1.0,10.0,0.11913537911777466,-14.683513024127233
2026p121107,2026-02-14T19:26:14.633000+00:00,-38.6261100769043,175.27601623535156,5.0,2.341803111615451,NOVZ,EHZ,63015.01696302783,63.01501696302783,1.0,10.0,3.1622776601683795,5.60022284653653e-07,5.050961740866355e-08,11.087438657921735,-14.395289259984597,1.277398836799036,exact,1.0,10.0,0.24482585154452702,-14.640115111529125
2026p121107,2026-02-14T19:26:14.633000+00:00,-38.6261100769043,175.27601623535156,5.0,2.341803111615451,NTVZ,HHZ,63198.915447078485,63.198915447078484,1.0,10.0,3.1622776601683795,6.53760312510803e-07,2.1539711143511967e-07,3.035139645815185,-14.240525047296583,0.9936348993076428,exact,1.0,10.0,-0.006385444317864613,-14.234139602978718
2026p121107,2026-02-14T19:26:14.633000+00:00,-38.6261100769043,175.27601623535156,5.0,2.341803111615451,OTVZ,HHZ,68814.56051412746,68.81456051412746,1.0,10.0,3.1622776601683795,2.0356197672131814e-07,1.8446143233134858e-08,11.035476313317313,-15.40729532451778,1.0,exact,1.0,10.0,0.0,-15.40729532451778
2026p121107,2026-02-14T19:26:14.633000+00:00,-38.6261100769043,175.27601623535156,5.0,2.341803111615451,SNVZ,EHZ,70061.74059420089,70.0617405942009,1.0,10.0,3.1622776601683795,2.562177368356912e-07,2.4244382680915593e-08,10.568127892048894,-15.177238219451946,0.7545196052473487,exact,1.0,10.0,-0.28167401668856396,-14.895564202763381
2026p121107,2026-02-14T19:26:14.633000+00:00,-38.6261100769043,175.27601623535156,5.0,2.341803111615451,TMVZ,HHZ,66115.67563558114,66.11567563558114,1.0,10.0,3.1622776601683795,3.460512514362566e-07,8.637410758674649e-08,4.006423465373734,-14.876678947319878,0.9214864370155496,exact,1.0,10.0,-0.08176722035762422,-14.794911726962253
2026p121107,2026-02-14T19:26:14.633000+00:00,-38.6261100769043,175.27601623535156,5.0,2.341803111615451,TUVZ,EHZ,78669.21137738366,78.66921137738366,1.0,10.0,3.1622776601683795,7.575287770984178e-07,5.97981210670857e-08,12.668103338039153,-14.093204310715604,1.97029574161132,exact,1.0,10.0,0.6781836541279606,-14.771387964843566
2026p121107,2026-02-14T19:26:14.633000+00:00,-38.6261100769043,175.27601623535156,5.0,2.341803111615451,TWVZ,HHZ,51704.17567460131,51.70417567460131,1.0,10.0,3.1622776601683795,2.0927994930153603e-07,1.0134233556508528e-08,20.650792004604018,-15.379593010929442,0.5802755580898467,exact,1.0,10.0,-0.5442521881111088,-14.835340822818333
2026p121107,2026-02-14T19:26:14.633000+00:00,-38.6261100769043,175.27601623535156,5.0,2.341803111615451,WHVZ,HHZ,78067.21872948254,78.06721872948255,1.0,10.0,3.1622776601683795,1.7218283728260952e-07,3.016804489871071e-08,5.707457604916522,-15.574708917268278,0.8211193479986806,exact,1.0,10.0,-0.19708681103425454,-15.377622106234023
2026p121107,2026-02-14T19:26:14.633000+00:00,-38.6261100769043,175.27601623535156,5.0,2.341803111615451,WTVZ,HHZ,61056.634278758545,61.056634278758544,1.0,10.0,3.1622776601683795,4.669898546033747e-07,9.476707002849278e-08,4.927765039722859,-14.576958304131539,1.0296407025017171,exact,1.0,10.0,0.02920990886272243,-14.60616821299426
2026p121552,2026-02-14T23:23:18.983000+00:00,-38.80780792236328,175.49868774414062,5.0,2.1579009339340374,COVZ,HHZ,44122.775976202676,44.122775976202675,1.0,10.0,3.1622776601683795,2.5271002622817784e-07,3.222278643082475e-08,7.842587628810153,-15.19102314693184,1.0310666692210522,exact,1.0,10.0,0.030593867562053945,-15.221617014493894
2026p121552,2026-02-14T23:23:18.983000+00:00,-38.80780792236328,175.49868774414062,5.0,2.1579009339340374,NOVZ,EHZ,37252.690244011326,37.252690244011326,1.0,10.0,3.1622776601683795,7.558728903667512e-07,6.399623136956381e-08,11.811209413281786,-14.095392609338571,1.277398836799036,exact,1.0,10.0,0.24482585154452702,-14.340218460883099
2026p121552,2026-02-14T23:23:18.983000+00:00,-38.80780792236328,175.49868774414062,5.0,2.1579009339340374,NTVZ,HHZ,36285.58309401837,36.28558309401837,1.0,10.0,3.1622776601683795,1.1875893393906593e-06,3.486665771506482e-07,3.4060888459565146,-13.643585070696407,0.9936348993076428,exact,1.0,10.0,-0.006385444317864613,-13.637199626378543
2026p121552,2026-02-14T23:23:18.983000+00:00,-38.80780792236328,175.49868774414062,5.0,2.1579009339340374,OTVZ,HHZ,42497.223539051716,42.49722353905172,1.0,10.0,3.1622776601683795,2.0211820122045096e-07,4.588337251678752e-08,4.405042396273317,-15.414413156124688,1.0,exact,1.0,10.0,0.0,-15.414413156124688
2026p121552,2026-02-14T23:23:18.983000+00:00,-38.80780792236328,175.49868774414062,5.0,2.1579009339340374,SNVZ,EHZ,44261.154816089394,44.261154816089395,1.0,10.0,3.1622776601683795,1.980704451372576e-07,4.048909706005946e-08,4.891945227710314,-15.434643086006322,0.7545196052473487,exact,1.0,10.0,-0.28167401668856396,-15.152969069317757
2026p121552,2026-02-14T23:23:18.983000+00:00,-38.80780792236328,175.49868774414062,5.0,2.1579009339340374,TMVZ,HHZ,39024.69211287846,39.02469211287846,1.0,10.0,3.1622776601683795,5.700885562612428e-07,1.475918017651635e-07,3.862603135425659,-14.37747412632339,0.9214864370155496,exact,1.0,10.0,-0.08176722035762422,-14.295706905965766
2026p121552,2026-02-14T23:23:18.983000+00:00,-38.80780792236328,175.49868774414062,5.0,2.1579009339340374,TUVZ,EHZ,53189.41328304997,53.18941328304997,1.0,10.0,3.1622776601683795,7.701582081492503e-07,1.7824290907097213e-07,4.320835045631978,-14.076669878074854,1.97029574161132,exact,1.0,10.0,0.6781836541279606,-14.754853532202816
2026p121552,2026-02-14T23:23:18.983000+00:00,-38.80780792236328,175.49868774414062,5.0,2.1579009339340374,TWVZ,HHZ,30309.26343242695,30.30926343242695,1.0,10.0,3.1622776601683795,3.181555448332383e-07,1.3416237000995937e-08,23.71421620008803,-14.960725439057898,0.5802755580898467,exact,1.0,10.0,-0.5442521881111088,-14.416473250946789
2026p121552,2026-02-14T23:23:18.983000+00:00,-38.80780792236328,175.49868774414062,5.0,2.1579009339340374,WHVZ,HHZ,53742.05168474707,53.742051684747075,1.0,10.0,3.1622776601683795,3.795310461508311e-07,3.335267566693852e-08,11.379328301598559,-14.78432943541774,0.8211193479986806,exact,1.0,10.0,-0.19708681103425454,-14.587242624383485
2026p121552,2026-02-14T23:23:18.983000+00:00,-38.80780792236328,175.49868774414062,5.0,2.1579009339340374,WTVZ,HHZ,35572.46286860307,35.57246286860307,1.0,10.0,3.1622776601683795,7.65727860255593e-07,1.611176794302763e-07,4.752599857217791,-14.082439004148277,1.0296407025017171,exact,1.0,10.0,0.02920990886272243,-14.111648913010999
2026p121593,2026-02-14T23:45:07.651000+00:00,-39.30101776123047,175.0287322998047,21.699275970458984,3.0252687950626926,COVZ,HHZ,51112.65245158571,51.11265245158571,1.0,10.0,3.1622776601683795,1.6876998671224653e-06,4.1112162899962206e-08,41.0511086762603,-13.292143981436887,1.0310666692210522,exact,1.0,10.0,0.030593867562053945,-13.32273784899894
2026p121593,2026-02-14T23:45:07.651000+00:00,-39.30101776123047,175.0287322998047,21.699275970458984,3.0252687950626926,ETVZ,HHZ,65805.68477256093,65.80568477256092,1.0,10.0,3.1622776601683795,1.5830757050997542e-06,3.363882291461211e-07,4.706097205357605,-13.356140954393537,0.9471602664391504,exact,1.0,10.0,-0.05428696417065311,-13.301853990222883
2026p121593,2026-02-14T23:45:07.651000+00:00,-39.30101776123047,175.0287322998047,21.699275970458984,3.0252687950626926,FWVZ,HHZ,51340.817385842354,51.34081738584236,1.0,10.0,3.1622776601683795,2.081644955902268e-06,1.5298081053445993e-07,13.60722922456581,-13.08235213261975,0.6226707538339719,exact,1.0,10.0,-0.4737373849098134,-12.608614747709936
2026p121593,2026-02-14T23:45:07.651000+00:00,-39.30101776123047,175.0287322998047,21.699275970458984,3.0252687950626926,KRVZ,HHZ,62047.692741800776,62.04769274180077,1.0,10.0,3.1622776601683795,2.8536317823146337e-06,7.256106250546808e-07,3.932731528152015,-12.766918065342981,0.8296358879603257,exact,1.0,10.0,-0.18676836364818022,-12.5801497016948
2026p121593,2026-02-14T23:45:07.651000+00:00,-39.30101776123047,175.0287322998047,21.699275970458984,3.0252687950626926,NGZ,HHZ,56324.04646003627,56.32404646003627,1.0,10.0,3.1622776601683795,3.600017798329806e-06,2.0830044782136188e-07,17.282813532005342,-12.53457176853393,1.12652241557642,exact,1.0,10.0,0.11913537911777466,-12.653707147651705
2026p121593,2026-02-14T23:45:07.651000+00:00,-39.30101776123047,175.0287322998047,21.699275970458984,3.0252687950626926,NOVZ,EHZ,58637.559610341115,58.637559610341114,1.0,10.0,3.1622776601683795,5.869039832722779e-06,7.885542304076022e-08,74.4278529796116,-12.045819509441815,1.277398836799036,exact,1.0,10.0,0.24482585154452702,-12.290645360986343
2026p121593,2026-02-14T23:45:07.651000+00:00,-39.30101776123047,175.0287322998047,21.699275970458984,3.0252687950626926,NTVZ,HHZ,64487.56725047132,64.48756725047132,1.0,10.0,3.1622776601683795,3.6691090556796995e-06,4.864583714153475e-07,7.542493399804079,-12.515561689489747,0.9936348993076428,exact,1.0,10.0,-0.006385444317864613,-12.509176245171883
2026p121593,2026-02-14T23:45:07.651000+00:00,-39.30101776123047,175.0287322998047,21.699275970458984,3.0252687950626926,OTVZ,HHZ,61576.35804654165,61.57635804654165,1.0,10.0,3.1622776601683795,2.148083818960962e-06,4.5777484020343093e-08,46.92446220955205,-13.050934360216344,1.0,exact,1.0,10.0,0.0,-13.050934360216344
2026p121593,2026-02-14T23:45:07.651000+00:00,-39.30101776123047,175.0287322998047,21.699275970458984,3.0252687950626926,SNVZ,EHZ,59102.76838588865,59.10276838588865,1.0,10.0,3.1622776601683795,1.2552934304263483e-06,2.2581197993512544e-08,55.5902052135138,-13.588141203604955,0.7545196052473487,exact,1.0,10.0,-0.28167401668856396,-13.306467186916391
2026p121593,2026-02-14T23:45:07.651000+00:00,-39.30101776123047,175.0287322998047,21.699275970458984,3.0252687950626926,TMVZ,HHZ,65957.51170021507,65.95751170021506,1.0,10.0,3.1622776601683795,1.3665471172950316e-06,1.7759782624876937e-07,7.694616235791348,-13.503223351898272,0.9214864370155496,exact,1.0,10.0,-0.08176722035762422,-13.421456131540648
2026p121593,2026-02-14T23:45:07.651000+00:00,-39.30101776123047,175.0287322998047,21.699275970458984,3.0252687950626926,TUVZ,EHZ,58831.30518733197,58.83130518733197,1.0,10.0,3.1622776601683795,5.390643088320945e-06,1.3314326813145224e-07,40.48753770261045,-12.130845868783606,1.97029574161132,exact,1.0,10.0,0.6781836541279606,-12.809029522911567
2026p121593,2026-02-14T23:45:07.651000+00:00,-39.30101776123047,175.0287322998047,21.699275970458984,3.0252687950626926,TWVZ,HHZ,49192.290687113506,49.192290687113505,1.0,10.0,3.1622776601683795,2.056683221557209e-06,1.91137710418856e-08,107.60216898330673,-13.094415959367966,0.5802755580898467,exact,1.0,10.0,-0.5442521881111088,-12.550163771256857
2026p121593,2026-02-14T23:45:07.651000+00:00,-39.30101776123047,175.0287322998047,21.699275970458984,3.0252687950626926,WHVZ,HHZ,53886.04580992225,53.88604580992225,1.0,10.0,3.1622776601683795,2.5552011269545415e-06,3.225951826519779e-08,79.20766534542902,-12.877379618442186,0.8211193479986806,exact,1.0,10.0,-0.19708681103425454,-12.68029280740793
2026p121593,2026-02-14T23:45:07.651000+00:00,-39.30101776123047,175.0287322998047,21.699275970458984,3.0252687950626926,WTVZ,HHZ,57415.86461849862,57.415864618498624,1.0,10.0,3.1622776601683795,3.863904822704166e-06,1.499986834938816e-07,25.75959156909383,-12.46383227372271,1.0296407025017171,exact,1.0,10.0,0.02920990886272243,-12.493042182585432
2026p121913,2026-02-15T02:35:45.333000+00:00,-39.30392837524414,174.96238708496094,17.749738693237305,2.526230551853012,COVZ,HHZ,54731.676525932555,54.731676525932556,1.0,10.0,3.1622776601683795,2.830213181966165e-07,3.5784664930347893e-08,7.909011269142684,-15.077743612823618,1.0310666692210522,exact,1.0,10.0,0.030593867562053945,-15.108337480385671
2026p121913,2026-02-15T02:35:45.333000+00:00,-39.30392837524414,174.96238708496094,17.749738693237305,2.526230551853012,KRVZ,HHZ,65868.47926294435,65.86847926294435,1.0,10.0,3.1622776601683795,5.048094768099478e-07,3.324270736896208e-08,15.185570513467756,-14.499084752500325,0.8296358879603257,exact,1.0,10.0,-0.18676836364818022,-14.312316388852144
2026p121913,2026-02-15T02:35:45.333000+00:00,-39.30392837524414,174.96238708496094,17.749738693237305,2.526230551853012,NGZ,HHZ,60108.839627787,60.108839627787,1.0,10.0,3.1622776601683795,9.14993038955823e-07,1.0265202216704779e-07,8.913541298454264,-13.904349379398383,1.12652241557642,exact,1.0,10.0,0.11913537911777466,-14.023484758516158
2026p121913,2026-02-15T02:35:45.333000+00:00,-39.30392837524414,174.96238708496094,17.749738693237305,2.526230551853012,NOVZ,EHZ,62387.258242137475,62.38725824213748,1.0,10.0,3.1622776601683795,8.604086278460407e-07,2.7454406352202076e-08,31.339545893223388,-13.96585841188805,1.277398836799036,exact,1.0,10.0,0.24482585154452702,-14.210684263432578
2026p121913,2026-02-15T02:35:45.333000+00:00,-39.30392837524414,174.96238708496094,17.749738693237305,2.526230551853012,NTVZ,HHZ,68418.21482390934,68.41821482390934,1.0,10.0,3.1622776601683795,9.119216219781425e-07,7.524424281998725e-08,12.119486990649964,-13.907711791378643,0.9936348993076428,exact,1.0,10.0,-0.006385444317864613,-13.90132634706078
2026p121913,2026-02-15T02:35:45.333000+00:00,-39.30392837524414,174.96238708496094,17.749738693237305,2.526230551853012,OTVZ,HHZ,65544.48809809028,65.54448809809028,1.0,10.0,3.1622776601683795,4.316917145062046e-07,3.0909401482006105e-08,13.96635631257738,-14.655554127281219,1.0,exact,1.0,10.0,0.0,-14.655554127281219
2026p121913,2026-02-15T02:35:45.333000+00:00,-39.30392837524414,174.96238708496094,17.749738693237305,2.526230551853012,SNVZ,EHZ,63011.63114679748,63.011631146797484,1.0,10.0,3.1622776601683795,3.4405449919389397e-07,2.980442191614208e-08,11.543740058502998,-14.882465764232158,0.7545196052473487,exact,1.0,10.0,-0.28167401668856396,-14.600791747543594
2026p121913,2026-02-15T02:35:45.333000+00:00,-39.30392837524414,174.96238708496094,17.749738693237305,2.526230551853012,TMVZ,HHZ,69997.67076288241,69.99767076288241,1.0,10.0,3.1622776601683795,3.2927887335957293e-07,1.0293254193801154e-07,3.1989773803300476,-14.92636080583363,0.9214864370155496,exact,1.0,10.0,-0.08176722035762422,-14.844593585476005
2026p121913,2026-02-15T02:35:45.333000+00:00,-39.30392837524414,174.96238708496094,17.749738693237305,2.526230551853012,TUVZ,EHZ,62823.26273731611,62.82326273731611,1.0,10.0,3.1622776601683795,2.0681533656078834e-06,2.347365698921055e-07,8.810529039248086,-13.088854442748813,1.97029574161132,exact,1.0,10.0,0.6781836541279606,-13.767038096876774
2026p121913,2026-02-15T02:35:45.333000+00:00,-39.30392837524414,174.96238708496094,17.749738693237305,2.526230551853012,TWVZ,HHZ,52057.88053312088,52.05788053312088,1.0,10.0,3.1622776601683795,3.1470733394262676e-07,3.462337321885249e-08,9.089447523018007,-14.97162272859524,0.5802755580898467,exact,1.0,10.0,-0.5442521881111088,-14.42737054048413
2026p121913,2026-02-15T02:35:45.333000+00:00,-39.30392837524414,174.96238708496094,17.749738693237305,2.526230551853012,WHVZ,HHZ,57604.09350023967,57.60409350023967,1.0,10.0,3.1622776601683795,6.787633432071448e-07,3.963757522289345e-08,17.124239799994424,-14.202993307391095,0.8211193479986806,exact,1.0,10.0,-0.19708681103425454,-14.00590649635684
2026p121913,2026-02-15T02:35:45.333000+00:00,-39.30392837524414,174.96238708496094,17.749738693237305,2.526230551853012,WTVZ,HHZ,61096.96185403246,61.09696185403246,1.0,10.0,3.1622776601683795,5.064466021442284e-07,2.4284122455168427e-08,20.855050582090957,-14.495846943999448,1.0296407025017171,exact,1.0,10.0,0.02920990886272243,-14.52505685286217
2026p122916,2026-02-15T11:29:55.697000+00:00,-39.48202896118164,176.0546417236328,5.0,2.0376563965857937,NOVZ,EHZ,55376.10728212008,55.37610728212008,1.0,10.0,3.1622776601683795,5.568132288587442e-07,1.084467767782969e-07,5.134437789673223,-14.401035969482242,1.277398836799036,exact,1.0,10.0,0.24482585154452702,-14.64586182102677
2026p122916,2026-02-15T11:29:55.697000+00:00,-39.48202896118164,176.0546417236328,5.0,2.0376563965857937,SNVZ,EHZ,48970.04914982813,48.970049149828135,1.0,10.0,3.1622776601683795,4.451515236871426e-07,8.107349454255418e-08,5.490715876981098,-14.624851110070312,0.7545196052473487,exact,1.0,10.0,-0.28167401668856396,-14.343177093381748
2026p122916,2026-02-15T11:29:55.697000+00:00,-39.48202896118164,176.0546417236328,5.0,2.0376563965857937,TMVZ,HHZ,51067.01416402533,51.06701416402533,1.0,10.0,3.1622776601683795,5.402870302686633e-07,6.742040144891709e-08,8.01370236096898,-14.431165301069566,0.9214864370155496,exact,1.0,10.0,-0.08176722035762422,-14.349398080711941
2026p122916,2026-02-15T11:29:55.697000+00:00,-39.48202896118164,176.0546417236328,5.0,2.0376563965857937,TUVZ,EHZ,42411.90306925578,42.41190306925578,1.0,10.0,3.1622776601683795,1.3597645804643862e-06,4.4771242250284834e-07,3.037138377494396,-13.508198975800013,1.97029574161132,exact,1.0,10.0,0.6781836541279606,-14.186382629927975
2026p122916,2026-02-15T11:29:55.697000+00:00,-39.48202896118164,176.0546417236328,5.0,2.0376563965857937,TWVZ,HHZ,70377.2681383731,70.3772681383731,1.0,10.0,3.1622776601683795,1.5776541241314744e-07,4.527545157750505e-08,3.4845685005057496,-15.66215663878792,0.5802755580898467,exact,1.0,10.0,-0.5442521881111088,-15.11790445067681
2026p122916,2026-02-15T11:29:55.697000+00:00,-39.48202896118164,176.0546417236328,5.0,2.0376563965857937,WHVZ,HHZ,46405.70767789326,46.40570767789326,1.0,10.0,3.1622776601683795,4.6059288437751094e-07,1.3559989368475065e-07,3.396705350288254,-14.590751298273359,0.8211193479986806,exact,1.0,10.0,-0.19708681103425454,-14.393664487239104
2026p126188,2026-02-16T16:33:25.572000+00:00,-39.08784103393555,176.7122039794922,33.795352935791016,2.33275631898073,COVZ,HHZ,107721.11079083617,107.72111079083618,1.0,10.0,3.1622776601683795,9.345282585766327e-08,1.973109528701704e-08,4.736322261803417,-16.185809064254702,1.0310666692210522,exact,1.0,10.0,0.030593867562053945,-16.216402931816756
2026p126188,2026-02-16T16:33:25.572000+00:00,-39.08784103393555,176.7122039794922,33.795352935791016,2.33275631898073,ETVZ,HHZ,93594.20993581452,93.59420993581452,1.0,10.0,3.1622776601683795,2.103374435555599e-07,3.460835789758698e-08,6.077648762706114,-15.37455272179565,0.9471602664391504,exact,1.0,10.0,-0.05428696417065311,-15.320265757624997
2026p126188,2026-02-16T16:33:25.572000+00:00,-39.08784103393555,176.7122039794922,33.795352935791016,2.33275631898073,FWVZ,HHZ,108001.16763383584,108.00116763383583,1.0,10.0,3.1622776601683795,1.0328235818261817e-07,1.641982157714285e-08,6.290102343523147,-16.085799257761852,0.6226707538339719,exact,1.0,10.0,-0.4737373849098134,-15.612061872852038
2026p126188,2026-02-16T16:33:25.572000+00:00,-39.08784103393555,176.7122039794922,33.795352935791016,2.33275631898073,KRVZ,HHZ,99050.82398474129,99.05082398474129,1.0,10.0,3.1622776601683795,1.3534050298847002e-07,2.9222314567763156e-08,4.631409420859908,-15.815471989668744,0.8296358879603257,exact,1.0,10.0,-0.18676836364818022,-15.628703626020563
2026p126188,2026-02-16T16:33:25.572000+00:00,-39.08784103393555,176.7122039794922,33.795352935791016,2.33275631898073,NGZ,HHZ,102790.12497742003,102.79012497742002,1.0,10.0,3.1622776601683795,1.2421416356410683e-07,1.9175216155285876e-08,6.477849457246704,-15.901258635590564,1.12652241557642,exact,1.0,10.0,0.11913537911777466,-16.020394014708337
2026p126188,2026-02-16T16:33:25.572000+00:00,-39.08784103393555,176.7122039794922,33.795352935791016,2.33275631898073,NOVZ,EHZ,101687.98219219521,101.68798219219521,1.0,10.0,3.1622776601683795,9.1765045779615e-08,1.7267284534625984e-08,5.314387771603525,-16.204034376757278,1.277398836799036,exact,1.0,10.0,0.24482585154452702,-16.448860228301804
2026p126188,2026-02-16T16:33:25.572000+00:00,-39.08784103393555,176.7122039794922,33.795352935791016,2.33275631898073,OTVZ,HHZ,97544.8273325756,97.54482733257561,1.0,10.0,3.1622776601683795,1.394340516650577e-07,3.2363467659817474e-08,4.308377987510257,-15.785674095386254,1.0,exact,1.0,10.0,0.0,-15.785674095386254
2026p126188,2026-02-16T16:33:25.572000+00:00,-39.08784103393555,176.7122039794922,33.795352935791016,2.33275631898073,TMVZ,HHZ,94016.21210066049,94.01621210066048,1.0,10.0,3.1622776601683795,1.743944545696571e-07,5.5318582650166125e-08,3.1525474120066486,-15.561946123169406,0.9214864370155496,exact,1.0,10.0,-0.08176722035762422,-15.480178902811781
2026p126188,2026-02-16T16:33:25.572000+00:00,-39.08784103393555,176.7122039794922,33.795352935791016,2.33275631898073,TUVZ,EHZ,99995.19927507677,99.99519927507677,1.0,10.0,3.1622776601683795,5.047163817207123e-07,7.067329154965903e-08,7.141543441005153,-14.499269185793862,1.97029574161132,exact,1.0,10.0,0.6781836541279606,-15.177452839921823
2026p126188,2026-02-16T16:33:25.572000+00:00,-39.08784103393555,176.7122039794922,33.795352935791016,2.33275631898073,WHVZ,HHZ,105736.26635341952,105.73626635341951,1.0,10.0,3.1622776601683795,2.3578914707904972e-07,3.593915834916482e-08,6.560786560115122,-15.260327875860597,0.8211193479986806,exact,1.0,10.0,-0.19708681103425454,-15.063241064826341
2026p126188,2026-02-16T16:33:25.572000+00:00,-39.08784103393555,176.7122039794922,33.795352935791016,2.33275631898073,WTVZ,HHZ,103253.27036719033,103.25327036719032,1.0,10.0,3.1622776601683795,6.672167526850381e-08,1.9996309875447285e-08,3.336699405245207,-16.522735970270737,1.0296407025017171,exact,1.0,10.0,0.02920990886272243,-16.55194587913346
2026p126745,2026-02-16T21:29:58.160000+00:00,-40.16622543334961,175.0373992919922,26.85024070739746,2.413534062499968,ETVZ,HHZ,131218.19510910948,131.21819510910947,1.0,10.0,3.1622776601683795,1.7462647723226538e-07,3.09487569203253e-08,5.642439135175122,-15.560616559950432,0.9471602664391504,exact,1.0,10.0,-0.05428696417065311,-15.506329595779778
2026p126745,2026-02-16T21:29:58.160000+00:00,-40.16622543334961,175.0373992919922,26.85024070739746,2.413534062499968,FWVZ,HHZ,114133.01968539058,114.13301968539058,1.0,10.0,3.1622776601683795,1.1164571831403274e-07,1.4289715787157582e-08,7.813011817517792,-16.007935208575773,0.6226707538339719,exact,1.0,10.0,-0.4737373849098134,-15.53419782366596
2026p126745,2026-02-16T21:29:58.160000+00:00,-40.16622543334961,175.0373992919922,26.85024070739746,2.413534062499968,KRVZ,HHZ,132795.11713001417,132.79511713001418,1.0,10.0,3.1622776601683795,1.3628258522481324e-07,2.4729875797834822e-08,5.510847945170239,-15.808535274383372,0.8296358879603257,exact,1.0,10.0,-0.18676836364818022,-15.621766910735191
2026p126745,2026-02-16T21:29:58.160000+00:00,-40.16622543334961,175.0373992919922,26.85024070739746,2.413534062499968,NGZ,HHZ,123444.02334319384,123.44402334319383,1.0,10.0,3.1622776601683795,1.4643238352334993e-07,4.345118869105181e-08,3.370043212500323,-15.73670206095009,1.12652241557642,exact,1.0,10.0,0.11913537911777466,-15.855837440067866
2026p126745,2026-02-16T21:29:58.160000+00:00,-40.16622543334961,175.0373992919922,26.85024070739746,2.413534062499968,NOVZ,EHZ,128644.65545855838,128.6446554585584,1.0,10.0,3.1622776601683795,1.792138885692466e-07,1.8240820992935448e-08,9.824880614674909,-15.534685836232198,1.277398836799036,exact,1.0,10.0,0.24482585154452702,-15.779511687776726
2026p126745,2026-02-16T21:29:58.160000+00:00,-40.16622543334961,175.0373992919922,26.85024070739746,2.413534062499968,NTVZ,HHZ,133600.83302653028,133.60083302653027,1.0,10.0,3.1622776601683795,2.202591246191428e-07,6.792267888717272e-08,3.24279207221815,-15.3284611445245,0.9936348993076428,exact,1.0,10.0,-0.006385444317864613,-15.322075700206636
2026p126745,2026-02-16T21:29:58.160000+00:00,-40.16622543334961,175.0373992919922,26.85024070739746,2.413534062499968,OTVZ,HHZ,126920.91863032477,126.92091863032476,1.0,10.0,3.1622776601683795,1.2383786922659018e-07,1.685249566856858e-08,7.3483400715277405,-15.904292633110654,1.0,exact,1.0,10.0,0.0,-15.904292633110654
2026p126745,2026-02-16T21:29:58.160000+00:00,-40.16622543334961,175.0373992919922,26.85024070739746,2.413534062499968,SNVZ,EHZ,123792.01441707974,123.79201441707974,1.0,10.0,3.1622776601683795,8.829985783980274e-08,2.7996264046240822e-08,3.153987178216343,-16.24252733930605,0.7545196052473487,exact,1.0,10.0,-0.28167401668856396,-15.960853322617487
2026p126745,2026-02-16T21:29:58.160000+00:00,-40.16622543334961,175.0373992919922,26.85024070739746,2.413534062499968,TUVZ,EHZ,116405.70910413,116.40570910413,1.0,10.0,3.1622776601683795,7.779915407506639e-07,7.95520076914663e-08,9.779659411840596,-14.066550185898258,1.97029574161132,exact,1.0,10.0,0.6781836541279606,-14.74473384002622
2026p126745,2026-02-16T21:29:58.160000+00:00,-40.16622543334961,175.0373992919922,26.85024070739746,2.413534062499968,TWVZ,HHZ,129415.53427077291,129.41553427077292,1.0,10.0,3.1622776601683795,5.89963525995837e-08,7.699871488519671e-09,7.661991851103735,-16.645790215297687,0.5802755580898467,exact,1.0,10.0,-0.5442521881111088,-16.101538027186578
2026p126745,2026-02-16T21:29:58.160000+00:00,-40.16622543334961,175.0373992919922,26.85024070739746,2.413534062499968,WHVZ,HHZ,112689.82199260197,112.68982199260196,1.0,10.0,3.1622776601683795,2.691381872602736e-07,3.427260669664339e-08,7.852865982517537,-15.128040881959727,0.8211193479986806,exact,1.0,10.0,-0.19708681103425454,-14.930954070925472
2026p126745,2026-02-16T21:29:58.160000+00:00,-40.16622543334961,175.0373992919922,26.85024070739746,2.413534062499968,WTVZ,HHZ,129032.18326582163,129.03218326582163,1.0,10.0,3.1622776601683795,1.7741957406354264e-07,1.8491524398882904e-08,9.594642942161155,-15.544748434580882,1.0296407025017171,exact,1.0,10.0,0.02920990886272243,-15.573958343443604
2026p128026,2026-02-17T08:52:15.180000+00:00,-39.44783020019531,176.29710388183594,30.987648010253903,2.154027455776024,COVZ,HHZ,77624.40721541074,77.62440721541074,1.0,10.0,3.1622776601683795,1.20675293189661e-07,1.9500283684917164e-08,6.188386545524946,-15.930162425822022,1.0310666692210522,exact,1.0,10.0,0.030593867562053945,-15.960756293384076
2026p128026,2026-02-17T08:52:15.180000+00:00,-39.44783020019531,176.29710388183594,30.987648010253903,2.154027455776024,ETVZ,HHZ,69276.72560545571,69.27672560545571,1.0,10.0,3.1622776601683795,2.0829935378667583e-07,2.642839288934258e-08,7.8816504150985995,-15.384289591004624,0.9471602664391504,exact,1.0,10.0,-0.05428696417065311,-15.33000262683397
2026p128026,2026-02-17T08:52:15.180000+00:00,-39.44783020019531,176.29710388183594,30.987648010253903,2.154027455776024,FWVZ,HHZ,75258.97776648296,75.25897776648296,1.0,10.0,3.1622776601683795,8.376146321702088e-08,1.3855857164944156e-08,6.045202560902588,-16.295292801374572,0.6226707538339719,exact,1.0,10.0,-0.4737373849098134,-15.821555416464758
2026p128026,2026-02-17T08:52:15.180000+00:00,-39.44783020019531,176.29710388183594,30.987648010253903,2.154027455776024,KRVZ,HHZ,76022.08828935017,76.02208828935017,1.0,10.0,3.1622776601683795,1.6050587282889054e-07,1.7725735501123307e-08,9.054962645624439,-15.64493530421156,0.8296358879603257,exact,1.0,10.0,-0.18676836364818022,-15.458166940563379
2026p128026,2026-02-17T08:52:15.180000+00:00,-39.44783020019531,176.29710388183594,30.987648010253903,2.154027455776024,NGZ,HHZ,74621.2254168806,74.62122541688059,1.0,10.0,3.1622776601683795,1.8611170985556696e-07,1.2216191510624303e-08,15.234838917980897,-15.49691875289425,1.12652241557642,exact,1.0,10.0,0.11913537911777466,-15.616054132012025
2026p128026,2026-02-17T08:52:15.180000+00:00,-39.44783020019531,176.29710388183594,30.987648010253903,2.154027455776024,NOVZ,EHZ,76380.3794879903,76.3803794879903,1.0,10.0,3.1622776601683795,1.5876309444546604e-07,1.640274501080766e-08,9.67905642262061,-15.655852717879437,1.277398836799036,exact,1.0,10.0,0.24482585154452702,-15.900678569423965
2026p128026,2026-02-17T08:52:15.180000+00:00,-39.44783020019531,176.29710388183594,30.987648010253903,2.154027455776024,NTVZ,HHZ,73600.1018594327,73.6001018594327,1.0,10.0,3.1622776601683795,2.931320689135415e-07,2.0326934271542672e-08,14.420869620458257,-15.042642582340129,0.9936348993076428,exact,1.0,10.0,-0.006385444317864613,-15.036257138022265
2026p128026,2026-02-17T08:52:15.180000+00:00,-39.44783020019531,176.29710388183594,30.987648010253903,2.154027455776024,OTVZ,HHZ,70899.81411301949,70.89981411301949,1.0,10.0,3.1622776601683795,1.7599434093484316e-07,1.1372052676422257e-08,15.476039897329464,-15.552813996204504,1.0,exact,1.0,10.0,0.0,-15.552813996204504
2026p128026,2026-02-17T08:52:15.180000+00:00,-39.44783020019531,176.29710388183594,30.987648010253903,2.154027455776024,SNVZ,EHZ,71510.01962655969,71.5100196265597,1.0,10.0,3.1622776601683795,9.58688854738712e-08,1.585433145659831e-08,6.046857651255434,-16.16028435531497,0.7545196052473487,exact,1.0,10.0,-0.28167401668856396,-15.878610338626407
2026p128026,2026-02-17T08:52:15.180000+00:00,-39.44783020019531,176.29710388183594,30.987648010253903,2.154027455776024,TMVZ,HHZ,70813.97425082602,70.81397425082602,1.0,10.0,3.1622776601683795,2.3033750554775721e-07,2.7327733421493368e-08,8.428708740498612,-15.28372018820009,0.9214864370155496,exact,1.0,10.0,-0.08176722035762422,-15.201952967842466
2026p128026,2026-02-17T08:52:15.180000+00:00,-39.44783020019531,176.29710388183594,30.987648010253903,2.154027455776024,TUVZ,EHZ,67251.65048039315,67.25165048039315,1.0,10.0,3.1622776601683795,5.855459806521237e-07,6.646004938532088e-08,8.810495719876098,-14.350721124708407,1.97029574161132,exact,1.0,10.0,0.6781836541279606,-15.028904778836369
2026p128026,2026-02-17T08:52:15.180000+00:00,-39.44783020019531,176.29710388183594,30.987648010253903,2.154027455776024,TWVZ,HHZ,90995.42250531947,90.99542250531947,1.0,10.0,3.1622776601683795,1.8053644295001948e-08,4.946824937312282e-09,3.6495417816040376,-17.829918272546475,0.5802755580898467,exact,1.0,10.0,-0.5442521881111088,-17.285666084435366
2026p128026,2026-02-17T08:52:15.180000+00:00,-39.44783020019531,176.29710388183594,30.987648010253903,2.154027455776024,WHVZ,HHZ,71834.15951913517,71.83415951913517,1.0,10.0,3.1622776601683795,2.408544068781929e-07,3.4307772660367015e-08,7.020403488811515,-15.23907320684765,0.8211193479986806,exact,1.0,10.0,-0.19708681103425454,-15.041986395813394
2026p128026,2026-02-17T08:52:15.180000+00:00,-39.44783020019531,176.29710388183594,30.987648010253903,2.154027455776024,WTVZ,HHZ,78255.3866622412,78.25538666224121,1.0,10.0,3.1622776601683795,8.127567887856203e-08,1.5964715401993823e-08,5.090956953007228,-16.325419017932983,1.0296407025017171,exact,1.0,10.0,0.02920990886272243,-16.354628926795705
2026p128338,2026-02-17T11:38:36.520000+00:00,-40.1745491027832,174.3860321044922,21.5803337097168,2.734805519289386,COVZ,HHZ,148535.40801167773,148.53540801167773,1.0,10.0,3.1622776601683795,2.2417895900798222e-07,1.841120449488768e-08,12.176224487117667,-15.310821179918609,1.0310666692210522,exact,1.0,10.0,0.030593867562053945,-15.341415047480663
2026p128338,2026-02-17T11:38:36.520000+00:00,-40.1745491027832,174.3860321044922,21.5803337097168,2.734805519289386,ETVZ,HHZ,163540.02578023245,163.54002578023244,1.0,10.0,3.1622776601683795,2.3708971439114505e-07,2.771732746846059e-08,8.553844690146562,-15.254827225705338,0.9471602664391504,exact,1.0,10.0,-0.05428696417065311,-15.200540261534684
2026p128338,2026-02-17T11:38:36.520000+00:00,-40.1745491027832,174.3860321044922,21.5803337097168,2.734805519289386,FWVZ,HHZ,144894.74413830283,144.89474413830283,1.0,10.0,3.1622776601683795,2.4371568297543067e-07,1.1907638825810906e-08,20.467171245331564,-15.227263524773091,0.6226707538339719,exact,1.0,10.0,-0.4737373849098134,-14.753526139863277
2026p128338,2026-02-17T11:38:36.520000+00:00,-40.1745491027832,174.3860321044922,21.5803337097168,2.734805519289386,KRVZ,HHZ,162818.8772384667,162.81887723846668,1.0,10.0,3.1622776601683795,2.4999729954260966e-07,1.968162749510118e-08,12.702064379830112,-15.201815720972066,0.8296358879603257,exact,1.0,10.0,-0.18676836364818022,-15.015047357323885
2026p128338,2026-02-17T11:38:36.520000+00:00,-40.1745491027832,174.3860321044922,21.5803337097168,2.734805519289386,NGZ,HHZ,153949.78700264735,153.94978700264735,1.0,10.0,3.1622776601683795,3.514962965484898e-07,1.4437252568066785e-08,24.34648108366208,-14.861066661886362,1.12652241557642,exact,1.0,10.0,0.11913537911777466,-14.980202041004137
2026p128338,2026-02-17T11:38:36.520000+00:00,-40.1745491027832,174.3860321044922,21.5803337097168,2.734805519289386,NOVZ,EHZ,158487.6734227024,158.48767342270241,1.0,10.0,3.1622776601683795,4.714898046741837e-07,1.7592408814427156e-08,26.800753077516315,-14.567368358279147,1.277398836799036,exact,1.0,10.0,0.24482585154452702,-14.812194209823675
2026p128338,2026-02-17T11:38:36.520000+00:00,-40.1745491027832,174.3860321044922,21.5803337097168,2.734805519289386,NTVZ,HHZ,164488.41362117082,164.48841362117082,1.0,10.0,3.1622776601683795,5.364410863831295e-07,2.3042968832328766e-08,23.280033501174326,-14.43830909193398,0.9936348993076428,exact,1.0,10.0,-0.006385444317864613,-14.431923647616117
2026p128338,2026-02-17T11:38:36.520000+00:00,-40.1745491027832,174.3860321044922,21.5803337097168,2.734805519289386,OTVZ,HHZ,158705.01743746112,158.70501743746112,1.0,10.0,3.1622776601683795,2.0799807222086602e-07,1.1025237716295633e-08,18.86563152406579,-15.385737025456956,1.0,exact,1.0,10.0,0.0,-15.385737025456956
2026p128338,2026-02-17T11:38:36.520000+00:00,-40.1745491027832,174.3860321044922,21.5803337097168,2.734805519289386,SNVZ,EHZ,155424.83898773932,155.42483898773932,1.0,10.0,3.1622776601683795,1.6558590488411145e-07,1.2208912042218101e-08,13.56270766072519,-15.613775714051885,0.7545196052473487,exact,1.0,10.0,-0.28167401668856396,-15.33210169736332
2026p128338,2026-02-17T11:38:36.520000+00:00,-40.1745491027832,174.3860321044922,21.5803337097168,2.734805519289386,TMVZ,HHZ,164741.12437444067,164.74112437444066,1.0,10.0,3.1622776601683795,1.8015124615923553e-07,1.913473198926715e-08,9.414882124311124,-15.529469082433822,0.9214864370155496,exact,1.0,10.0,-0.08176722035762422,-15.447701862076197
2026p128338,2026-02-17T11:38:36.520000+00:00,-40.1745491027832,174.3860321044922,21.5803337097168,2.734805519289386,TUVZ,EHZ,149965.40489373307,149.96540489373308,1.0,10.0,3.1622776601683795,1.1471350076982188e-06,3.331884693692998e-08,34.4290128007628,-13.67824302168862,1.97029574161132,exact,1.0,10.0,0.6781836541279606,-14.356426675816582
2026p128338,2026-02-17T11:38:36.520000+00:00,-40.1745491027832,174.3860321044922,21.5803337097168,2.734805519289386,TWVZ,HHZ,153880.44940792397,153.88044940792398,1.0,10.0,3.1622776601683795,1.92971310737222e-07,5.569948025757266e-09,34.64508283467986,-15.460724308120826,0.5802755580898467,exact,1.0,10.0,-0.5442521881111088,-14.916472120009717
2026p128338,2026-02-17T11:38:36.520000+00:00,-40.1745491027832,174.3860321044922,21.5803337097168,2.734805519289386,WHVZ,HHZ,144909.99955472216,144.90999955472216,1.0,10.0,3.1622776601683795,3.32374810871937e-07,3.329842691485348e-08,9.981697085025782,-14.917002556403512,0.8211193479986806,exact,1.0,10.0,-0.19708681103425454,-14.719915745369256
2026p128338,2026-02-17T11:38:36.520000+00:00,-40.1745491027832,174.3860321044922,21.5803337097168,2.734805519289386,WTVZ,HHZ,158189.06047858903,158.18906047858903,1.0,10.0,3.1622776601683795,3.5104533527873104e-07,1.5116944163914733e-08,23.221977370049583,-14.862350461482759,1.0296407025017171,exact,1.0,10.0,0.02920990886272243,-14.89156037034548
2026p129197,2026-02-17T19:16:34.956000+00:00,-39.47251129150391,175.71253967285156,10.358051300048828,2.167442215969892,COVZ,HHZ,35543.48012974879,35.54348012974879,1.0,10.0,3.1622776601683795,4.1961508283280994e-07,2.132531395275963e-08,19.676853703647776,-14.683928015329572,1.0310666692210522,exact,1.0,10.0,0.030593867562053945,-14.714521882891626
2026p129197,2026-02-17T19:16:34.956000+00:00,-39.47251129150391,175.71253967285156,10.358051300048828,2.167442215969892,ETVZ,HHZ,39149.75423016248,39.14975423016248,1.0,10.0,3.1622776601683795,1.0851972044011127e-06,2.888133901119647e-08,37.57433836361994,-13.733748832278929,0.9471602664391504,exact,1.0,10.0,-0.05428696417065311,-13.679461868108275
2026p129197,2026-02-17T19:16:34.956000+00:00,-39.47251129150391,175.71253967285156,10.358051300048828,2.167442215969892,FWVZ,HHZ,30436.695726425674,30.436695726425675,1.0,10.0,3.1622776601683795,4.7139583531863895e-07,1.1497879113358534e-08,40.998503347539895,-14.567567681191427,0.6226707538339719,exact,1.0,10.0,-0.4737373849098134,-14.093830296281613
2026p129197,2026-02-17T19:16:34.956000+00:00,-39.47251129150391,175.71253967285156,10.358051300048828,2.167442215969892,KRVZ,HHZ,43970.57862733613,43.97057862733613,1.0,10.0,3.1622776601683795,5.014304253918182e-07,2.4376087223240116e-08,20.570587100367582,-14.505800972186048,0.8296358879603257,exact,1.0,10.0,-0.18676836364818022,-14.319032608537867
2026p129197,2026-02-17T19:16:34.956000+00:00,-39.47251129150391,175.71253967285156,10.358051300048828,2.167442215969892,NGZ,HHZ,36309.96516612945,36.30996516612945,1.0,10.0,3.1622776601683795,7.80762238773243e-07,1.1805662593207714e-08,66.1345547197366,-14.06299516524391,1.12652241557642,exact,1.0,10.0,0.11913537911777466,-14.182130544361685
2026p129197,2026-02-17T19:16:34.956000+00:00,-39.47251129150391,175.71253967285156,10.358051300048828,2.167442215969892,NOVZ,EHZ,41146.33003563514,41.14633003563514,1.0,10.0,3.1622776601683795,1.686849682945353e-06,1.747868558200676e-08,96.50895515174561,-13.292647861544431,1.277398836799036,exact,1.0,10.0,0.24482585154452702,-13.537473713088959
2026p129197,2026-02-17T19:16:34.956000+00:00,-39.47251129150391,175.71253967285156,10.358051300048828,2.167442215969892,NTVZ,HHZ,43235.02335005817,43.235023350058164,1.0,10.0,3.1622776601683795,1.543206038262584e-06,5.284028810733982e-08,29.205102650608442,-13.38164846254335,0.9936348993076428,exact,1.0,10.0,-0.006385444317864613,-13.375263018225485
2026p129197,2026-02-17T19:16:34.956000+00:00,-39.47251129150391,175.71253967285156,10.358051300048828,2.167442215969892,OTVZ,HHZ,36570.747749600916,36.57074774960092,1.0,10.0,3.1622776601683795,8.227427244038833e-07,1.2328353725377117e-08,66.73581426450481,-14.010622292183777,1.0,exact,1.0,10.0,0.0,-14.010622292183777
2026p129197,2026-02-17T19:16:34.956000+00:00,-39.47251129150391,175.71253967285156,10.358051300048828,2.167442215969892,SNVZ,EHZ,34526.27078079879,34.52627078079879,1.0,10.0,3.1622776601683795,5.186407471334558e-07,1.5670782207419015e-08,33.09603440777295,-14.472054395517976,0.7545196052473487,exact,1.0,10.0,-0.28167401668856396,-14.190380378829412
2026p129197,2026-02-17T19:16:34.956000+00:00,-39.47251129150391,175.71253967285156,10.358051300048828,2.167442215969892,TMVZ,HHZ,41281.36076542092,41.28136076542092,1.0,10.0,3.1622776601683795,9.332196555684264e-07,4.46101565852039e-08,20.91944362010943,-13.884625234474413,0.9214864370155496,exact,1.0,10.0,-0.08176722035762422,-13.802858014116788
2026p129197,2026-02-17T19:16:34.956000+00:00,-39.47251129150391,175.71253967285156,10.358051300048828,2.167442215969892,TUVZ,EHZ,26111.670538529674,26.111670538529673,1.0,10.0,3.1622776601683795,6.306671843414966e-06,2.5257615414409725e-08,249.69387410249925,-11.97390246217152,1.97029574161132,exact,1.0,10.0,0.6781836541279606,-12.65208611629948
2026p129197,2026-02-17T19:16:34.956000+00:00,-39.47251129150391,175.71253967285156,10.358051300048828,2.167442215969892,TWVZ,HHZ,51771.559049269876,51.771559049269875,1.0,10.0,3.1622776601683795,1.4579520092463009e-07,6.387880408229871e-09,22.82372111049446,-15.741062933382509,0.5802755580898467,exact,1.0,10.0,-0.5442521881111088,-15.1968107452714
2026p129197,2026-02-17T19:16:34.956000+00:00,-39.47251129150391,175.71253967285156,10.358051300048828,2.167442215969892,WHVZ,HHZ,26728.163633734323,26.728163633734322,1.0,10.0,3.1622776601683795,1.6312890208630138e-06,2.5837971419528107e-08,63.135336531493344,-13.326140045325943,0.8211193479986806,exact,1.0,10.0,-0.19708681103425454,-13.129053234291687
2026p129197,2026-02-17T19:16:34.956000+00:00,-39.47251129150391,175.71253967285156,10.358051300048828,2.167442215969892,WTVZ,HHZ,42646.76897454979,42.64676897454979,1.0,10.0,3.1622776601683795,1.4573351704572918e-06,1.4066361465881931e-08,103.6042742106457,-13.438901015712327,1.0296407025017171,exact,1.0,10.0,0.02920990886272243,-13.468110924575049
2026p131423,2026-02-18T15:02:27.206000+00:00,-39.88573455810547,176.65176391601562,30.740169525146484,3.130644877642,COVZ,HHZ,126129.77629659692,126.12977629659692,1.0,10.0,3.1622776601683795,6.557645684990191e-07,1.7602847357976373e-08,37.25332357676059,-14.237464001901769,1.0310666692210522,exact,1.0,10.0,0.030593867562053945,-14.268057869463822
2026p131423,2026-02-18T15:02:27.206000+00:00,-39.88573455810547,176.65176391601562,30.740169525146484,3.130644877642,ETVZ,HHZ,120448.39828304652,120.44839828304653,1.0,10.0,3.1622776601683795,1.2744150542201307e-06,2.903206429354215e-08,43.89681151621071,-13.573023265629908,0.9471602664391504,exact,1.0,10.0,-0.05428696417065311,-13.518736301459255
2026p131423,2026-02-18T15:02:27.206000+00:00,-39.88573455810547,176.65176391601562,30.740169525146484,3.130644877642,FWVZ,HHZ,122040.00438250646,122.04000438250647,1.0,10.0,3.1622776601683795,5.40534683193751e-07,2.224490275101672e-08,24.299260340396206,-14.43070703320478,0.6226707538339719,exact,1.0,10.0,-0.4737373849098134,-13.956969648294965
2026p131423,2026-02-18T15:02:27.206000+00:00,-39.88573455810547,176.65176391601562,30.740169525146484,3.130644877642,KRVZ,HHZ,127655.32834131403,127.65532834131403,1.0,10.0,3.1622776601683795,7.257822818623056e-07,6.457718623927247e-08,11.23898893911427,-14.13601575433879,0.8296358879603257,exact,1.0,10.0,-0.18676836364818022,-13.949247390690608
2026p131423,2026-02-18T15:02:27.206000+00:00,-39.88573455810547,176.65176391601562,30.740169525146484,3.130644877642,NGZ,HHZ,124141.4276916904,124.14142769169041,1.0,10.0,3.1622776601683795,1.1187362835399848e-06,1.5788995568445067e-08,70.85544350749097,-13.703310827955425,1.12652241557642,exact,1.0,10.0,0.11913537911777466,-13.8224462070732
2026p131423,2026-02-18T15:02:27.206000+00:00,-39.88573455810547,176.65176391601562,30.740169525146484,3.130644877642,NOVZ,EHZ,127124.80454280585,127.12480454280585,1.0,10.0,3.1622776601683795,1.2147029132306798e-06,1.8678333953109948e-08,65.03272274069344,-13.621011026930162,1.277398836799036,exact,1.0,10.0,0.24482585154452702,-13.86583687847469
2026p131423,2026-02-18T15:02:27.206000+00:00,-39.88573455810547,176.65176391601562,30.740169525146484,3.130644877642,NTVZ,HHZ,125336.35026319831,125.33635026319831,1.0,10.0,3.1622776601683795,1.2546807386540338e-06,3.234922490525002e-08,38.78549616965967,-13.588629409254265,0.9936348993076428,exact,1.0,10.0,-0.006385444317864613,-13.582243964936401
2026p131423,2026-02-18T15:02:27.206000+00:00,-39.88573455810547,176.65176391601562,30.740169525146484,3.130644877642,OTVZ,HHZ,121135.62347028537,121.13562347028537,1.0,10.0,3.1622776601683795,1.0070153736659087e-06,1.611505103066469e-08,62.48912099314481,-13.808519677546064,1.0,exact,1.0,10.0,0.0,-13.808519677546064
2026p131423,2026-02-18T15:02:27.206000+00:00,-39.88573455810547,176.65176391601562,30.740169525146484,3.130644877642,SNVZ,EHZ,120987.53115559673,120.98753115559674,1.0,10.0,3.1622776601683795,6.747365614151044e-07,3.076988399154546e-08,21.928472710540593,-14.208943501637732,0.7545196052473487,exact,1.0,10.0,-0.28167401668856396,-13.927269484949168
2026p131423,2026-02-18T15:02:27.206000+00:00,-39.88573455810547,176.65176391601562,30.740169525146484,3.130644877642,TMVZ,HHZ,122372.97573444078,122.37297573444079,1.0,10.0,3.1622776601683795,1.1537008184103085e-06,3.2145598924067576e-08,35.88985295111508,-13.67253567963463,0.9214864370155496,exact,1.0,10.0,-0.08176722035762422,-13.590768459277005
2026p131423,2026-02-18T15:02:27.206000+00:00,-39.88573455810547,176.65176391601562,30.740169525146484,3.130644877642,TUVZ,EHZ,114417.19067847743,114.41719067847744,1.0,10.0,3.1622776601683795,2.744858823445008e-06,2.9184542152515772e-08,94.0518034890054,-12.805780914764348,1.97029574161132,exact,1.0,10.0,0.6781836541279606,-13.48396456889231
2026p131423,2026-02-18T15:02:27.206000+00:00,-39.88573455810547,176.65176391601562,30.740169525146484,3.130644877642,TWVZ,HHZ,141792.76594407475,141.79276594407474,1.0,10.0,3.1622776601683795,2.134550682869274e-07,7.816441309726511e-09,27.308471954022252,-15.3598394794147,0.5802755580898467,exact,1.0,10.0,-0.5442521881111088,-14.815587291303592
2026p131423,2026-02-18T15:02:27.206000+00:00,-39.88573455810547,176.65176391601562,30.740169525146484,3.130644877642,WHVZ,HHZ,117925.44227498444,117.92544227498443,1.0,10.0,3.1622776601683795,1.55693736567534e-06,2.6233641101211103e-08,59.34888564147744,-13.372789893490388,0.8211193479986806,exact,1.0,10.0,-0.19708681103425454,-13.175703082456133
2026p131423,2026-02-18T15:02:27.206000+00:00,-39.88573455810547,176.65176391601562,30.740169525146484,3.130644877642,WTVZ,HHZ,129156.91318384676,129.15691318384677,1.0,10.0,3.1622776601683795,7.135263401620904e-07,2.0956224299323965e-08,34.04842064918671,-14.153046483875483,1.0296407025017171,exact,1.0,10.0,0.02920990886272243,-14.182256392738205
2026p131683,2026-02-18T17:21:14.402000+00:00,-39.49807357788086,175.70033264160156,7.551952362060547,2.103839649065619,COVZ,HHZ,36833.417120818136,36.83341712081813,1.0,10.0,3.1622776601683795,3.9502750085629133e-07,1.661569156805224e-08,23.77436408459995,-14.744310452047827,1.0310666692210522,exact,1.0,10.0,0.030593867562053945,-14.774904319609881
2026p131683,2026-02-18T17:21:14.402000+00:00,-39.49807357788086,175.70033264160156,7.551952362060547,2.103839649065619,ETVZ,HHZ,41189.4074965358,41.1894074965358,1.0,10.0,3.1622776601683795,1.153721397820722e-06,2.9567471781108615e-08,39.019954305253215,-13.672517842057902,0.9471602664391504,exact,1.0,10.0,-0.05428696417065311,-13.618230877887248
2026p131683,2026-02-18T17:21:14.402000+00:00,-39.49807357788086,175.70033264160156,7.551952362060547,2.103839649065619,FWVZ,HHZ,31335.897691743754,31.335897691743753,1.0,10.0,3.1622776601683795,5.20361282264687e-07,2.157354323475274e-08,24.120343913949142,-14.468742493028437,0.6226707538339719,exact,1.0,10.0,-0.4737373849098134,-13.995005108118622
2026p131683,2026-02-18T17:21:14.402000+00:00,-39.49807357788086,175.70033264160156,7.551952362060547,2.103839649065619,KRVZ,HHZ,45943.61789520183,45.94361789520183,1.0,10.0,3.1622776601683795,6.361162534844696e-07,1.0014028284668452e-07,6.3522514157301515,-14.267884501812476,0.8296358879603257,exact,1.0,10.0,-0.18676836364818022,-14.081116138164296
2026p131683,2026-02-18T17:21:14.402000+00:00,-39.49807357788086,175.70033264160156,7.551952362060547,2.103839649065619,NGZ,HHZ,37895.13338499871,37.895133384998715,1.0,10.0,3.1622776601683795,7.485771089158173e-07,2.2941349046475036e-08,32.63003877406403,-14.105091620469107,1.12652241557642,exact,1.0,10.0,0.11913537911777466,-14.224226999586882
2026p131683,2026-02-18T17:21:14.402000+00:00,-39.49807357788086,175.70033264160156,7.551952362060547,2.103839649065619,NOVZ,EHZ,42932.06759736454,42.932067597364544,1.0,10.0,3.1622776601683795,1.1090214655872286e-06,2.0380154157100015e-08,54.416735861679875,-13.71203249397883,1.277398836799036,exact,1.0,10.0,0.24482585154452702,-13.956858345523358
2026p131683,2026-02-18T17:21:14.402000+00:00,-39.49807357788086,175.70033264160156,7.551952362060547,2.103839649065619,NTVZ,HHZ,45278.64764037882,45.27864764037882,1.0,10.0,3.1622776601683795,1.2423196330000342e-06,7.008194496655433e-08,17.726671735393683,-13.598530254100524,0.9936348993076428,exact,1.0,10.0,-0.006385444317864613,-13.59214480978266
2026p131683,2026-02-18T17:21:14.402000+00:00,-39.49807357788086,175.70033264160156,7.551952362060547,2.103839649065619,OTVZ,HHZ,38395.62728717766,38.39562728717766,1.0,10.0,3.1622776601683795,7.02640786854902e-07,2.048782352545312e-08,34.29553100074167,-14.168420047483197,1.0,exact,1.0,10.0,0.0,-14.168420047483197
2026p131683,2026-02-18T17:21:14.402000+00:00,-39.49807357788086,175.70033264160156,7.551952362060547,2.103839649065619,SNVZ,EHZ,36183.682650136194,36.18368265013619,1.0,10.0,3.1622776601683795,4.85847836440118e-07,5.424407771144007e-08,8.956698259755878,-14.53737035581461,0.7545196052473487,exact,1.0,10.0,-0.28167401668856396,-14.255696339126047
2026p131683,2026-02-18T17:21:14.402000+00:00,-39.49807357788086,175.70033264160156,7.551952362060547,2.103839649065619,TMVZ,HHZ,43355.38550292098,43.35538550292098,1.0,10.0,3.1622776601683795,8.292794476239575e-07,3.49361029357743e-08,23.73703355375627,-14.002708648596355,0.9214864370155496,exact,1.0,10.0,-0.08176722035762422,-13.92094142823873
2026p131683,2026-02-18T17:21:14.402000+00:00,-39.49807357788086,175.70033264160156,7.551952362060547,2.103839649065619,TUVZ,EHZ,27406.185108099173,27.406185108099173,1.0,10.0,3.1622776601683795,4.632051617313947e-06,3.376081074326565e-08,137.20202552416234,-12.282510674121397,1.97029574161132,exact,1.0,10.0,0.6781836541279606,-12.960694328249359
2026p131683,2026-02-18T17:21:14.402000+00:00,-39.49807357788086,175.70033264160156,7.551952362060547,2.103839649065619,TWVZ,HHZ,53253.983178663984,53.25398317866399,1.0,10.0,3.1622776601683795,1.595862494977022e-07,7.392270470378596e-09,21.588258997986713,-15.650681311671782,0.5802755580898467,exact,1.0,10.0,-0.5442521881111088,-15.106429123560673
2026p131683,2026-02-18T17:21:14.402000+00:00,-39.49807357788086,175.70033264160156,7.551952362060547,2.103839649065619,WHVZ,HHZ,27544.987338966108,27.54498733896611,1.0,10.0,3.1622776601683795,1.4399109132979625e-06,2.5860247477191787e-08,55.68047693928431,-13.450929312055434,0.8211193479986806,exact,1.0,10.0,-0.19708681103425454,-13.253842501021179
2026p131683,2026-02-18T17:21:14.402000+00:00,-39.49807357788086,175.70033264160156,7.551952362060547,2.103839649065619,WTVZ,HHZ,44427.20319456816,44.42720319456816,1.0,10.0,3.1622776601683795,1.3374296820409856e-06,1.7403601437708398e-08,76.84786892115189,-13.524760933733283,1.0296407025017171,exact,1.0,10.0,0.02920990886272243,-13.553970842596005
2026p133739,2026-02-19T11:36:20.993000+00:00,-38.61555099487305,176.5438995361328,5.0,2.334777030934068,COVZ,HHZ,108598.60635499955,108.59860635499955,1.0,10.0,3.1622776601683795,7.067636485566289e-08,1.985610843370181e-08,3.5594268177798507,-16.46515462183532,1.0310666692210522,exact,1.0,10.0,0.030593867562053945,-16.495748489397375
2026p133739,2026-02-19T11:36:20.993000+00:00,-38.61555099487305,176.5438995361328,5.0,2.334777030934068,ETVZ,HHZ,92747.28343583159,92.74728343583159,1.0,10.0,3.1622776601683795,2.6920205469014173e-07,3.223262156898879e-08,8.351851062252496,-15.127803606626431,0.9471602664391504,exact,1.0,10.0,-0.05428696417065311,-15.073516642455777
2026p133739,2026-02-19T11:36:20.993000+00:00,-38.61555099487305,176.5438995361328,5.0,2.334777030934068,KRVZ,HHZ,94891.75848942915,94.89175848942915,1.0,10.0,3.1622776601683795,1.6100988105336697e-07,3.706483111591235e-08,4.344006871361235,-15.641800100842914,0.8296358879603257,exact,1.0,10.0,-0.18676836364818022,-15.455031737194734
2026p133739,2026-02-19T11:36:20.993000+00:00,-38.61555099487305,176.5438995361328,5.0,2.334777030934068,NGZ,HHZ,102934.18925709954,102.93418925709955,1.0,10.0,3.1622776601683795,1.5448203573542205e-07,2.7047443377310727e-08,5.711520811057961,-15.683188020926044,1.12652241557642,exact,1.0,10.0,0.11913537911777466,-15.80232340004382
2026p133739,2026-02-19T11:36:20.993000+00:00,-38.61555099487305,176.5438995361328,5.0,2.334777030934068,NOVZ,EHZ,99087.99815938735,99.08799815938735,1.0,10.0,3.1622776601683795,1.4827692559096797e-07,2.0979037137886443e-08,7.06786134255856,-15.724184192686705,1.277398836799036,exact,1.0,10.0,0.24482585154452702,-15.969010044231233
2026p133739,2026-02-19T11:36:20.993000+00:00,-38.61555099487305,176.5438995361328,5.0,2.334777030934068,NTVZ,HHZ,92675.83697745518,92.67583697745518,1.0,10.0,3.1622776601683795,3.1398821459663196e-07,6.144798264253328e-08,5.109821365873361,-14.973910384874289,0.9936348993076428,exact,1.0,10.0,-0.006385444317864613,-14.967524940556425
2026p133739,2026-02-19T11:36:20.993000+00:00,-38.61555099487305,176.5438995361328,5.0,2.334777030934068,TMVZ,HHZ,91830.6035328354,91.83060353283541,1.0,10.0,3.1622776601683795,2.2984611836405337e-07,3.4062264198349383e-08,6.747822664565893,-15.285855802528515,0.9214864370155496,exact,1.0,10.0,-0.08176722035762422,-15.20408858217089
2026p133739,2026-02-19T11:36:20.993000+00:00,-38.61555099487305,176.5438995361328,5.0,2.334777030934068,TUVZ,EHZ,105984.83043413908,105.98483043413907,1.0,10.0,3.1622776601683795,4.178950428753357e-07,8.108984421548074e-08,5.153481880725527,-14.688035529550605,1.97029574161132,exact,1.0,10.0,0.6781836541279606,-15.366219183678567
2026p133739,2026-02-19T11:36:20.993000+00:00,-38.61555099487305,176.5438995361328,5.0,2.334777030934068,WHVZ,HHZ,111311.89623358866,111.31189623358866,1.0,10.0,3.1622776601683795,1.7566623673757704e-07,5.212753441082746e-08,3.3699318167077785,-15.554680024490326,0.8211193479986806,exact,1.0,10.0,-0.19708681103425454,-15.35759321345607
2026p133739,2026-02-19T11:36:20.993000+00:00,-38.61555099487305,176.5438995361328,5.0,2.334777030934068,WTVZ,HHZ,99869.09469848243,99.86909469848243,1.0,10.0,3.1622776601683795,1.218720510248419e-07,1.992548856744647e-08,6.116389598795182,-15.92029410464039,1.0296407025017171,exact,1.0,10.0,0.02920990886272243,-15.949504013503113
2026p134231,2026-02-19T15:58:38.623000+00:00,-40.05509567260742,176.5830078125,34.10334777832031,3.4198525186667927,COVZ,HHZ,135054.76652724997,135.05476652724997,1.0,10.0,3.1622776601683795,7.856049833234624e-07,2.4545791826598105e-08,32.0056891573639,-14.056811736591929,1.0310666692210522,exact,1.0,10.0,0.030593867562053945,-14.087405604153982
2026p134231,2026-02-19T15:58:38.623000+00:00,-40.05509567260742,176.5830078125,34.10334777832031,3.4198525186667927,ETVZ,HHZ,131467.55087717992,131.46755087717992,1.0,10.0,3.1622776601683795,1.1753676479460495e-06,3.2573775418359163e-08,36.08324895871883,-13.653929567439626,0.9471602664391504,exact,1.0,10.0,-0.05428696417065311,-13.599642603268972
2026p134231,2026-02-19T15:58:38.623000+00:00,-40.05509567260742,176.5830078125,34.10334777832031,3.4198525186667927,FWVZ,HHZ,130435.01589831807,130.43501589831808,1.0,10.0,3.1622776601683795,7.596008790796426e-07,7.178007846211912e-08,10.58233559162952,-14.090472700716107,0.6226707538339719,exact,1.0,10.0,-0.4737373849098134,-13.616735315806293
2026p134231,2026-02-19T15:58:38.623000+00:00,-40.05509567260742,176.5830078125,34.10334777832031,3.4198525186667927,KRVZ,HHZ,138457.2556541214,138.4572556541214,1.0,10.0,3.1622776601683795,6.957120382738947e-07,4.9408434140579756e-08,14.080835597712209,-14.17833000033744,0.8296358879603257,exact,1.0,10.0,-0.18676836364818022,-13.991561636689259
2026p134231,2026-02-19T15:58:38.623000+00:00,-40.05509567260742,176.5830078125,34.10334777832031,3.4198525186667927,NGZ,HHZ,133819.09382226993,133.81909382226993,1.0,10.0,3.1622776601683795,1.497721275291794e-06,3.261473765101215e-08,45.921610387238985,-13.411565754739618,1.12652241557642,exact,1.0,10.0,0.11913537911777466,-13.530701133857393
2026p134231,2026-02-19T15:58:38.623000+00:00,-40.05509567260742,176.5830078125,34.10334777832031,3.4198525186667927,NOVZ,EHZ,137373.79611077553,137.37379611077552,1.0,10.0,3.1622776601683795,1.1160122565142091e-06,2.6087101584323885e-08,42.78023194362217,-13.705748711525848,1.277398836799036,exact,1.0,10.0,0.24482585154452702,-13.950574563070376
2026p134231,2026-02-19T15:58:38.623000+00:00,-40.05509567260742,176.5830078125,34.10334777832031,3.4198525186667927,NTVZ,HHZ,136395.8236528301,136.3958236528301,1.0,10.0,3.1622776601683795,1.1122974219349482e-06,5.2201227054955466e-08,21.30787885050985,-13.709082932129638,0.9936348993076428,exact,1.0,10.0,-0.006385444317864613,-13.702697487811774
2026p134231,2026-02-19T15:58:38.623000+00:00,-40.05509567260742,176.5830078125,34.10334777832031,3.4198525186667927,OTVZ,HHZ,131490.29849619186,131.49029849619185,1.0,10.0,3.1622776601683795,1.1145327070221777e-06,9.083972114183457e-08,12.269222021080159,-13.707075337738914,1.0,exact,1.0,10.0,0.0,-13.707075337738914
2026p134231,2026-02-19T15:58:38.623000+00:00,-40.05509567260742,176.5830078125,34.10334777832031,3.4198525186667927,SNVZ,EHZ,130890.57078059373,130.89057078059372,1.0,10.0,3.1622776601683795,6.611550185270353e-07,7.865352955296759e-08,8.405916711999481,-14.229277503369596,0.7545196052473487,exact,1.0,10.0,-0.28167401668856396,-13.947603486681032
2026p134231,2026-02-19T15:58:38.623000+00:00,-40.05509567260742,176.5830078125,34.10334777832031,3.4198525186667927,TMVZ,HHZ,133519.902989675,133.519902989675,1.0,10.0,3.1622776601683795,1.0753510710167668e-06,4.267267633387314e-08,25.199991268491495,-13.742863372009518,0.9214864370155496,exact,1.0,10.0,-0.08176722035762422,-13.661096151651893
2026p134231,2026-02-19T15:58:38.623000+00:00,-40.05509567260742,176.5830078125,34.10334777832031,3.4198525186667927,TUVZ,EHZ,123532.03088176146,123.53203088176146,1.0,10.0,3.1622776601683795,3.880866758011476e-06,4.413678253620017e-08,87.92817543572555,-12.459452038037128,1.97029574161132,exact,1.0,10.0,0.6781836541279606,-13.13763569216509
2026p134231,2026-02-19T15:58:38.623000+00:00,-40.05509567260742,176.5830078125,34.10334777832031,3.4198525186667927,TWVZ,HHZ,151200.60338646529,151.20060338646527,1.0,10.0,3.1622776601683795,2.4612533400390954e-07,1.1721312077808195e-08,20.998104339350828,-15.21742494293813,0.5802755580898467,exact,1.0,10.0,-0.5442521881111088,-14.673172754827021
2026p134231,2026-02-19T15:58:38.623000+00:00,-40.05509567260742,176.5830078125,34.10334777832031,3.4198525186667927,WHVZ,HHZ,126290.2059184343,126.2902059184343,1.0,10.0,3.1622776601683795,1.667079039508435e-06,3.406203561095476e-08,48.942437220994584,-13.30443754109742,0.8211193479986806,exact,1.0,10.0,-0.19708681103425454,-13.107350730063164
2026p134231,2026-02-19T15:58:38.623000+00:00,-40.05509567260742,176.5830078125,34.10334777832031,3.4198525186667927,WTVZ,HHZ,139338.06565876424,139.33806565876424,1.0,10.0,3.1622776601683795,7.36927193586869e-07,2.145215948516534e-08,34.352121710472595,-14.120776737171662,1.0296407025017171,exact,1.0,10.0,0.02920990886272243,-14.149986646034383
2026p135251,2026-02-20T01:01:55.087000+00:00,-39.85696029663086,176.6195068359375,37.20079040527344,2.163079821704605,COVZ,HHZ,123969.22350670381,123.96922350670381,1.0,10.0,3.1622776601683795,1.1197519409101878e-07,3.2110478911947e-08,3.487185426230357,-16.004988471512117,1.0310666692210522,exact,1.0,10.0,0.030593867562053945,-16.03558233907417
2026p135251,2026-02-20T01:01:55.087000+00:00,-39.85696029663086,176.6195068359375,37.20079040527344,2.163079821704605,ETVZ,HHZ,118330.1804673452,118.3301804673452,1.0,10.0,3.1622776601683795,1.8329897907651938e-07,3.011288216262001e-08,6.08706194533759,-15.512147251802464,0.9471602664391504,exact,1.0,10.0,-0.05428696417065311,-15.45786028763181
2026p135251,2026-02-20T01:01:55.087000+00:00,-39.85696029663086,176.6195068359375,37.20079040527344,2.163079821704605,NGZ,HHZ,122004.55979755054,122.00455979755054,1.0,10.0,3.1622776601683795,1.714187280709024e-07,3.8486039565842156e-08,4.454049572381647,-15.579156571460603,1.12652241557642,exact,1.0,10.0,0.11913537911777466,-15.698291950578378
2026p135251,2026-02-20T01:01:55.087000+00:00,-39.85696029663086,176.6195068359375,37.20079040527344,2.163079821704605,NOVZ,EHZ,124917.34657532797,124.91734657532797,1.0,10.0,3.1622776601683795,1.7314880872352792e-07,2.686120535125738e-08,6.44605506191191,-15.569114446147475,1.277398836799036,exact,1.0,10.0,0.24482585154452702,-15.813940297692003
2026p135251,2026-02-20T01:01:55.087000+00:00,-39.85696029663086,176.6195068359375,37.20079040527344,2.163079821704605,OTVZ,HHZ,119036.59014277931,119.03659014277932,1.0,10.0,3.1622776601683795,1.8346415659697177e-07,5.520441072367355e-08,3.3233604741350136,-15.511246520428157,1.0,exact,1.0,10.0,0.0,-15.511246520428157
2026p135251,2026-02-20T01:01:55.087000+00:00,-39.85696029663086,176.6195068359375,37.20079040527344,2.163079821704605,TMVZ,HHZ,120214.12300365994,120.21412300365995,1.0,10.0,3.1622776601683795,1.480494730772514e-07,3.6707967423152785e-08,4.033170002866251,-15.725719341491592,0.9214864370155496,exact,1.0,10.0,-0.08176722035762422,-15.643952121133967
2026p135251,2026-02-20T01:01:55.087000+00:00,-39.85696029663086,176.6195068359375,37.20079040527344,2.163079821704605,WHVZ,HHZ,116015.31479274326,116.01531479274325,1.0,10.0,3.1622776601683795,2.484415104825538e-07,3.551206187436015e-08,6.995975377648504,-15.208058389405195,0.8211193479986806,exact,1.0,10.0,-0.19708681103425454,-15.01097157837094
2026p135251,2026-02-20T01:01:55.087000+00:00,-39.85696029663086,176.6195068359375,37.20079040527344,2.163079821704605,WTVZ,HHZ,126899.42336405707,126.89942336405707,1.0,10.0,3.1622776601683795,1.005803255294614e-07,2.9203898247028856e-08,3.4440719070678942,-16.112309169685048,1.0296407025017171,exact,1.0,10.0,0.02920990886272243,-16.14151907854777
2026p138023,2026-02-21T01:38:52.077000+00:00,-40.02997589111328,176.67738342285156,33.27610397338867,2.424361565947793,ETVZ,HHZ,133967.6892277228,133.9676892277228,1.0,10.0,3.1622776601683795,1.6820616806266974e-07,1.960594648554615e-08,8.579344444639503,-15.598075419077135,0.9471602664391504,exact,1.0,10.0,-0.05428696417065311,-15.543788454906482
2026p138023,2026-02-21T01:38:52.077000+00:00,-40.02997589111328,176.67738342285156,33.27610397338867,2.424361565947793,FWVZ,HHZ,134042.09694384475,134.04209694384474,1.0,10.0,3.1622776601683795,9.432615837914636e-08,1.3801700005344957e-08,6.834386948174272,-16.17650729044898,0.6226707538339719,exact,1.0,10.0,-0.4737373849098134,-15.702769905539167
2026p138023,2026-02-21T01:38:52.077000+00:00,-40.02997589111328,176.67738342285156,33.27610397338867,2.424361565947793,KRVZ,HHZ,141089.85959494187,141.08985959494186,1.0,10.0,3.1622776601683795,1.2034408090627232e-07,2.979020699109549e-08,4.039719527368307,-15.932910856259415,0.8296358879603257,exact,1.0,10.0,-0.18676836364818022,-15.746142492611234
2026p138023,2026-02-21T01:38:52.077000+00:00,-40.02997589111328,176.67738342285156,33.27610397338867,2.424361565947793,NGZ,HHZ,136922.15290159857,136.92215290159857,1.0,10.0,3.1622776601683795,2.1696566827924778e-07,1.2283133800571815e-08,17.6637063311276,-15.343526706617295,1.12652241557642,exact,1.0,10.0,0.11913537911777466,-15.46266208573507
2026p138023,2026-02-21T01:38:52.077000+00:00,-40.02997589111328,176.67738342285156,33.27610397338867,2.424361565947793,NOVZ,EHZ,140246.1562653613,140.2461562653613,1.0,10.0,3.1622776601683795,2.3134182999481298e-07,1.5373008376532225e-08,15.048572428280822,-15.279369436698007,1.277398836799036,exact,1.0,10.0,0.24482585154452702,-15.524195288242534
2026p138023,2026-02-21T01:38:52.077000+00:00,-40.02997589111328,176.67738342285156,33.27610397338867,2.424361565947793,NTVZ,HHZ,138900.90256785325,138.90090256785325,1.0,10.0,3.1622776601683795,1.9047695124720132e-07,2.436875859859202e-08,7.816440483685809,-15.473734640527976,0.9936348993076428,exact,1.0,10.0,-0.006385444317864613,-15.467349196210112
2026p138023,2026-02-21T01:38:52.077000+00:00,-40.02997589111328,176.67738342285156,33.27610397338867,2.424361565947793,OTVZ,HHZ,134286.87485649667,134.28687485649667,1.0,10.0,3.1622776601683795,1.686663299943929e-07,1.796367547020839e-08,9.389299549199452,-15.595343452409722,1.0,exact,1.0,10.0,0.0,-15.595343452409722
2026p138023,2026-02-21T01:38:52.077000+00:00,-40.02997589111328,176.67738342285156,33.27610397338867,2.424361565947793,SNVZ,EHZ,133880.08660653033,133.88008660653034,1.0,10.0,3.1622776601683795,1.0335331146511898e-07,1.6698063294771918e-08,6.1895388489441405,-16.085112510063254,0.7545196052473487,exact,1.0,10.0,-0.28167401668856396,-15.80343849337469
2026p138023,2026-02-21T01:38:52.077000+00:00,-40.02997589111328,176.67738342285156,33.27610397338867,2.424361565947793,TMVZ,HHZ,135971.73082680535,135.97173082680536,1.0,10.0,3.1622776601683795,1.9432619330940372e-07,2.3507637189158747e-08,8.26651320784477,-15.453727681056991,0.9214864370155496,exact,1.0,10.0,-0.08176722035762422,-15.371960460699366
2026p138023,2026-02-21T01:38:52.077000+00:00,-40.02997589111328,176.67738342285156,33.27610397338867,2.424361565947793,TUVZ,EHZ,126812.91953488358,126.81291953488358,1.0,10.0,3.1622776601683795,6.102136070000841e-07,9.855329880630814e-08,6.191711636150996,-14.30945676566618,1.97029574161132,exact,1.0,10.0,0.6781836541279606,-14.987640419794142
2026p138023,2026-02-21T01:38:52.077000+00:00,-40.02997589111328,176.67738342285156,33.27610397338867,2.424361565947793,TWVZ,HHZ,154494.44540966206,154.49444540966206,1.0,10.0,3.1622776601683795,3.8603146994470406e-08,1.1646211026561426e-08,3.3146528863703826,-17.069932035444726,0.5802755580898467,exact,1.0,10.0,-0.5442521881111088,-16.525679847333617
2026p138023,2026-02-21T01:38:52.077000+00:00,-40.02997589111328,176.67738342285156,33.27610397338867,2.424361565947793,WHVZ,HHZ,129883.92008350998,129.88392008350996,1.0,10.0,3.1622776601683795,2.470726287426324e-07,4.04084640566597e-08,6.114378126231019,-15.21358350004831,0.8211193479986806,exact,1.0,10.0,-0.19708681103425454,-15.016496689014055
2026p138023,2026-02-21T01:38:52.077000+00:00,-40.02997589111328,176.67738342285156,33.27610397338867,2.424361565947793,WTVZ,HHZ,142251.84878631425,142.25184878631424,1.0,10.0,3.1622776601683795,1.1696764157135018e-07,1.5787659597551843e-08,7.408801846062611,-15.96136850816681,1.0296407025017171,exact,1.0,10.0,0.02920990886272243,-15.990578417029532
2026p138396,2026-02-21T04:57:40.736000+00:00,-39.27091217041016,174.72970581054688,20.4793643951416,2.0962009217038418,ETVZ,HHZ,88744.48655811397,88.74448655811398,1.0,10.0,3.1622776601683795,5.4008273079622514e-08,1.750481033061428e-08,3.0853389473844848,-16.734128596938657,0.9471602664391504,exact,1.0,10.0,-0.05428696417065311,-16.679841632768003
2026p138396,2026-02-21T04:57:40.736000+00:00,-39.27091217041016,174.72970581054688,20.4793643951416,2.0962009217038418,FWVZ,HHZ,74555.27073891708,74.55527073891709,1.0,10.0,3.1622776601683795,5.108112862403933e-08,9.818876745317575e-09,5.202339325462955,-16.78985071080222,0.6226707538339719,exact,1.0,10.0,-0.4737373849098134,-16.316113325892406
2026p138396,2026-02-21T04:57:40.736000+00:00,-39.27091217041016,174.72970581054688,20.4793643951416,2.0962009217038418,KRVZ,HHZ,84003.67816949308,84.00367816949309,1.0,10.0,3.1622776601683795,1.1064799576320253e-07,2.069763781799329e-08,5.345923855475515,-16.01691188391478,0.8296358879603257,exact,1.0,10.0,-0.18676836364818022,-15.8301435202666
2026p138396,2026-02-21T04:57:40.736000+00:00,-39.27091217041016,174.72970581054688,20.4793643951416,2.0962009217038418,NGZ,HHZ,79095.79259570231,79.0957925957023,1.0,10.0,3.1622776601683795,9.884905151343279e-08,1.3383924148934901e-08,7.385655388767221,-16.129671882586415,1.12652241557642,exact,1.0,10.0,0.11913537911777466,-16.24880726170419
2026p138396,2026-02-21T04:57:40.736000+00:00,-39.27091217041016,174.72970581054688,20.4793643951416,2.0962009217038418,NOVZ,EHZ,80809.76939093985,80.80976939093985,1.0,10.0,3.1622776601683795,1.4738207036359626e-07,1.6890897869542473e-08,8.72553202925668,-15.73023750391415,1.277398836799036,exact,1.0,10.0,0.24482585154452702,-15.975063355458678
2026p138396,2026-02-21T04:57:40.736000+00:00,-39.27091217041016,174.72970581054688,20.4793643951416,2.0962009217038418,NTVZ,HHZ,86737.45469331492,86.73745469331493,1.0,10.0,3.1622776601683795,1.4803369398882776e-07,2.4743022898610136e-08,5.982845935819067,-15.725825927006703,0.9936348993076428,exact,1.0,10.0,-0.006385444317864613,-15.719440482688839
2026p138396,2026-02-21T04:57:40.736000+00:00,-39.27091217041016,174.72970581054688,20.4793643951416,2.0962009217038418,OTVZ,HHZ,84568.54197883874,84.56854197883874,1.0,10.0,3.1622776601683795,8.767615783452349e-08,1.4436734286903784e-08,6.073129566016776,-16.24961583502478,1.0,exact,1.0,10.0,0.0,-16.24961583502478
2026p138396,2026-02-21T04:57:40.736000+00:00,-39.27091217041016,174.72970581054688,20.4793643951416,2.0962009217038418,SNVZ,EHZ,82211.20755909622,82.21120755909622,1.0,10.0,3.1622776601683795,6.459431941733378e-08,1.6313920844492885e-08,3.9594601465250445,-16.555139364740533,0.7545196052473487,exact,1.0,10.0,-0.28167401668856396,-16.27346534805197
2026p138396,2026-02-21T04:57:40.736000+00:00,-39.27091217041016,174.72970581054688,20.4793643951416,2.0962009217038418,TUVZ,EHZ,82735.6029843703,82.7356029843703,1.0,10.0,3.1622776601683795,1.671931443037961e-07,5.080954856264083e-08,3.2905851170409655,-15.604116140104182,1.97029574161132,exact,1.0,10.0,0.6781836541279606,-16.28229979423214
2026p138396,2026-02-21T04:57:40.736000+00:00,-39.27091217041016,174.72970581054688,20.4793643951416,2.0962009217038418,TWVZ,HHZ,68565.4383954931,68.56543839549309,1.0,10.0,3.1622776601683795,5.659617279503522e-08,6.719797618494734e-09,8.422303171641206,-16.68732447248578,0.5802755580898467,exact,1.0,10.0,-0.5442521881111088,-16.14307228437467
2026p138396,2026-02-21T04:57:40.736000+00:00,-39.27091217041016,174.72970581054688,20.4793643951416,2.0962009217038418,WTVZ,HHZ,79294.86810113383,79.29486810113383,1.0,10.0,3.1622776601683795,9.896676943174581e-08,1.3776810677132121e-08,7.183576210132506,-16.12848170546462,1.0296407025017171,exact,1.0,10.0,0.02920990886272243,-16.15769161432734
2026p138646,2026-02-21T07:10:51.267000+00:00,-40.28377914428711,176.64993286132812,16.04515266418457,2.438539314766224,COVZ,HHZ,154238.8691167254,154.2388691167254,1.0,10.0,3.1622776601683795,8.920581805746847e-08,1.7187549911701908e-08,5.190141615049735,-16.232319574627983,1.0310666692210522,exact,1.0,10.0,0.030593867562053945,-16.262913442190037
2026p138646,2026-02-21T07:10:51.267000+00:00,-40.28377914428711,176.64993286132812,16.04515266418457,2.438539314766224,ETVZ,HHZ,151773.36276017447,151.77336276017448,1.0,10.0,3.1622776601683795,1.5323608626522728e-07,1.9502662186387867e-08,7.857188152096505,-15.691286057343353,0.9471602664391504,exact,1.0,10.0,-0.05428696417065311,-15.6369990931727
2026p138646,2026-02-21T07:10:51.267000+00:00,-40.28377914428711,176.64993286132812,16.04515266418457,2.438539314766224,FWVZ,HHZ,149027.83018828457,149.02783018828458,1.0,10.0,3.1622776601683795,5.8596026078108924e-08,9.899863917867333e-09,5.918871871799618,-16.652598957029685,0.6226707538339719,exact,1.0,10.0,-0.4737373849098134,-16.17886157211987
2026p138646,2026-02-21T07:10:51.267000+00:00,-40.28377914428711,176.64993286132812,16.04515266418457,2.438539314766224,KRVZ,HHZ,158812.06823901492,158.8120682390149,1.0,10.0,3.1622776601683795,7.17795148094853e-08,2.3114430442864366e-08,3.105398378165285,-16.4496667106607,0.8296358879603257,exact,1.0,10.0,-0.18676836364818022,-16.26289834701252
2026p138646,2026-02-21T07:10:51.267000+00:00,-40.28377914428711,176.64993286132812,16.04515266418457,2.438539314766224,NGZ,HHZ,153389.92297968932,153.38992297968932,1.0,10.0,3.1622776601683795,1.5650942840733593e-07,1.5061663545034197e-08,10.391244495627895,-15.670149583366598,1.12652241557642,exact,1.0,10.0,0.11913537911777466,-15.789284962484373
2026p138646,2026-02-21T07:10:51.267000+00:00,-40.28377914428711,176.64993286132812,16.04515266418457,2.438539314766224,NOVZ,EHZ,157353.7436254849,157.3537436254849,1.0,10.0,3.1622776601683795,1.534714403732493e-07,1.866996264752831e-08,8.220232855879182,-15.68975134343009,1.277398836799036,exact,1.0,10.0,0.24482585154452702,-15.934577194974619
2026p138646,2026-02-21T07:10:51.267000+00:00,-40.28377914428711,176.64993286132812,16.04515266418457,2.438539314766224,NTVZ,HHZ,156835.2014780181,156.8352014780181,1.0,10.0,3.1622776601683795,1.0207444898722284e-07,1.9655786704344615e-08,5.193099137805603,-16.09756339787219,0.9936348993076428,exact,1.0,10.0,-0.006385444317864613,-16.091177953554325
2026p138646,2026-02-21T07:10:51.267000+00:00,-40.28377914428711,176.64993286132812,16.04515266418457,2.438539314766224,OTVZ,HHZ,151391.10186970455,151.39110186970456,1.0,10.0,3.1622776601683795,1.3751741192303103e-07,1.2564551682051282e-08,10.944872161215068,-15.799515295689464,1.0,exact,1.0,10.0,0.0,-15.799515295689464
2026p138646,2026-02-21T07:10:51.267000+00:00,-40.28377914428711,176.64993286132812,16.04515266418457,2.438539314766224,SNVZ,EHZ,150502.3327282724,150.5023327282724,1.0,10.0,3.1622776601683795,6.708459554683928e-08,1.5818059192794544e-08,4.241013055343585,-16.517311393887802,0.7545196052473487,exact,1.0,10.0,-0.28167401668856396,-16.23563737719924
2026p138646,2026-02-21T07:10:51.267000+00:00,-40.28377914428711,176.64993286132812,16.04515266418457,2.438539314766224,TMVZ,HHZ,153947.96451935617,153.94796451935616,1.0,10.0,3.1622776601683795,1.4509153117741902e-07,2.4883572213104952e-08,5.830816007237355,-15.745901044180554,0.9214864370155496,exact,1.0,10.0,-0.08176722035762422,-15.66413382382293
2026p138646,2026-02-21T07:10:51.267000+00:00,-40.28377914428711,176.64993286132812,16.04515266418457,2.438539314766224,TUVZ,EHZ,142517.40962318683,142.51740962318684,1.0,10.0,3.1622776601683795,2.655166964758752e-07,3.0468805788982246e-08,8.714378184519726,-15.141588111326932,1.97029574161132,exact,1.0,10.0,0.6781836541279606,-15.819771765454893
2026p138646,2026-02-21T07:10:51.267000+00:00,-40.28377914428711,176.64993286132812,16.04515266418457,2.438539314766224,TWVZ,HHZ,170995.33632766234,170.99533632766233,1.0,10.0,3.1622776601683795,4.410246219980632e-08,7.060701730120148e-09,6.246186836029378,-16.936750223857015,0.5802755580898467,exact,1.0,10.0,-0.5442521881111088,-16.392498035745906
2026p138646,2026-02-21T07:10:51.267000+00:00,-40.28377914428711,176.64993286132812,16.04515266418457,2.438539314766224,WHVZ,HHZ,144754.87128189637,144.75487128189636,1.0,10.0,3.1622776601683795,1.7171851842921288e-07,3.153893097612981e-08,5.444652469647046,-15.57740922145622,0.8211193479986806,exact,1.0,10.0,-0.19708681103425454,-15.380322410421964
2026p138646,2026-02-21T07:10:51.267000+00:00,-40.28377914428711,176.64993286132812,16.04515266418457,2.438539314766224,WTVZ,HHZ,159365.51652923925,159.36551652923924,1.0,10.0,3.1622776601683795,1.028141557686054e-07,1.0690228957922239e-08,9.617582202709757,-16.090342791376166,1.0296407025017171,exact,1.0,10.0,0.02920990886272243,-16.119552700238888
2026p139161,2026-02-21T11:45:22.734000+00:00,-40.11494064331055,174.95980834960938,16.625226974487305,2.1905488244832405,COVZ,HHZ,114608.46510834582,114.60846510834581,1.0,10.0,3.1622776601683795,8.63609673345734e-08,1.3142241360214764e-08,6.571251049764782,-16.264730030174796,1.0310666692210522,exact,1.0,10.0,0.030593867562053945,-16.29532389773685
2026p139161,2026-02-21T11:45:22.734000+00:00,-40.11494064331055,174.95980834960938,16.625226974487305,2.1905488244832405,ETVZ,HHZ,127650.47665211052,127.65047665211051,1.0,10.0,3.1622776601683795,1.6601763906732722e-07,1.9721647654613974e-08,8.418041026530894,-15.611171794793272,0.9471602664391504,exact,1.0,10.0,-0.05428696417065311,-15.556884830622618
2026p139161,2026-02-21T11:45:22.734000+00:00,-40.11494064331055,174.95980834960938,16.625226974487305,2.1905488244832405,FWVZ,HHZ,109793.49509572508,109.79349509572508,1.0,10.0,3.1622776601683795,1.1707910714117439e-07,2.071724820434439e-08,5.651286598797566,-15.96041600120942,0.6226707538339719,exact,1.0,10.0,-0.4737373849098134,-15.486678616299606
2026p139161,2026-02-21T11:45:22.734000+00:00,-40.11494064331055,174.95980834960938,16.625226974487305,2.1905488244832405,KRVZ,HHZ,128763.21832442394,128.76321832442395,1.0,10.0,3.1622776601683795,1.432669440427356e-07,2.1806202679924886e-08,6.570008824811542,-15.758556205325606,0.8296358879603257,exact,1.0,10.0,-0.18676836364818022,-15.571787841677425
2026p139161,2026-02-21T11:45:22.734000+00:00,-40.11494064331055,174.95980834960938,16.625226974487305,2.1905488244832405,NGZ,HHZ,119308.69083646992,119.30869083646992,1.0,10.0,3.1622776601683795,1.4673691231771028e-07,1.865214703946834e-08,7.867025281712172,-15.734624565740265,1.12652241557642,exact,1.0,10.0,0.11913537911777466,-15.85375994485804
2026p139161,2026-02-21T11:45:22.734000+00:00,-40.11494064331055,174.95980834960938,16.625226974487305,2.1905488244832405,NOVZ,EHZ,124476.56482820433,124.47656482820433,1.0,10.0,3.1622776601683795,2.05060890067177e-07,1.4880254667615571e-08,13.780737940826935,-15.399958877193175,1.277398836799036,exact,1.0,10.0,0.24482585154452702,-15.644784728737703
2026p139161,2026-02-21T11:45:22.734000+00:00,-40.11494064331055,174.95980834960938,16.625226974487305,2.1905488244832405,NTVZ,HHZ,129763.69649184351,129.76369649184352,1.0,10.0,3.1622776601683795,2.4208190360726516e-07,2.13268506888941e-08,11.351038516593013,-15.233989723391078,0.9936348993076428,exact,1.0,10.0,-0.006385444317864613,-15.227604279073214
2026p139161,2026-02-21T11:45:22.734000+00:00,-40.11494064331055,174.95980834960938,16.625226974487305,2.1905488244832405,OTVZ,HHZ,123133.22212545085,123.13322212545084,1.0,10.0,3.1622776601683795,1.048220307718692e-07,1.6863234857826118e-08,6.216009659808656,-16.0710018698632,1.0,exact,1.0,10.0,0.0,-16.0710018698632
2026p139161,2026-02-21T11:45:22.734000+00:00,-40.11494064331055,174.95980834960938,16.625226974487305,2.1905488244832405,SNVZ,EHZ,119899.35787046347,119.89935787046348,1.0,10.0,3.1622776601683795,6.912990770701396e-08,1.5162830242191922e-08,4.559169139456158,-16.4872783820543,0.7545196052473487,exact,1.0,10.0,-0.28167401668856396,-16.205604365365737
2026p139161,2026-02-21T11:45:22.734000+00:00,-40.11494064331055,174.95980834960938,16.625226974487305,2.1905488244832405,TMVZ,HHZ,129276.65397792861,129.27665397792862,1.0,10.0,3.1622776601683795,1.5195043087452632e-07,2.9208473673925086e-08,5.202272209457323,-15.699711481954024,0.9214864370155496,exact,1.0,10.0,-0.08176722035762422,-15.6179442615964
2026p139161,2026-02-21T11:45:22.734000+00:00,-40.11494064331055,174.95980834960938,16.625226974487305,2.1905488244832405,TUVZ,EHZ,112795.9005368642,112.7959005368642,1.0,10.0,3.1622776601683795,6.905446166164953e-07,5.606429535232096e-08,12.317012320888967,-14.185785251243903,1.97029574161132,exact,1.0,10.0,0.6781836541279606,-14.863968905371864
2026p139161,2026-02-21T11:45:22.734000+00:00,-40.11494064331055,174.95980834960938,16.625226974487305,2.1905488244832405,TWVZ,HHZ,124229.00306260769,124.22900306260769,1.0,10.0,3.1622776601683795,7.564831322873994e-08,6.210128647779215e-09,12.181440597980576,-16.397170694003062,0.5802755580898467,exact,1.0,10.0,-0.5442521881111088,-15.852918505891953
2026p139161,2026-02-21T11:45:22.734000+00:00,-40.11494064331055,174.95980834960938,16.625226974487305,2.1905488244832405,WHVZ,HHZ,108634.6363552275,108.6346363552275,1.0,10.0,3.1622776601683795,1.8128454175382084e-07,2.8783756772393175e-08,6.298154309297558,-15.523197986175278,0.8211193479986806,exact,1.0,10.0,-0.19708681103425454,-15.326111175141023
2026p139161,2026-02-21T11:45:22.734000+00:00,-40.11494064331055,174.95980834960938,16.625226974487305,2.1905488244832405,WTVZ,HHZ,124747.68937386466,124.74768937386466,1.0,10.0,3.1622776601683795,2.0313758736612312e-07,1.3415455524650144e-08,15.14205663705338,-15.4093823172107,1.0296407025017171,exact,1.0,10.0,0.02920990886272243,-15.438592226073421
2026p139362,2026-02-21T13:32:34.560000+00:00,-39.84492111206055,175.63746643066406,35.49762344360352,3.619474938592531,COVZ,HHZ,80851.30577688645,80.85130577688645,1.0,10.0,3.1622776601683795,1.0454460718191533e-05,1.616503912824728e-08,646.7327814829159,-11.468481807648704,1.0310666692210522,exact,1.0,10.0,0.030593867562053945,-11.499075675210758
2026p139362,2026-02-21T13:32:34.560000+00:00,-39.84492111206055,175.63746643066406,35.49762344360352,3.619474938592531,ETVZ,HHZ,87115.50267357829,87.11550267357829,1.0,10.0,3.1622776601683795,1.4244663674946684e-05,2.1563223655654738e-08,660.5999131865037,-11.159128200335477,0.9471602664391504,exact,1.0,10.0,-0.05428696417065311,-11.104841236164823
2026p139362,2026-02-21T13:32:34.560000+00:00,-39.84492111206055,175.63746643066406,35.49762344360352,3.619474938592531,FWVZ,HHZ,75846.3045778958,75.84630457789581,1.0,10.0,3.1622776601683795,1.0294033265190795e-05,2.0860284868563007e-08,493.4752008446525,-11.483946125226323,0.6226707538339719,exact,1.0,10.0,-0.4737373849098134,-11.010208740316509
2026p139362,2026-02-21T13:32:34.560000+00:00,-39.84492111206055,175.63746643066406,35.49762344360352,3.619474938592531,KRVZ,HHZ,91048.37173352586,91.04837173352585,1.0,10.0,3.1622776601683795,6.561587519577248e-06,2.1015673123575876e-08,312.22352389066737,-11.93427798434998,0.8296358879603257,exact,1.0,10.0,-0.18676836364818022,-11.7475096207018
2026p139362,2026-02-21T13:32:34.560000+00:00,-39.84492111206055,175.63746643066406,35.49762344360352,3.619474938592531,NGZ,HHZ,83051.11313027056,83.05111313027056,1.0,10.0,3.1622776601683795,1.8520129415800937e-05,1.778073224745273e-08,1041.5841798896743,-10.896652340876438,1.12652241557642,exact,1.0,10.0,0.11913537911777466,-11.015787719994213
2026p139362,2026-02-21T13:32:34.560000+00:00,-39.84492111206055,175.63746643066406,35.49762344360352,3.619474938592531,NOVZ,EHZ,87946.31747688743,87.94631747688743,1.0,10.0,3.1622776601683795,1.8717942980663034e-05,1.5731217321389076e-08,1189.8597926819707,-10.886027976464053,1.277398836799036,exact,1.0,10.0,0.24482585154452702,-11.130853828008581
2026p139362,2026-02-21T13:32:34.560000+00:00,-39.84492111206055,175.63746643066406,35.49762344360352,3.619474938592531,NTVZ,HHZ,90719.60091381238,90.71960091381237,1.0,10.0,3.1622776601683795,9.905268157794256e-06,2.5893644627443817e-08,382.53665331051894,-11.52244380520756,0.9936348993076428,exact,1.0,10.0,-0.006385444317864613,-11.516058360889696
2026p139362,2026-02-21T13:32:34.560000+00:00,-39.84492111206055,175.63746643066406,35.49762344360352,3.619474938592531,OTVZ,HHZ,84291.48361660857,84.29148361660857,1.0,10.0,3.1622776601683795,9.83395788926613e-06,2.3333186445174495e-08,421.45799127662127,-11.52966907114089,1.0,exact,1.0,10.0,0.0,-11.52966907114089
2026p139362,2026-02-21T13:32:34.560000+00:00,-39.84492111206055,175.63746643066406,35.49762344360352,3.619474938592531,SNVZ,EHZ,82005.16592574994,82.00516592574994,1.0,10.0,3.1622776601683795,6.295461247336381e-06,1.6020802025941762e-08,392.95543613499655,-11.975681621136916,0.7545196052473487,exact,1.0,10.0,-0.28167401668856396,-11.694007604448352
2026p139362,2026-02-21T13:32:34.560000+00:00,-39.84492111206055,175.63746643066406,35.49762344360352,3.619474938592531,TMVZ,HHZ,89083.85586304106,89.08385586304105,1.0,10.0,3.1622776601683795,1.0652553173923527e-05,2.2376677213209706e-08,476.0560771567535,-11.44971095989989,0.9214864370155496,exact,1.0,10.0,-0.08176722035762422,-11.367943739542266
2026p139362,2026-02-21T13:32:34.560000+00:00,-39.84492111206055,175.63746643066406,35.49762344360352,3.619474938592531,TUVZ,EHZ,73988.69081573,73.98869081573001,1.0,10.0,3.1622776601683795,5.9562731850547554e-05,3.5599064104453715e-08,1673.1544311328062,-9.728480483998394,1.97029574161132,exact,1.0,10.0,0.6781836541279606,-10.406664138126356
2026p139362,2026-02-21T13:32:34.560000+00:00,-39.84492111206055,175.63746643066406,35.49762344360352,3.619474938592531,TWVZ,HHZ,94955.85475904851,94.9558547590485,1.0,10.0,3.1622776601683795,4.6718025462965365e-06,7.617855423883268e-09,613.2700460092277,-12.27396557653854,0.5802755580898467,exact,1.0,10.0,-0.5442521881111088,-11.729713388427431
2026p139362,2026-02-21T13:32:34.560000+00:00,-39.84492111206055,175.63746643066406,35.49762344360352,3.619474938592531,WHVZ,HHZ,73012.21568481417,73.01221568481418,1.0,10.0,3.1622776601683795,2.874811386528527e-05,2.7545703150302097e-08,1043.651480175411,-10.456938397558726,0.8211193479986806,exact,1.0,10.0,-0.19708681103425454,-10.259851586524471
2026p139362,2026-02-21T13:32:34.560000+00:00,-39.84492111206055,175.63746643066406,35.49762344360352,3.619474938592531,WTVZ,HHZ,89024.69652047742,89.02469652047742,1.0,10.0,3.1622776601683795,1.0466630344209883e-05,1.640532817942588e-08,638.0018875414032,-11.467318424022617,1.0296407025017171,exact,1.0,10.0,0.02920990886272243,-11.496528332885338
2026p139725,2026-02-21T16:45:34.167000+00:00,-39.84454345703125,175.62786865234375,34.22256088256836,2.6473715409862573,COVZ,HHZ,80164.31772508976,80.16431772508976,1.0,10.0,3.1622776601683795,6.254751786467947e-07,1.9272735225158012e-08,32.453887387521384,-14.284754190246007,1.0310666692210522,exact,1.0,10.0,0.030593867562053945,-14.31534805780806
2026p139725,2026-02-21T16:45:34.167000+00:00,-39.84454345703125,175.62786865234375,34.22256088256836,2.6473715409862573,ETVZ,HHZ,86611.37330143545,86.61137330143545,1.0,10.0,3.1622776601683795,1.0135114871901832e-06,1.9267930702102564e-08,52.6009514389413,-13.802089536939818,0.9471602664391504,exact,1.0,10.0,-0.05428696417065311,-13.747802572769164
2026p139725,2026-02-21T16:45:34.167000+00:00,-39.84454345703125,175.62786865234375,34.22256088256836,2.6473715409862573,FWVZ,HHZ,75111.64252055193,75.11164252055194,1.0,10.0,3.1622776601683795,8.273220046705418e-07,3.17238406028458e-08,26.078872827154683,-14.005071852928559,0.6226707538339719,exact,1.0,10.0,-0.4737373849098134,-13.531334468018745
2026p139725,2026-02-21T16:45:34.167000+00:00,-39.84454345703125,175.62786865234375,34.22256088256836,2.6473715409862573,KRVZ,HHZ,90509.98717694997,90.50998717694998,1.0,10.0,3.1622776601683795,4.986607789064022e-07,6.651101576522076e-08,7.497416377861977,-14.51133977415568,0.8296358879603257,exact,1.0,10.0,-0.18676836364818022,-14.324571410507499
2026p139725,2026-02-21T16:45:34.167000+00:00,-39.84454345703125,175.62786865234375,34.22256088256836,2.6473715409862573,NGZ,HHZ,82426.84867061343,82.42684867061342,1.0,10.0,3.1622776601683795,1.0852889556338048e-06,1.9847930622594843e-08,54.68020703369015,-13.733664287871841,1.12652241557642,exact,1.0,10.0,0.11913537911777466,-13.852799666989617
2026p139725,2026-02-21T16:45:34.167000+00:00,-39.84454345703125,175.62786865234375,34.22256088256836,2.6473715409862573,NOVZ,EHZ,87361.76941250388,87.36176941250389,1.0,10.0,3.1622776601683795,1.2957213583250638e-06,2.047529273092145e-08,63.28218967869928,-13.556442984442672,1.277398836799036,exact,1.0,10.0,0.24482585154452702,-13.8012688359872
2026p139725,2026-02-21T16:45:34.167000+00:00,-39.84454345703125,175.62786865234375,34.22256088256836,2.6473715409862573,NTVZ,HHZ,90206.1076163859,90.20610761638589,1.0,10.0,3.1622776601683795,1.2345873945810017e-06,2.610103767559844e-08,47.30031847489356,-13.604773737162665,0.9936348993076428,exact,1.0,10.0,-0.006385444317864613,-13.5983882928448
2026p139725,2026-02-21T16:45:34.167000+00:00,-39.84454345703125,175.62786865234375,34.22256088256836,2.6473715409862573,OTVZ,HHZ,83729.15327463356,83.72915327463356,1.0,10.0,3.1622776601683795,6.239959577782425e-07,2.828433573120433e-08,22.06153836202089,-14.287121946517448,1.0,exact,1.0,10.0,0.0,-14.287121946517448
2026p139725,2026-02-21T16:45:34.167000+00:00,-39.84454345703125,175.62786865234375,34.22256088256836,2.6473715409862573,SNVZ,EHZ,81405.25818262418,81.40525818262418,1.0,10.0,3.1622776601683795,4.98231154133685e-07,3.358872983211849e-08,14.833283563383285,-14.512201702685896,0.7545196052473487,exact,1.0,10.0,-0.28167401668856396,-14.230527685997332
2026p139725,2026-02-21T16:45:34.167000+00:00,-39.84454345703125,175.62786865234375,34.22256088256836,2.6473715409862573,TMVZ,HHZ,88585.16658953305,88.58516658953305,1.0,10.0,3.1622776601683795,8.233292175219449e-07,2.209874060599855e-08,37.25683884892779,-14.009909694966193,0.9214864370155496,exact,1.0,10.0,-0.08176722035762422,-13.928142474608569
2026p139725,2026-02-21T16:45:34.167000+00:00,-39.84454345703125,175.62786865234375,34.22256088256836,2.6473715409862573,TUVZ,EHZ,73344.49254332233,73.34449254332233,1.0,10.0,3.1622776601683795,6.026100962274894e-06,3.4559481672088896e-08,174.3689624587664,-12.019410362953291,1.97029574161132,exact,1.0,10.0,0.6781836541279606,-12.697594017081252
2026p139725,2026-02-21T16:45:34.167000+00:00,-39.84454345703125,175.62786865234375,34.22256088256836,2.6473715409862573,TWVZ,HHZ,94286.976311089,94.286976311089,1.0,10.0,3.1622776601683795,3.760319843421332e-07,2.0354808371573337e-08,18.473865117162365,-14.7935916324346,0.5802755580898467,exact,1.0,10.0,-0.5442521881111088,-14.24933944432349
2026p139725,2026-02-21T16:45:34.167000+00:00,-39.84454345703125,175.62786865234375,34.22256088256836,2.6473715409862573,WHVZ,HHZ,72284.41378080749,72.28441378080748,1.0,10.0,3.1622776601683795,2.9880717865936386e-06,3.220140209888027e-08,92.79321991689119,-12.720882266017894,0.8211193479986806,exact,1.0,10.0,-0.19708681103425454,-12.523795454983638
2026p139725,2026-02-21T16:45:34.167000+00:00,-39.84454345703125,175.62786865234375,34.22256088256836,2.6473715409862573,WTVZ,HHZ,88434.02185127875,88.43402185127876,1.0,10.0,3.1622776601683795,7.726680966394276e-07,1.7632406570482572e-08,43.820909729526555,-14.073416251018399,1.0296407025017171,exact,1.0,10.0,0.02920990886272243,-14.10262615988112
2026p142668,2026-02-22T18:53:40.211000+00:00,-40.02702713012695,176.693359375,34.3477783203125,2.1359982838778366,ETVZ,HHZ,134861.8438590071,134.86184385900708,1.0,10.0,3.1622776601683795,1.0099325906516609e-07,2.4807875538651322e-08,4.071016033106742,-16.108212064261544,0.9471602664391504,exact,1.0,10.0,-0.05428696417065311,-16.05392510009089
2026p142668,2026-02-22T18:53:40.211000+00:00,-40.02702713012695,176.693359375,34.3477783203125,2.1359982838778366,FWVZ,HHZ,135110.63019376545,135.11063019376545,1.0,10.0,3.1622776601683795,3.813400187516216e-08,1.055995001889482e-08,3.611191511979635,-17.082159515131185,0.6226707538339719,exact,1.0,10.0,-0.4737373849098134,-16.60842213022137
2026p142668,2026-02-22T18:53:40.211000+00:00,-40.02702713012695,176.693359375,34.3477783203125,2.1359982838778366,KRVZ,HHZ,141986.6720986756,141.9866720986756,1.0,10.0,3.1622776601683795,6.974954910776764e-08,2.095946457221482e-08,3.3278306737010834,-16.478354880670597,0.8296358879603257,exact,1.0,10.0,-0.18676836364818022,-16.291586517022417
2026p142668,2026-02-22T18:53:40.211000+00:00,-40.02702713012695,176.693359375,34.3477783203125,2.1359982838778366,NOVZ,EHZ,141183.81442263906,141.18381442263905,1.0,10.0,3.1622776601683795,1.1756988918825773e-07,1.8389917166496758e-08,6.393171221154258,-15.956232878584364,1.277398836799036,exact,1.0,10.0,0.24482585154452702,-16.201058730128892
2026p142668,2026-02-22T18:53:40.211000+00:00,-40.02702713012695,176.693359375,34.3477783203125,2.1359982838778366,NTVZ,HHZ,139783.74245505183,139.78374245505182,1.0,10.0,3.1622776601683795,1.2006420921208845e-07,3.7700339584952416e-08,3.184698348446985,-15.93523916049949,0.9936348993076428,exact,1.0,10.0,-0.006385444317864613,-15.928853716181626
2026p142668,2026-02-22T18:53:40.211000+00:00,-40.02702713012695,176.693359375,34.3477783203125,2.1359982838778366,OTVZ,HHZ,135227.88774606798,135.22788774606798,1.0,10.0,3.1622776601683795,9.033880513500216e-08,1.5113031857641933e-08,5.977543486042621,-16.21969873311911,1.0,exact,1.0,10.0,0.0,-16.21969873311911
2026p142668,2026-02-22T18:53:40.211000+00:00,-40.02702713012695,176.693359375,34.3477783203125,2.1359982838778366,SNVZ,EHZ,134852.33144446736,134.85233144446735,1.0,10.0,3.1622776601683795,5.4335849434397074e-08,1.7388111330618247e-08,3.1248850666557773,-16.728081617271435,0.7545196052473487,exact,1.0,10.0,-0.28167401668856396,-16.446407600582873
2026p142668,2026-02-22T18:53:40.211000+00:00,-40.02702713012695,176.693359375,34.3477783203125,2.1359982838778366,TMVZ,HHZ,136853.06194974782,136.85306194974783,1.0,10.0,3.1622776601683795,1.0512986914623459e-07,3.3635704284613204e-08,3.1255438642421023,-16.068069402044745,0.9214864370155496,exact,1.0,10.0,-0.08176722035762422,-15.98630218168712
2026p142668,2026-02-22T18:53:40.211000+00:00,-40.02702713012695,176.693359375,34.3477783203125,2.1359982838778366,TUVZ,EHZ,127846.88088320398,127.84688088320398,1.0,10.0,3.1622776601683795,2.2018574843349793e-07,2.827041566838763e-08,7.788557162239134,-15.328794335762781,1.97029574161132,exact,1.0,10.0,0.6781836541279606,-16.006977989890743
2026p142668,2026-02-22T18:53:40.211000+00:00,-40.02702713012695,176.693359375,34.3477783203125,2.1359982838778366,WHVZ,HHZ,130962.01379271422,130.96201379271423,1.0,10.0,3.1622776601683795,1.075576895529709e-07,2.4437922624940202e-08,4.401261563992454,-16.04523848631782,0.8211193479986806,exact,1.0,10.0,-0.19708681103425454,-15.848151675283566
2026p142668,2026-02-22T18:53:40.211000+00:00,-40.02702713012695,176.693359375,34.3477783203125,2.1359982838778366,WTVZ,HHZ,143188.80768874698,143.18880768874698,1.0,10.0,3.1622776601683795,5.3142940276699375e-08,1.6848996128463855e-08,3.154071605899555,-16.750280567383307,1.0296407025017171,exact,1.0,10.0,0.02920990886272243,-16.77949047624603
2026p146967,2026-02-24T09:04:02.105000+00:00,-39.84494018554688,175.62059020996094,32.06720733642578,2.5214708343445684,COVZ,HHZ,79221.49171087581,79.22149171087581,1.0,10.0,3.1622776601683795,3.718410754818399e-07,2.79887636346588e-08,13.285369812526657,-14.804799290402878,1.0310666692210522,exact,1.0,10.0,0.030593867562053945,-14.835393157964932
2026p146967,2026-02-24T09:04:02.105000+00:00,-39.84494018554688,175.62059020996094,32.06720733642578,2.5214708343445684,ETVZ,HHZ,85846.15912660811,85.84615912660811,1.0,10.0,3.1622776601683795,7.661784198516374e-07,4.109325383118122e-08,18.644871077847515,-14.081850770240123,0.9471602664391504,exact,1.0,10.0,-0.05428696417065311,-14.02756380606947
2026p146967,2026-02-24T09:04:02.105000+00:00,-39.84494018554688,175.62059020996094,32.06720733642578,2.5214708343445684,FWVZ,HHZ,74082.23645278942,74.08223645278943,1.0,10.0,3.1622776601683795,5.310127701202828e-07,1.4522176067736362e-08,36.56564743764701,-14.44847976680291,0.6226707538339719,exact,1.0,10.0,-0.4737373849098134,-13.974742381893096
2026p146967,2026-02-24T09:04:02.105000+00:00,-39.84494018554688,175.62059020996094,32.06720733642578,2.5214708343445684,KRVZ,HHZ,89739.31797207292,89.73931797207293,1.0,10.0,3.1622776601683795,3.214364064571416e-07,4.164884088541851e-08,7.717775564065656,-14.9504661154559,0.8296358879603257,exact,1.0,10.0,-0.18676836364818022,-14.763697751807719
2026p146967,2026-02-24T09:04:02.105000+00:00,-39.84494018554688,175.62059020996094,32.06720733642578,2.5214708343445684,NGZ,HHZ,81542.08223898111,81.54208223898111,1.0,10.0,3.1622776601683795,7.61843028605427e-07,5.0184582039324605e-08,15.180818443569926,-14.087525301685991,1.12652241557642,exact,1.0,10.0,0.11913537911777466,-14.206660680803767
2026p146967,2026-02-24T09:04:02.105000+00:00,-39.84494018554688,175.62059020996094,32.06720733642578,2.5214708343445684,NOVZ,EHZ,86535.54941617139,86.53554941617139,1.0,10.0,3.1622776601683795,8.260819427266931e-07,2.497167284345684e-08,33.08076106495788,-14.006571864076246,1.277398836799036,exact,1.0,10.0,0.24482585154452702,-14.251397715620774
2026p146967,2026-02-24T09:04:02.105000+00:00,-39.84494018554688,175.62059020996094,32.06720733642578,2.5214708343445684,NTVZ,HHZ,89452.2696438126,89.4522696438126,1.0,10.0,3.1622776601683795,7.429112070314251e-07,3.875132481511073e-08,19.171246675461624,-14.112689305384297,0.9936348993076428,exact,1.0,10.0,-0.006385444317864613,-14.106303861066433
2026p146967,2026-02-24T09:04:02.105000+00:00,-39.84494018554688,175.62059020996094,32.06720733642578,2.5214708343445684,OTVZ,HHZ,82899.1342738638,82.89913427386381,1.0,10.0,3.1622776601683795,4.2530192835927483e-07,2.8581626101097125e-08,14.880256527565075,-14.670466500581714,1.0,exact,1.0,10.0,0.0,-14.670466500581714
2026p146967,2026-02-24T09:04:02.105000+00:00,-39.84494018554688,175.62059020996094,32.06720733642578,2.5214708343445684,SNVZ,EHZ,80530.7292739604,80.5307292739604,1.0,10.0,3.1622776601683795,3.115398303247171e-07,2.1302338161701488e-08,14.624677721285098,-14.98173864068212,0.7545196052473487,exact,1.0,10.0,-0.28167401668856396,-14.700064623993557
2026p146967,2026-02-24T09:04:02.105000+00:00,-39.84494018554688,175.62059020996094,32.06720733642578,2.5214708343445684,TMVZ,HHZ,87835.15752258648,87.83515752258648,1.0,10.0,3.1622776601683795,5.253192500856389e-07,2.8330128688467417e-08,18.542776697639393,-14.459259663768659,0.9214864370155496,exact,1.0,10.0,-0.08176722035762422,-14.377492443411034
2026p146967,2026-02-24T09:04:02.105000+00:00,-39.84494018554688,175.62059020996094,32.06720733642578,2.5214708343445684,TUVZ,EHZ,72382.0779187408,72.3820779187408,1.0,10.0,3.1622776601683795,3.6273919690664885e-06,9.837555049747176e-08,36.87290135326574,-12.526996633729677,1.97029574161132,exact,1.0,10.0,0.6781836541279606,-13.205180287857639
2026p146967,2026-02-24T09:04:02.105000+00:00,-39.84494018554688,175.62059020996094,32.06720733642578,2.5214708343445684,TWVZ,HHZ,93434.15479798189,93.43415479798189,1.0,10.0,3.1622776601683795,1.9730447250093666e-07,7.902136070097564e-09,24.968498485815196,-15.438517755644932,0.5802755580898467,exact,1.0,10.0,-0.5442521881111088,-14.894265567533823
2026p146967,2026-02-24T09:04:02.105000+00:00,-39.84494018554688,175.62059020996094,32.06720733642578,2.5214708343445684,WHVZ,HHZ,71237.30677688654,71.23730677688654,1.0,10.0,3.1622776601683795,2.027067505080651e-06,3.826034832140743e-08,52.98089520911304,-13.108920388098449,0.8211193479986806,exact,1.0,10.0,-0.19708681103425454,-12.911833577064193
2026p146967,2026-02-24T09:04:02.105000+00:00,-39.84494018554688,175.62059020996094,32.06720733642578,2.5214708343445684,WTVZ,HHZ,87612.7820379806,87.61278203798061,1.0,10.0,3.1622776601683795,4.5316699106599034e-07,1.9354752991209017e-08,23.413731566185323,-14.607005145692328,1.0296407025017171,exact,1.0,10.0,0.02920990886272243,-14.63621505455505
2026p148031,2026-02-24T18:31:16.457000+00:00,-39.89785003662109,176.62384033203125,33.14616775512695,2.390062698946087,COVZ,HHZ,125781.4884987182,125.7814884987182,1.0,10.0,3.1622776601683795,8.073143299831385e-08,1.7473985712869546e-08,4.62009265229371,-16.332137833191464,1.0310666692210522,exact,1.0,10.0,0.030593867562053945,-16.362731700753518
2026p148031,2026-02-24T18:31:16.457000+00:00,-39.89785003662109,176.62384033203125,33.14616775512695,2.390062698946087,ETVZ,HHZ,120454.50630570127,120.45450630570127,1.0,10.0,3.1622776601683795,1.7111389830747905e-07,1.8554145354277885e-08,9.222407987012275,-15.580936430197674,0.9471602664391504,exact,1.0,10.0,-0.05428696417065311,-15.52664946602702
2026p148031,2026-02-24T18:31:16.457000+00:00,-39.89785003662109,176.62384033203125,33.14616775512695,2.390062698946087,FWVZ,HHZ,121650.10265330008,121.65010265330008,1.0,10.0,3.1622776601683795,6.67462357358649e-08,1.0850437767386138e-08,6.151478600843956,-16.52236793472641,0.6226707538339719,exact,1.0,10.0,-0.4737373849098134,-16.048630549816597
2026p148031,2026-02-24T18:31:16.457000+00:00,-39.89785003662109,176.62384033203125,33.14616775512695,2.390062698946087,KRVZ,HHZ,127594.92316788518,127.59492316788518,1.0,10.0,3.1622776601683795,9.162176358827808e-08,2.2855677413367228e-08,4.0087091680202285,-16.20559699972876,0.8296358879603257,exact,1.0,10.0,-0.18676836364818022,-16.018828636080578
2026p148031,2026-02-24T18:31:16.457000+00:00,-39.89785003662109,176.62384033203125,33.14616775512695,2.390062698946087,NGZ,HHZ,123921.21301891601,123.921213018916,1.0,10.0,3.1622776601683795,1.2964489233232713e-07,1.0048207745720246e-08,12.902290200712237,-15.858466721554764,1.12652241557642,exact,1.0,10.0,0.11913537911777466,-15.97760210067254
2026p148031,2026-02-24T18:31:16.457000+00:00,-39.89785003662109,176.62384033203125,33.14616775512695,2.390062698946087,NOVZ,EHZ,126982.32269065459,126.98232269065458,1.0,10.0,3.1622776601683795,1.3022066596726156e-07,1.696021223495146e-08,7.678009223192616,-15.854035394980434,1.277398836799036,exact,1.0,10.0,0.24482585154452702,-16.09886124652496
2026p148031,2026-02-24T18:31:16.457000+00:00,-39.89785003662109,176.62384033203125,33.14616775512695,2.390062698946087,NTVZ,HHZ,125328.8040441457,125.3288040441457,1.0,10.0,3.1622776601683795,1.5245850161590475e-07,3.842554274519995e-08,3.9676343058277195,-15.696373398481905,0.9936348993076428,exact,1.0,10.0,-0.006385444317864613,-15.68998795416404
2026p148031,2026-02-24T18:31:16.457000+00:00,-39.89785003662109,176.62384033203125,33.14616775512695,2.390062698946087,OTVZ,HHZ,121035.80305621724,121.03580305621723,1.0,10.0,3.1622776601683795,1.2448644818219163e-07,1.3515184317916384e-08,9.210858339324782,-15.89906897690847,1.0,exact,1.0,10.0,0.0,-15.89906897690847
2026p148031,2026-02-24T18:31:16.457000+00:00,-39.89785003662109,176.62384033203125,33.14616775512695,2.390062698946087,SNVZ,EHZ,120819.02448495927,120.81902448495927,1.0,10.0,3.1622776601683795,7.774416481646014e-08,1.900070973439282e-08,4.091645307108551,-16.36984233929566,0.7545196052473487,exact,1.0,10.0,-0.28167401668856396,-16.088168322607096
2026p148031,2026-02-24T18:31:16.457000+00:00,-39.89785003662109,176.62384033203125,33.14616775512695,2.390062698946087,TMVZ,HHZ,122391.25266365921,122.3912526636592,1.0,10.0,3.1622776601683795,1.3600476154621845e-07,4.1344143689610185e-08,3.2895774203783192,-15.81057594045399,0.9214864370155496,exact,1.0,10.0,-0.08176722035762422,-15.728808720096366
2026p148031,2026-02-24T18:31:16.457000+00:00,-39.89785003662109,176.62384033203125,33.14616775512695,2.390062698946087,TUVZ,EHZ,114156.33788138008,114.15633788138008,1.0,10.0,3.1622776601683795,3.3457693190404484e-07,2.7054377897438885e-08,12.366831467069797,-14.910398993077417,1.97029574161132,exact,1.0,10.0,0.6781836541279606,-15.588582647205378
2026p148031,2026-02-24T18:31:16.457000+00:00,-39.89785003662109,176.62384033203125,33.14616775512695,2.390062698946087,TWVZ,HHZ,141461.51179969969,141.46151179969968,1.0,10.0,3.1622776601683795,3.0361229320172776e-08,6.720509376547745e-09,4.517697635557652,-17.310099393796946,0.5802755580898467,exact,1.0,10.0,-0.5442521881111088,-16.765847205685837
2026p148031,2026-02-24T18:31:16.457000+00:00,-39.89785003662109,176.62384033203125,33.14616775512695,2.390062698946087,WHVZ,HHZ,117551.80988957014,117.55180988957014,1.0,10.0,3.1622776601683795,1.5289851055535513e-07,2.297760591601188e-08,6.6542402682956725,-15.693491465358022,0.8211193479986806,exact,1.0,10.0,-0.19708681103425454,-15.496404654323767
2026p148031,2026-02-24T18:31:16.457000+00:00,-39.89785003662109,176.62384033203125,33.14616775512695,2.390062698946087,WTVZ,HHZ,128990.2327526214,128.9902327526214,1.0,10.0,3.1622776601683795,8.409907207273749e-08,1.4732958050026084e-08,5.7082272132437515,-16.291270303646247,1.0296407025017171,exact,1.0,10.0,0.02920990886272243,-16.32048021250897
2026p148210,2026-02-24T20:06:20.766000+00:00,-40.2775764465332,174.76405334472656,12.0,2.215857452057629,FWVZ,HHZ,132883.54696295466,132.88354696295465,1.0,10.0,3.1622776601683795,5.24361338108268e-08,1.082699367388707e-08,4.843092680223333,-16.76366990672558,0.6226707538339719,exact,1.0,10.0,-0.4737373849098134,-16.289932521815764
2026p148210,2026-02-24T20:06:20.766000+00:00,-40.2775764465332,174.76405334472656,12.0,2.215857452057629,NGZ,HHZ,142483.80849390358,142.48380849390358,1.0,10.0,3.1622776601683795,7.185676344899878e-08,1.1947572984131971e-08,6.014339777997966,-16.448591095949737,1.12652241557642,exact,1.0,10.0,0.11913537911777466,-16.567726475067513
2026p148210,2026-02-24T20:06:20.766000+00:00,-40.2775764465332,174.76405334472656,12.0,2.215857452057629,NOVZ,EHZ,147603.14321343516,147.60314321343517,1.0,10.0,3.1622776601683795,8.341700805661554e-08,1.7777519139729176e-08,4.6922749682319465,-16.299413614840766,1.277398836799036,exact,1.0,10.0,0.24482585154452702,-16.544239466385292
2026p148210,2026-02-24T20:06:20.766000+00:00,-40.2775764465332,174.76405334472656,12.0,2.215857452057629,OTVZ,HHZ,146496.19633061814,146.49619633061815,1.0,10.0,3.1622776601683795,5.4979733030344285e-08,1.3086272269626042e-08,4.201328835099608,-16.71630120998057,1.0,exact,1.0,10.0,0.0,-16.71630120998057
2026p148210,2026-02-24T20:06:20.766000+00:00,-40.2775764465332,174.76405334472656,12.0,2.215857452057629,TUVZ,EHZ,136268.07080313933,136.26807080313932,1.0,10.0,3.1622776601683795,2.8131372986050257e-07,2.2877523863496053e-08,12.296511263151768,-15.083795314037,1.97029574161132,exact,1.0,10.0,0.6781836541279606,-15.76197896816496
2026p148210,2026-02-24T20:06:20.766000+00:00,-40.2775764465332,174.76405334472656,12.0,2.215857452057629,TWVZ,HHZ,146485.67024443243,146.48567024443244,1.0,10.0,3.1622776601683795,2.7946767137350698e-08,6.384511450580966e-09,4.377275748296708,-17.39296430996175,0.5802755580898467,exact,1.0,10.0,-0.5442521881111088,-16.848712121850642
2026p148210,2026-02-24T20:06:20.766000+00:00,-40.2775764465332,174.76405334472656,12.0,2.215857452057629,WHVZ,HHZ,131889.04618089658,131.88904618089657,1.0,10.0,3.1622776601683795,1.0872246548424902e-07,2.212600088735355e-08,4.913787450238736,-16.03446738998529,0.8211193479986806,exact,1.0,10.0,-0.19708681103425454,-15.837380578951036
2026p148210,2026-02-24T20:06:20.766000+00:00,-40.2775764465332,174.76405334472656,12.0,2.215857452057629,WTVZ,HHZ,147791.9248776409,147.7919248776409,1.0,10.0,3.1622776601683795,7.817836923992335e-08,1.492080657060397e-08,5.239553831757691,-16.36427283584337,1.0296407025017171,exact,1.0,10.0,0.02920990886272243,-16.39348274470609
2026p149039,2026-02-25T03:28:24.995000+00:00,-40.3000602722168,174.76287841796875,12.0,2.1154249411870203,ETVZ,HHZ,153266.74869984735,153.26674869984734,1.0,10.0,3.1622776601683795,6.508900457602343e-08,2.0580010984343906e-08,3.1627293408900226,-16.5475102025191,0.9471602664391504,exact,1.0,10.0,-0.05428696417065311,-16.493223238348445
2026p149039,2026-02-25T03:28:24.995000+00:00,-40.3000602722168,174.76287841796875,12.0,2.1154249411870203,FWVZ,HHZ,135067.85658570242,135.06785658570243,1.0,10.0,3.1622776601683795,5.027141800876839e-08,1.1648370656572454e-08,4.315746767587907,-16.8058291517868,0.6226707538339719,exact,1.0,10.0,-0.4737373849098134,-16.332091766876985
2026p149039,2026-02-25T03:28:24.995000+00:00,-40.3000602722168,174.76287841796875,12.0,2.1154249411870203,NGZ,HHZ,144677.48873745376,144.67748873745376,1.0,10.0,3.1622776601683795,6.491204685758523e-08,1.2552543172218141e-08,5.171226736049116,-16.55023260861936,1.12652241557642,exact,1.0,10.0,0.11913537911777466,-16.669367987737136
2026p149039,2026-02-25T03:28:24.995000+00:00,-40.3000602722168,174.76287841796875,12.0,2.1154249411870203,NOVZ,EHZ,149813.1359147525,149.81313591475248,1.0,10.0,3.1622776601683795,7.180985884431483e-08,1.3575390469334869e-08,5.289708535936732,-16.449244060508963,1.277398836799036,exact,1.0,10.0,0.24482585154452702,-16.69406991205349
2026p149039,2026-02-25T03:28:24.995000+00:00,-40.3000602722168,174.76287841796875,12.0,2.1154249411870203,NTVZ,HHZ,155262.09468464242,155.26209468464242,1.0,10.0,3.1622776601683795,1.259869763816008e-07,3.193435600456264e-08,3.9451860674315875,-15.887087297387945,0.9936348993076428,exact,1.0,10.0,-0.006385444317864613,-15.88070185307008
2026p149039,2026-02-25T03:28:24.995000+00:00,-40.3000602722168,174.76287841796875,12.0,2.1154249411870203,OTVZ,HHZ,148656.73772551338,148.65673772551338,1.0,10.0,3.1622776601683795,5.2025483043184105e-08,9.994825796697733e-09,5.205241602147103,-16.771532179881675,1.0,exact,1.0,10.0,0.0,-16.771532179881675
2026p149039,2026-02-25T03:28:24.995000+00:00,-40.3000602722168,174.76287841796875,12.0,2.1154249411870203,TUVZ,EHZ,138378.2894731077,138.37828947310769,1.0,10.0,3.1622776601683795,2.994548046358382e-07,2.541621834155511e-08,11.782036202696386,-15.021302333496271,1.97029574161132,exact,1.0,10.0,0.6781836541279606,-15.699485987624232
2026p149039,2026-02-25T03:28:24.995000+00:00,-40.3000602722168,174.76287841796875,12.0,2.1154249411870203,TWVZ,HHZ,148807.785528235,148.807785528235,1.0,10.0,3.1622776601683795,2.7600628895644887e-08,5.7452012253099904e-09,4.804118744188226,-17.405427278408816,0.5802755580898467,exact,1.0,10.0,-0.5442521881111088,-16.861175090297706
2026p149039,2026-02-25T03:28:24.995000+00:00,-40.3000602722168,174.76287841796875,12.0,2.1154249411870203,WTVZ,HHZ,150018.98722422819,150.0189872242282,1.0,10.0,3.1622776601683795,7.643804629671924e-08,1.279465519339574e-08,5.974216978990924,-16.386785276551944,1.0296407025017171,exact,1.0,10.0,0.02920990886272243,-16.415995185414666
2026p151276,2026-02-25T23:19:56.085000+00:00,-39.268436431884766,174.8736114501953,24.53136444091797,2.412538178380937,COVZ,HHZ,63637.64999168909,63.63764999168909,1.0,10.0,3.1622776601683795,3.186302347820548e-07,7.51629951864909e-08,4.239190229067966,-14.959234545096571,1.0310666692210522,exact,1.0,10.0,0.030593867562053945,-14.989828412658625
2026p151276,2026-02-25T23:19:56.085000+00:00,-39.268436431884766,174.8736114501953,24.53136444091797,2.412538178380937,ETVZ,HHZ,78154.73886981423,78.15473886981422,1.0,10.0,3.1622776601683795,1.8160195848702284e-07,3.0175921555460116e-08,6.018108118198076,-15.521448586217202,0.9471602664391504,exact,1.0,10.0,-0.05428696417065311,-15.467161622046548
2026p151276,2026-02-25T23:19:56.085000+00:00,-39.268436431884766,174.8736114501953,24.53136444091797,2.412538178380937,FWVZ,HHZ,64389.96730349179,64.38996730349179,1.0,10.0,3.1622776601683795,3.987713960341056e-07,9.921480342646816e-09,40.19273155438444,-14.734877526521101,0.6226707538339719,exact,1.0,10.0,-0.4737373849098134,-14.261140141611287
2026p151276,2026-02-25T23:19:56.085000+00:00,-39.268436431884766,174.8736114501953,24.53136444091797,2.412538178380937,KRVZ,HHZ,73718.23031274228,73.71823031274228,1.0,10.0,3.1622776601683795,5.198426827076762e-07,3.058741419359642e-08,16.99531315126687,-14.469739604397825,0.8296358879603257,exact,1.0,10.0,-0.18676836364818022,-14.282971240749644
2026p151276,2026-02-25T23:19:56.085000+00:00,-39.268436431884766,174.8736114501953,24.53136444091797,2.412538178380937,NGZ,HHZ,68766.3201427232,68.7663201427232,1.0,10.0,3.1622776601683795,1.030852895380281e-06,1.2804557124289759e-08,80.50672001960866,-13.785124044602847,1.12652241557642,exact,1.0,10.0,0.11913537911777466,-13.904259423720623
2026p151276,2026-02-25T23:19:56.085000+00:00,-39.268436431884766,174.8736114501953,24.53136444091797,2.412538178380937,NOVZ,EHZ,70558.63860569005,70.55863860569005,1.0,10.0,3.1622776601683795,8.450720956972819e-07,2.0473678328379118e-08,41.27602681565553,-13.983843892877,1.277398836799036,exact,1.0,10.0,0.24482585154452702,-14.228669744421527
2026p151276,2026-02-25T23:19:56.085000+00:00,-39.268436431884766,174.8736114501953,24.53136444091797,2.412538178380937,NTVZ,HHZ,76336.35005036723,76.33635005036723,1.0,10.0,3.1622776601683795,6.408309729059493e-07,6.445175524958327e-08,9.942800943502508,-14.260500107613236,0.9936348993076428,exact,1.0,10.0,-0.006385444317864613,-14.254114663295372
2026p151276,2026-02-25T23:19:56.085000+00:00,-39.268436431884766,174.8736114501953,24.53136444091797,2.412538178380937,OTVZ,HHZ,74072.51742298862,74.07251742298862,1.0,10.0,3.1622776601683795,2.99983727268729e-07,1.1837318878904551e-08,25.342202093020756,-15.019537606198954,1.0,exact,1.0,10.0,0.0,-15.019537606198954
2026p151276,2026-02-25T23:19:56.085000+00:00,-39.268436431884766,174.8736114501953,24.53136444091797,2.412538178380937,SNVZ,EHZ,71759.81291774291,71.7598129177429,1.0,10.0,3.1622776601683795,2.582797122476867e-07,1.6615889234332766e-08,15.544140226573813,-15.169222683298697,0.7545196052473487,exact,1.0,10.0,-0.28167401668856396,-14.887548666610133
2026p151276,2026-02-25T23:19:56.085000+00:00,-39.268436431884766,174.8736114501953,24.53136444091797,2.412538178380937,TUVZ,EHZ,72195.04056022581,72.1950405602258,1.0,10.0,3.1622776601683795,5.743969723927743e-07,3.0932691945422674e-08,18.569252666603816,-14.369945090130232,1.97029574161132,exact,1.0,10.0,0.6781836541279606,-15.048128744258193
2026p151276,2026-02-25T23:19:56.085000+00:00,-39.268436431884766,174.8736114501953,24.53136444091797,2.412538178380937,TWVZ,HHZ,59272.293370709376,59.27229337070938,1.0,10.0,3.1622776601683795,2.5733000252906927e-07,5.772406702489967e-09,44.5793264043693,-15.172906519213399,0.5802755580898467,exact,1.0,10.0,-0.5442521881111088,-14.62865433110229
2026p151276,2026-02-25T23:19:56.085000+00:00,-39.268436431884766,174.8736114501953,24.53136444091797,2.412538178380937,WHVZ,HHZ,67218.38464723021,67.21838464723021,1.0,10.0,3.1622776601683795,3.205621671659755e-07,2.7629101641283878e-08,11.60233768466022,-14.953189610078686,0.8211193479986806,exact,1.0,10.0,-0.19708681103425454,-14.756102799044431
2026p151276,2026-02-25T23:19:56.085000+00:00,-39.268436431884766,174.8736114501953,24.53136444091797,2.412538178380937,WTVZ,HHZ,69120.82190467804,69.12082190467804,1.0,10.0,3.1622776601683795,4.218851902273097e-07,1.4673016411939223e-08,28.75245132855081,-14.678532620998453,1.0296407025017171,exact,1.0,10.0,0.02920990886272243,-14.707742529861175
2026p151934,2026-02-26T05:10:30.597000+00:00,-40.26210403442383,174.78054809570312,12.0,2.1406739818645204,FWVZ,HHZ,130701.09695421465,130.70109695421465,1.0,10.0,3.1622776601683795,3.840809306166183e-08,1.0149054771334195e-08,3.7844010035441658,-17.074997642744716,0.6226707538339719,exact,1.0,10.0,-0.4737373849098134,-16.601260257834902
2026p151934,2026-02-26T05:10:30.597000+00:00,-40.26210403442383,174.78054809570312,12.0,2.1406739818645204,NGZ,HHZ,140300.83248608705,140.30083248608705,1.0,10.0,3.1622776601683795,5.025506644733854e-08,1.3611792047151442e-08,3.6920242590581953,-16.80615447026705,1.12652241557642,exact,1.0,10.0,0.11913537911777466,-16.925289849384825
2026p151934,2026-02-26T05:10:30.597000+00:00,-40.26210403442383,174.78054809570312,12.0,2.1406739818645204,NOVZ,EHZ,145424.32276927258,145.42432276927258,1.0,10.0,3.1622776601683795,6.179660181575978e-08,1.551393840111407e-08,3.983295551265184,-16.599417460794598,1.277398836799036,exact,1.0,10.0,0.24482585154452702,-16.844243312339124
2026p151934,2026-02-26T05:10:30.597000+00:00,-40.26210403442383,174.78054809570312,12.0,2.1406739818645204,TUVZ,EHZ,134068.60429312923,134.06860429312923,1.0,10.0,3.1622776601683795,2.1579467264401043e-07,2.9764496766412497e-08,7.250069582480634,-15.348938470970142,1.97029574161132,exact,1.0,10.0,0.6781836541279606,-16.027122125098103
2026p151934,2026-02-26T05:10:30.597000+00:00,-40.26210403442383,174.78054809570312,12.0,2.1406739818645204,TWVZ,HHZ,144360.06738006027,144.36006738006026,1.0,10.0,3.1622776601683795,2.2069372459123588e-08,6.946784154457145e-09,3.1769192720582224,-17.629075051195137,0.5802755580898467,exact,1.0,10.0,-0.5442521881111088,-17.084822863084028
2026p151934,2026-02-26T05:10:30.597000+00:00,-40.26210403442383,174.78054809570312,12.0,2.1406739818645204,WTVZ,HHZ,145618.36558924508,145.6183655892451,1.0,10.0,3.1622776601683795,6.116681185558978e-08,1.2422759021025552e-08,4.923770295476616,-16.609661084461845,1.0296407025017171,exact,1.0,10.0,0.02920990886272243,-16.638870993324566
2026p152794,2026-02-26T12:48:50.300000+00:00,-40.28183364868164,174.779541015625,12.0,2.4129082036059706,COVZ,HHZ,137391.54574498555,137.39154574498554,1.0,10.0,3.1622776601683795,8.103769283718182e-08,1.0639021091858655e-08,7.617025301246432,-16.328351446843847,1.0310666692210522,exact,1.0,10.0,0.030593867562053945,-16.3589453144059
2026p152794,2026-02-26T12:48:50.300000+00:00,-40.28183364868164,174.779541015625,12.0,2.4129082036059706,ETVZ,HHZ,150808.06206571008,150.8080620657101,1.0,10.0,3.1622776601683795,1.2499990023855953e-07,1.6267345213206223e-08,7.68409956266752,-15.894952897735953,0.9471602664391504,exact,1.0,10.0,-0.05428696417065311,-15.8406659335653
2026p152794,2026-02-26T12:48:50.300000+00:00,-40.28183364868164,174.779541015625,12.0,2.4129082036059706,FWVZ,HHZ,132618.64745469388,132.61864745469387,1.0,10.0,3.1622776601683795,1.0404623773404676e-07,2.6934437802619435e-08,3.8629444763806444,-16.078430443010884,0.6226707538339719,exact,1.0,10.0,-0.4737373849098134,-15.60469305810107
2026p152794,2026-02-26T12:48:50.300000+00:00,-40.28183364868164,174.779541015625,12.0,2.4129082036059706,KRVZ,HHZ,151714.97919186208,151.71497919186208,1.0,10.0,3.1622776601683795,9.686971158615797e-08,2.658462221649423e-08,3.643825020242563,-16.14989894084136,0.8296358879603257,exact,1.0,10.0,-0.18676836364818022,-15.96313057719318
2026p152794,2026-02-26T12:48:50.300000+00:00,-40.28183364868164,174.779541015625,12.0,2.4129082036059706,NGZ,HHZ,142226.65031531383,142.22665031531383,1.0,10.0,3.1622776601683795,1.3127014738592487e-07,1.0083928915667317e-08,13.017758106363834,-15.846008443362434,1.12652241557642,exact,1.0,10.0,0.11913537911777466,-15.96514382248021
2026p152794,2026-02-26T12:48:50.300000+00:00,-40.28183364868164,174.779541015625,12.0,2.4129082036059706,NOVZ,EHZ,147364.5981143665,147.3645981143665,1.0,10.0,3.1622776601683795,1.4514648508617208e-07,1.5151811259454697e-08,9.57948080270608,-15.74552236250324,1.277398836799036,exact,1.0,10.0,0.24482585154452702,-15.990348214047767
2026p152794,2026-02-26T12:48:50.300000+00:00,-40.28183364868164,174.779541015625,12.0,2.4129082036059706,NTVZ,HHZ,152807.75414383397,152.80775414383396,1.0,10.0,3.1622776601683795,1.9461495842725293e-07,2.3682377496535314e-08,8.21771202894324,-15.452242802588271,0.9936348993076428,exact,1.0,10.0,-0.006385444317864613,-15.445857358270407
2026p152794,2026-02-26T12:48:50.300000+00:00,-40.28183364868164,174.779541015625,12.0,2.4129082036059706,OTVZ,HHZ,146200.5336389842,146.2005336389842,1.0,10.0,3.1622776601683795,1.026278944204306e-07,1.1244703076050051e-08,9.126776734462329,-16.09215606571838,1.0,exact,1.0,10.0,0.0,-16.09215606571838
2026p152794,2026-02-26T12:48:50.300000+00:00,-40.28183364868164,174.779541015625,12.0,2.4129082036059706,TMVZ,HHZ,152405.24176591207,152.40524176591208,1.0,10.0,3.1622776601683795,1.1262542404038901e-07,3.6384459846228445e-08,3.095426578170394,-15.9991983559605,0.9214864370155496,exact,1.0,10.0,-0.08176722035762422,-15.917431135602875
2026p152794,2026-02-26T12:48:50.300000+00:00,-40.28183364868164,174.779541015625,12.0,2.4129082036059706,TUVZ,EHZ,135920.07963761664,135.92007963761665,1.0,10.0,3.1622776601683795,6.196313116567751e-07,2.0861087748310498e-08,29.702732625098033,-14.29414119440494,1.97029574161132,exact,1.0,10.0,0.6781836541279606,-14.972324848532901
2026p152794,2026-02-26T12:48:50.300000+00:00,-40.28183364868164,174.779541015625,12.0,2.4129082036059706,TWVZ,HHZ,146399.80941407257,146.39980941407256,1.0,10.0,3.1622776601683795,4.9844936372040085e-08,6.033155429632858e-09,8.26183527896833,-16.81434892298896,0.5802755580898467,exact,1.0,10.0,-0.5442521881111088,-16.27009673487785
2026p152794,2026-02-26T12:48:50.300000+00:00,-40.28183364868164,174.779541015625,12.0,2.4129082036059706,WHVZ,HHZ,131580.5398123604,131.5805398123604,1.0,10.0,3.1622776601683795,1.856348940964648e-07,2.317179616941423e-08,8.011243182843755,-15.499484027280147,0.8211193479986806,exact,1.0,10.0,-0.19708681103425454,-15.302397216245891
2026p152794,2026-02-26T12:48:50.300000+00:00,-40.28183364868164,174.779541015625,12.0,2.4129082036059706,WTVZ,HHZ,147573.81657914707,147.57381657914706,1.0,10.0,3.1622776601683795,1.4459288234043014e-07,1.1561296750001131e-08,12.506631865531519,-15.749343751528471,1.0296407025017171,exact,1.0,10.0,0.02920990886272243,-15.778553660391193
2026p155289,2026-02-27T10:58:04.549000+00:00,-40.09748077392578,176.6511993408203,34.35239028930664,2.360357355875599,COVZ,HHZ,142295.8227775433,142.2958227775433,1.0,10.0,3.1622776601683795,4.7290697421951166e-08,1.552584556414388e-08,3.0459337771056108,-16.866952232631323,1.0310666692210522,exact,1.0,10.0,0.030593867562053945,-16.897546100193377
2026p155289,2026-02-27T10:58:04.549000+00:00,-40.09748077392578,176.6511993408203,34.35239028930664,2.360357355875599,FWVZ,HHZ,137670.32569523947,137.67032569523948,1.0,10.0,3.1622776601683795,3.675904015748633e-08,8.831821448081213e-09,4.162113146600415,-17.118881650858413,0.6226707538339719,exact,1.0,10.0,-0.4737373849098134,-16.6451442659486
2026p155289,2026-02-27T10:58:04.549000+00:00,-40.09748077392578,176.6511993408203,34.35239028930664,2.360357355875599,NGZ,HHZ,141007.80899816586,141.00780899816584,1.0,10.0,3.1622776601683795,7.163436913372266e-08,1.2637104036696398e-08,5.668574772013144,-16.451690862316443,1.12652241557642,exact,1.0,10.0,0.11913537911777466,-16.57082624143422
2026p155289,2026-02-27T10:58:04.549000+00:00,-40.09748077392578,176.6511993408203,34.35239028930664,2.360357355875599,NOVZ,EHZ,144532.97832000276,144.53297832000277,1.0,10.0,3.1622776601683795,6.344800768899358e-08,1.819921614584329e-08,3.486304419956303,-16.573045042979647,1.277398836799036,exact,1.0,10.0,0.24482585154452702,-16.817870894524173
2026p155289,2026-02-27T10:58:04.549000+00:00,-40.09748077392578,176.6511993408203,34.35239028930664,2.360357355875599,NTVZ,HHZ,143479.8102918817,143.4798102918817,1.0,10.0,3.1622776601683795,7.512994436437706e-08,2.3737983527546686e-08,3.1649674150794107,-16.404046631090345,0.9936348993076428,exact,1.0,10.0,-0.006385444317864613,-16.39766118677248
2026p155289,2026-02-27T10:58:04.549000+00:00,-40.09748077392578,176.6511993408203,34.35239028930664,2.360357355875599,OTVZ,HHZ,138617.8707817225,138.6178707817225,1.0,10.0,3.1622776601683795,5.620763293020647e-08,1.3817930038547327e-08,4.06773176397668,-16.694213272005634,1.0,exact,1.0,10.0,0.0,-16.694213272005634
2026p155289,2026-02-27T10:58:04.549000+00:00,-40.09748077392578,176.6511993408203,34.35239028930664,2.360357355875599,TMVZ,HHZ,140584.5500704003,140.5845500704003,1.0,10.0,3.1622776601683795,6.657433269083834e-08,2.0341445046431265e-08,3.2728418526253247,-16.524946728716277,0.9214864370155496,exact,1.0,10.0,-0.08176722035762422,-16.443179508358654
2026p155289,2026-02-27T10:58:04.549000+00:00,-40.09748077392578,176.6511993408203,34.35239028930664,2.360357355875599,TUVZ,EHZ,130711.61886819113,130.71161886819112,1.0,10.0,3.1622776601683795,2.1810371376742868e-07,2.283013618050323e-08,9.553325133193365,-15.33829513606432,1.97029574161132,exact,1.0,10.0,0.6781836541279606,-16.01647879019228
2026p155289,2026-02-27T10:58:04.549000+00:00,-40.09748077392578,176.6511993408203,34.35239028930664,2.360357355875599,WHVZ,HHZ,133508.11522491477,133.50811522491477,1.0,10.0,3.1622776601683795,9.844014430781919e-08,2.383552906809895e-08,4.129975215845732,-16.133817145477664,0.8211193479986806,exact,1.0,10.0,-0.19708681103425454,-15.936730334443409
2026p155289,2026-02-27T10:58:04.549000+00:00,-40.09748077392578,176.6511993408203,34.35239028930664,2.360357355875599,WTVZ,HHZ,146512.72891477772,146.5127289147777,1.0,10.0,3.1622776601683795,4.449260213022001e-08,1.419077008015196e-08,3.1353197803162187,-16.927942905859044,1.0296407025017171,exact,1.0,10.0,0.02920990886272243,-16.957152814721766
2026p158764,2026-02-28T17:49:52.276000+00:00,-38.36001586914063,176.19577026367188,3.940331697463989,2.7793091043435814,COVZ,HHZ,109285.9163561076,109.28591635610759,1.0,10.0,3.1622776601683795,1.0413089613535146e-07,1.1352629810174163e-08,9.172403035817299,-16.077617112512975,1.0310666692210522,exact,1.0,10.0,0.030593867562053945,-16.10821098007503
2026p158764,2026-02-28T17:49:52.276000+00:00,-38.36001586914063,176.19577026367188,3.940331697463989,2.7793091043435814,ETVZ,HHZ,96023.09223380203,96.02309223380203,1.0,10.0,3.1622776601683795,1.9172540773733037e-07,1.0013997044996647e-08,19.145742391957594,-15.467201656619798,0.9471602664391504,exact,1.0,10.0,-0.05428696417065311,-15.412914692449144
2026p158764,2026-02-28T17:49:52.276000+00:00,-38.36001586914063,176.19577026367188,3.940331697463989,2.7793091043435814,FWVZ,HHZ,114119.21053163771,114.11921053163772,1.0,10.0,3.1622776601683795,7.133392474717705e-08,1.1222910230415737e-08,6.35609866626676,-16.455893819778762,0.6226707538339719,exact,1.0,10.0,-0.4737373849098134,-15.982156434868948
2026p158764,2026-02-28T17:49:52.276000+00:00,-38.36001586914063,176.19577026367188,3.940331697463989,2.7793091043435814,KRVZ,HHZ,94862.59113971399,94.86259113971398,1.0,10.0,3.1622776601683795,1.30194256100911e-07,2.0042038902915533e-08,6.49605844652719,-15.854238224113505,0.8296358879603257,exact,1.0,10.0,-0.18676836364818022,-15.667469860465324
2026p158764,2026-02-28T17:49:52.276000+00:00,-38.36001586914063,176.19577026367188,3.940331697463989,2.7793091043435814,NGZ,HHZ,104385.25475000615,104.38525475000615,1.0,10.0,3.1622776601683795,1.1565651977467516e-07,1.3710812377994371e-08,8.435424290416371,-15.972641074806743,1.12652241557642,exact,1.0,10.0,0.11913537911777466,-16.091776453924517
2026p158764,2026-02-28T17:49:52.276000+00:00,-38.36001586914063,176.19577026367188,3.940331697463989,2.7793091043435814,NOVZ,EHZ,99280.77934791782,99.28077934791783,1.0,10.0,3.1622776601683795,1.614111568602677e-07,1.584085417342295e-08,10.189548814297895,-15.639310957971322,1.277398836799036,exact,1.0,10.0,0.24482585154452702,-15.88413680951585
2026p158764,2026-02-28T17:49:52.276000+00:00,-38.36001586914063,176.19577026367188,3.940331697463989,2.7793091043435814,NTVZ,HHZ,93756.11688769767,93.75611688769767,1.0,10.0,3.1622776601683795,1.630564054531561e-07,1.3576606104271041e-08,12.010100624622266,-15.629169650274777,0.9936348993076428,exact,1.0,10.0,-0.006385444317864613,-15.622784205956913
2026p158764,2026-02-28T17:49:52.276000+00:00,-38.36001586914063,176.19577026367188,3.940331697463989,2.7793091043435814,OTVZ,HHZ,100525.51738033787,100.52551738033787,1.0,10.0,3.1622776601683795,1.4529534302190542e-07,1.1004553906887271e-08,13.20320153377334,-15.744497317662164,1.0,exact,1.0,10.0,0.0,-15.744497317662164
2026p158764,2026-02-28T17:49:52.276000+00:00,-38.36001586914063,176.19577026367188,3.940331697463989,2.7793091043435814,SNVZ,EHZ,103792.07783281994,103.79207783281994,1.0,10.0,3.1622776601683795,9.325968699338987e-08,1.6558777568571492e-08,5.63203935841233,-16.1878779018512,0.7545196052473487,exact,1.0,10.0,-0.28167401668856396,-15.906203885162634
2026p158764,2026-02-28T17:49:52.276000+00:00,-38.36001586914063,176.19577026367188,3.940331697463989,2.7793091043435814,TMVZ,HHZ,94285.18724248958,94.28518724248958,1.0,10.0,3.1622776601683795,1.433301612162961e-07,1.11391982102989e-08,12.867188329926496,-15.758115048220905,0.9214864370155496,exact,1.0,10.0,-0.08176722035762422,-15.67634782786328
2026p158764,2026-02-28T17:49:52.276000+00:00,-38.36001586914063,176.19577026367188,3.940331697463989,2.7793091043435814,TUVZ,EHZ,111330.71372237346,111.33071372237346,1.0,10.0,3.1622776601683795,1.9635461143118843e-07,2.0029714737992278e-08,9.803165646625203,-15.443343570426912,1.97029574161132,exact,1.0,10.0,0.6781836541279606,-16.12152722455487
2026p158764,2026-02-28T17:49:52.276000+00:00,-38.36001586914063,176.19577026367188,3.940331697463989,2.7793091043435814,TWVZ,HHZ,102961.1730445482,102.96117304454819,1.0,10.0,3.1622776601683795,1.257385645813948e-07,4.3506803329703706e-09,28.900897091547158,-15.889060969824154,0.5802755580898467,exact,1.0,10.0,-0.5442521881111088,-15.344808781713045
2026p158764,2026-02-28T17:49:52.276000+00:00,-38.36001586914063,176.19577026367188,3.940331697463989,2.7793091043435814,WHVZ,HHZ,115342.45113628272,115.34245113628272,1.0,10.0,3.1622776601683795,9.121403245053685e-08,2.3087617793844825e-08,3.950777133657097,-16.210057087112848,0.8211193479986806,exact,1.0,10.0,-0.19708681103425454,-16.012970276078594
2026p158764,2026-02-28T17:49:52.276000+00:00,-38.36001586914063,176.19577026367188,3.940331697463989,2.7793091043435814,WTVZ,HHZ,99156.41132989583,99.15641132989583,1.0,10.0,3.1622776601683795,1.6426310804549315e-07,1.2438865738994065e-08,13.20563397758622,-15.621796377313963,1.0296407025017171,exact,1.0,10.0,0.02920990886272243,-15.651006286176685
2026p159028,2026-02-28T20:10:08.302000+00:00,-40.28929901123047,174.7672119140625,19.218530654907227,2.1547282932454634,NGZ,HHZ,144320.8424994758,144.32084249947582,1.0,10.0,3.1622776601683795,5.672573727588546e-08,1.4191273368014467e-08,3.9972267325734765,-16.685037808993698,1.12652241557642,exact,1.0,10.0,0.11913537911777466,-16.804173188111474
2026p159028,2026-02-28T20:10:08.302000+00:00,-40.28929901123047,174.7672119140625,19.218530654907227,2.1547282932454634,NOVZ,EHZ,149424.24276652432,149.42424276652432,1.0,10.0,3.1622776601683795,5.855562378916226e-08,1.4092802993944084e-08,4.155001940658973,-16.653288700462138,1.277398836799036,exact,1.0,10.0,0.24482585154452702,-16.898114552006664
2026p159028,2026-02-28T20:10:08.302000+00:00,-40.28929901123047,174.7672119140625,19.218530654907227,2.1547282932454634,NTVZ,HHZ,154839.73631207942,154.83973631207942,1.0,10.0,3.1622776601683795,8.891784660881997e-08,2.0492575281812517e-08,4.339027447064496,-16.23555296531842,0.9936348993076428,exact,1.0,10.0,-0.006385444317864613,-16.229167521000555
2026p159028,2026-02-28T20:10:08.302000+00:00,-40.28929901123047,174.7672119140625,19.218530654907227,2.1547282932454634,OTVZ,HHZ,148287.81328383117,148.28781328383118,1.0,10.0,3.1622776601683795,4.476180248604816e-08,1.1655911837191764e-08,3.8402660479313075,-16.921910684294552,1.0,exact,1.0,10.0,0.0,-16.921910684294552
2026p159028,2026-02-28T20:10:08.302000+00:00,-40.28929901123047,174.7672119140625,19.218530654907227,2.1547282932454634,TMVZ,HHZ,154445.73863531966,154.44573863531966,1.0,10.0,3.1622776601683795,6.246337499655369e-08,1.7221628937316618e-08,3.627030591816154,-16.588685452024336,0.9214864370155496,exact,1.0,10.0,-0.08176722035762422,-16.506918231666713
2026p159028,2026-02-28T20:10:08.302000+00:00,-40.28929901123047,174.7672119140625,19.218530654907227,2.1547282932454634,TUVZ,EHZ,138081.98331205972,138.08198331205972,1.0,10.0,3.1622776601683795,2.454928448638028e-07,2.384051337618419e-08,10.297296915973348,-15.219998035294191,1.97029574161132,exact,1.0,10.0,0.6781836541279606,-15.898181689422152
2026p159028,2026-02-28T20:10:08.302000+00:00,-40.28929901123047,174.7672119140625,19.218530654907227,2.1547282932454634,WHVZ,HHZ,133793.81707155984,133.79381707155983,1.0,10.0,3.1622776601683795,7.521562435464252e-08,2.2757832164229075e-08,3.3050434598453093,-16.402906856898518,0.8211193479986806,exact,1.0,10.0,-0.19708681103425454,-16.205820045864265
2026p159028,2026-02-28T20:10:08.302000+00:00,-40.28929901123047,174.7672119140625,19.218530654907227,2.1547282932454634,WTVZ,HHZ,149610.97284923037,149.61097284923036,1.0,10.0,3.1622776601683795,6.000127334569211e-08,1.1412581143891712e-08,5.25746740278874,-16.628900052521303,1.0296407025017171,exact,1.0,10.0,0.02920990886272243,-16.658109961384024
2026p159725,2026-03-01T02:21:50.195000+00:00,-40.075103759765625,176.64515686035156,35.09268951416016,3.3472143959430656,COVZ,HHZ,140415.88678976966,140.41588678976967,1.0,10.0,3.1622776601683795,8.102248292796836e-07,2.4462702683631745e-08,33.1208223293256,-14.025954060782569,1.0310666692210522,exact,1.0,10.0,0.030593867562053945,-14.056547928344623
2026p159725,2026-03-01T02:21:50.195000+00:00,-40.075103759765625,176.64515686035156,35.09268951416016,3.3472143959430656,ETVZ,HHZ,136527.41969154592,136.52741969154593,1.0,10.0,3.1622776601683795,1.0663999310301693e-06,1.996231814189737e-08,53.420646011646554,-13.751222132757299,0.9471602664391504,exact,1.0,10.0,-0.05428696417065311,-13.696935168586645
2026p159725,2026-03-01T02:21:50.195000+00:00,-40.075103759765625,176.64515686035156,35.09268951416016,3.3472143959430656,FWVZ,HHZ,135846.63904648964,135.84663904648963,1.0,10.0,3.1622776601683795,5.610755402789224e-07,6.695140102662885e-08,8.380340540682091,-14.393410287584999,0.6226707538339719,exact,1.0,10.0,-0.4737373849098134,-13.919672902675185
2026p159725,2026-03-01T02:21:50.195000+00:00,-40.075103759765625,176.64515686035156,35.09268951416016,3.3472143959430656,KRVZ,HHZ,143563.90381916356,143.56390381916356,1.0,10.0,3.1622776601683795,6.243000826551194e-07,2.374394899554277e-08,26.2930181821193,-14.286634682482246,0.8296358879603257,exact,1.0,10.0,-0.18676836364818022,-14.099866318834065
2026p159725,2026-03-01T02:21:50.195000+00:00,-40.075103759765625,176.64515686035156,35.09268951416016,3.3472143959430656,NGZ,HHZ,139081.53335393243,139.08153335393243,1.0,10.0,3.1622776601683795,9.131351977342492e-07,1.9965154139886978e-08,45.736446176989965,-13.906381886553913,1.12652241557642,exact,1.0,10.0,0.11913537911777466,-14.025517265671688
2026p159725,2026-03-01T02:21:50.195000+00:00,-40.075103759765625,176.64515686035156,35.09268951416016,3.3472143959430656,NOVZ,EHZ,142562.0527237685,142.5620527237685,1.0,10.0,3.1622776601683795,1.1449977193040147e-06,1.7777837335626568e-08,64.40590594275791,-13.680107912834277,1.277398836799036,exact,1.0,10.0,0.24482585154452702,-13.924933764378805
2026p159725,2026-03-01T02:21:50.195000+00:00,-40.075103759765625,176.64515686035156,35.09268951416016,3.3472143959430656,NTVZ,HHZ,141457.8103733342,141.4578103733342,1.0,10.0,3.1622776601683795,1.028414891072949e-06,2.6762144756075864e-08,38.42796982254069,-13.787491881814168,0.9936348993076428,exact,1.0,10.0,-0.006385444317864613,-13.781106437496303
2026p159725,2026-03-01T02:21:50.195000+00:00,-40.075103759765625,176.64515686035156,35.09268951416016,3.3472143959430656,OTVZ,HHZ,136652.66121673744,136.65266121673744,1.0,10.0,3.1622776601683795,9.248682825243858e-07,2.1892334368864825e-08,42.24621581879953,-13.893614506844374,1.0,exact,1.0,10.0,0.0,-13.893614506844374
2026p159725,2026-03-01T02:21:50.195000+00:00,-40.075103759765625,176.64515686035156,35.09268951416016,3.3472143959430656,SNVZ,EHZ,136116.36085941741,136.11636085941743,1.0,10.0,3.1622776601683795,5.874900377942029e-07,2.235369790657843e-08,26.281559330785782,-14.347406548017906,0.7545196052473487,exact,1.0,10.0,-0.28167401668856396,-14.065732531329342
2026p159725,2026-03-01T02:21:50.195000+00:00,-40.075103759765625,176.64515686035156,35.09268951416016,3.3472143959430656,TMVZ,HHZ,138562.72245956367,138.56272245956367,1.0,10.0,3.1622776601683795,9.657801967247164e-07,2.9279618469592735e-08,32.98472614073478,-13.850329568247407,0.9214864370155496,exact,1.0,10.0,-0.08176722035762422,-13.768562347889782
2026p159725,2026-03-01T02:21:50.195000+00:00,-40.075103759765625,176.64515686035156,35.09268951416016,3.3472143959430656,TUVZ,EHZ,128846.30193676875,128.84630193676875,1.0,10.0,3.1622776601683795,3.476319666199299e-06,3.1591382349397184e-08,110.04012511233567,-12.569536390980765,1.97029574161132,exact,1.0,10.0,0.6781836541279606,-13.247720045108727
2026p159725,2026-03-01T02:21:50.195000+00:00,-40.075103759765625,176.64515686035156,35.09268951416016,3.3472143959430656,TWVZ,HHZ,156522.2140133939,156.52221401339392,1.0,10.0,3.1622776601683795,2.4031161730774804e-07,2.021913564612175e-08,11.885355611323693,-15.241329350354892,0.5802755580898467,exact,1.0,10.0,-0.5442521881111088,-14.697077162243783
2026p159725,2026-03-01T02:21:50.195000+00:00,-40.075103759765625,176.64515686035156,35.09268951416016,3.3472143959430656,WHVZ,HHZ,131696.33606083863,131.69633606083863,1.0,10.0,3.1622776601683795,1.575888261873469e-06,2.9571472201601768e-08,53.29082878018192,-13.360691468868577,0.8211193479986806,exact,1.0,10.0,-0.19708681103425454,-13.163604657834322
2026p159725,2026-03-01T02:21:50.195000+00:00,-40.075103759765625,176.64515686035156,35.09268951416016,3.3472143959430656,WTVZ,HHZ,144539.71227282097,144.53971227282096,1.0,10.0,3.1622776601683795,5.485969925960513e-07,1.5460574967354618e-08,35.483608711475945,-14.415901740419198,1.0296407025017171,exact,1.0,10.0,0.02920990886272243,-14.44511164928192
2026p160827,2026-03-01T12:08:56.306000+00:00,-40.32819747924805,176.4994659423828,12.622332572937012,2.321555275603693,ETVZ,HHZ,149316.1615401093,149.31616154010928,1.0,10.0,3.1622776601683795,9.847820081088692e-08,2.1253981746774104e-08,4.633400084002321,-16.133430624825987,0.9471602664391504,exact,1.0,10.0,-0.05428696417065311,-16.079143660655333
2026p160827,2026-03-01T12:08:56.306000+00:00,-40.32819747924805,176.4994659423828,12.622332572937012,2.321555275603693,NGZ,HHZ,150005.6432932617,150.0056432932617,1.0,10.0,3.1622776601683795,1.0362566893981124e-07,1.7788855408319605e-08,5.825314027306497,-16.08248076812157,1.12652241557642,exact,1.0,10.0,0.11913537911777466,-16.201616147239346
2026p160827,2026-03-01T12:08:56.306000+00:00,-40.32819747924805,176.4994659423828,12.622332572937012,2.321555275603693,NOVZ,EHZ,154293.81522885652,154.29381522885652,1.0,10.0,3.1622776601683795,9.743040362563865e-08,2.1626865641149584e-08,4.505063528034185,-16.14412752279334,1.277398836799036,exact,1.0,10.0,0.24482585154452702,-16.388953374337866
2026p160827,2026-03-01T12:08:56.306000+00:00,-40.32819747924805,176.4994659423828,12.622332572937012,2.321555275603693,NTVZ,HHZ,154337.60756766223,154.33760756766222,1.0,10.0,3.1622776601683795,8.586747229224265e-08,1.6902495842848985e-08,5.0801652661592565,-16.270460749142902,0.9936348993076428,exact,1.0,10.0,-0.006385444317864613,-16.264075304825038
2026p160827,2026-03-01T12:08:56.306000+00:00,-40.32819747924805,176.4994659423828,12.622332572937012,2.321555275603693,OTVZ,HHZ,148483.18984160683,148.48318984160682,1.0,10.0,3.1622776601683795,1.1300681137554029e-07,2.1419675522569643e-08,5.275841422362651,-15.995817742391047,1.0,exact,1.0,10.0,0.0,-15.995817742391047
2026p160827,2026-03-01T12:08:56.306000+00:00,-40.32819747924805,176.4994659423828,12.622332572937012,2.321555275603693,TUVZ,EHZ,138938.49518446517,138.93849518446515,1.0,10.0,3.1622776601683795,1.7911138935353258e-07,2.9653141561357288e-08,6.040216311749677,-15.535257937754613,1.97029574161132,exact,1.0,10.0,0.6781836541279606,-16.213441591882574
2026p160827,2026-03-01T12:08:56.306000+00:00,-40.32819747924805,176.4994659423828,12.622332572937012,2.321555275603693,WHVZ,HHZ,140645.15764815058,140.6451576481506,1.0,10.0,3.1622776601683795,7.730316382499837e-08,2.2615519460035456e-08,3.41814672714474,-16.375530953018576,0.8211193479986806,exact,1.0,10.0,-0.19708681103425454,-16.178444141984322
2026p160827,2026-03-01T12:08:56.306000+00:00,-40.32819747924805,176.4994659423828,12.622332572937012,2.321555275603693,WTVZ,HHZ,156240.58793456788,156.24058793456788,1.0,10.0,3.1622776601683795,7.067212115388696e-08,1.820968161476668e-08,3.8810190451972097,-16.465214667781296,1.0296407025017171,exact,1.0,10.0,0.02920990886272243,-16.49442457664402
2026p163110,2026-03-02T08:25:17.716000+00:00,-39.25791931152344,176.38848876953125,34.261173248291016,2.694632062963996,COVZ,HHZ,81441.89645506283,81.44189645506283,1.0,10.0,3.1622776601683795,5.758153249911496e-07,3.2248968038983576e-08,17.855310107755567,-14.367478843993736,1.0310666692210522,exact,1.0,10.0,0.030593867562053945,-14.39807271155579
2026p163110,2026-03-02T08:25:17.716000+00:00,-39.25791931152344,176.38848876953125,34.261173248291016,2.694632062963996,FWVZ,HHZ,80740.38430582178,80.74038430582178,1.0,10.0,3.1622776601683795,4.3590695741279845e-07,6.305118680624535e-08,6.913540878339518,-14.64583701679985,0.6226707538339719,exact,1.0,10.0,-0.4737373849098134,-14.172099631890037
2026p163110,2026-03-02T08:25:17.716000+00:00,-39.25791931152344,176.38848876953125,34.261173248291016,2.694632062963996,NGZ,HHZ,77344.09340317086,77.34409340317086,1.0,10.0,3.1622776601683795,1.2066848600023856e-06,2.724402220308438e-07,4.429172942994347,-13.627633743558324,1.12652241557642,exact,1.0,10.0,0.11913537911777466,-13.746769122676099
2026p163110,2026-03-02T08:25:17.716000+00:00,-39.25791931152344,176.38848876953125,34.261173248291016,2.694632062963996,NOVZ,EHZ,77495.7266669696,77.4957266669696,1.0,10.0,3.1622776601683795,6.700599540445308e-07,1.588545912952287e-07,4.218071058451406,-14.215898644916269,1.277398836799036,exact,1.0,10.0,0.24482585154452702,-14.460724496460797
2026p163110,2026-03-02T08:25:17.716000+00:00,-39.25791931152344,176.38848876953125,34.261173248291016,2.694632062963996,NTVZ,HHZ,73250.24531146011,73.2502453114601,1.0,10.0,3.1622776601683795,1.6406704638180055e-06,5.016447051577596e-07,3.270582639364328,-13.320405580270826,0.9936348993076428,exact,1.0,10.0,-0.006385444317864613,-13.314020135952962
2026p163110,2026-03-02T08:25:17.716000+00:00,-39.25791931152344,176.38848876953125,34.261173248291016,2.694632062963996,OTVZ,HHZ,72759.12966336474,72.75912966336475,1.0,10.0,3.1622776601683795,9.126945174785604e-07,8.749586630323901e-08,10.431287282937312,-13.906864604367708,1.0,exact,1.0,10.0,0.0,-13.906864604367708
2026p163110,2026-03-02T08:25:17.716000+00:00,-39.25791931152344,176.38848876953125,34.261173248291016,2.694632062963996,SNVZ,EHZ,74321.54583661199,74.32154583661199,1.0,10.0,3.1622776601683795,5.542876788990265e-07,2.9493524856574138e-08,18.793537957721426,-14.405582008985226,0.7545196052473487,exact,1.0,10.0,-0.28167401668856396,-14.123907992296662
2026p163110,2026-03-02T08:25:17.716000+00:00,-39.25791931152344,176.38848876953125,34.261173248291016,2.694632062963996,TMVZ,HHZ,70737.56466421502,70.73756466421503,1.0,10.0,3.1622776601683795,1.0393549102966643e-06,1.8653110090217496e-07,5.57201938588111,-13.776910315824226,0.9214864370155496,exact,1.0,10.0,-0.08176722035762422,-13.695143095466602
2026p163110,2026-03-02T08:25:17.716000+00:00,-39.25791931152344,176.38848876953125,34.261173248291016,2.694632062963996,TUVZ,EHZ,72751.51018387217,72.75151018387217,1.0,10.0,3.1622776601683795,2.68536396805168e-06,1.2802891120997222e-07,20.974668476619176,-12.827694283118952,1.97029574161132,exact,1.0,10.0,0.6781836541279606,-13.505877937246913
2026p163110,2026-03-02T08:25:17.716000+00:00,-39.25791931152344,176.38848876953125,34.261173248291016,2.694632062963996,TWVZ,HHZ,91824.19650200983,91.82419650200983,1.0,10.0,3.1622776601683795,1.3189484388269345e-07,1.5655866642378278e-08,8.424627450879802,-15.841260869096443,0.5802755580898467,exact,1.0,10.0,-0.5442521881111088,-15.297008680985334
2026p163110,2026-03-02T08:25:17.716000+00:00,-39.25791931152344,176.38848876953125,34.261173248291016,2.694632062963996,WHVZ,HHZ,78068.32950864571,78.0683295086457,1.0,10.0,3.1622776601683795,8.903718776552446e-07,2.4737430374281717e-08,35.992900805934966,-13.931626621429002,0.8211193479986806,exact,1.0,10.0,-0.19708681103425454,-13.734539810394747
2026p166211,2026-03-03T11:57:44.402000+00:00,-38.320045471191406,176.32809448242188,5.0,2.447983163932028,COVZ,HHZ,119343.3913986184,119.34339139861841,1.0,10.0,3.1622776601683795,3.3356246912899776e-07,3.061178625533924e-08,10.896537247016042,-14.913435675401631,1.0310666692210522,exact,1.0,10.0,0.030593867562053945,-14.944029542963685
2026p166211,2026-03-03T11:57:44.402000+00:00,-38.320045471191406,176.32809448242188,5.0,2.447983163932028,NOVZ,EHZ,109310.66419306018,109.31066419306018,1.0,10.0,3.1622776601683795,3.423937176016128e-07,1.0125698789574885e-07,3.3814329728446104,-14.887304540973284,1.277398836799036,exact,1.0,10.0,0.24482585154452702,-15.132130392517812
2026p166211,2026-03-03T11:57:44.402000+00:00,-38.320045471191406,176.32809448242188,5.0,2.447983163932028,OTVZ,HHZ,110108.5674939954,110.10856749399541,1.0,10.0,3.1622776601683795,2.760256004720428e-07,2.1691737330599953e-08,12.724918998657655,-15.102772220197282,1.0,exact,1.0,10.0,0.0,-15.102772220197282
2026p166211,2026-03-03T11:57:44.402000+00:00,-38.320045471191406,176.32809448242188,5.0,2.447983163932028,SNVZ,EHZ,113417.29875273665,113.41729875273666,1.0,10.0,3.1622776601683795,2.7388998066882183e-07,2.0571710414485667e-08,13.313913872516935,-15.11053934159902,0.7545196052473487,exact,1.0,10.0,-0.28167401668856396,-14.828865324910456
2026p166211,2026-03-03T11:57:44.402000+00:00,-38.320045471191406,176.32809448242188,5.0,2.447983163932028,TUVZ,EHZ,120565.4527872509,120.5654527872509,1.0,10.0,3.1622776601683795,4.4508379859758203e-07,1.304837135067178e-07,3.411029519593397,-14.625003261053307,1.97029574161132,exact,1.0,10.0,0.6781836541279606,-15.303186915181268
2026p166211,2026-03-03T11:57:44.402000+00:00,-38.320045471191406,176.32809448242188,5.0,2.447983163932028,TWVZ,HHZ,113956.04242624153,113.95604242624154,1.0,10.0,3.1622776601683795,1.1857381307600527e-07,1.3400383112301915e-08,8.84853903670495,-15.947730175133728,0.5802755580898467,exact,1.0,10.0,-0.5442521881111088,-15.403477987022619
2026p166211,2026-03-03T11:57:44.402000+00:00,-38.320045471191406,176.32809448242188,5.0,2.447983163932028,WHVZ,HHZ,124869.30587326353,124.86930587326353,1.0,10.0,3.1622776601683795,2.2855188777149493e-07,4.1968475169945294e-08,5.445799182505606,-15.291502572428126,0.8211193479986806,exact,1.0,10.0,-0.19708681103425454,-15.09441576139387
2026p167614,2026-03-04T00:25:05.125000+00:00,-40.103172302246094,175.02139282226562,12.0,2.070930800788422,FWVZ,HHZ,105575.32666488546,105.57532666488547,1.0,10.0,3.1622776601683795,6.768571280934771e-08,1.1209732978568487e-08,6.038119992577322,-16.508390716089124,0.6226707538339719,exact,1.0,10.0,-0.4737373849098134,-16.03465333117931
2026p167614,2026-03-04T00:25:05.125000+00:00,-40.103172302246094,175.02139282226562,12.0,2.070930800788422,NGZ,HHZ,115170.65035159272,115.17065035159271,1.0,10.0,3.1622776601683795,8.396666034795265e-08,1.104535023904723e-08,7.601991655376933,-16.29284601750861,1.12652241557642,exact,1.0,10.0,0.11913537911777466,-16.411981396626384
2026p167614,2026-03-04T00:25:05.125000+00:00,-40.103172302246094,175.02139282226562,12.0,2.070930800788422,NOVZ,EHZ,120418.7681505969,120.41876815059689,1.0,10.0,3.1622776601683795,1.0659495215844799e-07,1.8881066496231433e-08,5.6456001666920566,-16.054229679446106,1.277398836799036,exact,1.0,10.0,0.24482585154452702,-16.299055530990632
2026p167614,2026-03-04T00:25:05.125000+00:00,-40.103172302246094,175.02139282226562,12.0,2.070930800788422,NTVZ,HHZ,125615.68377222489,125.61568377222488,1.0,10.0,3.1622776601683795,1.477291092963124e-07,2.735988011479568e-08,5.399479408406598,-15.727885582898569,0.9936348993076428,exact,1.0,10.0,-0.006385444317864613,-15.721500138580705
2026p167614,2026-03-04T00:25:05.125000+00:00,-40.103172302246094,175.02139282226562,12.0,2.070930800788422,OTVZ,HHZ,118867.13814069131,118.86713814069131,1.0,10.0,3.1622776601683795,8.181901099506222e-08,1.4720757823580554e-08,5.558070581393563,-16.31875621208773,1.0,exact,1.0,10.0,0.0,-16.31875621208773
2026p167614,2026-03-04T00:25:05.125000+00:00,-40.103172302246094,175.02139282226562,12.0,2.070930800788422,TMVZ,HHZ,125033.39535765744,125.03339535765744,1.0,10.0,3.1622776601683795,9.108453822287954e-08,2.580474918547212e-08,3.5297587110112065,-16.211477770214852,0.9214864370155496,exact,1.0,10.0,-0.08176722035762422,-16.12971054985723
2026p167614,2026-03-04T00:25:05.125000+00:00,-40.103172302246094,175.02139282226562,12.0,2.070930800788422,TUVZ,EHZ,108315.30431152228,108.31530431152228,1.0,10.0,3.1622776601683795,4.1444408447995697e-07,2.847120665854236e-08,14.556604131690682,-14.696327770192168,1.97029574161132,exact,1.0,10.0,0.6781836541279606,-15.37451142432013
2026p167614,2026-03-04T00:25:05.125000+00:00,-40.103172302246094,175.02139282226562,12.0,2.070930800788422,TWVZ,HHZ,120760.56012411186,120.76056012411186,1.0,10.0,3.1622776601683795,4.1690753551347486e-08,1.3391612874776799e-08,3.1131988313276535,-16.992986470106782,0.5802755580898467,exact,1.0,10.0,-0.5442521881111088,-16.448734281995673
2026p167614,2026-03-04T00:25:05.125000+00:00,-40.103172302246094,175.02139282226562,12.0,2.070930800788422,WHVZ,HHZ,104251.60470264437,104.25160470264437,1.0,10.0,3.1622776601683795,1.4273023917043775e-07,2.0548721305223486e-08,6.945942623405755,-15.762309427621714,0.8211193479986806,exact,1.0,10.0,-0.19708681103425454,-15.565222616587459
2026p167614,2026-03-04T00:25:05.125000+00:00,-40.103172302246094,175.02139282226562,12.0,2.070930800788422,WTVZ,HHZ,120774.95475702149,120.77495475702149,1.0,10.0,3.1622776601683795,1.2583296188587698e-07,1.73602003887034e-08,7.248358836212444,-15.888310508830113,1.0296407025017171,exact,1.0,10.0,0.02920990886272243,-15.917520417692835
2026p168626,2026-03-04T09:24:00.488000+00:00,-39.164310455322266,174.9082794189453,17.919893264770508,2.3292309286244155,COVZ,HHZ,58134.71379282627,58.13471379282627,1.0,10.0,3.1622776601683795,1.2369964651319285e-07,1.2893228349020918e-08,9.594156185296006,-15.90540941516569,1.0310666692210522,exact,1.0,10.0,0.030593867562053945,-15.936003282727745
2026p168626,2026-03-04T09:24:00.488000+00:00,-39.164310455322266,174.9082794189453,17.919893264770508,2.3292309286244155,ETVZ,HHZ,72021.82235286162,72.02182235286162,1.0,10.0,3.1622776601683795,1.291174979857951e-07,1.5170823101424963e-08,8.510909205293375,-15.86254301004595,0.9471602664391504,exact,1.0,10.0,-0.05428696417065311,-15.808256045875297
2026p168626,2026-03-04T09:24:00.488000+00:00,-39.164310455322266,174.9082794189453,17.919893264770508,2.3292309286244155,FWVZ,HHZ,60000.56625259749,60.000566252597494,1.0,10.0,3.1622776601683795,1.914813210607101e-07,6.971902360066444e-09,27.46471639612653,-15.468475573236011,0.6226707538339719,exact,1.0,10.0,-0.4737373849098134,-14.994738188326197
2026p168626,2026-03-04T09:24:00.488000+00:00,-39.164310455322266,174.9082794189453,17.919893264770508,2.3292309286244155,KRVZ,HHZ,66650.91327563499,66.65091327563499,1.0,10.0,3.1622776601683795,2.686145032556469e-07,1.6317140385709454e-08,16.462106527617998,-15.129988558575427,0.8296358879603257,exact,1.0,10.0,-0.18676836364818022,-14.943220194927246
2026p168626,2026-03-04T09:24:00.488000+00:00,-39.164310455322266,174.9082794189453,17.919893264770508,2.3292309286244155,NGZ,HHZ,62946.91653122943,62.94691653122943,1.0,10.0,3.1622776601683795,2.148705708187066e-07,1.145201225656416e-08,18.762691307420255,-15.353229986283273,1.12652241557642,exact,1.0,10.0,0.11913537911777466,-15.472365365401048
2026p168626,2026-03-04T09:24:00.488000+00:00,-39.164310455322266,174.9082794189453,17.919893264770508,2.3292309286244155,NOVZ,EHZ,63880.300561763914,63.88030056176392,1.0,10.0,3.1622776601683795,3.662518490287835e-07,1.3224000842696216e-08,27.695994078151397,-14.819944628085125,1.277398836799036,exact,1.0,10.0,0.24482585154452702,-15.064770479629653
2026p168626,2026-03-04T09:24:00.488000+00:00,-39.164310455322266,174.9082794189453,17.919893264770508,2.3292309286244155,NTVZ,HHZ,69480.01751154599,69.48001751154598,1.0,10.0,3.1622776601683795,5.084819629572928e-07,1.6026944760184708e-08,31.726693425717695,-14.491836093164014,0.9936348993076428,exact,1.0,10.0,-0.006385444317864613,-14.48545064884615
2026p168626,2026-03-04T09:24:00.488000+00:00,-39.164310455322266,174.9082794189453,17.919893264770508,2.3292309286244155,OTVZ,HHZ,68230.75051362644,68.23075051362643,1.0,10.0,3.1622776601683795,1.2377193443349114e-07,9.431831182372753e-09,13.122789418115305,-15.90482520325677,1.0,exact,1.0,10.0,0.0,-15.90482520325677
2026p168626,2026-03-04T09:24:00.488000+00:00,-39.164310455322266,174.9082794189453,17.919893264770508,2.3292309286244155,SNVZ,EHZ,66247.35153824893,66.24735153824892,1.0,10.0,3.1622776601683795,1.1880768781370051e-07,1.3250975394996592e-08,8.965957921751244,-15.945759719875078,0.7545196052473487,exact,1.0,10.0,-0.28167401668856396,-15.664085703186513
2026p168626,2026-03-04T09:24:00.488000+00:00,-39.164310455322266,174.9082794189453,17.919893264770508,2.3292309286244155,TMVZ,HHZ,71611.46953727394,71.61146953727393,1.0,10.0,3.1622776601683795,1.8785436183108032e-07,1.0896321716377425e-08,17.24016293945606,-15.487598845440456,0.9214864370155496,exact,1.0,10.0,-0.08176722035762422,-15.40583162508283
2026p168626,2026-03-04T09:24:00.488000+00:00,-39.164310455322266,174.9082794189453,17.919893264770508,2.3292309286244155,TUVZ,EHZ,68235.25194381694,68.23525194381693,1.0,10.0,3.1622776601683795,5.561374686983536e-07,1.859544921190388e-08,29.907181179701865,-14.4022503273957,1.97029574161132,exact,1.0,10.0,0.6781836541279606,-15.080433981523662
2026p168626,2026-03-04T09:24:00.488000+00:00,-39.164310455322266,174.9082794189453,17.919893264770508,2.3292309286244155,TWVZ,HHZ,50646.1254545041,50.6461254545041,1.0,10.0,3.1622776601683795,1.956122524517284e-07,5.565256079797414e-09,35.148832263411144,-15.44713144096126,0.5802755580898467,exact,1.0,10.0,-0.5442521881111088,-14.90287925285015
2026p168626,2026-03-04T09:24:00.488000+00:00,-39.164310455322266,174.9082794189453,17.919893264770508,2.3292309286244155,WHVZ,HHZ,63438.69784723629,63.43869784723629,1.0,10.0,3.1622776601683795,1.6900444854907673e-07,1.681483802256334e-08,10.050911482007415,-15.593340799594174,0.8211193479986806,exact,1.0,10.0,-0.19708681103425454,-15.396253988559918
2026p168626,2026-03-04T09:24:00.488000+00:00,-39.164310455322266,174.9082794189453,17.919893264770508,2.3292309286244155,WTVZ,HHZ,62171.63942913652,62.17163942913652,1.0,10.0,3.1622776601683795,3.0420985400441674e-07,1.2877047810967472e-08,23.624192320332853,-15.005548064468954,1.0296407025017171,exact,1.0,10.0,0.02920990886272243,-15.034757973331676
2026p170894,2026-03-05T05:32:19.856000+00:00,-40.32720947265625,175.07923889160156,5.0,2.113535621440166,ETVZ,HHZ,143071.36868069213,143.07136868069213,1.0,10.0,3.1622776601683795,1.4053547054511284e-07,1.3614608358672365e-08,10.322402734089167,-15.7778059206393,0.9471602664391504,exact,1.0,10.0,-0.05428696417065311,-15.723518956468647
2026p170894,2026-03-05T05:32:19.856000+00:00,-40.32720947265625,175.07923889160156,5.0,2.113535621440166,FWVZ,HHZ,125974.95530147043,125.97495530147043,1.0,10.0,3.1622776601683795,8.882474734141416e-08,9.025829655294898e-09,9.84117258287787,-16.23660053949691,0.6226707538339719,exact,1.0,10.0,-0.4737373849098134,-15.762863154587095
2026p170894,2026-03-05T05:32:19.856000+00:00,-40.32720947265625,175.07923889160156,5.0,2.113535621440166,KRVZ,HHZ,145240.33745990452,145.2403374599045,1.0,10.0,3.1622776601683795,9.727104275434955e-08,1.8890114243256155e-08,5.149309395472592,-16.14576449991743,0.8296358879603257,exact,1.0,10.0,-0.18676836364818022,-15.95899613626925
2026p170894,2026-03-05T05:32:19.856000+00:00,-40.32720947265625,175.07923889160156,5.0,2.113535621440166,NGZ,HHZ,135616.0302600775,135.6160302600775,1.0,10.0,3.1622776601683795,9.54040322400187e-08,1.002144553015693e-08,9.519987106942319,-16.165144992718517,1.12652241557642,exact,1.0,10.0,0.11913537911777466,-16.284280371836292
2026p170894,2026-03-05T05:32:19.856000+00:00,-40.32720947265625,175.07923889160156,5.0,2.113535621440166,NOVZ,EHZ,141032.86022929178,141.03286022929177,1.0,10.0,3.1622776601683795,1.3211836946931584e-07,1.5775330932980504e-08,8.374998282483201,-15.83956757778581,1.277398836799036,exact,1.0,10.0,0.24482585154452702,-16.084393429330337
2026p170894,2026-03-05T05:32:19.856000+00:00,-40.32720947265625,175.07923889160156,5.0,2.113535621440166,NTVZ,HHZ,145838.7092415854,145.8387092415854,1.0,10.0,3.1622776601683795,1.6023596224770044e-07,2.0481519203022716e-08,7.82344125254402,-15.646618344060968,0.9936348993076428,exact,1.0,10.0,-0.006385444317864613,-15.640232899743104
2026p170894,2026-03-05T05:32:19.856000+00:00,-40.32720947265625,175.07923889160156,5.0,2.113535621440166,OTVZ,HHZ,138811.67688841862,138.81167688841862,1.0,10.0,3.1622776601683795,8.912097063108239e-08,1.2215337252337417e-08,7.295825632160013,-16.233271169544405,1.0,exact,1.0,10.0,0.0,-16.233271169544405
2026p170894,2026-03-05T05:32:19.856000+00:00,-40.32720947265625,175.07923889160156,5.0,2.113535621440166,SNVZ,EHZ,135661.5572442809,135.6615572442809,1.0,10.0,3.1622776601683795,6.347154297846801e-08,1.3052309700394364e-08,4.862859098152588,-16.572674173564803,0.7545196052473487,exact,1.0,10.0,-0.28167401668856396,-16.29100015687624
2026p170894,2026-03-05T05:32:19.856000+00:00,-40.32720947265625,175.07923889160156,5.0,2.113535621440166,TMVZ,HHZ,144929.4664430061,144.9294664430061,1.0,10.0,3.1622776601683795,1.0912592135972414e-07,2.3271536015062263e-08,4.689244461091588,-16.030763379663306,0.9214864370155496,exact,1.0,10.0,-0.08176722035762422,-15.94899615930568
2026p170894,2026-03-05T05:32:19.856000+00:00,-40.32720947265625,175.07923889160156,5.0,2.113535621440166,TUVZ,EHZ,127691.65086195532,127.69165086195532,1.0,10.0,3.1622776601683795,5.301715314108651e-07,2.2901286667426218e-08,23.15029452755411,-14.450065238590277,1.97029574161132,exact,1.0,10.0,0.6781836541279606,-15.128248892718238
2026p170894,2026-03-05T05:32:19.856000+00:00,-40.32720947265625,175.07923889160156,5.0,2.113535621440166,TWVZ,HHZ,142953.31263463592,142.95331263463592,1.0,10.0,3.1622776601683795,5.043517697455261e-08,5.636287106603974e-09,8.948298058744786,-16.802576949482695,0.5802755580898467,exact,1.0,10.0,-0.5442521881111088,-16.258324761371586
2026p170894,2026-03-05T05:32:19.856000+00:00,-40.32720947265625,175.07923889160156,5.0,2.113535621440166,WHVZ,HHZ,124128.36916983612,124.12836916983612,1.0,10.0,3.1622776601683795,1.9516571362046744e-07,2.3895296652301355e-08,8.167536752537911,-15.449416825831367,0.8211193479986806,exact,1.0,10.0,-0.19708681103425454,-15.252330014797112
2026p170894,2026-03-05T05:32:19.856000+00:00,-40.32720947265625,175.07923889160156,5.0,2.113535621440166,WTVZ,HHZ,141635.6549536975,141.6356549536975,1.0,10.0,3.1622776601683795,1.473699138160074e-07,1.2692202873057472e-08,11.611058796486674,-15.730319990535094,1.0296407025017171,exact,1.0,10.0,0.02920990886272243,-15.759529899397815
2026p172615,2026-03-05T20:49:35.441000+00:00,-40.2680778503418,176.3229217529297,26.46646308898926,2.806918971052712,COVZ,HHZ,138940.9382151752,138.9409382151752,1.0,10.0,3.1622776601683795,2.578287677401658e-07,5.385835614523449e-08,4.787163704827985,-15.170970163294706,1.0310666692210522,exact,1.0,10.0,0.030593867562053945,-15.20156403085676
2026p172615,2026-03-05T20:49:35.441000+00:00,-40.2680778503418,176.3229217529297,26.46646308898926,2.806918971052712,ETVZ,HHZ,139040.22614343555,139.04022614343555,1.0,10.0,3.1622776601683795,4.6737506211491545e-07,2.083403673788037e-08,22.433245558463273,-14.576133770747477,0.9471602664391504,exact,1.0,10.0,-0.05428696417065311,-14.521846806576823
2026p172615,2026-03-05T20:49:35.441000+00:00,-40.2680778503418,176.3229217529297,26.46646308898926,2.806918971052712,FWVZ,HHZ,133488.61456471367,133.48861456471369,1.0,10.0,3.1622776601683795,1.7665266189164363e-07,1.3273372847395847e-08,13.308799799615498,-15.54908039452202,0.6226707538339719,exact,1.0,10.0,-0.4737373849098134,-15.075343009612206
2026p172615,2026-03-05T20:49:35.441000+00:00,-40.2680778503418,176.3229217529297,26.46646308898926,2.806918971052712,KRVZ,HHZ,145484.60814744642,145.4846081474464,1.0,10.0,3.1622776601683795,1.9883830544407035e-07,2.080951260117813e-08,9.55516398941574,-15.430773877964711,0.8296358879603257,exact,1.0,10.0,-0.18676836364818022,-15.24400551431653
2026p172615,2026-03-05T20:49:35.441000+00:00,-40.2680778503418,176.3229217529297,26.46646308898926,2.806918971052712,NGZ,HHZ,139003.20171591704,139.00320171591704,1.0,10.0,3.1622776601683795,4.222685715349235e-07,1.5294317419804014e-08,27.609507501664925,-14.677624299904977,1.12652241557642,exact,1.0,10.0,0.11913537911777466,-14.796759679022752
2026p172615,2026-03-05T20:49:35.441000+00:00,-40.2680778503418,176.3229217529297,26.46646308898926,2.806918971052712,NOVZ,EHZ,143449.3959503519,143.4493959503519,1.0,10.0,3.1622776601683795,4.388661093589904e-07,1.7010465620788277e-08,25.799770514374256,-14.639071460460807,1.277398836799036,exact,1.0,10.0,0.24482585154452702,-14.883897312005335
2026p172615,2026-03-05T20:49:35.441000+00:00,-40.2680778503418,176.3229217529297,26.46646308898926,2.806918971052712,NTVZ,HHZ,143916.2754352103,143.91627543521028,1.0,10.0,3.1622776601683795,3.7792047179366643e-07,3.318846353499231e-08,11.387103575771304,-14.788582055542589,0.9936348993076428,exact,1.0,10.0,-0.006385444317864613,-14.782196611224725
2026p172615,2026-03-05T20:49:35.441000+00:00,-40.2680778503418,176.3229217529297,26.46646308898926,2.806918971052712,OTVZ,HHZ,137895.78610598363,137.89578610598363,1.0,10.0,3.1622776601683795,5.073675160129903e-07,1.2288519748569899e-08,41.287927789027336,-14.494030212301675,1.0,exact,1.0,10.0,0.0,-14.494030212301675
2026p172615,2026-03-05T20:49:35.441000+00:00,-40.2680778503418,176.3229217529297,26.46646308898926,2.806918971052712,SNVZ,EHZ,136529.83698725724,136.52983698725723,1.0,10.0,3.1622776601683795,2.3464410884197546e-07,1.2572643862146136e-08,18.66306811954204,-15.265195901170838,0.7545196052473487,exact,1.0,10.0,-0.28167401668856396,-14.983521884482274
2026p172615,2026-03-05T20:49:35.441000+00:00,-40.2680778503418,176.3229217529297,26.46646308898926,2.806918971052712,TMVZ,HHZ,141265.65149830806,141.26565149830805,1.0,10.0,3.1622776601683795,3.492119648697725e-07,4.3155664881855827e-08,8.091914834953537,-14.867586749908808,0.9214864370155496,exact,1.0,10.0,-0.08176722035762422,-14.785819529551183
2026p172615,2026-03-05T20:49:35.441000+00:00,-40.2680778503418,176.3229217529297,26.46646308898926,2.806918971052712,TUVZ,EHZ,128062.19477101738,128.06219477101737,1.0,10.0,3.1622776601683795,1.1089737184687445e-06,2.848321588768746e-08,38.934287576288895,-13.712075548281955,1.97029574161132,exact,1.0,10.0,0.6781836541279606,-14.390259202409917
2026p172615,2026-03-05T20:49:35.441000+00:00,-40.2680778503418,176.3229217529297,26.46646308898926,2.806918971052712,TWVZ,HHZ,155538.0614858892,155.5380614858892,1.0,10.0,3.1622776601683795,1.0418973647660783e-07,6.2427868254060046e-09,16.689619458507103,-16.077052210783528,0.5802755580898467,exact,1.0,10.0,-0.5442521881111088,-15.532800022672419
2026p172615,2026-03-05T20:49:35.441000+00:00,-40.2680778503418,176.3229217529297,26.46646308898926,2.806918971052712,WHVZ,HHZ,129416.34575963311,129.41634575963312,1.0,10.0,3.1622776601683795,5.595817415298262e-07,1.798669376099604e-08,31.110872791044752,-14.396076222403916,0.8211193479986806,exact,1.0,10.0,-0.19708681103425454,-14.198989411369661
2026p172615,2026-03-05T20:49:35.441000+00:00,-40.2680778503418,176.3229217529297,26.46646308898926,2.806918971052712,WTVZ,HHZ,145268.8356431324,145.2688356431324,1.0,10.0,3.1622776601683795,3.6524465686008065e-07,1.430252819586375e-08,25.537069520737482,-14.822698415142437,1.0296407025017171,exact,1.0,10.0,0.02920990886272243,-14.851908324005159
2026p172647,2026-03-05T21:06:28.534000+00:00,-39.58098983764648,176.77621459960938,25.91263961791992,2.0733631346601245,ETVZ,HHZ,107777.42991926483,107.77742991926483,1.0,10.0,3.1622776601683795,1.229628934805554e-07,2.9327336980625852e-08,4.192773914719459,-15.911383206108138,0.9471602664391504,exact,1.0,10.0,-0.05428696417065311,-15.857096241937484
2026p172647,2026-03-05T21:06:28.534000+00:00,-39.58098983764648,176.77621459960938,25.91263961791992,2.0733631346601245,FWVZ,HHZ,114840.03885215327,114.84003885215327,1.0,10.0,3.1622776601683795,4.68855169179991e-08,1.0490974850177327e-08,4.469128711828587,-16.87555701690367,0.6226707538339719,exact,1.0,10.0,-0.4737373849098134,-16.401819631993856
2026p172647,2026-03-05T21:06:28.534000+00:00,-39.58098983764648,176.77621459960938,25.91263961791992,2.0733631346601245,NGZ,HHZ,114127.20416001881,114.1272041600188,1.0,10.0,3.1622776601683795,1.0560988102631288e-07,1.5085679824191268e-08,7.000670984476137,-16.063513899726747,1.12652241557642,exact,1.0,10.0,0.11913537911777466,-16.182649278844522
2026p172647,2026-03-05T21:06:28.534000+00:00,-39.58098983764648,176.77621459960938,25.91263961791992,2.0733631346601245,NOVZ,EHZ,115710.26743354408,115.71026743354409,1.0,10.0,3.1622776601683795,8.326359975380023e-08,1.881800698135356e-08,4.424676844700116,-16.30125436102171,1.277398836799036,exact,1.0,10.0,0.24482585154452702,-16.546080212566235
2026p172647,2026-03-05T21:06:28.534000+00:00,-39.58098983764648,176.77621459960938,25.91263961791992,2.0733631346601245,OTVZ,HHZ,109870.84703108545,109.87084703108545,1.0,10.0,3.1622776601683795,9.84457138318422e-08,1.1570056078722493e-08,8.50866349843242,-16.133760569306304,1.0,exact,1.0,10.0,0.0,-16.133760569306304
2026p172647,2026-03-05T21:06:28.534000+00:00,-39.58098983764648,176.77621459960938,25.91263961791992,2.0733631346601245,SNVZ,EHZ,110702.81610185775,110.70281610185775,1.0,10.0,3.1622776601683795,5.2357796525164245e-08,1.2553032982090867e-08,4.170927982095001,-16.765164979961277,0.7545196052473487,exact,1.0,10.0,-0.28167401668856396,-16.483490963272715
2026p172647,2026-03-05T21:06:28.534000+00:00,-39.58098983764648,176.77621459960938,25.91263961791992,2.0733631346601245,TUVZ,EHZ,106269.21421603586,106.26921421603586,1.0,10.0,3.1622776601683795,1.6049858409883285e-07,2.5381625962048426e-08,6.323416172739148,-15.644980716229378,1.97029574161132,exact,1.0,10.0,0.6781836541279606,-16.32316437035734
2026p172647,2026-03-05T21:06:28.534000+00:00,-39.58098983764648,176.77621459960938,25.91263961791992,2.0733631346601245,WHVZ,HHZ,111077.36339621076,111.07736339621076,1.0,10.0,3.1622776601683795,9.337028120072628e-08,1.7815874357725964e-08,5.240847534392028,-16.18669273077335,0.8211193479986806,exact,1.0,10.0,-0.19708681103425454,-15.989605919739093
2026p176350,2026-03-07T05:59:17.730000+00:00,-39.79191589355469,176.81016540527344,32.35553741455078,2.1530725568159004,ETVZ,HHZ,124056.95941871779,124.05695941871778,1.0,10.0,3.1622776601683795,7.664548700982741e-08,1.362498232701659e-08,5.625364141416115,-16.38407511125071,0.9471602664391504,exact,1.0,10.0,-0.05428696417065311,-16.329788147080055
2026p176350,2026-03-07T05:59:17.730000+00:00,-39.79191589355469,176.81016540527344,32.35553741455078,2.1530725568159004,FWVZ,HHZ,128151.68460362087,128.15168460362088,1.0,10.0,3.1622776601683795,3.204661526229111e-08,6.9758164615953815e-09,4.593959063963388,-17.256074267197494,0.6226707538339719,exact,1.0,10.0,-0.4737373849098134,-16.78233688228768
2026p176350,2026-03-07T05:59:17.730000+00:00,-39.79191589355469,176.81016540527344,32.35553741455078,2.1530725568159004,NGZ,HHZ,129010.64411731003,129.01064411731002,1.0,10.0,3.1622776601683795,7.012124441069334e-08,8.609848005438094e-09,8.144306887462339,-16.473040030178442,1.12652241557642,exact,1.0,10.0,0.11913537911777466,-16.592175409296217
2026p176350,2026-03-07T05:59:17.730000+00:00,-39.79191589355469,176.81016540527344,32.35553741455078,2.1530725568159004,NOVZ,EHZ,131374.67187469194,131.37467187469193,1.0,10.0,3.1622776601683795,5.86142428752906e-08,1.3934606308713564e-08,4.206379540026045,-16.65228811741655,1.277398836799036,exact,1.0,10.0,0.24482585154452702,-16.897113968961076
2026p176350,2026-03-07T05:59:17.730000+00:00,-39.79191589355469,176.81016540527344,32.35553741455078,2.1530725568159004,NTVZ,HHZ,128797.20206023581,128.7972020602358,1.0,10.0,3.1622776601683795,8.762173573678233e-08,1.4405164302348159e-08,6.082661321849642,-16.25023674493283,0.9936348993076428,exact,1.0,10.0,-0.006385444317864613,-16.243851300614967
2026p176350,2026-03-07T05:59:17.730000+00:00,-39.79191589355469,176.81016540527344,32.35553741455078,2.1530725568159004,OTVZ,HHZ,125407.88724349409,125.40788724349409,1.0,10.0,3.1622776601683795,6.561753602010182e-08,9.089529946587219e-09,7.219024130586508,-16.53942285933969,1.0,exact,1.0,10.0,0.0,-16.53942285933969
2026p176350,2026-03-07T05:59:17.730000+00:00,-39.79191589355469,176.81016540527344,32.35553741455078,2.1530725568159004,TUVZ,EHZ,120034.6019708059,120.03460197080591,1.0,10.0,3.1622776601683795,1.553068456099855e-07,1.984637445369623e-08,7.825451745472879,-15.677863027853501,1.97029574161132,exact,1.0,10.0,0.6781836541279606,-16.35604668198146
2026p176350,2026-03-07T05:59:17.730000+00:00,-39.79191589355469,176.81016540527344,32.35553741455078,2.1530725568159004,TWVZ,HHZ,146581.7107045242,146.5817107045242,1.0,10.0,3.1622776601683795,1.5628499775454997e-08,4.784402061459925e-09,3.2665523454536083,-17.974169680775862,0.5802755580898467,exact,1.0,10.0,-0.5442521881111088,-17.429917492664753
2026p176350,2026-03-07T05:59:17.730000+00:00,-39.79191589355469,176.81016540527344,32.35553741455078,2.1530725568159004,WHVZ,HHZ,124153.6218721408,124.15362187214079,1.0,10.0,3.1622776601683795,7.73730188127968e-08,2.3803691893781483e-08,3.2504629600339374,-16.374627711273707,0.8211193479986806,exact,1.0,10.0,-0.19708681103425454,-16.177540900239453
2026p176350,2026-03-07T05:59:17.730000+00:00,-39.79191589355469,176.81016540527344,32.35553741455078,2.1530725568159004,WTVZ,HHZ,133428.7081063408,133.42870810634082,1.0,10.0,3.1622776601683795,3.4546555742757076e-08,1.0256509393923266e-08,3.3682566276617534,-17.180957980768383,1.0296407025017171,exact,1.0,10.0,0.02920990886272243,-17.210167889631105
2026p176742,2026-03-07T09:28:26.177000+00:00,-39.957462310791016,175.42686462402344,18.062803268432617,2.518001785943092,COVZ,HHZ,86837.85839854204,86.83785839854204,1.0,10.0,3.1622776601683795,3.699419665995651e-07,1.2231278141357388e-08,30.245568968682626,-14.809919690638125,1.0310666692210522,exact,1.0,10.0,0.030593867562053945,-14.840513558200179
2026p176742,2026-03-07T09:28:26.177000+00:00,-39.957462310791016,175.42686462402344,18.062803268432617,2.518001785943092,ETVZ,HHZ,96391.91226947615,96.39191226947615,1.0,10.0,3.1622776601683795,8.493356158834015e-07,1.78735166738402e-08,47.51922251128648,-13.978811421465245,0.9471602664391504,exact,1.0,10.0,-0.05428696417065311,-13.924524457294591
2026p176742,2026-03-07T09:28:26.177000+00:00,-39.957462310791016,175.42686462402344,18.062803268432617,2.518001785943092,FWVZ,HHZ,81272.68686495267,81.27268686495268,1.0,10.0,3.1622776601683795,4.782313572325043e-07,7.600101725501063e-09,62.924336345113225,-14.553171210603809,0.6226707538339719,exact,1.0,10.0,-0.4737373849098134,-14.079433825693995
2026p176742,2026-03-07T09:28:26.177000+00:00,-39.957462310791016,175.42686462402344,18.062803268432617,2.518001785943092,KRVZ,HHZ,99457.96777018707,99.45796777018707,1.0,10.0,3.1622776601683795,7.463144040045818e-07,1.6918312547196793e-08,44.11281573872089,-14.108118872439807,0.8296358879603257,exact,1.0,10.0,-0.18676836364818022,-13.921350508791626
2026p176742,2026-03-07T09:28:26.177000+00:00,-39.957462310791016,175.42686462402344,18.062803268432617,2.518001785943092,NGZ,HHZ,90227.43726745895,90.22743726745895,1.0,10.0,3.1622776601683795,5.233365293895783e-07,8.733685480960247e-09,59.92161390863811,-14.463041120176971,1.12652241557642,exact,1.0,10.0,0.11913537911777466,-14.582176499294746
2026p176742,2026-03-07T09:28:26.177000+00:00,-39.957462310791016,175.42686462402344,18.062803268432617,2.518001785943092,NOVZ,EHZ,95619.55495543394,95.61955495543394,1.0,10.0,3.1622776601683795,9.119877880033089e-07,1.4053247782591147e-08,64.89516175279135,-13.907639237308981,1.277398836799036,exact,1.0,10.0,0.24482585154452702,-14.152465088853509
2026p176742,2026-03-07T09:28:26.177000+00:00,-39.957462310791016,175.42686462402344,18.062803268432617,2.518001785943092,NTVZ,HHZ,99635.79210455071,99.63579210455072,1.0,10.0,3.1622776601683795,1.2064923840869057e-06,2.0306819562833498e-08,59.4131631668745,-13.627793264303316,0.9936348993076428,exact,1.0,10.0,-0.006385444317864613,-13.621407819985452
2026p176742,2026-03-07T09:28:26.177000+00:00,-39.957462310791016,175.42686462402344,18.062803268432617,2.518001785943092,OTVZ,HHZ,92628.7811766337,92.6287811766337,1.0,10.0,3.1622776601683795,6.48847526429206e-07,8.927281185477608e-09,72.68142595135393,-14.248068084008697,1.0,exact,1.0,10.0,0.0,-14.248068084008697
2026p176742,2026-03-07T09:28:26.177000+00:00,-39.957462310791016,175.42686462402344,18.062803268432617,2.518001785943092,SNVZ,EHZ,89751.20814869243,89.75120814869243,1.0,10.0,3.1622776601683795,3.9789449699083365e-07,1.138485701362764e-08,34.94945053016961,-14.737078949740269,0.7545196052473487,exact,1.0,10.0,-0.28167401668856396,-14.455404933051705
2026p176742,2026-03-07T09:28:26.177000+00:00,-39.957462310791016,175.42686462402344,18.062803268432617,2.518001785943092,TMVZ,HHZ,98361.79719156466,98.36179719156466,1.0,10.0,3.1622776601683795,6.067188118638559e-07,3.2663660250012506e-08,18.574734344526608,-14.31520039561574,0.9214864370155496,exact,1.0,10.0,-0.08176722035762422,-14.233433175258115
2026p176742,2026-03-07T09:28:26.177000+00:00,-39.957462310791016,175.42686462402344,18.062803268432617,2.518001785943092,TUVZ,EHZ,81405.24165281568,81.40524165281568,1.0,10.0,3.1622776601683795,2.45973083396829e-06,1.9853003167083436e-08,123.89716625072415,-12.91545863109255,1.97029574161132,exact,1.0,10.0,0.6781836541279606,-13.593642285220511
2026p176742,2026-03-07T09:28:26.177000+00:00,-39.957462310791016,175.42686462402344,18.062803268432617,2.518001785943092,TWVZ,HHZ,100269.0983497019,100.2690983497019,1.0,10.0,3.1622776601683795,2.167259258085472e-07,5.196854547901325e-09,41.703288751090575,-15.34463229638841,0.5802755580898467,exact,1.0,10.0,-0.5442521881111088,-14.8003801082773
2026p176742,2026-03-07T09:28:26.177000+00:00,-39.957462310791016,175.42686462402344,18.062803268432617,2.518001785943092,WHVZ,HHZ,78838.37506611145,78.83837506611145,1.0,10.0,3.1622776601683795,1.2987789016157703e-06,1.887174099217188e-08,68.82136111101313,-13.554086041370937,0.8211193479986806,exact,1.0,10.0,-0.19708681103425454,-13.356999230336681
2026p176742,2026-03-07T09:28:26.177000+00:00,-39.957462310791016,175.42686462402344,18.062803268432617,2.518001785943092,WTVZ,HHZ,96488.35795230814,96.48835795230815,1.0,10.0,3.1622776601683795,7.868582783295667e-07,1.0289585361893988e-08,76.47133005413262,-14.055217683106477,1.0296407025017171,exact,1.0,10.0,0.02920990886272243,-14.084427591969199
2026p176996,2026-03-07T11:43:54.034000+00:00,-40.2781867980957,174.80621337890625,18.547231674194336,2.5710741652941955,COVZ,HHZ,136750.38900612263,136.75038900612262,1.0,10.0,3.1622776601683795,1.4352566525710027e-07,1.1487016160986035e-08,12.494599402111414,-15.756751965772986,1.0310666692210522,exact,1.0,10.0,0.030593867562053945,-15.78734583333504
2026p176996,2026-03-07T11:43:54.034000+00:00,-40.2781867980957,174.80621337890625,18.547231674194336,2.5710741652941955,ETVZ,HHZ,149989.003610941,149.989003610941,1.0,10.0,3.1622776601683795,2.3912699935667114e-07,1.609722709865413e-08,14.855167159607523,-15.246271048084843,0.9471602664391504,exact,1.0,10.0,-0.05428696417065311,-15.191984083914189
2026p176996,2026-03-07T11:43:54.034000+00:00,-40.2781867980957,174.80621337890625,18.547231674194336,2.5710741652941955,FWVZ,HHZ,132003.2781780771,132.0032781780771,1.0,10.0,3.1622776601683795,1.604236272657374e-07,7.172890793777359e-09,22.3652683245796,-15.645447850206423,0.6226707538339719,exact,1.0,10.0,-0.4737373849098134,-15.17171046529661
2026p176996,2026-03-07T11:43:54.034000+00:00,-40.2781867980957,174.80621337890625,18.547231674194336,2.5710741652941955,KRVZ,HHZ,150976.66118265755,150.97666118265755,1.0,10.0,3.1622776601683795,1.9196383135930654e-07,2.1578831063049053e-08,8.895932814823306,-15.465958861001003,0.8296358879603257,exact,1.0,10.0,-0.18676836364818022,-15.279190497352822
2026p176996,2026-03-07T11:43:54.034000+00:00,-40.2781867980957,174.80621337890625,18.547231674194336,2.5710741652941955,NGZ,HHZ,141532.65792644862,141.53265792644862,1.0,10.0,3.1622776601683795,2.2156569004337836e-07,1.1111529024664135e-08,19.940162110144474,-15.32254672238453,1.12652241557642,exact,1.0,10.0,0.11913537911777466,-15.441682101502305
2026p176996,2026-03-07T11:43:54.034000+00:00,-40.2781867980957,174.80621337890625,18.547231674194336,2.5710741652941955,NOVZ,EHZ,146667.5211125391,146.6675211125391,1.0,10.0,3.1622776601683795,2.397049845135075e-07,1.5049969850056665e-08,15.927273403315489,-15.2438569009225,1.277398836799036,exact,1.0,10.0,0.24482585154452702,-15.488682752467028
2026p176996,2026-03-07T11:43:54.034000+00:00,-40.2781867980957,174.80621337890625,18.547231674194336,2.5710741652941955,NTVZ,HHZ,152033.48748188498,152.03348748188498,1.0,10.0,3.1622776601683795,3.648861891680029e-07,1.8295697594372674e-08,19.943824895763107,-14.823680342485543,0.9936348993076428,exact,1.0,10.0,-0.006385444317864613,-14.81729489816768
2026p176996,2026-03-07T11:43:54.034000+00:00,-40.2781867980957,174.80621337890625,18.547231674194336,2.5710741652941955,OTVZ,HHZ,145437.90930385006,145.43790930385006,1.0,10.0,3.1622776601683795,1.913104777554233e-07,8.702259564337846e-09,21.984000401392315,-15.469368190670128,1.0,exact,1.0,10.0,0.0,-15.469368190670128
2026p176996,2026-03-07T11:43:54.034000+00:00,-40.2781867980957,174.80621337890625,18.547231674194336,2.5710741652941955,SNVZ,EHZ,142189.23177437167,142.18923177437168,1.0,10.0,3.1622776601683795,1.0865800917696372e-07,1.3142992030260374e-08,8.267372370521867,-16.03506041757229,0.7545196052473487,exact,1.0,10.0,-0.28167401668856396,-15.753386400883725
2026p176996,2026-03-07T11:43:54.034000+00:00,-40.2781867980957,174.80621337890625,18.547231674194336,2.5710741652941955,TMVZ,HHZ,151595.4032922467,151.5954032922467,1.0,10.0,3.1622776601683795,2.0469363382425315e-07,2.4044984218867483e-08,8.512945234692037,-15.401751444790857,0.9214864370155496,exact,1.0,10.0,-0.08176722035762422,-15.319984224433233
2026p176996,2026-03-07T11:43:54.034000+00:00,-40.2781867980957,174.80621337890625,18.547231674194336,2.5710741652941955,TUVZ,EHZ,135148.99922226585,135.14899922226584,1.0,10.0,3.1622776601683795,1.0443093419918235e-06,4.187101635674453e-08,24.94110324655655,-13.772154807803494,1.97029574161132,exact,1.0,10.0,0.6781836541279606,-14.450338461931455
2026p176996,2026-03-07T11:43:54.034000+00:00,-40.2781867980957,174.80621337890625,18.547231674194336,2.5710741652941955,TWVZ,HHZ,145895.0291680644,145.89502916806438,1.0,10.0,3.1622776601683795,9.884096921354334e-08,4.087496569073914e-09,24.181297168877457,-16.129753649990395,0.5802755580898467,exact,1.0,10.0,-0.5442521881111088,-15.585501461879286
2026p176996,2026-03-07T11:43:54.034000+00:00,-40.2781867980957,174.80621337890625,18.547231674194336,2.5710741652941955,WHVZ,HHZ,130920.10129691925,130.92010129691926,1.0,10.0,3.1622776601683795,3.4905872334465877e-07,1.7332288371320648e-08,20.13921738818046,-14.868025667165854,0.8211193479986806,exact,1.0,10.0,-0.19708681103425454,-14.670938856131599
2026p176996,2026-03-07T11:43:54.034000+00:00,-40.2781867980957,174.80621337890625,18.547231674194336,2.5710741652941955,WTVZ,HHZ,146889.14613951877,146.88914613951877,1.0,10.0,3.1622776601683795,2.597603321560494e-07,1.191554449435239e-08,21.800122711905274,-15.16350643044903,1.0296407025017171,exact,1.0,10.0,0.02920990886272243,-15.192716339311751
2026p178754,2026-03-08T03:20:22.038000+00:00,-39.2816276550293,174.82630920410156,20.645959854125977,2.272375528951017,COVZ,HHZ,66161.76926490311,66.16176926490311,1.0,10.0,3.1622776601683795,1.1001199150293113e-07,2.0330698214586706e-08,5.4111270720648745,-16.022676463432543,1.0310666692210522,exact,1.0,10.0,0.030593867562053945,-16.053270330994597
2026p178754,2026-03-08T03:20:22.038000+00:00,-39.2816276550293,174.82630920410156,20.645959854125977,2.272375528951017,ETVZ,HHZ,81084.78217130974,81.08478217130974,1.0,10.0,3.1622776601683795,1.892838818828544e-07,1.9532704524363556e-08,9.690613076481887,-15.480017928247142,0.9471602664391504,exact,1.0,10.0,-0.05428696417065311,-15.425730964076488
2026p178754,2026-03-08T03:20:22.038000+00:00,-39.2816276550293,174.82630920410156,20.645959854125977,2.272375528951017,FWVZ,HHZ,66752.0792940572,66.7520792940572,1.0,10.0,3.1622776601683795,1.9320444390404648e-07,1.2363105208090113e-08,15.62750139646294,-15.459516913858787,0.6226707538339719,exact,1.0,10.0,-0.4737373849098134,-14.985779528948973
2026p178754,2026-03-08T03:20:22.038000+00:00,-39.2816276550293,174.82630920410156,20.645959854125977,2.272375528951017,KRVZ,HHZ,76590.49742303685,76.59049742303685,1.0,10.0,3.1622776601683795,3.5363869623426265e-07,2.1912639533790508e-08,16.138571334089264,-14.854990077118854,0.8296358879603257,exact,1.0,10.0,-0.18676836364818022,-14.668221713470674
2026p178754,2026-03-08T03:20:22.038000+00:00,-39.2816276550293,174.82630920410156,20.645959854125977,2.272375528951017,NGZ,HHZ,71438.45313513567,71.43845313513567,1.0,10.0,3.1622776601683795,3.4821488420662453e-07,1.3976202135171737e-08,24.914843162601823,-14.87044606438397,1.12652241557642,exact,1.0,10.0,0.11913537911777466,-14.989581443501745
2026p178754,2026-03-08T03:20:22.038000+00:00,-39.2816276550293,174.82630920410156,20.645959854125977,2.272375528951017,NOVZ,EHZ,73321.12170956748,73.32112170956748,1.0,10.0,3.1622776601683795,4.2095253618118496e-07,1.6265551177208253e-08,25.88000440901354,-14.680745750282004,1.277398836799036,exact,1.0,10.0,0.24482585154452702,-14.925571601826531
2026p178754,2026-03-08T03:20:22.038000+00:00,-39.2816276550293,174.82630920410156,20.645959854125977,2.272375528951017,NTVZ,HHZ,79257.0648691313,79.2570648691313,1.0,10.0,3.1622776601683795,7.210632139076011e-07,2.1611460635002232e-08,33.36485331027357,-14.14253902818211,0.9936348993076428,exact,1.0,10.0,-0.006385444317864613,-14.136153583864246
2026p178754,2026-03-08T03:20:22.038000+00:00,-39.2816276550293,174.82630920410156,20.645959854125977,2.272375528951017,OTVZ,HHZ,76876.88688864447,76.87688688864446,1.0,10.0,3.1622776601683795,2.1404141627467204e-07,1.068059866862391e-08,20.040207755718356,-15.357096306656052,1.0,exact,1.0,10.0,0.0,-15.357096306656052
2026p178754,2026-03-08T03:20:22.038000+00:00,-39.2816276550293,174.82630920410156,20.645959854125977,2.272375528951017,SNVZ,EHZ,74477.71319262964,74.47771319262964,1.0,10.0,3.1622776601683795,1.576536633132862e-07,1.3578776408112323e-08,11.61029967465255,-15.662865214223817,0.7545196052473487,exact,1.0,10.0,-0.28167401668856396,-15.381191197535253
2026p178754,2026-03-08T03:20:22.038000+00:00,-39.2816276550293,174.82630920410156,20.645959854125977,2.272375528951017,TMVZ,HHZ,81031.66238644879,81.03166238644879,1.0,10.0,3.1622776601683795,2.3243607033099146e-07,2.791840914892132e-08,8.325548532910302,-15.274650616047486,0.9214864370155496,exact,1.0,10.0,-0.08176722035762422,-15.192883395689861
2026p178754,2026-03-08T03:20:22.038000+00:00,-39.2816276550293,174.82630920410156,20.645959854125977,2.272375528951017,TUVZ,EHZ,74788.94580353847,74.78894580353847,1.0,10.0,3.1622776601683795,4.840294765252066e-07,2.84970489031444e-08,16.985249180373838,-14.541120030172642,1.97029574161132,exact,1.0,10.0,0.6781836541279606,-15.219303684300604
2026p178754,2026-03-08T03:20:22.038000+00:00,-39.2816276550293,174.82630920410156,20.645959854125977,2.272375528951017,TWVZ,HHZ,61727.997211089954,61.727997211089956,1.0,10.0,3.1622776601683795,1.439111538453691e-07,4.8450241562975245e-09,29.702876436294858,-15.754069714970267,0.5802755580898467,exact,1.0,10.0,-0.5442521881111088,-15.209817526859158
2026p178754,2026-03-08T03:20:22.038000+00:00,-39.2816276550293,174.82630920410156,20.645959854125977,2.272375528951017,WHVZ,HHZ,69595.14198271043,69.59514198271043,1.0,10.0,3.1622776601683795,1.6370351367903503e-07,2.3352432619559e-08,7.010126796894126,-15.625208888663845,0.8211193479986806,exact,1.0,10.0,-0.19708681103425454,-15.42812207762959
2026p178754,2026-03-08T03:20:22.038000+00:00,-39.2816276550293,174.82630920410156,20.645959854125977,2.272375528951017,WTVZ,HHZ,71877.60918480811,71.87760918480811,1.0,10.0,3.1622776601683795,2.977300096906097e-07,1.0660799817409031e-08,27.927549038526937,-15.027078768863728,1.0296407025017171,exact,1.0,10.0,0.02920990886272243,-15.05628867772645
2026p178790,2026-03-08T03:39:21.381000+00:00,-40.11495208740234,174.986328125,14.582867622375488,3.0522830837742507,COVZ,HHZ,113334.23868331271,113.3342386833127,1.0,10.0,3.1622776601683795,1.0218551181536195e-06,1.83122195620166e-08,55.80181663358615,-13.793890839291175,1.0310666692210522,exact,1.0,10.0,0.030593867562053945,-13.824484706853228
2026p178790,2026-03-08T03:39:21.381000+00:00,-40.11495208740234,174.986328125,14.582867622375488,3.0522830837742507,ETVZ,HHZ,126244.95239172842,126.24495239172842,1.0,10.0,3.1622776601683795,1.4621474460678193e-06,1.4407741066164017e-08,101.48346221335223,-13.43560434941837,0.9471602664391504,exact,1.0,10.0,-0.05428696417065311,-13.381317385247716
2026p178790,2026-03-08T03:39:21.381000+00:00,-40.11495208740234,174.986328125,14.582867622375488,3.0522830837742507,FWVZ,HHZ,108427.13719849032,108.42713719849033,1.0,10.0,3.1622776601683795,9.438194341992382e-07,1.0380314115325839e-08,90.92397626057885,-13.873330966428068,0.6226707538339719,exact,1.0,10.0,-0.4737373849098134,-13.399593581518253
2026p178790,2026-03-08T03:39:21.381000+00:00,-40.11495208740234,174.986328125,14.582867622375488,3.0522830837742507,KRVZ,HHZ,127476.34150558054,127.47634150558054,1.0,10.0,3.1622776601683795,1.1797141083385418e-06,2.0769132575767236e-08,56.801318207915656,-13.650238429910534,0.8296358879603257,exact,1.0,10.0,-0.18676836364818022,-13.463470066262353
2026p178790,2026-03-08T03:39:21.381000+00:00,-40.11495208740234,174.986328125,14.582867622375488,3.0522830837742507,NGZ,HHZ,117981.92473498499,117.98192473498499,1.0,10.0,3.1622776601683795,1.278191029490365e-06,1.297240849991372e-08,98.53151244033567,-13.570064737834684,1.12652241557642,exact,1.0,10.0,0.11913537911777466,-13.68920011695246
2026p178790,2026-03-08T03:39:21.381000+00:00,-40.11495208740234,174.986328125,14.582867622375488,3.0522830837742507,NOVZ,EHZ,123189.37332252257,123.18937332252257,1.0,10.0,3.1622776601683795,1.58515745798773e-06,1.636916728174181e-08,96.83800224558868,-13.354826812990169,1.277398836799036,exact,1.0,10.0,0.24482585154452702,-13.599652664534696
2026p178790,2026-03-08T03:39:21.381000+00:00,-40.11495208740234,174.986328125,14.582867622375488,3.0522830837742507,NTVZ,HHZ,128433.11479318203,128.43311479318203,1.0,10.0,3.1622776601683795,1.933200745498881e-06,2.819116158527458e-08,68.57471054008191,-13.156333511346093,0.9936348993076428,exact,1.0,10.0,-0.006385444317864613,-13.149948067028228
2026p178790,2026-03-08T03:39:21.381000+00:00,-40.11495208740234,174.986328125,14.582867622375488,3.0522830837742507,OTVZ,HHZ,121744.5192535354,121.7445192535354,1.0,10.0,3.1622776601683795,9.55118562227444e-07,9.922359498695081e-09,96.25921761382003,-13.86143035524226,1.0,exact,1.0,10.0,0.0,-13.86143035524226
2026p178790,2026-03-08T03:39:21.381000+00:00,-40.11495208740234,174.986328125,14.582867622375488,3.0522830837742507,SNVZ,EHZ,118512.19866899663,118.51219866899663,1.0,10.0,3.1622776601683795,6.340124331543051e-07,1.3724671841353699e-08,46.1950887047053,-14.271197272047994,0.7545196052473487,exact,1.0,10.0,-0.28167401668856396,-13.98952325535943
2026p178790,2026-03-08T03:39:21.381000+00:00,-40.11495208740234,174.986328125,14.582867622375488,3.0522830837742507,TMVZ,HHZ,127899.27010178844,127.89927010178845,1.0,10.0,3.1622776601683795,1.326740539970026e-06,2.739135621781603e-08,48.43646767322461,-13.532785345491808,0.9214864370155496,exact,1.0,10.0,-0.08176722035762422,-13.451018125134183
2026p178790,2026-03-08T03:39:21.381000+00:00,-40.11495208740234,174.986328125,14.582867622375488,3.0522830837742507,TUVZ,EHZ,111300.19373266258,111.30019373266258,1.0,10.0,3.1622776601683795,5.433772164438088e-06,4.271885879780915e-08,127.1984392222753,-12.122876975620104,1.97029574161132,exact,1.0,10.0,0.6781836541279606,-12.801060629748065
2026p178790,2026-03-08T03:39:21.381000+00:00,-40.11495208740234,174.986328125,14.582867622375488,3.0522830837742507,TWVZ,HHZ,123219.88736251142,123.21988736251141,1.0,10.0,3.1622776601683795,8.12892174782857e-07,8.607374580761485e-09,94.44136155056718,-14.0226673625376,0.5802755580898467,exact,1.0,10.0,-0.5442521881111088,-13.478415174426491
2026p178790,2026-03-08T03:39:21.381000+00:00,-40.11495208740234,174.986328125,14.582867622375488,3.0522830837742507,WHVZ,HHZ,107187.859099736,107.187859099736,1.0,10.0,3.1622776601683795,1.6485922911689643e-06,2.5715594807733067e-08,64.10865871448588,-13.31558879106453,0.8211193479986806,exact,1.0,10.0,-0.19708681103425454,-13.118501980030274
2026p178790,2026-03-08T03:39:21.381000+00:00,-40.11495208740234,174.986328125,14.582867622375488,3.0522830837742507,WTVZ,HHZ,123501.16926807608,123.50116926807607,1.0,10.0,3.1622776601683795,1.7491805980249367e-06,1.215579496313822e-08,143.89684947214317,-13.256363109382644,1.0296407025017171,exact,1.0,10.0,0.02920990886272243,-13.285573018245366
2026p178891,2026-03-08T04:33:09.291000+00:00,-40.12112045288086,174.9649658203125,15.360422134399414,2.545267281333905,COVZ,HHZ,114836.4056458726,114.8364056458726,1.0,10.0,3.1622776601683795,2.760573388700338e-07,2.743087843114376e-08,10.063744023472866,-15.102657243277099,1.0310666692210522,exact,1.0,10.0,0.030593867562053945,-15.133251110839153
2026p178891,2026-03-08T04:33:09.291000+00:00,-40.12112045288086,174.9649658203125,15.360422134399414,2.545267281333905,ETVZ,HHZ,127841.63648946906,127.84163648946907,1.0,10.0,3.1622776601683795,4.568122756421024e-07,1.7497853077225425e-08,26.106761419586544,-14.598993305843747,0.9471602664391504,exact,1.0,10.0,-0.05428696417065311,-14.544706341673093
2026p178891,2026-03-08T04:33:09.291000+00:00,-40.12112045288086,174.9649658203125,15.360422134399414,2.545267281333905,FWVZ,HHZ,109979.28816554404,109.97928816554405,1.0,10.0,3.1622776601683795,2.9775655753559946e-07,9.625399323607051e-09,30.93446282330625,-15.026989605324301,0.6226707538339719,exact,1.0,10.0,-0.4737373849098134,-14.553252220414487
2026p178891,2026-03-08T04:33:09.291000+00:00,-40.12112045288086,174.9649658203125,15.360422134399414,2.545267281333905,KRVZ,HHZ,128997.97193959703,128.99797193959702,1.0,10.0,3.1622776601683795,3.53760422524491e-07,1.8237231665655526e-08,19.397704049057783,-14.854645925456229,0.8296358879603257,exact,1.0,10.0,-0.18676836364818022,-14.667877561808048
2026p178891,2026-03-08T04:33:09.291000+00:00,-40.12112045288086,174.9649658203125,15.360422134399414,2.545267281333905,NGZ,HHZ,119520.82763010603,119.52082763010603,1.0,10.0,3.1622776601683795,3.736085820441678e-07,1.0743816269797956e-08,34.77428994150081,-14.800057159645258,1.12652241557642,exact,1.0,10.0,0.11913537911777466,-14.919192538763033
2026p178891,2026-03-08T04:33:09.291000+00:00,-40.12112045288086,174.9649658203125,15.360422134399414,2.545267281333905,NOVZ,EHZ,124706.59609940706,124.70659609940707,1.0,10.0,3.1622776601683795,4.713319651608384e-07,1.850257397871574e-08,25.47385924266703,-14.567703181932714,1.277398836799036,exact,1.0,10.0,0.24482585154452702,-14.812529033477242
2026p178891,2026-03-08T04:33:09.291000+00:00,-40.12112045288086,174.9649658203125,15.360422134399414,2.545267281333905,NTVZ,HHZ,129983.47518189825,129.98347518189826,1.0,10.0,3.1622776601683795,6.224023233374388e-07,2.1376610301960243e-08,29.1160438697039,-14.289679131220561,0.9936348993076428,exact,1.0,10.0,-0.006385444317864613,-14.283293686902697
2026p178891,2026-03-08T04:33:09.291000+00:00,-40.12112045288086,174.9649658203125,15.360422134399414,2.545267281333905,OTVZ,HHZ,123325.97644389773,123.32597644389773,1.0,10.0,3.1622776601683795,2.798570993821803e-07,9.622378220309908e-09,29.0839845384052,-15.088986723404178,1.0,exact,1.0,10.0,0.0,-15.088986723404178
2026p178891,2026-03-08T04:33:09.291000+00:00,-40.12112045288086,174.9649658203125,15.360422134399414,2.545267281333905,SNVZ,EHZ,120089.60233370084,120.08960233370084,1.0,10.0,3.1622776601683795,2.0555849085230369e-07,1.3454284627966076e-08,15.278292123018552,-15.397535216490198,0.7545196052473487,exact,1.0,10.0,-0.28167401668856396,-15.115861199801634
2026p178891,2026-03-08T04:33:09.291000+00:00,-40.12112045288086,174.9649658203125,15.360422134399414,2.545267281333905,TMVZ,HHZ,129479.46637636413,129.47946637636412,1.0,10.0,3.1622776601683795,3.993748731292501e-07,3.093815963848398e-08,12.908811571082191,-14.733365329487901,0.9214864370155496,exact,1.0,10.0,-0.08176722035762422,-14.651598109130276
2026p178891,2026-03-08T04:33:09.291000+00:00,-40.12112045288086,174.9649658203125,15.360422134399414,2.545267281333905,TUVZ,EHZ,112940.5179676413,112.9405179676413,1.0,10.0,3.1622776601683795,1.8046053440903055e-06,3.256354845473312e-08,55.41795749314309,-13.225168636019285,1.97029574161132,exact,1.0,10.0,0.6781836541279606,-13.903352290147247
2026p178891,2026-03-08T04:33:09.291000+00:00,-40.12112045288086,174.9649658203125,15.360422134399414,2.545267281333905,TWVZ,HHZ,124550.63404152013,124.55063404152013,1.0,10.0,3.1622776601683795,2.2967263252087792e-07,5.620501545521732e-09,40.86336969409341,-15.28661087879508,0.5802755580898467,exact,1.0,10.0,-0.5442521881111088,-14.742358690683972
2026p178891,2026-03-08T04:33:09.291000+00:00,-40.12112045288086,174.9649658203125,15.360422134399414,2.545267281333905,WHVZ,HHZ,108789.91574154729,108.78991574154729,1.0,10.0,3.1622776601683795,5.291475424955716e-07,2.5444387484751943e-08,20.796238180725467,-14.451998535666595,0.8211193479986806,exact,1.0,10.0,-0.19708681103425454,-14.25491172463234
2026p178891,2026-03-08T04:33:09.291000+00:00,-40.12112045288086,174.9649658203125,15.360422134399414,2.545267281333905,WTVZ,HHZ,124993.42467311159,124.99342467311159,1.0,10.0,3.1622776601683795,5.195706203996888e-07,1.2775982698605268e-08,40.667761741443925,-14.470263096474339,1.0296407025017171,exact,1.0,10.0,0.02920990886272243,-14.49947300533706
2026p179742,2026-03-08T12:06:49.015000+00:00,-39.940521240234375,176.74395751953125,31.5088005065918,2.518760309836858,COVZ,HHZ,135968.97617481436,135.96897617481437,1.0,10.0,3.1622776601683795,1.0314631032633347e-07,1.281322515623708e-08,8.049988123101471,-16.087117368051135,1.0310666692210522,exact,1.0,10.0,0.030593867562053945,-16.11771123561319
2026p179742,2026-03-08T12:06:49.015000+00:00,-39.940521240234375,176.74395751953125,31.5088005065918,2.518760309836858,ETVZ,HHZ,130183.35418753621,130.18335418753622,1.0,10.0,3.1622776601683795,2.149441281004381e-07,2.631762348349428e-08,8.167307668765966,-15.352887711890913,0.9471602664391504,exact,1.0,10.0,-0.05428696417065311,-15.29860074772026
2026p179742,2026-03-08T12:06:49.015000+00:00,-39.940521240234375,176.74395751953125,31.5088005065918,2.518760309836858,FWVZ,HHZ,131848.7689598328,131.84876895983282,1.0,10.0,3.1622776601683795,7.616078037520821e-08,9.220562357117106e-09,8.259884530407383,-16.39041919999258,0.6226707538339719,exact,1.0,10.0,-0.4737373849098134,-15.916681815082764
2026p179742,2026-03-08T12:06:49.015000+00:00,-39.940521240234375,176.74395751953125,31.5088005065918,2.518760309836858,KRVZ,HHZ,137426.54620508206,137.42654620508208,1.0,10.0,3.1622776601683795,1.1745392903928917e-07,2.1116061734913457e-08,5.562302787033907,-15.957219673533514,0.8296358879603257,exact,1.0,10.0,-0.18676836364818022,-15.770451309885333
2026p179742,2026-03-08T12:06:49.015000+00:00,-39.940521240234375,176.74395751953125,31.5088005065918,2.518760309836858,NGZ,HHZ,133956.7723167069,133.9567723167069,1.0,10.0,3.1622776601683795,1.7625104373421092e-07,1.7123732451554097e-08,10.292793597006645,-15.551356473375336,1.12652241557642,exact,1.0,10.0,0.11913537911777466,-15.670491852493111
2026p179742,2026-03-08T12:06:49.015000+00:00,-39.940521240234375,176.74395751953125,31.5088005065918,2.518760309836858,NOVZ,EHZ,136925.58324274328,136.92558324274327,1.0,10.0,3.1622776601683795,1.6769609668451258e-07,1.65296250446979e-08,10.145184553856733,-15.601112443972431,1.277398836799036,exact,1.0,10.0,0.24482585154452702,-15.845938295516959
2026p179742,2026-03-08T12:06:49.015000+00:00,-39.940521240234375,176.74395751953125,31.5088005065918,2.518760309836858,NTVZ,HHZ,135081.16896041625,135.08116896041625,1.0,10.0,3.1622776601683795,2.108505343210986e-07,2.027226362901711e-08,10.400936875115093,-15.372116322628058,0.9936348993076428,exact,1.0,10.0,-0.006385444317864613,-15.365730878310194
2026p179742,2026-03-08T12:06:49.015000+00:00,-39.940521240234375,176.74395751953125,31.5088005065918,2.518760309836858,OTVZ,HHZ,130912.50693987988,130.91250693987988,1.0,10.0,3.1622776601683795,1.8215389219400973e-07,1.305515184723687e-08,13.952644467522045,-15.518413945649808,1.0,exact,1.0,10.0,0.0,-15.518413945649808
2026p179742,2026-03-08T12:06:49.015000+00:00,-39.940521240234375,176.74395751953125,31.5088005065918,2.518760309836858,SNVZ,EHZ,130782.6181048404,130.7826181048404,1.0,10.0,3.1622776601683795,1.1303694369589665e-07,1.8806045829809877e-08,6.010670436457158,-15.995551136303874,0.7545196052473487,exact,1.0,10.0,-0.28167401668856396,-15.71387711961531
2026p179742,2026-03-08T12:06:49.015000+00:00,-39.940521240234375,176.74395751953125,31.5088005065918,2.518760309836858,TMVZ,HHZ,132103.49413067094,132.10349413067092,1.0,10.0,3.1622776601683795,1.93403469226259e-07,2.707820308156938e-08,7.142404119049463,-15.458487315999896,0.9214864370155496,exact,1.0,10.0,-0.08176722035762422,-15.376720095642272
2026p179742,2026-03-08T12:06:49.015000+00:00,-39.940521240234375,176.74395751953125,31.5088005065918,2.518760309836858,TUVZ,EHZ,124204.86424800074,124.20486424800075,1.0,10.0,3.1622776601683795,4.855259103598961e-07,1.9043283981892743e-08,25.49591293295616,-14.53803318223558,1.97029574161132,exact,1.0,10.0,0.6781836541279606,-15.216216836363541
2026p179742,2026-03-08T12:06:49.015000+00:00,-39.940521240234375,176.74395751953125,31.5088005065918,2.518760309836858,TWVZ,HHZ,151664.56821575717,151.66456821575719,1.0,10.0,3.1622776601683795,3.708013050411363e-08,4.412906775272503e-09,8.402654393673178,-17.110184576726535,0.5802755580898467,exact,1.0,10.0,-0.5442521881111088,-16.565932388615426
2026p179742,2026-03-08T12:06:49.015000+00:00,-39.940521240234375,176.74395751953125,31.5088005065918,2.518760309836858,WHVZ,HHZ,127714.49944983056,127.71449944983056,1.0,10.0,3.1622776601683795,1.9527415257639697e-07,1.733092042294283e-08,11.267384986540662,-15.448861355101526,0.8211193479986806,exact,1.0,10.0,-0.19708681103425454,-15.25177454406727
2026p179742,2026-03-08T12:06:49.015000+00:00,-39.940521240234375,176.74395751953125,31.5088005065918,2.518760309836858,WTVZ,HHZ,138970.11823314716,138.97011823314716,1.0,10.0,3.1622776601683795,1.0324920095265908e-07,1.4043766821382664e-08,7.351959219050448,-16.08612034409251,1.0296407025017171,exact,1.0,10.0,0.02920990886272243,-16.115330252955232
2026p181704,2026-03-09T05:32:14.408000+00:00,-40.36671447753906,176.34251403808594,26.04470443725586,2.3406578890984373,COVZ,HHZ,149064.2143831037,149.06421438310372,1.0,10.0,3.1622776601683795,6.963676652055866e-08,1.507683421159361e-08,4.618792350121498,-16.479973154477655,1.0310666692210522,exact,1.0,10.0,0.030593867562053945,-16.51056702203971
2026p181704,2026-03-09T05:32:14.408000+00:00,-40.36671447753906,176.34251403808594,26.04470443725586,2.3406578890984373,FWVZ,HHZ,143516.98687233578,143.5169868723358,1.0,10.0,3.1622776601683795,5.921279682486485e-08,9.017776203791783e-09,6.566230463777437,-16.64212815583404,0.6226707538339719,exact,1.0,10.0,-0.4737373849098134,-16.168390770924226
2026p181704,2026-03-09T05:32:14.408000+00:00,-40.36671447753906,176.34251403808594,26.04470443725586,2.3406578890984373,NGZ,HHZ,149266.37344674717,149.26637344674717,1.0,10.0,3.1622776601683795,1.3516362144898284e-07,2.3292484710277592e-08,5.802885485606573,-15.816779781666854,1.12652241557642,exact,1.0,10.0,0.11913537911777466,-15.93591516078463
2026p181704,2026-03-09T05:32:14.408000+00:00,-40.36671447753906,176.34251403808594,26.04470443725586,2.3406578890984373,NOVZ,EHZ,153796.01186597493,153.79601186597492,1.0,10.0,3.1622776601683795,1.3074721549400254e-07,1.7733975322213742e-08,7.372696370577857,-15.850000030641134,1.277398836799036,exact,1.0,10.0,0.24482585154452702,-16.09482588218566
2026p181704,2026-03-09T05:32:14.408000+00:00,-40.36671447753906,176.34251403808594,26.04470443725586,2.3406578890984373,NTVZ,HHZ,154395.26808288673,154.39526808288673,1.0,10.0,3.1622776601683795,1.2054159229777562e-07,2.106528646669836e-08,5.722285927055259,-15.9312709792743,0.9936348993076428,exact,1.0,10.0,-0.006385444317864613,-15.924885534956436
2026p181704,2026-03-09T05:32:14.408000+00:00,-40.36671447753906,176.34251403808594,26.04470443725586,2.3406578890984373,OTVZ,HHZ,148279.05826043343,148.27905826043343,1.0,10.0,3.1622776601683795,1.1744549452969112e-07,9.090227403916442e-09,12.919973209811097,-15.957291487329167,1.0,exact,1.0,10.0,0.0,-15.957291487329167
2026p181704,2026-03-09T05:32:14.408000+00:00,-40.36671447753906,176.34251403808594,26.04470443725586,2.3406578890984373,SNVZ,EHZ,146840.85437399807,146.84085437399807,1.0,10.0,3.1622776601683795,7.267937028764227e-08,1.6078802863011272e-08,4.520197859682616,-16.43720825763261,0.7545196052473487,exact,1.0,10.0,-0.28167401668856396,-16.155534240944046
2026p181704,2026-03-09T05:32:14.408000+00:00,-40.36671447753906,176.34251403808594,26.04470443725586,2.3406578890984373,TMVZ,HHZ,151765.0522786609,151.7650522786609,1.0,10.0,3.1622776601683795,1.1438765912599741e-07,2.4556656225498622e-08,4.658112166233038,-15.983672638592365,0.9214864370155496,exact,1.0,10.0,-0.08176722035762422,-15.90190541823474
2026p181704,2026-03-09T05:32:14.408000+00:00,-40.36671447753906,176.34251403808594,26.04470443725586,2.3406578890984373,TUVZ,EHZ,138274.43768158063,138.27443768158062,1.0,10.0,3.1622776601683795,4.0323830704058045e-07,2.6053952542308594e-08,15.477049264819541,-14.72373811716106,1.97029574161132,exact,1.0,10.0,0.6781836541279606,-15.401921771289022
2026p181704,2026-03-09T05:32:14.408000+00:00,-40.36671447753906,176.34251403808594,26.04470443725586,2.3406578890984373,TWVZ,HHZ,165680.08457769535,165.68008457769534,1.0,10.0,3.1622776601683795,3.200313613250364e-08,8.028375635404222e-09,3.986252958988797,-17.25743193480804,0.5802755580898467,exact,1.0,10.0,-0.5442521881111088,-16.71317974669693
2026p181704,2026-03-09T05:32:14.408000+00:00,-40.36671447753906,176.34251403808594,26.04470443725586,2.3406578890984373,WHVZ,HHZ,139462.13271851826,139.46213271851826,1.0,10.0,3.1622776601683795,1.6773630693056272e-07,2.209620529989211e-08,7.591181592224875,-15.600872692262044,0.8211193479986806,exact,1.0,10.0,-0.19708681103425454,-15.403785881227789
2026p181704,2026-03-09T05:32:14.408000+00:00,-40.36671447753906,176.34251403808594,26.04470443725586,2.3406578890984373,WTVZ,HHZ,155601.5570056544,155.6015570056544,1.0,10.0,3.1622776601683795,1.3669317978068582e-07,2.054463865538769e-08,6.653472084544985,-15.80552698633616,1.0296407025017171,exact,1.0,10.0,0.02920990886272243,-15.834736895198882
2026p182222,2026-03-09T10:08:04.224000+00:00,-39.60442352294922,176.74839782714844,27.08099365234375,2.4310518988064125,COVZ,HHZ,116640.0081382565,116.64000813825649,1.0,10.0,3.1622776601683795,1.722573162056895e-07,1.4189161486377626e-08,12.1400631299507,-15.574276453611027,1.0310666692210522,exact,1.0,10.0,0.030593867562053945,-15.604870321173081
2026p182222,2026-03-09T10:08:04.224000+00:00,-39.60442352294922,176.74839782714844,27.08099365234375,2.4310518988064125,ETVZ,HHZ,107272.98048018492,107.27298048018493,1.0,10.0,3.1622776601683795,3.638295342084002e-07,1.7789901388155572e-08,20.45146436003496,-14.826580391616556,0.9471602664391504,exact,1.0,10.0,-0.05428696417065311,-14.772293427445902
2026p182222,2026-03-09T10:08:04.224000+00:00,-39.60442352294922,176.74839782714844,27.08099365234375,2.4310518988064125,FWVZ,HHZ,113787.42495622892,113.78742495622892,1.0,10.0,3.1622776601683795,1.1531045662823749e-07,1.0956705578260802e-08,10.524190488154117,-15.975637723165699,0.6226707538339719,exact,1.0,10.0,-0.4737373849098134,-15.501900338255885
2026p182222,2026-03-09T10:08:04.224000+00:00,-39.60442352294922,176.74839782714844,27.08099365234375,2.4310518988064125,KRVZ,HHZ,114517.24188811111,114.5172418881111,1.0,10.0,3.1622776601683795,2.20343036760171e-07,2.051330578103751e-08,10.741468933001329,-15.328080246973837,0.8296358879603257,exact,1.0,10.0,-0.18676836364818022,-15.141311883325656
2026p182222,2026-03-09T10:08:04.224000+00:00,-39.60442352294922,176.74839782714844,27.08099365234375,2.4310518988064125,NGZ,HHZ,113351.04258766232,113.35104258766232,1.0,10.0,3.1622776601683795,2.7058493570496004e-07,1.1956194962925866e-08,22.631358600624868,-15.122679792733633,1.12652241557642,exact,1.0,10.0,0.11913537911777466,-15.241815171851409
2026p182222,2026-03-09T10:08:04.224000+00:00,-39.60442352294922,176.74839782714844,27.08099365234375,2.4310518988064125,NOVZ,EHZ,115084.14147241808,115.08414147241808,1.0,10.0,3.1622776601683795,2.0498719399961618e-07,1.505716475762423e-08,13.613930464287472,-15.400318328053784,1.277398836799036,exact,1.0,10.0,0.24482585154452702,-15.645144179598311
2026p182222,2026-03-09T10:08:04.224000+00:00,-39.60442352294922,176.74839782714844,27.08099365234375,2.4310518988064125,NTVZ,HHZ,111817.07308637122,111.81707308637122,1.0,10.0,3.1622776601683795,3.616129290708226e-07,1.6657326229945516e-08,21.708942004193755,-14.832691453893856,0.9936348993076428,exact,1.0,10.0,-0.006385444317864613,-14.826306009575992
2026p182222,2026-03-09T10:08:04.224000+00:00,-39.60442352294922,176.74839782714844,27.08099365234375,2.4310518988064125,OTVZ,HHZ,109220.1381744812,109.22013817448119,1.0,10.0,3.1622776601683795,1.9879628800867848e-07,1.4268807116264429e-08,13.932228979539483,-15.4309852148868,1.0,exact,1.0,10.0,0.0,-15.4309852148868
2026p182222,2026-03-09T10:08:04.224000+00:00,-39.60442352294922,176.74839782714844,27.08099365234375,2.4310518988064125,SNVZ,EHZ,109951.00738338876,109.95100738338876,1.0,10.0,3.1622776601683795,1.5754812541439298e-07,1.6311034433413075e-08,9.658990425012924,-15.663534867167497,0.7545196052473487,exact,1.0,10.0,-0.28167401668856396,-15.381860850478933
2026p182222,2026-03-09T10:08:04.224000+00:00,-39.60442352294922,176.74839782714844,27.08099365234375,2.4310518988064125,TMVZ,HHZ,108838.96738913342,108.83896738913343,1.0,10.0,3.1622776601683795,2.4222323912238584e-07,1.8600965238430723e-08,13.022079016734999,-15.233406060296623,0.9214864370155496,exact,1.0,10.0,-0.08176722035762422,-15.151638839938999
2026p182222,2026-03-09T10:08:04.224000+00:00,-39.60442352294922,176.74839782714844,27.08099365234375,2.4310518988064125,TUVZ,EHZ,105290.78113190415,105.29078113190415,1.0,10.0,3.1622776601683795,5.654164913459235e-07,1.8692173871845628e-08,30.248835433612165,-14.385703224539023,1.97029574161132,exact,1.0,10.0,0.6781836541279606,-15.063886878666985
2026p182222,2026-03-09T10:08:04.224000+00:00,-39.60442352294922,176.74839782714844,27.08099365234375,2.4310518988064125,TWVZ,HHZ,130645.31817688968,130.64531817688967,1.0,10.0,3.1622776601683795,4.194278277636407e-08,8.909760701238599e-09,4.707509458759466,-16.986959462306025,0.5802755580898467,exact,1.0,10.0,-0.5442521881111088,-16.442707274194916
2026p182222,2026-03-09T10:08:04.224000+00:00,-39.60442352294922,176.74839782714844,27.08099365234375,2.4310518988064125,WHVZ,HHZ,109985.70982660254,109.98570982660254,1.0,10.0,3.1622776601683795,2.3834428912362414e-07,1.928614235378269e-08,12.358318462627985,-15.249549615626155,0.8211193479986806,exact,1.0,10.0,-0.19708681103425454,-15.0524628045919
2026p182222,2026-03-09T10:08:04.224000+00:00,-39.60442352294922,176.74839782714844,27.08099365234375,2.4310518988064125,WTVZ,HHZ,117136.63129093243,117.13663129093243,1.0,10.0,3.1622776601683795,1.2647746092051552e-07,1.4044944962987802e-08,9.005194484835474,-15.883201719195185,1.0296407025017171,exact,1.0,10.0,0.02920990886272243,-15.912411628057907
2026p182310,2026-03-09T10:54:50.618000+00:00,-39.91721725463867,176.5832977294922,26.99291610717773,2.381356347660186,COVZ,HHZ,123032.15145658595,123.03215145658595,1.0,10.0,3.1622776601683795,9.039453418387522e-08,1.5904577180241818e-08,5.683554687399797,-16.219082033943966,1.0310666692210522,exact,1.0,10.0,0.030593867562053945,-16.24967590150602
2026p182310,2026-03-09T10:54:50.618000+00:00,-39.91721725463867,176.5832977294922,26.99291610717773,2.381356347660186,ETVZ,HHZ,118133.83213192083,118.13383213192084,1.0,10.0,3.1622776601683795,2.0086660667608354e-07,1.236752860356579e-08,16.241450746931765,-15.420624797577092,0.9471602664391504,exact,1.0,10.0,-0.05428696417065311,-15.366337833406439
2026p182310,2026-03-09T10:54:50.618000+00:00,-39.91721725463867,176.5832977294922,26.99291610717773,2.381356347660186,FWVZ,HHZ,118676.56523077171,118.67656523077171,1.0,10.0,3.1622776601683795,8.492785865413304e-08,9.357815365898046e-09,9.075607429019064,-16.281463662540368,0.6226707538339719,exact,1.0,10.0,-0.4737373849098134,-15.807726277630554
2026p182310,2026-03-09T10:54:50.618000+00:00,-39.91721725463867,176.5832977294922,26.99291610717773,2.381356347660186,KRVZ,HHZ,125318.10876126854,125.31810876126853,1.0,10.0,3.1622776601683795,1.0176919016507323e-07,1.8533957709738057e-08,5.490958367278563,-16.100558429275722,0.8296358879603257,exact,1.0,10.0,-0.18676836364818022,-15.913790065627541
2026p182310,2026-03-09T10:54:50.618000+00:00,-39.91721725463867,176.5832977294922,26.99291610717773,2.381356347660186,NGZ,HHZ,121307.02585046136,121.30702585046136,1.0,10.0,3.1622776601683795,1.347442022399297e-07,1.3288320366554832e-08,10.140047690230686,-15.81988765413171,1.12652241557642,exact,1.0,10.0,0.11913537911777466,-15.939023033249486
2026p182310,2026-03-09T10:54:50.618000+00:00,-39.91721725463867,176.5832977294922,26.99291610717773,2.381356347660186,NOVZ,EHZ,124546.72469135052,124.54672469135052,1.0,10.0,3.1622776601683795,1.6453200382052356e-07,2.2495329046153753e-08,7.314051885302616,-15.620160733563344,1.277398836799036,exact,1.0,10.0,0.24482585154452702,-15.864986585107872
2026p182310,2026-03-09T10:54:50.618000+00:00,-39.91721725463867,176.5832977294922,26.99291610717773,2.381356347660186,NTVZ,HHZ,123084.99357395941,123.08499357395941,1.0,10.0,3.1622776601683795,1.6302265555015278e-07,2.1218679969078344e-08,7.682978195991606,-15.629376654692786,0.9936348993076428,exact,1.0,10.0,-0.006385444317864613,-15.622991210374922
2026p182310,2026-03-09T10:54:50.618000+00:00,-39.91721725463867,176.5832977294922,26.99291610717773,2.381356347660186,OTVZ,HHZ,118542.49700030098,118.54249700030098,1.0,10.0,3.1622776601683795,1.5146629014562623e-07,1.5154798212558614e-08,9.994609497347696,-15.702902744045003,1.0,exact,1.0,10.0,0.0,-15.702902744045003
2026p182310,2026-03-09T10:54:50.618000+00:00,-39.91721725463867,176.5832977294922,26.99291610717773,2.381356347660186,SNVZ,EHZ,118207.10943214037,118.20710943214037,1.0,10.0,3.1622776601683795,8.8147967531146e-08,1.7086366944857973e-08,5.158964911360138,-16.24424898530373,0.7545196052473487,exact,1.0,10.0,-0.28167401668856396,-15.962574968615167
2026p182310,2026-03-09T10:54:50.618000+00:00,-39.91721725463867,176.5832977294922,26.99291610717773,2.381356347660186,TMVZ,HHZ,120132.72484989109,120.13272484989109,1.0,10.0,3.1622776601683795,1.6068641397556927e-07,1.4724424124176303e-08,10.912916703596936,-15.643811110554925,0.9214864370155496,exact,1.0,10.0,-0.08176722035762422,-15.5620438901973
2026p182310,2026-03-09T10:54:50.618000+00:00,-39.91721725463867,176.5832977294922,26.99291610717773,2.381356347660186,TUVZ,EHZ,111262.76366083923,111.26276366083924,1.0,10.0,3.1622776601683795,3.914162583894359e-07,3.0534311836108e-08,12.818898964887465,-14.753494243783704,1.97029574161132,exact,1.0,10.0,0.6781836541279606,-15.431677897911666
2026p182310,2026-03-09T10:54:50.618000+00:00,-39.91721725463867,176.5832977294922,26.99291610717773,2.381356347660186,TWVZ,HHZ,139014.5868105031,139.0145868105031,1.0,10.0,3.1622776601683795,4.427382087541162e-08,6.71889143746059e-09,6.589453228633345,-16.932872285469266,0.5802755580898467,exact,1.0,10.0,-0.5442521881111088,-16.388620097358157
2026p182310,2026-03-09T10:54:50.618000+00:00,-39.91721725463867,176.5832977294922,26.99291610717773,2.381356347660186,WHVZ,HHZ,114505.951094252,114.505951094252,1.0,10.0,3.1622776601683795,2.0329975307467726e-07,1.6772081838805206e-08,12.121318929192617,-15.408584330898794,0.8211193479986806,exact,1.0,10.0,-0.19708681103425454,-15.211497519864539
2026p182310,2026-03-09T10:54:50.618000+00:00,-39.91721725463867,176.5832977294922,26.99291610717773,2.381356347660186,WTVZ,HHZ,126578.19342929247,126.57819342929247,1.0,10.0,3.1622776601683795,9.054238641722565e-08,1.3438788943750292e-08,6.737391798933816,-16.217447737684612,1.0296407025017171,exact,1.0,10.0,0.02920990886272243,-16.246657646547334
2026p182919,2026-03-09T16:19:36.027000+00:00,-39.9353141784668,176.63099670410156,22.87963104248047,2.3723769887731483,COVZ,HHZ,126469.29971351396,126.46929971351396,1.0,10.0,3.1622776601683795,9.07913265197827e-08,1.5720718140494607e-08,5.775265843989377,-16.214702078811648,1.0310666692210522,exact,1.0,10.0,0.030593867562053945,-16.2452959463737
2026p182919,2026-03-09T16:19:36.027000+00:00,-39.9353141784668,176.63099670410156,22.87963104248047,2.3723769887731483,ETVZ,HHZ,121340.99873265755,121.34099873265755,1.0,10.0,3.1622776601683795,2.1910221079249196e-07,2.3862113262844705e-08,9.182012019599803,-15.333727500060471,0.9471602664391504,exact,1.0,10.0,-0.05428696417065311,-15.279440535889817
2026p182919,2026-03-09T16:19:36.027000+00:00,-39.9353141784668,176.63099670410156,22.87963104248047,2.3723769887731483,FWVZ,HHZ,122072.19790241722,122.07219790241722,1.0,10.0,3.1622776601683795,7.416942818904382e-08,9.04709205862048e-09,8.198151152708988,-16.416913790691815,0.6226707538339719,exact,1.0,10.0,-0.4737373849098134,-15.943176405782001
2026p182919,2026-03-09T16:19:36.027000+00:00,-39.9353141784668,176.63099670410156,22.87963104248047,2.3723769887731483,KRVZ,HHZ,128609.44376358546,128.60944376358546,1.0,10.0,3.1622776601683795,1.0307542106839682e-07,2.3704768586340037e-08,4.348298980138301,-16.087804873293667,0.8296358879603257,exact,1.0,10.0,-0.18676836364818022,-15.901036509645486
2026p182919,2026-03-09T16:19:36.027000+00:00,-39.9353141784668,176.63099670410156,22.87963104248047,2.3723769887731483,NGZ,HHZ,124660.37625417065,124.66037625417066,1.0,10.0,3.1622776601683795,2.2110993096897105e-07,1.1008569330844701e-08,20.085255796995106,-15.324605833904597,1.12652241557642,exact,1.0,10.0,0.11913537911777466,-15.443741213022372
2026p182919,2026-03-09T16:19:36.027000+00:00,-39.9353141784668,176.63099670410156,22.87963104248047,2.3723769887731483,NOVZ,EHZ,127875.91452212105,127.87591452212105,1.0,10.0,3.1622776601683795,1.8647105204095474e-07,1.838807920766116e-08,10.140866260966721,-15.494989826848517,1.277398836799036,exact,1.0,10.0,0.24482585154452702,-15.739815678393045
2026p182919,2026-03-09T16:19:36.027000+00:00,-39.9353141784668,176.63099670410156,22.87963104248047,2.3723769887731483,NTVZ,HHZ,126328.92851927452,126.32892851927451,1.0,10.0,3.1622776601683795,1.7382913504711954e-07,3.9452388315808697e-08,4.4060484667151485,-15.565193002680376,0.9936348993076428,exact,1.0,10.0,-0.006385444317864613,-15.558807558362512
2026p182919,2026-03-09T16:19:36.027000+00:00,-39.9353141784668,176.63099670410156,22.87963104248047,2.3723769887731483,OTVZ,HHZ,121809.63306071452,121.80963306071452,1.0,10.0,3.1622776601683795,2.2592265783274666e-07,1.6034007949224827e-08,14.090217402172923,-15.303073118224427,1.0,exact,1.0,10.0,0.0,-15.303073118224427
2026p182919,2026-03-09T16:19:36.027000+00:00,-39.9353141784668,176.63099670410156,22.87963104248047,2.3723769887731483,SNVZ,EHZ,121507.97297288595,121.50797297288595,1.0,10.0,3.1622776601683795,1.1919045872034222e-07,1.674257006430238e-08,7.11900611809138,-15.942543129811309,0.7545196052473487,exact,1.0,10.0,-0.28167401668856396,-15.660869113122745
2026p182919,2026-03-09T16:19:36.027000+00:00,-39.9353141784668,176.63099670410156,22.87963104248047,2.3723769887731483,TMVZ,HHZ,123344.77682250111,123.3447768225011,1.0,10.0,3.1622776601683795,1.5753344539295162e-07,4.140622269784113e-08,3.804583831337149,-15.663628049522874,0.9214864370155496,exact,1.0,10.0,-0.08176722035762422,-15.58186082916525
2026p182919,2026-03-09T16:19:36.027000+00:00,-39.9353141784668,176.63099670410156,22.87963104248047,2.3723769887731483,TUVZ,EHZ,114565.11585579181,114.56511585579182,1.0,10.0,3.1622776601683795,3.8223670715180507e-07,2.7583187007173045e-08,13.8575976391852,-14.77722576801515,1.97029574161132,exact,1.0,10.0,0.6781836541279606,-15.455409422143111
2026p182919,2026-03-09T16:19:36.027000+00:00,-39.9353141784668,176.63099670410156,22.87963104248047,2.3723769887731483,TWVZ,HHZ,142531.63195730798,142.53163195730798,1.0,10.0,3.1622776601683795,4.2102571308421606e-08,8.055786690258492e-09,5.226376135223937,-16.983157021913613,0.5802755580898467,exact,1.0,10.0,-0.5442521881111088,-16.438904833802503
2026p182919,2026-03-09T16:19:36.027000+00:00,-39.9353141784668,176.63099670410156,22.87963104248047,2.3723769887731483,WHVZ,HHZ,117860.39464989194,117.86039464989194,1.0,10.0,3.1622776601683795,1.6223350512125692e-07,1.767852301413469e-08,9.176869865856142,-15.634229149881548,0.8211193479986806,exact,1.0,10.0,-0.19708681103425454,-15.437142338847293
2026p182919,2026-03-09T16:19:36.027000+00:00,-39.9353141784668,176.63099670410156,22.87963104248047,2.3723769887731483,WTVZ,HHZ,129940.82756671825,129.94082756671824,1.0,10.0,3.1622776601683795,1.1625108588492954e-07,1.4653775057228057e-08,7.933183458250783,-15.967513451576941,1.0296407025017171,exact,1.0,10.0,0.02920990886272243,-15.996723360439663
2026p183451,2026-03-09T21:03:03.739000+00:00,-40.19415283203125,176.29710388183594,39.28641891479492,2.232851566109922,ETVZ,HHZ,134109.02013005983,134.10902013005983,1.0,10.0,3.1622776601683795,1.1021522674597711e-07,2.8526926768982707e-08,3.863550659996575,-16.02083077603426,0.9471602664391504,exact,1.0,10.0,-0.05428696417065311,-15.966543811863605
2026p183451,2026-03-09T21:03:03.739000+00:00,-40.19415283203125,176.29710388183594,39.28641891479492,2.232851566109922,FWVZ,HHZ,129044.83075884434,129.04483075884434,1.0,10.0,3.1622776601683795,4.494571933952621e-08,1.0943809017484951e-08,4.106953919582873,-16.917810312164796,0.6226707538339719,exact,1.0,10.0,-0.4737373849098134,-16.444072927254982
2026p183451,2026-03-09T21:03:03.739000+00:00,-40.19415283203125,176.29710388183594,39.28641891479492,2.232851566109922,NGZ,HHZ,134212.05676891858,134.2120567689186,1.0,10.0,3.1622776601683795,1.0756082353682596e-07,1.6370989736670564e-08,6.570208965185086,-16.04520934904079,1.12652241557642,exact,1.0,10.0,0.11913537911777466,-16.164344728158564
2026p183451,2026-03-09T21:03:03.739000+00:00,-40.19415283203125,176.29710388183594,39.28641891479492,2.232851566109922,NOVZ,EHZ,138503.31568336856,138.50331568336856,1.0,10.0,3.1622776601683795,1.299531700378001e-07,1.969686203510573e-08,6.597658541050065,-15.856091681867875,1.277398836799036,exact,1.0,10.0,0.24482585154452702,-16.100917533412403
2026p183451,2026-03-09T21:03:03.739000+00:00,-40.19415283203125,176.29710388183594,39.28641891479492,2.232851566109922,OTVZ,HHZ,133073.0114674827,133.0730114674827,1.0,10.0,3.1622776601683795,1.0682671413098862e-07,1.626046947318421e-08,6.56971893137285,-16.05205780938556,1.0,exact,1.0,10.0,0.0,-16.05205780938556
2026p183451,2026-03-09T21:03:03.739000+00:00,-40.19415283203125,176.29710388183594,39.28641891479492,2.232851566109922,SNVZ,EHZ,131792.10276908008,131.7921027690801,1.0,10.0,3.1622776601683795,6.394346639528357e-08,1.5898641813735937e-08,4.021945216731557,-16.565266481532973,0.7545196052473487,exact,1.0,10.0,-0.28167401668856396,-16.28359246484441
2026p183451,2026-03-09T21:03:03.739000+00:00,-40.19415283203125,176.29710388183594,39.28641891479492,2.232851566109922,TUVZ,EHZ,123606.1385363671,123.6061385363671,1.0,10.0,3.1622776601683795,4.220132930591296e-07,2.565247139453741e-08,16.451174881691735,-14.6782290232664,1.97029574161132,exact,1.0,10.0,0.6781836541279606,-15.356412677394362
2026p183451,2026-03-09T21:03:03.739000+00:00,-40.19415283203125,176.29710388183594,39.28641891479492,2.232851566109922,WHVZ,HHZ,125087.8540013843,125.0878540013843,1.0,10.0,3.1622776601683795,1.386982424736179e-07,1.9799262743144722e-08,7.0052225819186456,-15.790965181128994,0.8211193479986806,exact,1.0,10.0,-0.19708681103425454,-15.593878370094739
2026p183451,2026-03-09T21:03:03.739000+00:00,-40.19415283203125,176.29710388183594,39.28641891479492,2.232851566109922,WTVZ,HHZ,140259.6801493379,140.2596801493379,1.0,10.0,3.1622776601683795,8.707588105037122e-08,1.6098401052200286e-08,5.408977001381756,-16.25648590245244,1.0296407025017171,exact,1.0,10.0,0.02920990886272243,-16.28569581131516
2026p185691,2026-03-10T16:56:12.493000+00:00,-39.190616607666016,175.04283142089844,19.93411636352539,2.099082025066497,COVZ,HHZ,48027.130776473314,48.027130776473314,1.0,10.0,3.1622776601683795,1.5652890684641878e-07,1.683257544045169e-08,9.299165620862262,-15.670025135738852,1.0310666692210522,exact,1.0,10.0,0.030593867562053945,-15.700619003300906
2026p185691,2026-03-10T16:56:12.493000+00:00,-39.190616607666016,175.04283142089844,19.93411636352539,2.099082025066497,ETVZ,HHZ,61775.02699328716,61.77502699328716,1.0,10.0,3.1622776601683795,8.490798279243417e-08,2.5646574393196705e-08,3.310694890112022,-16.281697722225537,0.9471602664391504,exact,1.0,10.0,-0.05428696417065311,-16.227410758054884
2026p185691,2026-03-10T16:56:12.493000+00:00,-39.190616607666016,175.04283142089844,19.93411636352539,2.099082025066497,FWVZ,HHZ,49744.166872497655,49.74416687249766,1.0,10.0,3.1622776601683795,2.648159177700511e-07,1.5316725741785106e-08,17.289329471220775,-15.144230902265573,0.6226707538339719,exact,1.0,10.0,-0.4737373849098134,-14.670493517355759
2026p185691,2026-03-10T16:56:12.493000+00:00,-39.190616607666016,175.04283142089844,19.93411636352539,2.099082025066497,KRVZ,HHZ,56894.618653009304,56.8946186530093,1.0,10.0,3.1622776601683795,1.9880563290249328e-07,2.766955377725079e-08,7.184995988838327,-15.430938208605768,0.8296358879603257,exact,1.0,10.0,-0.18676836364818022,-15.244169844957588
2026p185691,2026-03-10T16:56:12.493000+00:00,-39.190616607666016,175.04283142089844,19.93411636352539,2.099082025066497,NGZ,HHZ,52796.335647308595,52.796335647308595,1.0,10.0,3.1622776601683795,4.6063073249991373e-07,2.017989582870812e-08,22.82621954096591,-14.590669129032946,1.12652241557642,exact,1.0,10.0,0.11913537911777466,-14.709804508150722
2026p185691,2026-03-10T16:56:12.493000+00:00,-39.190616607666016,175.04283142089844,19.93411636352539,2.099082025066497,NOVZ,EHZ,54016.51484151313,54.016514841513136,1.0,10.0,3.1622776601683795,5.167288412791124e-07,3.10322202025046e-08,16.65136551323541,-14.475747584981688,1.277398836799036,exact,1.0,10.0,0.24482585154452702,-14.720573436526216
2026p185691,2026-03-10T16:56:12.493000+00:00,-39.190616607666016,175.04283142089844,19.93411636352539,2.099082025066497,NTVZ,HHZ,59579.57453542928,59.57957453542928,1.0,10.0,3.1622776601683795,2.8028500484973023e-07,5.7481514649202224e-08,4.876089409965126,-15.08745887699679,0.9936348993076428,exact,1.0,10.0,-0.006385444317864613,-15.081073432678926
2026p185691,2026-03-10T16:56:12.493000+00:00,-39.190616607666016,175.04283142089844,19.93411636352539,2.099082025066497,OTVZ,HHZ,57965.53714530862,57.965537145308616,1.0,10.0,3.1622776601683795,1.4004514582301128e-07,1.8832877151384006e-08,7.436205562075762,-15.78130099615507,1.0,exact,1.0,10.0,0.0,-15.78130099615507
2026p185691,2026-03-10T16:56:12.493000+00:00,-39.190616607666016,175.04283142089844,19.93411636352539,2.099082025066497,SNVZ,EHZ,55936.900231185544,55.93690023118555,1.0,10.0,3.1622776601683795,1.1671700858834445e-07,1.9667172607460172e-08,5.934610475939548,-15.963513562015548,0.7545196052473487,exact,1.0,10.0,-0.28167401668856396,-15.681839545326984
2026p185691,2026-03-10T16:56:12.493000+00:00,-39.190616607666016,175.04283142089844,19.93411636352539,2.099082025066497,TUVZ,EHZ,57589.76757232602,57.58976757232602,1.0,10.0,3.1622776601683795,4.436654667175583e-07,6.604718217877968e-08,6.717401894854853,-14.628195011841642,1.97029574161132,exact,1.0,10.0,0.6781836541279606,-15.306378665969604
2026p185691,2026-03-10T16:56:12.493000+00:00,-39.190616607666016,175.04283142089844,19.93411636352539,2.099082025066497,TWVZ,HHZ,42237.75453631509,42.237754536315094,1.0,10.0,3.1622776601683795,9.774083656733453e-08,1.3152774292618116e-08,7.431195456778328,-16.140946386031818,0.5802755580898467,exact,1.0,10.0,-0.5442521881111088,-15.596694197920709
2026p185691,2026-03-10T16:56:12.493000+00:00,-39.190616607666016,175.04283142089844,19.93411636352539,2.099082025066497,WHVZ,HHZ,53010.18929704646,53.01018929704646,1.0,10.0,3.1622776601683795,1.8180953904513797e-07,2.2700658711416017e-08,8.008998388831206,-15.520306186584277,0.8211193479986806,exact,1.0,10.0,-0.19708681103425454,-15.323219375550021
2026p185691,2026-03-10T16:56:12.493000+00:00,-39.190616607666016,175.04283142089844,19.93411636352539,2.099082025066497,WTVZ,HHZ,52445.72031206668,52.44572031206668,1.0,10.0,3.1622776601683795,3.5777136377559014e-07,2.0076817397864322e-08,17.82012341326809,-14.84337170324018,1.0296407025017171,exact,1.0,10.0,0.02920990886272243,-14.872581612102902
2026p188837,2026-03-11T20:52:46.860000+00:00,-38.4921760559082,176.51187133789062,5.0,2.331421331698245,ETVZ,HHZ,99926.7486695522,99.9267486695522,1.0,10.0,3.1622776601683795,1.7978112077492138e-07,2.3287408780571076e-08,7.7200998388843765,-15.531525721673736,0.9471602664391504,exact,1.0,10.0,-0.05428696417065311,-15.477238757503082
2026p188837,2026-03-11T20:52:46.860000+00:00,-38.4921760559082,176.51187133789062,5.0,2.331421331698245,FWVZ,HHZ,118929.7907058264,118.92979070582639,1.0,10.0,3.1622776601683795,7.020465758846885e-08,9.65785006793268e-09,7.26918072807653,-16.471851180701453,0.6226707538339719,exact,1.0,10.0,-0.4737373849098134,-15.998113795791639
2026p188837,2026-03-11T20:52:46.860000+00:00,-38.4921760559082,176.51187133789062,5.0,2.331421331698245,NGZ,HHZ,109772.1162678727,109.7721162678727,1.0,10.0,3.1622776601683795,8.020923249094942e-08,1.2287057840986844e-08,6.527944568095837,-16.338627210358535,1.12652241557642,exact,1.0,10.0,0.11913537911777466,-16.45776258947631
2026p188837,2026-03-11T20:52:46.860000+00:00,-38.4921760559082,176.51187133789062,5.0,2.331421331698245,NOVZ,EHZ,105487.76397513296,105.48776397513295,1.0,10.0,3.1622776601683795,9.030624361922515e-08,1.9734990805649394e-08,4.575945563317609,-16.220059235843696,1.277398836799036,exact,1.0,10.0,0.24482585154452702,-16.46488508738822
2026p188837,2026-03-11T20:52:46.860000+00:00,-38.4921760559082,176.51187133789062,5.0,2.331421331698245,NTVZ,HHZ,99210.63006738071,99.21063006738072,1.0,10.0,3.1622776601683795,1.7772331823964878e-07,4.388318021164185e-08,4.049918838664756,-15.543037887886854,0.9936348993076428,exact,1.0,10.0,-0.006385444317864613,-15.53665244356899
2026p188837,2026-03-11T20:52:46.860000+00:00,-38.4921760559082,176.51187133789062,5.0,2.331421331698245,OTVZ,HHZ,104865.48772395898,104.86548772395898,1.0,10.0,3.1622776601683795,1.1339058584323521e-07,1.7185156568918376e-08,6.598170077095315,-15.992427466354304,1.0,exact,1.0,10.0,0.0,-15.992427466354304
2026p188837,2026-03-11T20:52:46.860000+00:00,-38.4921760559082,176.51187133789062,5.0,2.331421331698245,SNVZ,EHZ,108192.23737529849,108.19223737529849,1.0,10.0,3.1622776601683795,7.260601201330125e-08,1.583988485419097e-08,4.5837462002819365,-16.43821810844366,0.7545196052473487,exact,1.0,10.0,-0.28167401668856396,-16.156544091755098
2026p188837,2026-03-11T20:52:46.860000+00:00,-38.4921760559082,176.51187133789062,5.0,2.331421331698245,TMVZ,HHZ,98751.89612642601,98.75189612642602,1.0,10.0,3.1622776601683795,1.3793319357548285e-07,4.370660246140046e-08,3.155889174805997,-15.79649637353112,0.9214864370155496,exact,1.0,10.0,-0.08176722035762422,-15.714729153173495
2026p188837,2026-03-11T20:52:46.860000+00:00,-38.4921760559082,176.51187133789062,5.0,2.331421331698245,TUVZ,EHZ,113983.20215804037,113.98320215804037,1.0,10.0,3.1622776601683795,3.1189920721811137e-07,4.389883069274081e-08,7.1049547857247966,-14.980585755118149,1.97029574161132,exact,1.0,10.0,0.6781836541279606,-15.65876940924611
2026p188837,2026-03-11T20:52:46.860000+00:00,-38.4921760559082,176.51187133789062,5.0,2.331421331698245,WHVZ,HHZ,119016.16208629504,119.01616208629504,1.0,10.0,3.1622776601683795,1.236831665954068e-07,1.5338572647996525e-08,8.063538207485161,-15.905542649302722,0.8211193479986806,exact,1.0,10.0,-0.19708681103425454,-15.708455838268467
2026p189015,2026-03-11T22:27:38.954000+00:00,-40.10060119628906,175.02774047851562,12.0,2.15549932652908,ETVZ,HHZ,122841.23464229859,122.84123464229859,1.0,10.0,3.1622776601683795,2.1617188179974506e-07,1.7545391953514837e-08,12.320721154162632,-15.347191996629785,0.9471602664391504,exact,1.0,10.0,-0.05428696417065311,-15.292905032459132
2026p189015,2026-03-11T22:27:38.954000+00:00,-40.10060119628906,175.02774047851562,12.0,2.15549932652908,FWVZ,HHZ,105086.46069972706,105.08646069972706,1.0,10.0,3.1622776601683795,1.1607718375024353e-07,9.490810444822066e-09,12.230481730205891,-15.969010489948012,0.6226707538339719,exact,1.0,10.0,-0.4737373849098134,-15.495273105038198
2026p189015,2026-03-11T22:27:38.954000+00:00,-40.10060119628906,175.02774047851562,12.0,2.15549932652908,KRVZ,HHZ,124217.35709803224,124.21735709803224,1.0,10.0,3.1622776601683795,1.5002864389481095e-07,2.9544834989296674e-08,5.077999046167035,-15.712439601781822,0.8296358879603257,exact,1.0,10.0,-0.18676836364818022,-15.525671238133642
2026p189015,2026-03-11T22:27:38.954000+00:00,-40.10060119628906,175.02774047851562,12.0,2.15549932652908,NGZ,HHZ,114680.90833110815,114.68090833110814,1.0,10.0,3.1622776601683795,1.3300958661558506e-07,1.299971513577388e-08,10.231730866898488,-15.832844631505854,1.12652241557642,exact,1.0,10.0,0.11913537911777466,-15.951980010623629
2026p189015,2026-03-11T22:27:38.954000+00:00,-40.10060119628906,175.02774047851562,12.0,2.15549932652908,NOVZ,EHZ,119933.63785316642,119.93363785316642,1.0,10.0,3.1622776601683795,1.76465790840532e-07,1.9341181168447873e-08,9.123837334630238,-15.55013879895889,1.277398836799036,exact,1.0,10.0,0.24482585154452702,-15.794964650503418
2026p189015,2026-03-11T22:27:38.954000+00:00,-40.10060119628906,175.02774047851562,12.0,2.15549932652908,NTVZ,HHZ,125119.16762308686,125.11916762308687,1.0,10.0,3.1622776601683795,2.650168116642725e-07,1.9911745212410156e-08,13.30957225683556,-15.143472572729898,0.9936348993076428,exact,1.0,10.0,-0.006385444317864613,-15.137087128412034
2026p189015,2026-03-11T22:27:38.954000+00:00,-40.10060119628906,175.02774047851562,12.0,2.15549932652908,OTVZ,HHZ,118364.14782362938,118.36414782362938,1.0,10.0,3.1622776601683795,1.3043582773959007e-07,1.3635449302316396e-08,9.565935441337572,-15.852384472587225,1.0,exact,1.0,10.0,0.0,-15.852384472587225
2026p189015,2026-03-11T22:27:38.954000+00:00,-40.10060119628906,175.02774047851562,12.0,2.15549932652908,SNVZ,EHZ,115136.15348126237,115.13615348126237,1.0,10.0,3.1622776601683795,7.783105429228235e-08,1.688362391863571e-08,4.609854772136593,-16.368725329975607,0.7545196052473487,exact,1.0,10.0,-0.28167401668856396,-16.087051313287045
2026p189015,2026-03-11T22:27:38.954000+00:00,-40.10060119628906,175.02774047851562,12.0,2.15549932652908,TMVZ,HHZ,124528.4588074972,124.5284588074972,1.0,10.0,3.1622776601683795,1.7162993287520765e-07,1.915061137241463e-08,8.962112464066333,-15.577925231099684,0.9214864370155496,exact,1.0,10.0,-0.08176722035762422,-15.49615801074206
2026p189015,2026-03-11T22:27:38.954000+00:00,-40.10060119628906,175.02774047851562,12.0,2.15549932652908,TUVZ,EHZ,107798.95118753314,107.79895118753313,1.0,10.0,3.1622776601683795,6.931416632432028e-07,3.198251739132144e-08,21.672517355725383,-14.182031438383122,1.97029574161132,exact,1.0,10.0,0.6781836541279606,-14.860215092511083
2026p189015,2026-03-11T22:27:38.954000+00:00,-40.10060119628906,175.02774047851562,12.0,2.15549932652908,WHVZ,HHZ,103749.01936814992,103.74901936814992,1.0,10.0,3.1622776601683795,2.3594568473257233e-07,1.716808148395024e-08,13.743276146094052,-15.2596642078475,0.8211193479986806,exact,1.0,10.0,-0.19708681103425454,-15.062577396813245
2026p189015,2026-03-11T22:27:38.954000+00:00,-40.10060119628906,175.02774047851562,12.0,2.15549932652908,WTVZ,HHZ,120296.39332847284,120.29639332847285,1.0,10.0,3.1622776601683795,2.071406380045848e-07,3.339987187299685e-08,6.201839300229591,-15.389867863725804,1.0296407025017171,exact,1.0,10.0,0.02920990886272243,-15.419077772588526
2026p192233,2026-03-13T03:02:15.545000+00:00,-39.08487701416016,174.5433349609375,24.087581634521484,2.243629619877604,ETVZ,HHZ,104238.4649063442,104.2384649063442,1.0,10.0,3.1622776601683795,9.131230104999641e-08,2.033260142300125e-08,4.490930557793721,-16.208980326219564,0.9471602664391504,exact,1.0,10.0,-0.05428696417065311,-16.15469336204891
2026p192233,2026-03-13T03:02:15.545000+00:00,-39.08487701416016,174.5433349609375,24.087581634521484,2.243629619877604,FWVZ,HHZ,93014.74933674613,93.01474933674614,1.0,10.0,3.1622776601683795,1.6276711509743543e-07,1.0678732826235817e-08,15.24217505447318,-15.630945399497852,0.6226707538339719,exact,1.0,10.0,-0.4737373849098134,-15.157208014588038
2026p192233,2026-03-13T03:02:15.545000+00:00,-39.08487701416016,174.5433349609375,24.087581634521484,2.243629619877604,KRVZ,HHZ,98299.76350364258,98.29976350364258,1.0,10.0,3.1622776601683795,2.0450945756903526e-07,1.960562486169191e-08,10.431162434849663,-15.402651615251582,0.8296358879603257,exact,1.0,10.0,-0.18676836364818022,-15.215883251603401
2026p192233,2026-03-13T03:02:15.545000+00:00,-39.08487701416016,174.5433349609375,24.087581634521484,2.243629619877604,NOVZ,EHZ,95905.31893812549,95.90531893812549,1.0,10.0,3.1622776601683795,3.439417969029742e-07,1.6213937088974844e-08,21.21272550988543,-14.882793388937603,1.277398836799036,exact,1.0,10.0,0.24482585154452702,-15.127619240482131
2026p192233,2026-03-13T03:02:15.545000+00:00,-39.08487701416016,174.5433349609375,24.087581634521484,2.243629619877604,NTVZ,HHZ,101225.6221222959,101.2256221222959,1.0,10.0,3.1622776601683795,4.1013952634253617e-07,1.4735031441262597e-08,27.834316335017785,-14.706768426987216,0.9936348993076428,exact,1.0,10.0,-0.006385444317864613,-14.700382982669352
2026p192233,2026-03-13T03:02:15.545000+00:00,-39.08487701416016,174.5433349609375,24.087581634521484,2.243629619877604,OTVZ,HHZ,100696.59549943946,100.69659549943945,1.0,10.0,3.1622776601683795,1.1989747537789185e-07,1.4002584527556422e-08,8.562524664067501,-15.936628831198913,1.0,exact,1.0,10.0,0.0,-15.936628831198913
2026p192233,2026-03-13T03:02:15.545000+00:00,-39.08487701416016,174.5433349609375,24.087581634521484,2.243629619877604,SNVZ,EHZ,98906.90753562999,98.90690753562998,1.0,10.0,3.1622776601683795,1.0773194263657983e-07,1.9562883057038643e-08,5.506956327575568,-16.04361970774601,0.7545196052473487,exact,1.0,10.0,-0.28167401668856396,-15.761945691057447
2026p192233,2026-03-13T03:02:15.545000+00:00,-39.08487701416016,174.5433349609375,24.087581634521484,2.243629619877604,TMVZ,HHZ,103598.65310863491,103.59865310863492,1.0,10.0,3.1622776601683795,1.1452685570804672e-07,1.6290091429980928e-08,7.0304611978584095,-15.982456493785591,0.9214864370155496,exact,1.0,10.0,-0.08176722035762422,-15.900689273427966
2026p192233,2026-03-13T03:02:15.545000+00:00,-39.08487701416016,174.5433349609375,24.087581634521484,2.243629619877604,TUVZ,EHZ,101376.3858294633,101.3763858294633,1.0,10.0,3.1622776601683795,4.4007210229756797e-07,1.078710653735736e-07,4.079612088501515,-14.63632725460103,1.97029574161132,exact,1.0,10.0,0.6781836541279606,-15.314510908728991
2026p192233,2026-03-13T03:02:15.545000+00:00,-39.08487701416016,174.5433349609375,24.087581634521484,2.243629619877604,TWVZ,HHZ,81398.08436844496,81.39808436844497,1.0,10.0,3.1622776601683795,7.312698013124904e-08,9.861167185419005e-09,7.415651591363,-16.43106845304308,0.5802755580898467,exact,1.0,10.0,-0.5442521881111088,-15.88681626493197
2026p192233,2026-03-13T03:02:15.545000+00:00,-39.08487701416016,174.5433349609375,24.087581634521484,2.243629619877604,WHVZ,HHZ,96559.45073171385,96.55945073171385,1.0,10.0,3.1622776601683795,1.578472988230624e-07,3.412653225945414e-08,4.625354185505727,-15.66163773439125,0.8211193479986806,exact,1.0,10.0,-0.19708681103425454,-15.464550923356995
2026p192233,2026-03-13T03:02:15.545000+00:00,-39.08487701416016,174.5433349609375,24.087581634521484,2.243629619877604,WTVZ,HHZ,94036.65524358355,94.03665524358355,1.0,10.0,3.1622776601683795,1.9787044642758182e-07,1.5203956352846074e-08,13.014405055861783,-15.43565333137853,1.0296407025017171,exact,1.0,10.0,0.02920990886272243,-15.464863240241252
2026p192334,2026-03-13T03:55:45.572000+00:00,-39.82877349853516,176.64834594726562,28.65365982055664,2.1351275691352822,COVZ,HHZ,121689.87587316749,121.6898758731675,1.0,10.0,3.1622776601683795,6.54011098771401e-08,1.7506767606717882e-08,3.735761583540053,-16.542726608028783,1.0310666692210522,exact,1.0,10.0,0.030593867562053945,-16.573320475590837
2026p192334,2026-03-13T03:55:45.572000+00:00,-39.82877349853516,176.64834594726562,28.65365982055664,2.1351275691352822,ETVZ,HHZ,115426.48205645572,115.42648205645571,1.0,10.0,3.1622776601683795,1.1204610368061937e-07,1.9400735811554927e-08,5.7753533045837155,-16.00435541034629,0.9471602664391504,exact,1.0,10.0,-0.05428696417065311,-15.950068446175635
2026p192334,2026-03-13T03:55:45.572000+00:00,-39.82877349853516,176.64834594726562,28.65365982055664,2.1351275691352822,FWVZ,HHZ,117759.81472272017,117.75981472272017,1.0,10.0,3.1622776601683795,5.2438721353850685e-08,1.04882820046201e-08,4.999743650175631,-16.763620561379252,0.6226707538339719,exact,1.0,10.0,-0.4737373849098134,-16.289883176469438
2026p192334,2026-03-13T03:55:45.572000+00:00,-39.82877349853516,176.64834594726562,28.65365982055664,2.1351275691352822,KRVZ,HHZ,122681.73655552979,122.68173655552978,1.0,10.0,3.1622776601683795,6.659845304738856e-08,1.9569048061455946e-08,3.403254610967193,-16.52458448718652,0.8296358879603257,exact,1.0,10.0,-0.18676836364818022,-16.33781612353834
2026p192334,2026-03-13T03:55:45.572000+00:00,-39.82877349853516,176.64834594726562,28.65365982055664,2.1351275691352822,NGZ,HHZ,119488.38719364759,119.4883871936476,1.0,10.0,3.1622776601683795,1.925732929915089e-07,5.340297712768107e-08,3.606040399790555,-15.46278901286969,1.12652241557642,exact,1.0,10.0,0.11913537911777466,-15.581924391987465
2026p192334,2026-03-13T03:55:45.572000+00:00,-39.82877349853516,176.64834594726562,28.65365982055664,2.1351275691352822,NOVZ,EHZ,122304.47279227636,122.30447279227636,1.0,10.0,3.1622776601683795,1.42755776646025e-07,2.0701595284595036e-08,6.895882886487295,-15.762130522356724,1.277398836799036,exact,1.0,10.0,0.24482585154452702,-16.00695637390125
2026p192334,2026-03-13T03:55:45.572000+00:00,-39.82877349853516,176.64834594726562,28.65365982055664,2.1351275691352822,NTVZ,HHZ,120295.1367280865,120.29513672808649,1.0,10.0,3.1622776601683795,9.968980870859991e-08,1.6557483182965634e-08,6.0208310409858035,-16.121202384776115,0.9936348993076428,exact,1.0,10.0,-0.006385444317864613,-16.11481694045825
2026p192334,2026-03-13T03:55:45.572000+00:00,-39.82877349853516,176.64834594726562,28.65365982055664,2.1351275691352822,OTVZ,HHZ,116296.66353816708,116.29666353816708,1.0,10.0,3.1622776601683795,9.859657464129315e-08,1.2305391508162012e-08,8.01246954035516,-16.132229315887585,1.0,exact,1.0,10.0,0.0,-16.132229315887585
2026p192334,2026-03-13T03:55:45.572000+00:00,-39.82877349853516,176.64834594726562,28.65365982055664,2.1351275691352822,SNVZ,EHZ,116276.26865716599,116.27626865716599,1.0,10.0,3.1622776601683795,6.518296108500501e-08,1.6305357114390536e-08,3.9976408138572332,-16.546067735219307,0.7545196052473487,exact,1.0,10.0,-0.28167401668856396,-16.264393718530744
2026p192334,2026-03-13T03:55:45.572000+00:00,-39.82877349853516,176.64834594726562,28.65365982055664,2.1351275691352822,TMVZ,HHZ,117312.70790091259,117.31270790091259,1.0,10.0,3.1622776601683795,9.829640749990768e-08,1.6108002996545547e-08,6.102333574248025,-16.135278356748938,0.9214864370155496,exact,1.0,10.0,-0.08176722035762422,-16.053511136391315
2026p192334,2026-03-13T03:55:45.572000+00:00,-39.82877349853516,176.64834594726562,28.65365982055664,2.1351275691352822,TUVZ,EHZ,109950.45960717638,109.95045960717638,1.0,10.0,3.1622776601683795,2.6369079522038127e-07,5.000752279788841e-08,5.273022546750021,-15.148488650452073,1.97029574161132,exact,1.0,10.0,0.6781836541279606,-15.826672304580034
2026p192334,2026-03-13T03:55:45.572000+00:00,-39.82877349853516,176.64834594726562,28.65365982055664,2.1351275691352822,TWVZ,HHZ,137186.53875757215,137.18653875757215,1.0,10.0,3.1622776601683795,2.370188542327247e-08,7.724918561982452e-09,3.0682375785706455,-17.557711238244977,0.5802755580898467,exact,1.0,10.0,-0.5442521881111088,-17.013459050133868
2026p192334,2026-03-13T03:55:45.572000+00:00,-39.82877349853516,176.64834594726562,28.65365982055664,2.1351275691352822,WHVZ,HHZ,113665.3378458534,113.6653378458534,1.0,10.0,3.1622776601683795,1.1485346785030189e-07,3.5509892191998854e-08,3.2344076751711697,-15.979608713662868,0.8211193479986806,exact,1.0,10.0,-0.19708681103425454,-15.782521902628613
2026p192334,2026-03-13T03:55:45.572000+00:00,-39.82877349853516,176.64834594726562,28.65365982055664,2.1351275691352822,WTVZ,HHZ,124353.5347556497,124.3535347556497,1.0,10.0,3.1622776601683795,6.439695490117336e-08,1.5408632297734994e-08,4.17927780070652,-16.558199489097305,1.0296407025017171,exact,1.0,10.0,0.02920990886272243,-16.587409397960027
2026p193794,2026-03-13T16:53:44.268000+00:00,-40.27138519287109,174.81105041503906,20.77878761291504,2.6581544268495176,COVZ,HHZ,136240.46700370556,136.24046700370556,1.0,10.0,3.1622776601683795,1.4635348219411186e-07,2.103711181757361e-08,6.956918966027156,-15.737241030486443,1.0310666692210522,exact,1.0,10.0,0.030593867562053945,-15.767834898048497
2026p193794,2026-03-13T16:53:44.268000+00:00,-40.27138519287109,174.81105041503906,20.77878761291504,2.6581544268495176,ETVZ,HHZ,149450.2174057369,149.4502174057369,1.0,10.0,3.1622776601683795,2.6039315853335366e-07,2.6998831586721784e-08,9.64460842303327,-15.161073199870524,0.9471602664391504,exact,1.0,10.0,-0.05428696417065311,-15.10678623569987
2026p193794,2026-03-13T16:53:44.268000+00:00,-40.27138519287109,174.81105041503906,20.77878761291504,2.6581544268495176,KRVZ,HHZ,150433.98771878655,150.43398771878654,1.0,10.0,3.1622776601683795,2.0255119892462747e-07,3.807621773960311e-08,5.319624977192883,-15.412273148161304,0.8296358879603257,exact,1.0,10.0,-0.18676836364818022,-15.225504784513124
2026p193794,2026-03-13T16:53:44.268000+00:00,-40.27138519287109,174.81105041503906,20.77878761291504,2.6581544268495176,NGZ,HHZ,141015.93130379144,141.01593130379143,1.0,10.0,3.1622776601683795,2.329788086189374e-07,2.0132813071265903e-08,11.572094162611139,-15.27231833765024,1.12652241557642,exact,1.0,10.0,0.11913537911777466,-15.391453716768016
2026p193794,2026-03-13T16:53:44.268000+00:00,-40.27138519287109,174.81105041503906,20.77878761291504,2.6581544268495176,NOVZ,EHZ,146138.7464744343,146.1387464744343,1.0,10.0,3.1622776601683795,2.8009393700363875e-07,2.1786875009809484e-08,12.856085917669569,-15.088140800742403,1.277398836799036,exact,1.0,10.0,0.24482585154452702,-15.332966652286931
2026p193794,2026-03-13T16:53:44.268000+00:00,-40.27138519287109,174.81105041503906,20.77878761291504,2.6581544268495176,NTVZ,HHZ,151489.6017859201,151.4896017859201,1.0,10.0,3.1622776601683795,3.78132858774654e-07,5.907149333745556e-08,6.401274750487655,-14.788020224841006,0.9936348993076428,exact,1.0,10.0,-0.006385444317864613,-14.781634780523142
2026p193794,2026-03-13T16:53:44.268000+00:00,-40.27138519287109,174.81105041503906,20.77878761291504,2.6581544268495176,OTVZ,HHZ,144913.27688129002,144.91327688129002,1.0,10.0,3.1622776601683795,2.0330404678995035e-07,2.5661364718724662e-08,7.922573449166671,-15.408563211001367,1.0,exact,1.0,10.0,0.0,-15.408563211001367
2026p193794,2026-03-13T16:53:44.268000+00:00,-40.27138519287109,174.81105041503906,20.77878761291504,2.6581544268495176,TMVZ,HHZ,151052.1141342418,151.0521141342418,1.0,10.0,3.1622776601683795,2.0323685201340837e-07,2.3914454085074173e-08,8.49849431186704,-15.408893779351816,0.9214864370155496,exact,1.0,10.0,-0.08176722035762422,-15.327126558994191
2026p193794,2026-03-13T16:53:44.268000+00:00,-40.27138519287109,174.81105041503906,20.77878761291504,2.6581544268495176,TUVZ,EHZ,134651.56326759086,134.65156326759086,1.0,10.0,3.1622776601683795,1.118973179819179e-06,4.8158784402456884e-08,23.235079408733853,-13.703099096911732,1.97029574161132,exact,1.0,10.0,0.6781836541279606,-14.381282751039693
2026p193794,2026-03-13T16:53:44.268000+00:00,-40.27138519287109,174.81105041503906,20.77878761291504,2.6581544268495176,TWVZ,HHZ,145366.9959465287,145.3669959465287,1.0,10.0,3.1622776601683795,9.919390430461642e-08,9.349562769117571e-09,10.609469849463188,-16.126189273085796,0.5802755580898467,exact,1.0,10.0,-0.5442521881111088,-15.581937084974687
2026p193794,2026-03-13T16:53:44.268000+00:00,-40.27138519287109,174.81105041503906,20.77878761291504,2.6581544268495176,WHVZ,HHZ,130444.93143177926,130.44493143177925,1.0,10.0,3.1622776601683795,3.7116666531453217e-07,7.034621567007715e-08,5.27628475503642,-14.80661464256003,0.8211193479986806,exact,1.0,10.0,-0.19708681103425454,-14.609527831525774
2026p193794,2026-03-13T16:53:44.268000+00:00,-40.27138519287109,174.81105041503906,20.77878761291504,2.6581544268495176,WTVZ,HHZ,146355.29360027888,146.35529360027888,1.0,10.0,3.1622776601683795,3.003128681529046e-07,3.976907462319676e-08,7.551417049511536,-15.018441011883182,1.0296407025017171,exact,1.0,10.0,0.02920990886272243,-15.047650920745903
2026p194349,2026-03-13T21:49:31.247000+00:00,-40.08663940429688,174.96163940429688,21.1519775390625,2.117169390885956,ETVZ,HHZ,125637.82097012567,125.63782097012567,1.0,10.0,3.1622776601683795,1.0136062204368413e-07,2.2520954300022672e-08,4.500725000076133,-16.104581163978363,0.9471602664391504,exact,1.0,10.0,-0.05428696417065311,-16.05029419980771
2026p194349,2026-03-13T21:49:31.247000+00:00,-40.08663940429688,174.96163940429688,21.1519775390625,2.117169390885956,KRVZ,HHZ,126659.76720807857,126.65976720807858,1.0,10.0,3.1622776601683795,6.690605679852554e-08,2.1566055550932854e-08,3.1023780236730154,-16.519976338805268,0.8296358879603257,exact,1.0,10.0,-0.18676836364818022,-16.333207975157087
2026p194349,2026-03-13T21:49:31.247000+00:00,-40.08663940429688,174.96163940429688,21.1519775390625,2.117169390885956,NGZ,HHZ,117290.52871672255,117.29052871672255,1.0,10.0,3.1622776601683795,7.062513747562159e-08,1.7267698962441583e-08,4.090014403727796,-16.465879700924226,1.12652241557642,exact,1.0,10.0,0.11913537911777466,-16.585015080042
2026p194349,2026-03-13T21:49:31.247000+00:00,-40.08663940429688,174.96163940429688,21.1519775390625,2.117169390885956,NOVZ,EHZ,122403.64949855799,122.403649498558,1.0,10.0,3.1622776601683795,7.77048892579732e-08,1.5553841777947263e-08,4.995864710938855,-16.37034765673945,1.277398836799036,exact,1.0,10.0,0.24482585154452702,-16.615173508283977
2026p194349,2026-03-13T21:49:31.247000+00:00,-40.08663940429688,174.96163940429688,21.1519775390625,2.117169390885956,NTVZ,HHZ,127686.54783736852,127.68654783736852,1.0,10.0,3.1622776601683795,1.0357536850254576e-07,3.1887375944917924e-08,3.2481621780814223,-16.082966291156346,0.9936348993076428,exact,1.0,10.0,-0.006385444317864613,-16.076580846838482
2026p194349,2026-03-13T21:49:31.247000+00:00,-40.08663940429688,174.96163940429688,21.1519775390625,2.117169390885956,TUVZ,EHZ,110943.36888360219,110.94336888360219,1.0,10.0,3.1622776601683795,3.955412397052059e-07,3.0962645268505494e-08,12.774788338499668,-14.743010782847994,1.97029574161132,exact,1.0,10.0,0.6781836541279606,-15.421194436975956
2026p194349,2026-03-13T21:49:31.247000+00:00,-40.08663940429688,174.96163940429688,21.1519775390625,2.117169390885956,WTVZ,HHZ,122638.64783484425,122.63864783484425,1.0,10.0,3.1622776601683795,7.947206101247584e-08,2.0860011939172162e-08,3.8097802265989364,-16.347860310858792,1.0296407025017171,exact,1.0,10.0,0.02920990886272243,-16.377070219721514
2026p195209,2026-03-14T05:27:50.273000+00:00,-39.67207717895508,174.75038146972656,36.10982131958008,2.1338477007148664,FWVZ,HHZ,91491.5225828761,91.4915225828761,1.0,10.0,3.1622776601683795,7.007818823713838e-08,1.0934987452507755e-08,6.408620818404975,-16.473654243433025,0.6226707538339719,exact,1.0,10.0,-0.4737373849098134,-15.99991685852321
2026p195209,2026-03-14T05:27:50.273000+00:00,-39.67207717895508,174.75038146972656,36.10982131958008,2.1338477007148664,NGZ,HHZ,99076.51832296283,99.07651832296283,1.0,10.0,3.1622776601683795,7.136003352844337e-08,1.9145691927396167e-08,3.727210998644143,-16.455527878825507,1.12652241557642,exact,1.0,10.0,0.11913537911777466,-16.574663257943282
2026p195209,2026-03-14T05:27:50.273000+00:00,-39.67207717895508,174.75038146972656,36.10982131958008,2.1338477007148664,NOVZ,EHZ,102823.35872320204,102.82335872320203,1.0,10.0,3.1622776601683795,7.479985571135784e-08,2.1296309027541664e-08,3.512338951065285,-16.408449880960383,1.277398836799036,exact,1.0,10.0,0.24482585154452702,-16.65327573250491
2026p195209,2026-03-14T05:27:50.273000+00:00,-39.67207717895508,174.75038146972656,36.10982131958008,2.1338477007148664,NTVZ,HHZ,108677.60298734799,108.67760298734798,1.0,10.0,3.1622776601683795,8.912364050423128e-08,2.759930704823532e-08,3.229198484892025,-16.23324121213776,0.9936348993076428,exact,1.0,10.0,-0.006385444317864613,-16.226855767819895
2026p195209,2026-03-14T05:27:50.273000+00:00,-39.67207717895508,174.75038146972656,36.10982131958008,2.1338477007148664,TUVZ,EHZ,97336.32284886361,97.3363228488636,1.0,10.0,3.1622776601683795,2.6929729548761965e-07,4.456541797928444e-08,6.042741383303045,-15.127449879928564,1.97029574161132,exact,1.0,10.0,0.6781836541279606,-15.805633534056525
2026p195209,2026-03-14T05:27:50.273000+00:00,-39.67207717895508,174.75038146972656,36.10982131958008,2.1338477007148664,TWVZ,HHZ,96668.23524851089,96.66823524851088,1.0,10.0,3.1622776601683795,3.622853450375818e-08,1.0323218198639881e-08,3.5094225276117297,-17.133418782657206,0.5802755580898467,exact,1.0,10.0,-0.5442521881111088,-16.589166594546096
2026p195209,2026-03-14T05:27:50.273000+00:00,-39.67207717895508,174.75038146972656,36.10982131958008,2.1338477007148664,WTVZ,HHZ,102176.98980504858,102.17698980504858,1.0,10.0,3.1622776601683795,6.97435470415434e-08,1.8386690796807813e-08,3.7931538530931217,-16.478440936058192,1.0296407025017171,exact,1.0,10.0,0.02920990886272243,-16.507650844920914
2026p197619,2026-03-15T02:51:54.198000+00:00,-39.93144607543945,176.49407958984375,25.341028213500977,2.3791308027723184,COVZ,HHZ,118264.0925190631,118.2640925190631,1.0,10.0,3.1622776601683795,9.860014787875252e-08,2.31794133543176e-08,4.2537809896895595,-16.132193075554436,1.0310666692210522,exact,1.0,10.0,0.030593867562053945,-16.16278694311649
2026p197619,2026-03-15T02:51:54.198000+00:00,-39.93144607543945,176.49407958984375,25.341028213500977,2.3791308027723184,ETVZ,HHZ,114230.0787310306,114.2300787310306,1.0,10.0,3.1622776601683795,2.0439705439064176e-07,2.1207846402555135e-08,9.637803410628996,-15.403201389725389,0.9471602664391504,exact,1.0,10.0,-0.05428696417065311,-15.348914425554735
2026p197619,2026-03-15T02:51:54.198000+00:00,-39.93144607543945,176.49407958984375,25.341028213500977,2.3791308027723184,FWVZ,HHZ,113694.31224302485,113.69431224302485,1.0,10.0,3.1622776601683795,9.421120871494689e-08,1.1618231102977671e-08,8.108911578699896,-16.17772667396127,0.6226707538339719,exact,1.0,10.0,-0.4737373849098134,-15.703989289051457
2026p197619,2026-03-15T02:51:54.198000+00:00,-39.93144607543945,176.49407958984375,25.341028213500977,2.3791308027723184,KRVZ,HHZ,121324.78589456744,121.32478589456744,1.0,10.0,3.1622776601683795,1.5244848333952706e-07,2.1694711997092385e-08,7.026988113967995,-15.696439112138039,0.8296358879603257,exact,1.0,10.0,-0.18676836364818022,-15.509670748489858
2026p197619,2026-03-15T02:51:54.198000+00:00,-39.93144607543945,176.49407958984375,25.341028213500977,2.3791308027723184,NGZ,HHZ,116831.87520522012,116.83187520522011,1.0,10.0,3.1622776601683795,1.8122287293093857e-07,1.6083687727417942e-08,11.267495116931862,-15.523538221000713,1.12652241557642,exact,1.0,10.0,0.11913537911777466,-15.642673600118489
2026p197619,2026-03-15T02:51:54.198000+00:00,-39.93144607543945,176.49407958984375,25.341028213500977,2.3791308027723184,NOVZ,EHZ,120312.06628089614,120.31206628089613,1.0,10.0,3.1622776601683795,1.8086047618218278e-07,1.5988098557351817e-08,11.312194225811648,-15.525539952760274,1.277398836799036,exact,1.0,10.0,0.24482585154452702,-15.770365804304802
2026p197619,2026-03-15T02:51:54.198000+00:00,-39.93144607543945,176.49407958984375,25.341028213500977,2.3791308027723184,NTVZ,HHZ,119203.35958682252,119.20335958682253,1.0,10.0,3.1622776601683795,2.3803152004924134e-07,1.7251287962654912e-08,13.797898485291363,-15.25086273486228,0.9936348993076428,exact,1.0,10.0,-0.006385444317864613,-15.244477290544415
2026p197619,2026-03-15T02:51:54.198000+00:00,-39.93144607543945,176.49407958984375,25.341028213500977,2.3791308027723184,OTVZ,HHZ,114346.01900225143,114.34601900225142,1.0,10.0,3.1622776601683795,2.0909082794128877e-07,1.629209026802649e-08,12.833885922645123,-15.380497095934496,1.0,exact,1.0,10.0,0.0,-15.380497095934496
2026p197619,2026-03-15T02:51:54.198000+00:00,-39.93144607543945,176.49407958984375,25.341028213500977,2.3791308027723184,SNVZ,EHZ,113819.5264102721,113.8195264102721,1.0,10.0,3.1622776601683795,8.728665022271808e-08,1.392294602206208e-08,6.269265864020808,-16.254068304205084,0.7545196052473487,exact,1.0,10.0,-0.28167401668856396,-15.97239428751652
2026p197619,2026-03-15T02:51:54.198000+00:00,-39.93144607543945,176.49407958984375,25.341028213500977,2.3791308027723184,TMVZ,HHZ,116288.41331640132,116.28841331640132,1.0,10.0,3.1622776601683795,1.9207745609919912e-07,3.166510889976504e-08,6.065902274557609,-15.465367129086134,0.9214864370155496,exact,1.0,10.0,-0.08176722035762422,-15.38359990872851
2026p197619,2026-03-15T02:51:54.198000+00:00,-39.93144607543945,176.49407958984375,25.341028213500977,2.3791308027723184,TUVZ,EHZ,106550.08851589977,106.55008851589977,1.0,10.0,3.1622776601683795,4.856367626728162e-07,2.860399882333422e-08,16.977932549649292,-14.537804894397755,1.97029574161132,exact,1.0,10.0,0.6781836541279606,-15.215988548525717
2026p197619,2026-03-15T02:51:54.198000+00:00,-39.93144607543945,176.49407958984375,25.341028213500977,2.3791308027723184,TWVZ,HHZ,134458.73147749237,134.45873147749236,1.0,10.0,3.1622776601683795,3.44794383035284e-08,8.932988046236466e-09,3.8597878028119434,-17.182902681784526,0.5802755580898467,exact,1.0,10.0,-0.5442521881111088,-16.638650493673417
2026p197619,2026-03-15T02:51:54.198000+00:00,-39.93144607543945,176.49407958984375,25.341028213500977,2.3791308027723184,WHVZ,HHZ,109505.90633315379,109.50590633315379,1.0,10.0,3.1622776601683795,2.022821921682814e-07,3.1151882014711356e-08,6.4934180243991175,-15.413602123497123,0.8211193479986806,exact,1.0,10.0,-0.19708681103425454,-15.216515312462867
2026p197619,2026-03-15T02:51:54.198000+00:00,-39.93144607543945,176.49407958984375,25.341028213500977,2.3791308027723184,WTVZ,HHZ,122319.8035853744,122.31980358537439,1.0,10.0,3.1622776601683795,1.2114899254192246e-07,1.5335169775492682e-08,7.900075076803656,-15.926244705509434,1.0296407025017171,exact,1.0,10.0,0.02920990886272243,-15.955454614372156
2026p198638,2026-03-15T11:54:30.510000+00:00,-40.34598922729492,176.7257843017578,14.628230094909668,2.248005170720852,ETVZ,HHZ,160873.21583922126,160.87321583922125,1.0,10.0,3.1622776601683795,5.284941551745617e-08,1.2411249193166416e-08,4.258186641402289,-16.75581918396367,0.9471602664391504,exact,1.0,10.0,-0.05428696417065311,-16.701532219793016
2026p198638,2026-03-15T11:54:30.510000+00:00,-40.34598922729492,176.7257843017578,14.628230094909668,2.248005170720852,NGZ,HHZ,162577.74286671632,162.5777428667163,1.0,10.0,3.1622776601683795,5.274131082243406e-08,1.2949756434074763e-08,4.072764695686134,-16.757866801904008,1.12652241557642,exact,1.0,10.0,0.11913537911777466,-16.877002181021783
2026p198638,2026-03-15T11:54:30.510000+00:00,-40.34598922729492,176.7257843017578,14.628230094909668,2.248005170720852,NOVZ,EHZ,166519.9380674775,166.51993806747748,1.0,10.0,3.1622776601683795,5.882091818053744e-08,1.512252072566044e-08,3.8896239091098073,-16.64876829393666,1.277398836799036,exact,1.0,10.0,0.24482585154452702,-16.893594145481185
2026p198638,2026-03-15T11:54:30.510000+00:00,-40.34598922729492,176.7257843017578,14.628230094909668,2.248005170720852,NTVZ,HHZ,165946.00570871128,165.94600570871128,1.0,10.0,3.1622776601683795,5.5854360782613564e-08,1.289108867369373e-08,4.332788501920173,-16.70051823421765,0.9936348993076428,exact,1.0,10.0,-0.006385444317864613,-16.694132789899786
2026p198638,2026-03-15T11:54:30.510000+00:00,-40.34598922729492,176.7257843017578,14.628230094909668,2.248005170720852,OTVZ,HHZ,160534.09337032097,160.53409337032096,1.0,10.0,3.1622776601683795,4.965756208405853e-08,1.348266238938739e-08,3.6830679764810763,-16.81811515021687,1.0,exact,1.0,10.0,0.0,-16.81811515021687
2026p198638,2026-03-15T11:54:30.510000+00:00,-40.34598922729492,176.7257843017578,14.628230094909668,2.248005170720852,TMVZ,HHZ,163044.30121998847,163.04430121998845,1.0,10.0,3.1622776601683795,4.9946477053366794e-08,1.3256475988678382e-08,3.767703958127582,-16.812313863801293,0.9214864370155496,exact,1.0,10.0,-0.08176722035762422,-16.73054664344367
2026p198638,2026-03-15T11:54:30.510000+00:00,-40.34598922729492,176.7257843017578,14.628230094909668,2.248005170720852,TUVZ,EHZ,151701.1456499706,151.70114564997058,1.0,10.0,3.1622776601683795,1.143866545777489e-07,1.7578564279696005e-08,6.507167067669479,-15.983681420594438,1.97029574161132,exact,1.0,10.0,0.6781836541279606,-16.6618650747224
2026p198638,2026-03-15T11:54:30.510000+00:00,-40.34598922729492,176.7257843017578,14.628230094909668,2.248005170720852,WTVZ,HHZ,168544.9064149832,168.54490641498322,1.0,10.0,3.1622776601683795,3.83033053770091e-08,1.1236707629354295e-08,3.408765862782367,-17.07772964221186,1.0296407025017171,exact,1.0,10.0,0.02920990886272243,-17.106939551074582
2026p198754,2026-03-15T12:56:34.183000+00:00,-40.11614227294922,174.96340942382812,15.220206260681152,2.1824813536694263,COVZ,HHZ,114382.9463337715,114.3829463337715,1.0,10.0,3.1622776601683795,1.1320104552993593e-07,1.2012700793065833e-08,9.423446690296297,-15.994100435089806,1.0310666692210522,exact,1.0,10.0,0.030593867562053945,-16.02469430265186
2026p198754,2026-03-15T12:56:34.183000+00:00,-40.11614227294922,174.96340942382812,15.220206260681152,2.1824813536694263,ETVZ,HHZ,127419.08728029055,127.41908728029055,1.0,10.0,3.1622776601683795,2.3058793893535592e-07,1.5383853150373997e-08,14.988958662137911,-15.28263353344827,0.9471602664391504,exact,1.0,10.0,-0.05428696417065311,-15.228346569277615
2026p198754,2026-03-15T12:56:34.183000+00:00,-40.11614227294922,174.96340942382812,15.220206260681152,2.1824813536694263,FWVZ,HHZ,109536.47963101103,109.53647963101102,1.0,10.0,3.1622776601683795,1.4649702232339484e-07,9.52494628854928e-09,15.380351540618234,-15.736260734133431,0.6226707538339719,exact,1.0,10.0,-0.4737373849098134,-15.262523349223617
2026p198754,2026-03-15T12:56:34.183000+00:00,-40.11614227294922,174.96340942382812,15.220206260681152,2.1824813536694263,KRVZ,HHZ,128553.20033141223,128.55320033141223,1.0,10.0,3.1622776601683795,1.5673621780617547e-07,1.9876778202357887e-08,7.885393508470231,-15.668701585980479,0.8296358879603257,exact,1.0,10.0,-0.18676836364818022,-15.481933222332298
2026p198754,2026-03-15T12:56:34.183000+00:00,-40.11614227294922,174.96340942382812,15.220206260681152,2.1824813536694263,NGZ,HHZ,119078.13718061475,119.07813718061475,1.0,10.0,3.1622776601683795,1.7536290552750333e-07,1.253986444534713e-08,13.984433906107421,-15.556408264394374,1.12652241557642,exact,1.0,10.0,0.11913537911777466,-15.67554364351215
2026p198754,2026-03-15T12:56:34.183000+00:00,-40.11614227294922,174.96340942382812,15.220206260681152,2.1824813536694263,NOVZ,EHZ,124259.05292461818,124.25905292461819,1.0,10.0,3.1622776601683795,2.064520067810813e-07,1.3893592106135424e-08,14.859512587094871,-15.393197864239752,1.277398836799036,exact,1.0,10.0,0.24482585154452702,-15.63802371578428
2026p198754,2026-03-15T12:56:34.183000+00:00,-40.11614227294922,174.96340942382812,15.220206260681152,2.1824813536694263,NTVZ,HHZ,129547.12001567101,129.547120015671,1.0,10.0,3.1622776601683795,2.390321593776214e-07,1.2876383166187155e-08,18.563610316079277,-15.246667736001664,0.9936348993076428,exact,1.0,10.0,-0.006385444317864613,-15.2402822916838
2026p198754,2026-03-15T12:56:34.183000+00:00,-40.11614227294922,174.96340942382812,15.220206260681152,2.1824813536694263,OTVZ,HHZ,122896.86364463437,122.89686364463438,1.0,10.0,3.1622776601683795,1.529302018591483e-07,1.3715118379336172e-08,11.150483548837608,-15.693284216642516,1.0,exact,1.0,10.0,0.0,-15.693284216642516
2026p198754,2026-03-15T12:56:34.183000+00:00,-40.11614227294922,174.96340942382812,15.220206260681152,2.1824813536694263,SNVZ,EHZ,119658.15369275042,119.65815369275042,1.0,10.0,3.1622776601683795,1.0556524280386992e-07,1.596041040864661e-08,6.6141935013575575,-16.063936659967613,0.7545196052473487,exact,1.0,10.0,-0.28167401668856396,-15.782262643279049
2026p198754,2026-03-15T12:56:34.183000+00:00,-40.11614227294922,174.96340942382812,15.220206260681152,2.1824813536694263,TMVZ,HHZ,129052.18381331852,129.05218381331852,1.0,10.0,3.1622776601683795,2.0153554069417835e-07,1.4182058739721957e-08,14.210598361837663,-15.417300090496635,0.9214864370155496,exact,1.0,10.0,-0.08176722035762422,-15.33553287013901
2026p198754,2026-03-15T12:56:34.183000+00:00,-40.11614227294922,174.96340942382812,15.220206260681152,2.1824813536694263,TUVZ,EHZ,112527.6459358679,112.5276459358679,1.0,10.0,3.1622776601683795,9.345012949168366e-07,2.607390988657042e-08,35.84047421281298,-13.883252824372956,1.97029574161132,exact,1.0,10.0,0.6781836541279606,-14.561436478500918
2026p198754,2026-03-15T12:56:34.183000+00:00,-40.11614227294922,174.96340942382812,15.220206260681152,2.1824813536694263,TWVZ,HHZ,124059.15564271006,124.05915564271005,1.0,10.0,3.1622776601683795,7.040942875158402e-08,8.950317104443478e-09,7.86669655722349,-16.468938651619933,0.5802755580898467,exact,1.0,10.0,-0.5442521881111088,-15.924686463508824
2026p198754,2026-03-15T12:56:34.183000+00:00,-40.11614227294922,174.96340942382812,15.220206260681152,2.1824813536694263,WHVZ,HHZ,108361.62028821392,108.36162028821391,1.0,10.0,3.1622776601683795,2.5090130838072483e-07,1.8230561703811834e-08,13.762675690253898,-15.198206168837832,0.8211193479986806,exact,1.0,10.0,-0.19708681103425454,-15.001119357803576
2026p198754,2026-03-15T12:56:34.183000+00:00,-40.11614227294922,174.96340942382812,15.220206260681152,2.1824813536694263,WTVZ,HHZ,124539.72107931641,124.53972107931641,1.0,10.0,3.1622776601683795,1.954064152051872e-07,1.3222844687621936e-08,14.777940739794783,-15.448184266734453,1.0296407025017171,exact,1.0,10.0,0.02920990886272243,-15.477394175597174
2026p199724,2026-03-15T21:33:01.947000+00:00,-39.7978401184082,176.63299560546875,27.99419403076172,2.089980783422718,ETVZ,HHZ,112066.84607396316,112.06684607396315,1.0,10.0,3.1622776601683795,8.308221422134829e-08,2.2302896656637716e-08,3.7251759491349135,-16.303435186616372,0.9471602664391504,exact,1.0,10.0,-0.05428696417065311,-16.24914822244572
2026p199724,2026-03-15T21:33:01.947000+00:00,-39.7978401184082,176.63299560546875,27.99419403076172,2.089980783422718,FWVZ,HHZ,114710.89271010329,114.7108927101033,1.0,10.0,3.1622776601683795,3.649566339586026e-08,1.1545825128601669e-08,3.1609402523733094,-17.126072394488883,0.6226707538339719,exact,1.0,10.0,-0.4737373849098134,-16.65233500957907
2026p199724,2026-03-15T21:33:01.947000+00:00,-39.7978401184082,176.63299560546875,27.99419403076172,2.089980783422718,NOVZ,EHZ,119015.34920735654,119.01534920735654,1.0,10.0,3.1622776601683795,8.154204708877811e-08,2.082753266872324e-08,3.915108351323343,-16.322147034538354,1.277398836799036,exact,1.0,10.0,0.24482585154452702,-16.56697288608288
2026p199724,2026-03-15T21:33:01.947000+00:00,-39.7978401184082,176.63299560546875,27.99419403076172,2.089980783422718,OTVZ,HHZ,113009.70739132582,113.00970739132582,1.0,10.0,3.1622776601683795,7.664139230454836e-08,1.4393674013071452e-08,5.3246580570705815,-16.38412853663582,1.0,exact,1.0,10.0,0.0,-16.38412853663582
2026p199724,2026-03-15T21:33:01.947000+00:00,-39.7978401184082,176.63299560546875,27.99419403076172,2.089980783422718,TUVZ,EHZ,106832.22151790191,106.83222151790191,1.0,10.0,3.1622776601683795,1.8766634152347454e-07,4.435481777993708e-08,4.231024969025152,-15.488600230033306,1.97029574161132,exact,1.0,10.0,0.6781836541279606,-16.166783884161266
2026p199724,2026-03-15T21:33:01.947000+00:00,-39.7978401184082,176.63299560546875,27.99419403076172,2.089980783422718,WHVZ,HHZ,110634.01527146572,110.63401527146571,1.0,10.0,3.1622776601683795,7.869683847089813e-08,2.226075069825569e-08,3.535228417838787,-16.357662854237233,0.8211193479986806,exact,1.0,10.0,-0.19708681103425454,-16.16057604320298
2026p200973,2026-03-16T08:38:56.664000+00:00,-40.1118392944336,174.95736694335938,17.055692672729492,2.283428159618456,COVZ,HHZ,114463.20952145055,114.46320952145055,1.0,10.0,3.1622776601683795,1.2732763508135507e-07,1.3825264199528447e-08,9.209779519851633,-15.876502268679273,1.0310666692210522,exact,1.0,10.0,0.030593867562053945,-15.907096136241327
2026p200973,2026-03-16T08:38:56.664000+00:00,-40.1118392944336,174.95736694335938,17.055692672729492,2.283428159618456,ETVZ,HHZ,127525.29141338282,127.52529141338282,1.0,10.0,3.1622776601683795,2.5312055443088977e-07,2.195164457172023e-08,11.530824198792779,-15.189399961981998,0.9471602664391504,exact,1.0,10.0,-0.05428696417065311,-15.135112997811344
2026p200973,2026-03-16T08:38:56.664000+00:00,-40.1118392944336,174.95736694335938,17.055692672729492,2.283428159618456,FWVZ,HHZ,109666.30626511927,109.66630626511927,1.0,10.0,3.1622776601683795,1.57317037847215e-07,1.499478528669664e-08,10.491449850021295,-15.665002718398009,0.6226707538339719,exact,1.0,10.0,-0.4737373849098134,-15.191265333488195
2026p200973,2026-03-16T08:38:56.664000+00:00,-40.1118392944336,174.95736694335938,17.055692672729492,2.283428159618456,KRVZ,HHZ,128616.97499014648,128.61697499014647,1.0,10.0,3.1622776601683795,1.797139462652375e-07,2.277126719666024e-08,7.892136380165762,-15.531899437569304,0.8296358879603257,exact,1.0,10.0,-0.18676836364818022,-15.345131073921124
2026p200973,2026-03-16T08:38:56.664000+00:00,-40.1118392944336,174.95736694335938,17.055692672729492,2.283428159618456,NGZ,HHZ,119171.52592690196,119.17152592690196,1.0,10.0,3.1622776601683795,1.9837432951312004e-07,1.160208368264239e-08,17.09816399703299,-15.433110038001605,1.12652241557642,exact,1.0,10.0,0.11913537911777466,-15.55224541711938
2026p200973,2026-03-16T08:38:56.664000+00:00,-40.1118392944336,174.95736694335938,17.055692672729492,2.283428159618456,NOVZ,EHZ,124331.5442249242,124.3315442249242,1.0,10.0,3.1622776601683795,2.2645626723906212e-07,1.4603360738040558e-08,15.507133686642561,-15.300713991288028,1.277398836799036,exact,1.0,10.0,0.24482585154452702,-15.545539842832556
2026p200973,2026-03-16T08:38:56.664000+00:00,-40.1118392944336,174.95736694335938,17.055692672729492,2.283428159618456,NTVZ,HHZ,129624.83611898412,129.62483611898412,1.0,10.0,3.1622776601683795,2.540656272327858e-07,2.2587602075904928e-08,11.248012355583661,-15.185673228368701,0.9936348993076428,exact,1.0,10.0,-0.006385444317864613,-15.179287784050837
2026p200973,2026-03-16T08:38:56.664000+00:00,-40.1118392944336,174.95736694335938,17.055692672729492,2.283428159618456,OTVZ,HHZ,123006.11398184393,123.00611398184392,1.0,10.0,3.1622776601683795,1.7256353042582885e-07,1.3854782556151918e-08,12.455159777964594,-15.572500375954322,1.0,exact,1.0,10.0,0.0,-15.572500375954322
2026p200973,2026-03-16T08:38:56.664000+00:00,-40.1118392944336,174.95736694335938,17.055692672729492,2.283428159618456,SNVZ,EHZ,119772.75025417934,119.77275025417934,1.0,10.0,3.1622776601683795,1.1278676271750001e-07,1.4918116372698807e-08,7.560388986099321,-15.997766856563926,0.7545196052473487,exact,1.0,10.0,-0.28167401668856396,-15.716092839875362
2026p200973,2026-03-16T08:38:56.664000+00:00,-40.1118392944336,174.95736694335938,17.055692672729492,2.283428159618456,TMVZ,HHZ,129146.08447380332,129.1460844738033,1.0,10.0,3.1622776601683795,2.2312336541555678e-07,2.627211454551843e-08,8.492782909764596,-15.315541010307996,0.9214864370155496,exact,1.0,10.0,-0.08176722035762422,-15.233773789950371
2026p200973,2026-03-16T08:38:56.664000+00:00,-40.1118392944336,174.95736694335938,17.055692672729492,2.283428159618456,TUVZ,EHZ,112690.44691835302,112.69044691835302,1.0,10.0,3.1622776601683795,9.908764400575267e-07,1.9664805894960796e-08,50.38831531571047,-13.824675992471084,1.97029574161132,exact,1.0,10.0,0.6781836541279606,-14.502859646599045
2026p200973,2026-03-16T08:38:56.664000+00:00,-40.1118392944336,174.95736694335938,17.055692672729492,2.283428159618456,TWVZ,HHZ,124039.9382685655,124.0399382685655,1.0,10.0,3.1622776601683795,7.630362241075493e-08,8.103658353594912e-09,9.41594759814935,-16.388545423888385,0.5802755580898467,exact,1.0,10.0,-0.5442521881111088,-15.844293235777275
2026p200973,2026-03-16T08:38:56.664000+00:00,-40.1118392944336,174.95736694335938,17.055692672729492,2.283428159618456,WHVZ,HHZ,108521.9705690015,108.5219705690015,1.0,10.0,3.1622776601683795,2.802573081752394e-07,2.5569614792180807e-08,10.960560432883101,-15.087557697991636,0.8211193479986806,exact,1.0,10.0,-0.19708681103425454,-14.890470886957381
2026p200973,2026-03-16T08:38:56.664000+00:00,-40.1118392944336,174.95736694335938,17.055692672729492,2.283428159618456,WTVZ,HHZ,124595.48402428254,124.59548402428254,1.0,10.0,3.1622776601683795,2.1535300701273541e-07,1.3505338728425592e-08,15.945768658098705,-15.350987262169108,1.0296407025017171,exact,1.0,10.0,0.02920990886272243,-15.38019717103183
2026p201523,2026-03-16T13:31:50.200000+00:00,-40.33519744873047,176.46617126464844,15.373967170715332,2.1604249625867262,ETVZ,HHZ,149021.14519570235,149.02114519570236,1.0,10.0,3.1622776601683795,6.887374237549478e-08,1.495663981355336e-08,4.604894096138023,-16.490990829160985,0.9471602664391504,exact,1.0,10.0,-0.05428696417065311,-16.43670386499033
2026p201523,2026-03-16T13:31:50.200000+00:00,-40.33519744873047,176.46617126464844,15.373967170715332,2.1604249625867262,NGZ,HHZ,149514.39331165902,149.514393311659,1.0,10.0,3.1622776601683795,7.451713939074573e-08,1.3848750107802975e-08,5.38078446146267,-16.412236679084213,1.12652241557642,exact,1.0,10.0,0.11913537911777466,-16.53137205820199
2026p201523,2026-03-16T13:31:50.200000+00:00,-40.33519744873047,176.46617126464844,15.373967170715332,2.1604249625867262,NOVZ,EHZ,153858.36918349346,153.85836918349347,1.0,10.0,3.1622776601683795,8.445185769209068e-08,2.1389009641804944e-08,3.948376250531443,-16.287084196396467,1.277398836799036,exact,1.0,10.0,0.24482585154452702,-16.531910047940993
2026p201523,2026-03-16T13:31:50.200000+00:00,-40.33519744873047,176.46617126464844,15.373967170715332,2.1604249625867262,NTVZ,HHZ,154017.6787114596,154.01767871145958,1.0,10.0,3.1622776601683795,6.550116972304182e-08,1.5512693784642237e-08,4.222423947276572,-16.541197836097613,0.9936348993076428,exact,1.0,10.0,-0.006385444317864613,-16.53481239177975
2026p201523,2026-03-16T13:31:50.200000+00:00,-40.33519744873047,176.46617126464844,15.373967170715332,2.1604249625867262,OTVZ,HHZ,148100.72660754077,148.10072660754076,1.0,10.0,3.1622776601683795,7.974085441594589e-08,1.211866818315801e-08,6.58000146639597,-16.34448378002746,1.0,exact,1.0,10.0,0.0,-16.34448378002746
2026p201523,2026-03-16T13:31:50.200000+00:00,-40.33519744873047,176.46617126464844,15.373967170715332,2.1604249625867262,TUVZ,EHZ,138446.19185332113,138.44619185332112,1.0,10.0,3.1622776601683795,1.921034107773742e-07,3.2120627654516537e-08,5.980686705241334,-15.46523201211154,1.97029574161132,exact,1.0,10.0,0.6781836541279606,-16.143415666239502
2026p201523,2026-03-16T13:31:50.200000+00:00,-40.33519744873047,176.46617126464844,15.373967170715332,2.1604249625867262,WHVZ,HHZ,140048.44280029464,140.04844280029462,1.0,10.0,3.1622776601683795,7.87304864221077e-08,2.4156657577496666e-08,3.2591630762465145,-16.357235381411346,0.8211193479986806,exact,1.0,10.0,-0.19708681103425454,-16.160148570377093
2026p201523,2026-03-16T13:31:50.200000+00:00,-40.33519744873047,176.46617126464844,15.373967170715332,2.1604249625867262,WTVZ,HHZ,155778.44910908732,155.77844910908732,1.0,10.0,3.1622776601683795,5.375102929054532e-08,1.3325774985212875e-08,4.033613756062283,-16.73890302053045,1.0296407025017171,exact,1.0,10.0,0.02920990886272243,-16.768112929393173
2026p201919,2026-03-16T17:02:33.555000+00:00,-40.29302215576172,175.84811401367188,23.84470748901367,2.457937655880444,COVZ,HHZ,126651.85618096279,126.65185618096278,1.0,10.0,3.1622776601683795,1.3350294987447348e-07,1.2266212204353836e-08,10.883795881754533,-15.829142262912226,1.0310666692210522,exact,1.0,10.0,0.030593867562053945,-15.85973613047428
2026p201919,2026-03-16T17:02:33.555000+00:00,-40.29302215576172,175.84811401367188,23.84470748901367,2.457937655880444,ETVZ,HHZ,131451.21140916768,131.45121140916768,1.0,10.0,3.1622776601683795,3.081024356383891e-07,1.9183085835190435e-08,16.061150864121675,-14.99283352602486,0.9471602664391504,exact,1.0,10.0,-0.05428696417065311,-14.938546561854206
2026p201919,2026-03-16T17:02:33.555000+00:00,-40.29302215576172,175.84811401367188,23.84470748901367,2.457937655880444,FWVZ,HHZ,120805.62710528889,120.80562710528889,1.0,10.0,3.1622776601683795,1.5232678635438474e-07,1.359182334501453e-08,11.207237063617228,-15.697237713623865,0.6226707538339719,exact,1.0,10.0,-0.4737373849098134,-15.223500328714051
2026p201919,2026-03-16T17:02:33.555000+00:00,-40.29302215576172,175.84811401367188,23.84470748901367,2.457937655880444,KRVZ,HHZ,136572.22519308602,136.572225193086,1.0,10.0,3.1622776601683795,1.1602393966220328e-07,2.4362937282556593e-08,4.762313275964234,-15.969469290734422,0.8296358879603257,exact,1.0,10.0,-0.18676836364818022,-15.78270092708624
2026p201919,2026-03-16T17:02:33.555000+00:00,-40.29302215576172,175.84811401367188,23.84470748901367,2.457937655880444,NGZ,HHZ,128378.45564120986,128.37845564120985,1.0,10.0,3.1622776601683795,2.291624814888543e-07,8.847232968134744e-09,25.902164248893794,-15.288834558834647,1.12652241557642,exact,1.0,10.0,0.11913537911777466,-15.407969937952423
2026p201919,2026-03-16T17:02:33.555000+00:00,-40.29302215576172,175.84811401367188,23.84470748901367,2.457937655880444,NOVZ,EHZ,133532.10623535755,133.53210623535756,1.0,10.0,3.1622776601683795,2.695555325754814e-07,1.6708400251053338e-08,16.13293484266921,-15.126491410030356,1.277398836799036,exact,1.0,10.0,0.24482585154452702,-15.371317261574884
2026p201919,2026-03-16T17:02:33.555000+00:00,-40.29302215576172,175.84811401367188,23.84470748901367,2.457937655880444,NTVZ,HHZ,135788.48111572757,135.78848111572756,1.0,10.0,3.1622776601683795,2.601769417261686e-07,3.68926939292551e-08,7.052261952599075,-15.161903892296042,0.9936348993076428,exact,1.0,10.0,-0.006385444317864613,-15.155518447978178
2026p201919,2026-03-16T17:02:33.555000+00:00,-40.29302215576172,175.84811401367188,23.84470748901367,2.457937655880444,OTVZ,HHZ,128947.10964891524,128.94710964891524,1.0,10.0,3.1622776601683795,2.4215497296550016e-07,9.966934771778531e-09,24.29583201960589,-15.233687931593202,1.0,exact,1.0,10.0,0.0,-15.233687931593202
2026p201919,2026-03-16T17:02:33.555000+00:00,-40.29302215576172,175.84811401367188,23.84470748901367,2.457937655880444,SNVZ,EHZ,126751.94769315736,126.75194769315736,1.0,10.0,3.1622776601683795,1.2362382647980957e-07,1.3155591441576368e-08,9.397055771214825,-15.906022539628491,0.7545196052473487,exact,1.0,10.0,-0.28167401668856396,-15.624348522939927
2026p201919,2026-03-16T17:02:33.555000+00:00,-40.29302215576172,175.84811401367188,23.84470748901367,2.457937655880444,TMVZ,HHZ,133676.28349383615,133.67628349383614,1.0,10.0,3.1622776601683795,2.5305283531440774e-07,3.911522991646873e-08,6.469419605989958,-15.18966753478712,0.9214864370155496,exact,1.0,10.0,-0.08176722035762422,-15.107900314429495
2026p201919,2026-03-16T17:02:33.555000+00:00,-40.29302215576172,175.84811401367188,23.84470748901367,2.457937655880444,TUVZ,EHZ,117797.66140496511,117.79766140496511,1.0,10.0,3.1622776601683795,9.47233713856482e-07,2.3725085113537676e-08,39.925408457902,-13.869719980273908,1.97029574161132,exact,1.0,10.0,0.6781836541279606,-14.54790363440187
2026p201919,2026-03-16T17:02:33.555000+00:00,-40.29302215576172,175.84811401367188,23.84470748901367,2.457937655880444,TWVZ,HHZ,142371.37866666503,142.37137866666504,1.0,10.0,3.1622776601683795,6.59457588359578e-08,9.769252794032238e-09,6.750338047986864,-16.534433268631005,0.5802755580898467,exact,1.0,10.0,-0.5442521881111088,-15.990181080519896
2026p201919,2026-03-16T17:02:33.555000+00:00,-40.29302215576172,175.84811401367188,23.84470748901367,2.457937655880444,WHVZ,HHZ,117286.28348928592,117.28628348928592,1.0,10.0,3.1622776601683795,4.64405330566007e-07,2.0424831943667616e-08,22.73729016947864,-14.58250810879491,0.8211193479986806,exact,1.0,10.0,-0.19708681103425454,-14.385421297760654
2026p201919,2026-03-16T17:02:33.555000+00:00,-40.29302215576172,175.84811401367188,23.84470748901367,2.457937655880444,WTVZ,HHZ,134972.38611239745,134.97238611239746,1.0,10.0,3.1622776601683795,2.3675690125329392e-07,1.2736469538596902e-08,18.58889549696799,-15.25623195534396,1.0296407025017171,exact,1.0,10.0,0.02920990886272243,-15.285441864206682
2026p205989,2026-03-18T05:11:17.900000+00:00,-39.88284683227539,176.22715759277344,20.49890899658203,2.8474612688666534,COVZ,HHZ,98400.98622056891,98.40098622056891,1.0,10.0,3.1622776601683795,3.7987637723697734e-07,8.062332022729952e-08,4.711743155280636,-14.783419960215593,1.0310666692210522,exact,1.0,10.0,0.030593867562053945,-14.814013827777647
2026p205989,2026-03-18T05:11:17.900000+00:00,-39.88284683227539,176.22715759277344,20.49890899658203,2.8474612688666534,ETVZ,HHZ,96576.14823384624,96.57614823384624,1.0,10.0,3.1622776601683795,1.0647728431138133e-06,2.8841454479465934e-08,36.91813961296206,-13.752749074403921,0.9471602664391504,exact,1.0,10.0,-0.05428696417065311,-13.698462110233267
2026p205989,2026-03-18T05:11:17.900000+00:00,-39.88284683227539,176.22715759277344,20.49890899658203,2.8474612688666534,FWVZ,HHZ,93403.91779891086,93.40391779891085,1.0,10.0,3.1622776601683795,2.714045921697742e-07,8.285029387278843e-09,32.758434458482355,-15.119655169387483,0.6226707538339719,exact,1.0,10.0,-0.4737373849098134,-14.64591778447767
2026p205989,2026-03-18T05:11:17.900000+00:00,-39.88284683227539,176.22715759277344,20.49890899658203,2.8474612688666534,KRVZ,HHZ,103314.7016702032,103.31470167020319,1.0,10.0,3.1622776601683795,3.93817240875091e-07,1.8668307246520437e-08,21.09549814424091,-14.747378890909765,0.8296358879603257,exact,1.0,10.0,-0.18676836364818022,-14.560610527261584
2026p205989,2026-03-18T05:11:17.900000+00:00,-39.88284683227539,176.22715759277344,20.49890899658203,2.8474612688666534,NGZ,HHZ,97695.62665272328,97.69562665272328,1.0,10.0,3.1622776601683795,9.09600413725356e-07,9.977948309131267e-09,91.16106693927648,-13.91026043966701,1.12652241557642,exact,1.0,10.0,0.11913537911777466,-14.029395818784785
2026p205989,2026-03-18T05:11:17.900000+00:00,-39.88284683227539,176.22715759277344,20.49890899658203,2.8474612688666534,NOVZ,EHZ,101715.10494378525,101.71510494378525,1.0,10.0,3.1622776601683795,7.628690260080597e-07,1.2816933099064695e-08,59.520403212819254,-14.086179477004684,1.277398836799036,exact,1.0,10.0,0.24482585154452702,-14.331005328549212
2026p205989,2026-03-18T05:11:17.900000+00:00,-39.88284683227539,176.22715759277344,20.49890899658203,2.8474612688666534,NTVZ,HHZ,101514.54563497422,101.51454563497421,1.0,10.0,3.1622776601683795,9.822363815650248e-07,1.855075157568507e-08,52.94860305565551,-13.833433843134346,0.9936348993076428,exact,1.0,10.0,-0.006385444317864613,-13.827048398816482
2026p205989,2026-03-18T05:11:17.900000+00:00,-39.88284683227539,176.22715759277344,20.49890899658203,2.8474612688666534,OTVZ,HHZ,95944.71187691366,95.94471187691366,1.0,10.0,3.1622776601683795,8.603218973363398e-07,1.0459200496370653e-08,82.25503446796644,-13.965959218503038,1.0,exact,1.0,10.0,0.0,-13.965959218503038
2026p205989,2026-03-18T05:11:17.900000+00:00,-39.88284683227539,176.22715759277344,20.49890899658203,2.8474612688666534,SNVZ,EHZ,94950.05675839382,94.95005675839383,1.0,10.0,3.1622776601683795,4.5263801596849187e-07,1.3195566656970035e-08,34.30227952578329,-14.608173112646638,0.7545196052473487,exact,1.0,10.0,-0.28167401668856396,-14.326499095958074
2026p205989,2026-03-18T05:11:17.900000+00:00,-39.88284683227539,176.22715759277344,20.49890899658203,2.8474612688666534,TMVZ,HHZ,98748.27941237863,98.74827941237864,1.0,10.0,3.1622776601683795,7.315913592559571e-07,3.212248605253999e-08,22.775054149275867,-14.12804373124855,0.9214864370155496,exact,1.0,10.0,-0.08176722035762422,-14.046276510890925
2026p205989,2026-03-18T05:11:17.900000+00:00,-39.88284683227539,176.22715759277344,20.49890899658203,2.8474612688666534,TUVZ,EHZ,87007.49101070882,87.00749101070882,1.0,10.0,3.1622776601683795,2.3985870405631484e-06,3.023171491130727e-08,79.340091939873,-12.940630727080443,1.97029574161132,exact,1.0,10.0,0.6781836541279606,-13.618814381208404
2026p205989,2026-03-18T05:11:17.900000+00:00,-39.88284683227539,176.22715759277344,20.49890899658203,2.8474612688666534,TWVZ,HHZ,114906.37444977529,114.9063744497753,1.0,10.0,3.1622776601683795,1.6557762770608455e-07,6.013067076762083e-09,27.5363014568673,-15.61382570251507,0.5802755580898467,exact,1.0,10.0,-0.5442521881111088,-15.069573514403961
2026p205989,2026-03-18T05:11:17.900000+00:00,-39.88284683227539,176.22715759277344,20.49890899658203,2.8474612688666534,WHVZ,HHZ,89236.8383139727,89.2368383139727,1.0,10.0,3.1622776601683795,9.928721515597039e-07,2.561851741845512e-08,38.75603475962495,-13.822663930878305,0.8211193479986806,exact,1.0,10.0,-0.19708681103425454,-13.62557711984405
2026p205989,2026-03-18T05:11:17.900000+00:00,-39.88284683227539,176.22715759277344,20.49890899658203,2.8474612688666534,WTVZ,HHZ,103630.94161745318,103.63094161745317,1.0,10.0,3.1622776601683795,5.029233500800097e-07,1.3216775730410686e-08,38.05189407298676,-14.502828063985346,1.0296407025017171,exact,1.0,10.0,0.02920990886272243,-14.532037972848068
2026p206607,2026-03-18T10:40:14.854000+00:00,-40.22488784790039,175.25802612304688,20.05788993835449,2.1730092299464223,COVZ,HHZ,118295.68642037298,118.29568642037297,1.0,10.0,3.1622776601683795,1.1061622025471642e-07,1.2249738364574136e-08,9.030088395570562,-16.017199101697,1.0310666692210522,exact,1.0,10.0,0.030593867562053945,-16.047792969259053
2026p206607,2026-03-18T10:40:14.854000+00:00,-40.22488784790039,175.25802612304688,20.05788993835449,2.1730092299464223,FWVZ,HHZ,112805.73065488263,112.80573065488264,1.0,10.0,3.1622776601683795,1.250840175576646e-07,8.826759544268165e-09,14.17100091266114,-15.894280184968025,0.6226707538339719,exact,1.0,10.0,-0.4737373849098134,-15.420542800058211
2026p206607,2026-03-18T10:40:14.854000+00:00,-40.22488784790039,175.25802612304688,20.05788993835449,2.1730092299464223,KRVZ,HHZ,131477.8956727093,131.4778956727093,1.0,10.0,3.1622776601683795,1.7168876087017132e-07,2.7792855084271354e-08,6.177442380409997,-15.57758252913436,0.8296358879603257,exact,1.0,10.0,-0.18676836364818022,-15.39081416548618
2026p206607,2026-03-18T10:40:14.854000+00:00,-40.22488784790039,175.25802612304688,20.05788993835449,2.1730092299464223,NOVZ,EHZ,127481.36427241043,127.48136427241043,1.0,10.0,3.1622776601683795,2.1802916606219378e-07,1.9706471988730173e-08,11.063835585937518,-15.33863699383019,1.277398836799036,exact,1.0,10.0,0.24482585154452702,-15.583462845374719
2026p206607,2026-03-18T10:40:14.854000+00:00,-40.22488784790039,175.25802612304688,20.05788993835449,2.1730092299464223,NTVZ,HHZ,131838.4118501361,131.83841185013608,1.0,10.0,3.1622776601683795,2.6154640575496363e-07,3.883547144779269e-08,6.734729771635855,-15.156654109319556,0.9936348993076428,exact,1.0,10.0,-0.006385444317864613,-15.150268665001692
2026p206607,2026-03-18T10:40:14.854000+00:00,-40.22488784790039,175.25802612304688,20.05788993835449,2.1730092299464223,OTVZ,HHZ,124825.21550798794,124.82521550798795,1.0,10.0,3.1622776601683795,1.380279011852847e-07,1.4246805029179492e-08,9.688340712362095,-15.79580998972327,1.0,exact,1.0,10.0,0.0,-15.79580998972327
2026p206607,2026-03-18T10:40:14.854000+00:00,-40.22488784790039,175.25802612304688,20.05788993835449,2.1730092299464223,SNVZ,EHZ,121832.44672993907,121.83244672993906,1.0,10.0,3.1622776601683795,1.056705613604192e-07,1.9942513067691596e-08,5.298758536686814,-16.062939494115994,0.7545196052473487,exact,1.0,10.0,-0.28167401668856396,-15.78126547742743
2026p206607,2026-03-18T10:40:14.854000+00:00,-40.22488784790039,175.25802612304688,20.05788993835449,2.1730092299464223,TMVZ,HHZ,130710.18458204661,130.71018458204662,1.0,10.0,3.1622776601683795,1.7934003672543675e-07,3.37811934929112e-08,5.308872132154546,-15.533982186641463,0.9214864370155496,exact,1.0,10.0,-0.08176722035762422,-15.452214966283838
2026p206607,2026-03-18T10:40:14.854000+00:00,-40.22488784790039,175.25802612304688,20.05788993835449,2.1730092299464223,TUVZ,EHZ,113623.40930421697,113.62340930421696,1.0,10.0,3.1622776601683795,7.810804500285297e-07,2.8718210941292915e-08,27.198088753691874,-14.06258768341239,1.97029574161132,exact,1.0,10.0,0.6781836541279606,-14.740771337540352
2026p206607,2026-03-18T10:40:14.854000+00:00,-40.22488784790039,175.25802612304688,20.05788993835449,2.1730092299464223,TWVZ,HHZ,130759.12349098749,130.7591234909875,1.0,10.0,3.1622776601683795,6.032685203039137e-08,5.326946491065391e-09,11.324846632413982,-16.623488525029803,0.5802755580898467,exact,1.0,10.0,-0.5442521881111088,-16.079236336918694
2026p206607,2026-03-18T10:40:14.854000+00:00,-40.22488784790039,175.25802612304688,20.05788993835449,2.1730092299464223,WHVZ,HHZ,110642.88513145944,110.64288513145944,1.0,10.0,3.1622776601683795,3.514595037393079e-07,2.024135379470237e-08,17.36343859723913,-14.861171342178352,0.8211193479986806,exact,1.0,10.0,-0.19708681103425454,-14.664084531144097
2026p206607,2026-03-18T10:40:14.854000+00:00,-40.22488784790039,175.25802612304688,20.05788993835449,2.1730092299464223,WTVZ,HHZ,128216.83312816544,128.21683312816543,1.0,10.0,3.1622776601683795,2.2871030781310336e-07,1.396858464981301e-08,16.37319123925451,-15.290809665603653,1.0296407025017171,exact,1.0,10.0,0.02920990886272243,-15.320019574466375
2026p207461,2026-03-18T18:15:36.078000+00:00,-39.511627197265625,175.68267822265625,7.28461217880249,2.1841756100585137,COVZ,HHZ,37614.359188402486,37.61435918840249,1.0,10.0,3.1622776601683795,4.5289181590851006e-07,2.616662810276161e-08,17.307992995120077,-14.6076125569637,1.0310666692210522,exact,1.0,10.0,0.030593867562053945,-14.638206424525753
2026p207461,2026-03-18T18:15:36.078000+00:00,-39.511627197265625,175.68267822265625,7.28461217880249,2.1841756100585137,ETVZ,HHZ,42664.936590170764,42.66493659017076,1.0,10.0,3.1622776601683795,1.389555483662448e-06,1.089149119449925e-07,12.758174788446263,-13.486526657893592,0.9471602664391504,exact,1.0,10.0,-0.05428696417065311,-13.432239693722938
2026p207461,2026-03-18T18:15:36.078000+00:00,-39.511627197265625,175.68267822265625,7.28461217880249,2.1841756100585137,FWVZ,HHZ,32000.550432869753,32.00055043286975,1.0,10.0,3.1622776601683795,5.819311696468434e-07,1.5714399838626614e-08,37.031714581707,-14.356913661420464,0.6226707538339719,exact,1.0,10.0,-0.4737373849098134,-13.88317627651065
2026p207461,2026-03-18T18:15:36.078000+00:00,-39.511627197265625,175.68267822265625,7.28461217880249,2.1841756100585137,KRVZ,HHZ,47224.08113575509,47.22408113575509,1.0,10.0,3.1622776601683795,7.103673634229078e-07,2.7156442255050548e-08,26.15833682303483,-14.15748358745144,0.8296358879603257,exact,1.0,10.0,-0.18676836364818022,-13.970715223803259
2026p207461,2026-03-18T18:15:36.078000+00:00,-39.511627197265625,175.68267822265625,7.28461217880249,2.1841756100585137,NGZ,HHZ,38956.377253950806,38.956377253950805,1.0,10.0,3.1622776601683795,9.46306037918913e-07,2.519330350966041e-07,3.7561808341492435,-13.870699812897879,1.12652241557642,exact,1.0,10.0,0.11913537911777466,-13.989835192015654
2026p207461,2026-03-18T18:15:36.078000+00:00,-39.511627197265625,175.68267822265625,7.28461217880249,2.1841756100585137,NOVZ,EHZ,44086.12477675776,44.08612477675776,1.0,10.0,3.1622776601683795,1.2198378078290803e-06,2.959584652737261e-08,41.21652025397809,-13.616792652459392,1.277398836799036,exact,1.0,10.0,0.24482585154452702,-13.86161850400392
2026p207461,2026-03-18T18:15:36.078000+00:00,-39.511627197265625,175.68267822265625,7.28461217880249,2.1841756100585137,NTVZ,HHZ,46660.62660629744,46.66062660629744,1.0,10.0,3.1622776601683795,1.394750143504476e-06,6.590144544182542e-08,21.16418136436314,-13.482795267331747,0.9936348993076428,exact,1.0,10.0,-0.006385444317864613,-13.476409823013883
2026p207461,2026-03-18T18:15:36.078000+00:00,-39.511627197265625,175.68267822265625,7.28461217880249,2.1841756100585137,OTVZ,HHZ,39707.661011927776,39.707661011927776,1.0,10.0,3.1622776601683795,8.346117129171715e-07,1.1641099764284204e-08,71.6952633184903,-13.996299234718768,1.0,exact,1.0,10.0,0.0,-13.996299234718768
2026p207461,2026-03-18T18:15:36.078000+00:00,-39.511627197265625,175.68267822265625,7.28461217880249,2.1841756100585137,SNVZ,EHZ,37382.70068239408,37.38270068239408,1.0,10.0,3.1622776601683795,5.314249335692462e-07,1.613254627383055e-08,32.94116902248088,-14.447703884192176,0.7545196052473487,exact,1.0,10.0,-0.28167401668856396,-14.166029867503612
2026p207461,2026-03-18T18:15:36.078000+00:00,-39.511627197265625,175.68267822265625,7.28461217880249,2.1841756100585137,TMVZ,HHZ,44815.57480948628,44.81557480948628,1.0,10.0,3.1622776601683795,8.765284014944454e-07,8.134538825520169e-08,10.775391454824057,-13.947296729807821,0.9214864370155496,exact,1.0,10.0,-0.08176722035762422,-13.865529509450196
2026p207461,2026-03-18T18:15:36.078000+00:00,-39.511627197265625,175.68267822265625,7.28461217880249,2.1841756100585137,TUVZ,EHZ,28562.491436618075,28.562491436618075,1.0,10.0,3.1622776601683795,5.572319954160242e-06,2.786965035456452e-08,199.94222687647036,-12.097699081914909,1.97029574161132,exact,1.0,10.0,0.6781836541279606,-12.77588273604287
2026p207461,2026-03-18T18:15:36.078000+00:00,-39.511627197265625,175.68267822265625,7.28461217880249,2.1841756100585137,TWVZ,HHZ,53940.842884033365,53.940842884033366,1.0,10.0,3.1622776601683795,1.7463065644168824e-07,8.127385607781464e-09,21.486695091037674,-15.56059262795867,0.5802755580898467,exact,1.0,10.0,-0.5442521881111088,-15.01634043984756
2026p207461,2026-03-18T18:15:36.078000+00:00,-39.511627197265625,175.68267822265625,7.28461217880249,2.1841756100585137,WHVZ,HHZ,28301.066803423626,28.301066803423627,1.0,10.0,3.1622776601683795,1.5720021479262845e-06,1.934742176437369e-08,81.25124717242514,-13.363160497592872,0.8211193479986806,exact,1.0,10.0,-0.19708681103425454,-13.166073686558617
2026p207461,2026-03-18T18:15:36.078000+00:00,-39.511627197265625,175.68267822265625,7.28461217880249,2.1841756100585137,WTVZ,HHZ,45525.77297022587,45.52577297022587,1.0,10.0,3.1622776601683795,1.5871858181696912e-06,1.8005700367059868e-08,88.14907422725602,-13.353548035580664,1.0296407025017171,exact,1.0,10.0,0.02920990886272243,-13.382757944443386
2026p207967,2026-03-18T22:44:59.928000+00:00,-40.31303024291992,176.71315002441406,15.439863204956056,2.876423252183032,ETVZ,HHZ,157329.88628528803,157.32988628528804,1.0,10.0,3.1622776601683795,4.353374338727572e-07,1.2808023784737934e-07,3.3989430468696207,-14.647144396512957,0.9471602664391504,exact,1.0,10.0,-0.05428696417065311,-14.592857432342303
2026p207967,2026-03-18T22:44:59.928000+00:00,-40.31303024291992,176.71315002441406,15.439863204956056,2.876423252183032,FWVZ,HHZ,154866.25005216297,154.86625005216297,1.0,10.0,3.1622776601683795,1.8402171974084378e-07,1.2142159058709577e-08,15.155601145650031,-15.508212044234039,0.6226707538339719,exact,1.0,10.0,-0.4737373849098134,-15.034474659324225
2026p207967,2026-03-18T22:44:59.928000+00:00,-40.31303024291992,176.71315002441406,15.439863204956056,2.876423252183032,KRVZ,HHZ,164417.84956743705,164.41784956743706,1.0,10.0,3.1622776601683795,2.4255179031874474e-07,3.223351925361638e-08,7.524831167528569,-15.232050581046622,0.8296358879603257,exact,1.0,10.0,-0.18676836364818022,-15.04528221739844
2026p207967,2026-03-18T22:44:59.928000+00:00,-40.31303024291992,176.71315002441406,15.439863204956056,2.876423252183032,NGZ,HHZ,159114.45605133523,159.11445605133522,1.0,10.0,3.1622776601683795,3.8198877981993754e-07,1.0245153025390727e-07,3.7284829116095057,-14.777874600970323,1.12652241557642,exact,1.0,10.0,0.11913537911777466,-14.897009980088098
2026p207967,2026-03-18T22:44:59.928000+00:00,-40.31303024291992,176.71315002441406,15.439863204956056,2.876423252183032,NOVZ,EHZ,163022.90344713058,163.02290344713057,1.0,10.0,3.1622776601683795,4.1623866028827076e-07,3.1331879469058236e-08,13.284828977442187,-14.692007038573543,1.277398836799036,exact,1.0,10.0,0.24482585154452702,-14.93683289011807
2026p207967,2026-03-18T22:44:59.928000+00:00,-40.31303024291992,176.71315002441406,15.439863204956056,2.876423252183032,NTVZ,HHZ,162401.03066045282,162.40103066045282,1.0,10.0,3.1622776601683795,3.1581135662787896e-07,4.2741040813714163e-08,7.388948668899652,-14.968120774315233,0.9936348993076428,exact,1.0,10.0,-0.006385444317864613,-14.961735329997369
2026p207967,2026-03-18T22:44:59.928000+00:00,-40.31303024291992,176.71315002441406,15.439863204956056,2.876423252183032,OTVZ,HHZ,157029.83091191365,157.02983091191365,1.0,10.0,3.1622776601683795,3.891223183129306e-07,2.641245820070315e-08,14.73252945091538,-14.75937209979096,1.0,exact,1.0,10.0,0.0,-14.75937209979096
2026p207967,2026-03-18T22:44:59.928000+00:00,-40.31303024291992,176.71315002441406,15.439863204956056,2.876423252183032,SNVZ,EHZ,156191.46299564134,156.19146299564133,1.0,10.0,3.1622776601683795,2.1104799179235958e-07,1.8231940408335755e-08,11.575728477911607,-15.371180280080116,0.7545196052473487,exact,1.0,10.0,-0.28167401668856396,-15.089506263391552
2026p207967,2026-03-18T22:44:59.928000+00:00,-40.31303024291992,176.71315002441406,15.439863204956056,2.876423252183032,TMVZ,HHZ,159494.01847195943,159.49401847195944,1.0,10.0,3.1622776601683795,3.658783520498237e-07,6.709030345255392e-08,5.453520601655526,-14.820964930241246,0.9214864370155496,exact,1.0,10.0,-0.08176722035762422,-14.739197709883621
2026p207967,2026-03-18T22:44:59.928000+00:00,-40.31303024291992,176.71315002441406,15.439863204956056,2.876423252183032,TUVZ,EHZ,148268.7746316389,148.2687746316389,1.0,10.0,3.1622776601683795,8.818703934680328e-07,2.7390451678007533e-08,32.19627057760819,-13.941220737918636,1.97029574161132,exact,1.0,10.0,0.6781836541279606,-14.619404392046597
2026p207967,2026-03-18T22:44:59.928000+00:00,-40.31303024291992,176.71315002441406,15.439863204956056,2.876423252183032,TWVZ,HHZ,176795.24232458512,176.79524232458513,1.0,10.0,3.1622776601683795,1.2250340102472947e-07,8.890510265345603e-09,13.779119237085471,-15.915127043879847,0.5802755580898467,exact,1.0,10.0,-0.5442521881111088,-15.370874855768738
2026p207967,2026-03-18T22:44:59.928000+00:00,-40.31303024291992,176.71315002441406,15.439863204956056,2.876423252183032,WHVZ,HHZ,150582.405533897,150.582405533897,1.0,10.0,3.1622776601683795,5.137861950094761e-07,2.0860650180332833e-08,24.6294430215731,-14.481458621044442,0.8211193479986806,exact,1.0,10.0,-0.19708681103425454,-14.284371810010187
2026p207967,2026-03-18T22:44:59.928000+00:00,-40.31303024291992,176.71315002441406,15.439863204956056,2.876423252183032,WTVZ,HHZ,165050.29045365355,165.05029045365356,1.0,10.0,3.1622776601683795,3.007748471619907e-07,1.9102709537556826e-08,15.745140581793025,-15.01690386817427,1.0296407025017171,exact,1.0,10.0,0.02920990886272243,-15.046113777036991
2026p208346,2026-03-19T02:07:08.734000+00:00,-40.36037063598633,175.65811157226562,30.45720100402832,2.323524208446812,ETVZ,HHZ,139692.08361487073,139.69208361487074,1.0,10.0,3.1622776601683795,2.3206913372365393e-07,5.775282885186209e-08,4.018316303066624,-15.276230519482196,0.9471602664391504,exact,1.0,10.0,-0.05428696417065311,-15.221943555311542
2026p208346,2026-03-19T02:07:08.734000+00:00,-40.36037063598633,175.65811157226562,30.45720100402832,2.323524208446812,FWVZ,HHZ,127285.4060258194,127.2854060258194,1.0,10.0,3.1622776601683795,7.445935241029457e-08,2.247677466240344e-08,3.3127240686735004,-16.41301246568854,0.6226707538339719,exact,1.0,10.0,-0.4737373849098134,-15.939275080778724
2026p208346,2026-03-19T02:07:08.734000+00:00,-40.36037063598633,175.65811157226562,30.45720100402832,2.323524208446812,NOVZ,EHZ,140728.36208434685,140.72836208434686,1.0,10.0,3.1622776601683795,2.075343026624023e-07,2.5979985278950155e-08,7.988237885205943,-15.387969196902844,1.277398836799036,exact,1.0,10.0,0.24482585154452702,-15.632795048447372
2026p208346,2026-03-19T02:07:08.734000+00:00,-40.36037063598633,175.65811157226562,30.45720100402832,2.323524208446812,NTVZ,HHZ,143660.18617765149,143.6601861776515,1.0,10.0,3.1622776601683795,1.5052275341465353e-07,4.135979441136952e-08,3.639349652407263,-15.709151578705429,0.9936348993076428,exact,1.0,10.0,-0.006385444317864613,-15.702766134387565
2026p208346,2026-03-19T02:07:08.734000+00:00,-40.36037063598633,175.65811157226562,30.45720100402832,2.323524208446812,OTVZ,HHZ,136721.5717900863,136.7215717900863,1.0,10.0,3.1622776601683795,1.1817630110939015e-07,1.555082605321195e-08,7.59935843311561,-15.95108825030538,1.0,exact,1.0,10.0,0.0,-15.95108825030538
2026p208346,2026-03-19T02:07:08.734000+00:00,-40.36037063598633,175.65811157226562,30.45720100402832,2.323524208446812,SNVZ,EHZ,134258.75697570833,134.25875697570834,1.0,10.0,3.1622776601683795,8.115691669118311e-08,2.441373295983004e-08,3.3242321780416533,-16.326881313208446,0.7545196052473487,exact,1.0,10.0,-0.28167401668856396,-16.045207296519884
2026p208346,2026-03-19T02:07:08.734000+00:00,-40.36037063598633,175.65811157226562,30.45720100402832,2.323524208446812,TMVZ,HHZ,141839.32454771784,141.83932454771784,1.0,10.0,3.1622776601683795,1.7178376157011935e-07,3.463328963723492e-08,4.960076370724868,-15.577029351245804,0.9214864370155496,exact,1.0,10.0,-0.08176722035762422,-15.495262130888179
2026p208346,2026-03-19T02:07:08.734000+00:00,-40.36037063598633,175.65811157226562,30.45720100402832,2.323524208446812,TUVZ,EHZ,125448.05948481389,125.44805948481388,1.0,10.0,3.1622776601683795,4.64054361130469e-07,3.5658067427028635e-08,13.014007617774544,-14.583264133973803,1.97029574161132,exact,1.0,10.0,0.6781836541279606,-15.261447788101764
2026p208346,2026-03-19T02:07:08.734000+00:00,-40.36037063598633,175.65811157226562,30.45720100402832,2.323524208446812,TWVZ,HHZ,147803.9192571473,147.8039192571473,1.0,10.0,3.1622776601683795,5.402444903225794e-08,6.6713178933369165e-09,8.098017497594547,-16.733829132990326,0.5802755580898467,exact,1.0,10.0,-0.5442521881111088,-16.189576944879217
2026p208346,2026-03-19T02:07:08.734000+00:00,-40.36037063598633,175.65811157226562,30.45720100402832,2.323524208446812,WHVZ,HHZ,124170.70097734236,124.17070097734236,1.0,10.0,3.1622776601683795,2.3172539650031788e-07,2.6451517322681386e-08,8.760382010359015,-15.277712802104663,0.8211193479986806,exact,1.0,10.0,-0.19708681103425454,-15.080625991070407
2026p208346,2026-03-19T02:07:08.734000+00:00,-40.36037063598633,175.65811157226562,30.45720100402832,2.323524208446812,WTVZ,HHZ,141941.37593526448,141.9413759352645,1.0,10.0,3.1622776601683795,1.5510543767628406e-07,1.826970396604314e-08,8.489761955889911,-15.679160708214814,1.0296407025017171,exact,1.0,10.0,0.02920990886272243,-15.708370617077536
2026p209045,2026-03-19T08:19:27.218000+00:00,-40.28644180297852,174.82144165039062,22.81144523620605,3.0604823894419426,COVZ,HHZ,137635.56855217405,137.63556855217405,1.0,10.0,3.1622776601683795,4.544792307860254e-07,1.4046699738158475e-08,32.35487618144301,-14.604113621213438,1.0310666692210522,exact,1.0,10.0,0.030593867562053945,-14.634707488775492
2026p209045,2026-03-19T08:19:27.218000+00:00,-40.28644180297852,174.82144165039062,22.81144523620605,3.0604823894419426,ETVZ,HHZ,150716.45072484302,150.716450724843,1.0,10.0,3.1622776601683795,6.795431659924605e-07,1.1521107685426655e-07,5.898245069369779,-14.201845079261858,0.9471602664391504,exact,1.0,10.0,-0.05428696417065311,-14.147558115091204
2026p209045,2026-03-19T08:19:27.218000+00:00,-40.28644180297852,174.82144165039062,22.81144523620605,3.0604823894419426,FWVZ,HHZ,132898.61064641539,132.8986106464154,1.0,10.0,3.1622776601683795,4.833323937232675e-07,1.478787321246641e-08,32.684375013156775,-14.542561234222616,0.6226707538339719,exact,1.0,10.0,-0.4737373849098134,-14.068823849312801
2026p209045,2026-03-19T08:19:27.218000+00:00,-40.28644180297852,174.82144165039062,22.81144523620605,3.0604823894419426,KRVZ,HHZ,151777.42604517465,151.77742604517465,1.0,10.0,3.1622776601683795,5.268869582025227e-07,3.204919301382382e-08,16.439944618114406,-14.456279811978058,0.8296358879603257,exact,1.0,10.0,-0.18676836364818022,-14.269511448329878
2026p209045,2026-03-19T08:19:27.218000+00:00,-40.28644180297852,174.82144165039062,22.81144523620605,3.0604823894419426,NGZ,HHZ,142368.30681605698,142.368306816057,1.0,10.0,3.1622776601683795,7.84888005299466e-07,4.887018982020347e-08,16.06067028155853,-14.057724797750431,1.12652241557642,exact,1.0,10.0,0.11913537911777466,-14.176860176868207
2026p209045,2026-03-19T08:19:27.218000+00:00,-40.28644180297852,174.82144165039062,22.81144523620605,3.0604823894419426,NOVZ,EHZ,147500.97640218097,147.50097640218098,1.0,10.0,3.1622776601683795,7.300254144389906e-07,2.198373136106145e-08,33.207529806884544,-14.130186489109992,1.277398836799036,exact,1.0,10.0,0.24482585154452702,-14.37501234065452
2026p209045,2026-03-19T08:19:27.218000+00:00,-40.28644180297852,174.82144165039062,22.81144523620605,3.0604823894419426,NTVZ,HHZ,152801.8782450321,152.8018782450321,1.0,10.0,3.1622776601683795,8.465898566505233e-07,2.995775149019356e-08,28.259459223021057,-13.9820494902088,0.9936348993076428,exact,1.0,10.0,-0.006385444317864613,-13.975664045890936
2026p209045,2026-03-19T08:19:27.218000+00:00,-40.28644180297852,174.82144165039062,22.81144523620605,3.0604823894419426,OTVZ,HHZ,146212.16302040571,146.2121630204057,1.0,10.0,3.1622776601683795,6.194207782001952e-07,1.4841430590094972e-08,41.7359212402065,-14.29448102428026,1.0,exact,1.0,10.0,0.0,-14.29448102428026
2026p209045,2026-03-19T08:19:27.218000+00:00,-40.28644180297852,174.82144165039062,22.81144523620605,3.0604823894419426,SNVZ,EHZ,142987.2605087362,142.9872605087362,1.0,10.0,3.1622776601683795,3.0707755393034185e-07,1.4156855942081218e-08,21.691084177635418,-14.996165502596329,0.7545196052473487,exact,1.0,10.0,-0.28167401668856396,-14.714491485907764
2026p209045,2026-03-19T08:19:27.218000+00:00,-40.28644180297852,174.82144165039062,22.81144523620605,3.0604823894419426,TMVZ,HHZ,152332.2430203873,152.3322430203873,1.0,10.0,3.1622776601683795,6.331807639182449e-07,3.749423104856398e-08,16.887418309716093,-14.272509888557288,0.9214864370155496,exact,1.0,10.0,-0.08176722035762422,-14.190742668199663
2026p209045,2026-03-19T08:19:27.218000+00:00,-40.28644180297852,174.82144165039062,22.81144523620605,3.0604823894419426,TUVZ,EHZ,135911.78178820122,135.9117817882012,1.0,10.0,3.1622776601683795,2.9947392213465726e-06,2.5585827163728934e-08,117.04680103490986,-12.718653401524493,1.97029574161132,exact,1.0,10.0,0.6781836541279606,-13.396837055652455
2026p209045,2026-03-19T08:19:27.218000+00:00,-40.28644180297852,174.82144165039062,22.81144523620605,3.0604823894419426,TWVZ,HHZ,146892.22294115528,146.8922229411553,1.0,10.0,3.1622776601683795,2.764646476048824e-07,5.74496455824612e-09,48.12295094284869,-15.10118288092193,0.5802755580898467,exact,1.0,10.0,-0.5442521881111088,-14.556930692810822
2026p209045,2026-03-19T08:19:27.218000+00:00,-40.28644180297852,174.82144165039062,22.81144523620605,3.0604823894419426,WHVZ,HHZ,131773.36471355383,131.77336471355383,1.0,10.0,3.1622776601683795,8.537667054689505e-07,2.288637470399018e-08,37.304584780747234,-13.9736078590857,0.8211193479986806,exact,1.0,10.0,-0.19708681103425454,-13.776521048051444
2026p209045,2026-03-19T08:19:27.218000+00:00,-40.28644180297852,174.82144165039062,22.81144523620605,3.0604823894419426,WTVZ,HHZ,147736.61973371246,147.73661973371247,1.0,10.0,3.1622776601683795,7.925016547800338e-07,1.9047236849787833e-08,41.607171739918876,-14.048071243146639,1.0296407025017171,exact,1.0,10.0,0.02920990886272243,-14.07728115200936
2026p209457,2026-03-19T11:59:08.959000+00:00,-39.24296569824219,174.64041137695312,22.81877899169922,2.137515756924857,COVZ,HHZ,81622.41827549573,81.62241827549573,1.0,10.0,3.1622776601683795,5.85249364651334e-08,1.3450354975319457e-08,4.3511815541316885,-16.65381290917219,1.0310666692210522,exact,1.0,10.0,0.030593867562053945,-16.684406776734242
2026p209457,2026-03-19T11:59:08.959000+00:00,-39.24296569824219,174.64041137695312,22.81877899169922,2.137515756924857,FWVZ,HHZ,82612.98145516119,82.61298145516119,1.0,10.0,3.1622776601683795,8.906905732841161e-08,1.061213485962125e-08,8.393132815086606,-16.233853843050145,0.6226707538339719,exact,1.0,10.0,-0.4737373849098134,-15.760116458140331
2026p209457,2026-03-19T11:59:08.959000+00:00,-39.24296569824219,174.64041137695312,22.81877899169922,2.137515756924857,KRVZ,HHZ,91265.22024328946,91.26522024328946,1.0,10.0,3.1622776601683795,1.1042414009134238e-07,2.1724868972312765e-08,5.0828449291027855,-16.01893706675842,0.8296358879603257,exact,1.0,10.0,-0.18676836364818022,-15.832168703110238
2026p209457,2026-03-19T11:59:08.959000+00:00,-39.24296569824219,174.64041137695312,22.81877899169922,2.137515756924857,NGZ,HHZ,86780.79517582168,86.78079517582168,1.0,10.0,3.1622776601683795,1.5549492107698892e-07,3.947514514349055e-08,3.9390588815258614,-15.67665276774485,1.12652241557642,exact,1.0,10.0,0.11913537911777466,-15.795788146862625
2026p209457,2026-03-19T11:59:08.959000+00:00,-39.24296569824219,174.64041137695312,22.81877899169922,2.137515756924857,NOVZ,EHZ,88231.6095444662,88.23160954446621,1.0,10.0,3.1622776601683795,1.601861326172981e-07,1.8316339506915753e-08,8.74553196378655,-15.646929368997153,1.277398836799036,exact,1.0,10.0,0.24482585154452702,-15.89175522054168
2026p209457,2026-03-19T11:59:08.959000+00:00,-39.24296569824219,174.64041137695312,22.81877899169922,2.137515756924857,NTVZ,HHZ,94051.19668361553,94.05119668361553,1.0,10.0,3.1622776601683795,1.9150333512032128e-07,2.746031694837393e-08,6.973821004336996,-15.468360612705451,0.9936348993076428,exact,1.0,10.0,-0.006385444317864613,-15.461975168387587
2026p209457,2026-03-19T11:59:08.959000+00:00,-39.24296569824219,174.64041137695312,22.81877899169922,2.137515756924857,OTVZ,HHZ,92216.93068358071,92.21693068358071,1.0,10.0,3.1622776601683795,7.440977106310634e-08,1.2364034659207707e-08,6.0182434871849955,-16.413678572237227,1.0,exact,1.0,10.0,0.0,-16.413678572237227
2026p209457,2026-03-19T11:59:08.959000+00:00,-39.24296569824219,174.64041137695312,22.81877899169922,2.137515756924857,SNVZ,EHZ,89964.83236231752,89.96483236231752,1.0,10.0,3.1622776601683795,6.599895145578016e-08,1.5000510979699545e-08,4.3997802171604485,-16.53362698207982,0.7545196052473487,exact,1.0,10.0,-0.28167401668856396,-16.251952965391258
2026p209457,2026-03-19T11:59:08.959000+00:00,-39.24296569824219,174.64041137695312,22.81877899169922,2.137515756924857,TUVZ,EHZ,90843.4355570434,90.84343555704339,1.0,10.0,3.1622776601683795,2.8256182968806347e-07,2.1427690132099634e-08,13.186761052922511,-15.07936844415518,1.97029574161132,exact,1.0,10.0,0.6781836541279606,-15.757552098283142
2026p209457,2026-03-19T11:59:08.959000+00:00,-39.24296569824219,174.64041137695312,22.81877899169922,2.137515756924857,WHVZ,HHZ,85657.01873303381,85.65701873303381,1.0,10.0,3.1622776601683795,1.1735045112841725e-07,1.9696700863332394e-08,5.957873450110531,-15.958101070358367,0.8211193479986806,exact,1.0,10.0,-0.19708681103425454,-15.761014259324112
2026p209457,2026-03-19T11:59:08.959000+00:00,-39.24296569824219,174.64041137695312,22.81877899169922,2.137515756924857,WTVZ,HHZ,86633.19381810346,86.63319381810346,1.0,10.0,3.1622776601683795,1.1995332357571363e-07,1.6991785528689436e-08,7.0594890321079475,-15.936163140035283,1.0296407025017171,exact,1.0,10.0,0.02920990886272243,-15.965373048898005
2026p210905,2026-03-20T00:50:42.463000+00:00,-39.754241943359375,176.7243194580078,32.31533432006836,2.6260207073695483,COVZ,HHZ,123488.85153403327,123.48885153403327,1.0,10.0,3.1622776601683795,1.519541903156569e-07,2.546017715484559e-08,5.9683084446542,-15.699686741026321,1.0310666692210522,exact,1.0,10.0,0.030593867562053945,-15.730280608588375
2026p210905,2026-03-20T00:50:42.463000+00:00,-39.754241943359375,176.7243194580078,32.31533432006836,2.6260207073695483,ETVZ,HHZ,116000.24938023911,116.00024938023911,1.0,10.0,3.1622776601683795,2.4094723237310506e-07,2.127429451606639e-08,11.325744888562166,-15.238687880238114,0.9471602664391504,exact,1.0,10.0,-0.05428696417065311,-15.18440091606746
2026p210905,2026-03-20T00:50:42.463000+00:00,-39.754241943359375,176.7243194580078,32.31533432006836,2.6260207073695483,FWVZ,HHZ,120012.64353561292,120.01264353561292,1.0,10.0,3.1622776601683795,1.0972304327260278e-07,1.2991101654080848e-08,8.446015295256801,-16.02530643454454,0.6226707538339719,exact,1.0,10.0,-0.4737373849098134,-15.551569049634725
2026p210905,2026-03-20T00:50:42.463000+00:00,-39.754241943359375,176.7243194580078,32.31533432006836,2.6260207073695483,KRVZ,HHZ,123237.44436423958,123.23744436423958,1.0,10.0,3.1622776601683795,1.450136983386632e-07,2.3185869327942316e-08,6.254399879839777,-15.746437627686843,0.8296358879603257,exact,1.0,10.0,-0.18676836364818022,-15.559669264038662
2026p210905,2026-03-20T00:50:42.463000+00:00,-39.754241943359375,176.7243194580078,32.31533432006836,2.6260207073695483,NGZ,HHZ,120869.15664341114,120.86915664341115,1.0,10.0,3.1622776601683795,1.97618844849775e-07,1.628266814032272e-08,12.136760581663381,-15.436925687506996,1.12652241557642,exact,1.0,10.0,0.11913537911777466,-15.556061066624771
2026p210905,2026-03-20T00:50:42.463000+00:00,-39.754241943359375,176.7243194580078,32.31533432006836,2.6260207073695483,NOVZ,EHZ,123248.76046455948,123.24876046455948,1.0,10.0,3.1622776601683795,2.0881544287851255e-07,2.0867578993900582e-08,10.006692340282864,-15.38181502352671,1.277398836799036,exact,1.0,10.0,0.24482585154452702,-15.626640875071239
2026p210905,2026-03-20T00:50:42.463000+00:00,-39.754241943359375,176.7243194580078,32.31533432006836,2.6260207073695483,NTVZ,HHZ,120729.48555587027,120.72948555587027,1.0,10.0,3.1622776601683795,2.518485481203766e-07,3.0169670256628205e-08,8.347739500568325,-15.19443792962991,0.9936348993076428,exact,1.0,10.0,-0.006385444317864613,-15.188052485312046
2026p210905,2026-03-20T00:50:42.463000+00:00,-39.754241943359375,176.7243194580078,32.31533432006836,2.6260207073695483,OTVZ,HHZ,117309.62379303674,117.30962379303674,1.0,10.0,3.1622776601683795,2.1465463659549525e-07,1.4782752467145443e-08,14.520613605116068,-15.35423544178472,1.0,exact,1.0,10.0,0.0,-15.35423544178472
2026p210905,2026-03-20T00:50:42.463000+00:00,-39.754241943359375,176.7243194580078,32.31533432006836,2.6260207073695483,SNVZ,EHZ,117591.82038849161,117.59182038849161,1.0,10.0,3.1622776601683795,1.2421743244650144e-07,1.739588465405937e-08,7.140621757199052,-15.901232319433946,0.7545196052473487,exact,1.0,10.0,-0.28167401668856396,-15.619558302745382
2026p210905,2026-03-20T00:50:42.463000+00:00,-39.754241943359375,176.7243194580078,32.31533432006836,2.6260207073695483,TMVZ,HHZ,117752.50410784768,117.75250410784768,1.0,10.0,3.1622776601683795,2.300429785251737e-07,1.9370249458364515e-08,11.876097879877118,-15.284999682327031,0.9214864370155496,exact,1.0,10.0,-0.08176722035762422,-15.203232461969407
2026p210905,2026-03-20T00:50:42.463000+00:00,-39.754241943359375,176.7243194580078,32.31533432006836,2.6260207073695483,TWVZ,HHZ,138369.42842002522,138.3694284200252,1.0,10.0,3.1622776601683795,4.3602665512377416e-08,6.52667467887436e-09,6.680686208171397,-16.94814755285514,0.5802755580898467,exact,1.0,10.0,-0.5442521881111088,-16.40389536474403
2026p210905,2026-03-20T00:50:42.463000+00:00,-39.754241943359375,176.7243194580078,32.31533432006836,2.6260207073695483,WHVZ,HHZ,116040.47599302583,116.04047599302584,1.0,10.0,3.1622776601683795,2.4893480752836365e-07,2.4657205813837203e-08,10.095823890502048,-15.206074791916965,0.8211193479986806,exact,1.0,10.0,-0.19708681103425454,-15.00898798088271
2026p210905,2026-03-20T00:50:42.463000+00:00,-39.754241943359375,176.7243194580078,32.31533432006836,2.6260207073695483,WTVZ,HHZ,125287.86786447023,125.28786786447023,1.0,10.0,3.1622776601683795,1.1433571984552474e-07,1.771489646041889e-08,6.454213271920029,-15.984126805381951,1.0296407025017171,exact,1.0,10.0,0.02920990886272243,-16.013336714244673
2026p212454,2026-03-20T14:35:38.468000+00:00,-40.29164123535156,174.78280639648438,12.0,2.351008381929024,COVZ,HHZ,138210.48108865012,138.2104810886501,1.0,10.0,3.1622776601683795,4.072182822835077e-08,1.1716125005927211e-08,3.475707898963993,-17.01650156815919,1.0310666692210522,exact,1.0,10.0,0.030593867562053945,-17.047095435721243
2026p212454,2026-03-20T14:35:38.468000+00:00,-40.29164123535156,174.78280639648438,12.0,2.351008381929024,ETVZ,HHZ,151577.98718357456,151.57798718357455,1.0,10.0,3.1622776601683795,6.230990965385698e-08,1.1539108039977847e-08,5.399889613476277,-16.591145360337457,0.9471602664391504,exact,1.0,10.0,-0.05428696417065311,-16.536858396166803
2026p212454,2026-03-20T14:35:38.468000+00:00,-40.29164123535156,174.78280639648438,12.0,2.351008381929024,FWVZ,HHZ,133415.14886129973,133.41514886129974,1.0,10.0,3.1622776601683795,4.6365746526225424e-08,1.0889828612220867e-08,4.257711317347318,-16.886704871751366,0.6226707538339719,exact,1.0,10.0,-0.4737373849098134,-16.412967486841552
2026p212454,2026-03-20T14:35:38.468000+00:00,-40.29164123535156,174.78280639648438,12.0,2.351008381929024,NGZ,HHZ,143028.21149340516,143.02821149340517,1.0,10.0,3.1622776601683795,6.677026006930273e-08,1.1203260079103253e-08,5.959895565920598,-16.52200806408193,1.12652241557642,exact,1.0,10.0,0.11913537911777466,-16.641143443199706
2026p212454,2026-03-20T14:35:38.468000+00:00,-40.29164123535156,174.78280639648438,12.0,2.351008381929024,NOVZ,EHZ,148176.73459982127,148.17673459982126,1.0,10.0,3.1622776601683795,7.348339683079852e-08,1.6666657291577503e-08,4.409006289937537,-16.426206349703914,1.277398836799036,exact,1.0,10.0,0.24482585154452702,-16.67103220124844
2026p212454,2026-03-20T14:35:38.468000+00:00,-40.29164123535156,174.78280639648438,12.0,2.351008381929024,NTVZ,HHZ,153602.5068603654,153.6025068603654,1.0,10.0,3.1622776601683795,9.04504685794807e-08,1.478871623162316e-08,6.1161812264723645,-16.218463444582532,0.9936348993076428,exact,1.0,10.0,-0.006385444317864613,-16.21207800026467
2026p212454,2026-03-20T14:35:38.468000+00:00,-40.29164123535156,174.78280639648438,12.0,2.351008381929024,TMVZ,HHZ,153184.0199392607,153.1840199392607,1.0,10.0,3.1622776601683795,5.666114816241135e-08,1.3229657195070356e-08,4.282888613585881,-16.686177078675733,0.9214864370155496,exact,1.0,10.0,-0.08176722035762422,-16.60440985831811
2026p212454,2026-03-20T14:35:38.468000+00:00,-40.29164123535156,174.78280639648438,12.0,2.351008381929024,TUVZ,EHZ,136667.7256691315,136.6677256691315,1.0,10.0,3.1622776601683795,2.917733281341113e-07,2.1834336345798997e-08,13.363049992139995,-15.04728860964775,1.97029574161132,exact,1.0,10.0,0.6781836541279606,-15.72547226377571
2026p212454,2026-03-20T14:35:38.468000+00:00,-40.29164123535156,174.78280639648438,12.0,2.351008381929024,WHVZ,HHZ,132351.49805954922,132.35149805954921,1.0,10.0,3.1622776601683795,9.065646644870608e-08,1.927877024056586e-08,4.702398820955355,-16.216188568051372,0.8211193479986806,exact,1.0,10.0,-0.19708681103425454,-16.01910175701712
2026p212454,2026-03-20T14:35:38.468000+00:00,-40.29164123535156,174.78280639648438,12.0,2.351008381929024,WTVZ,HHZ,148397.45925121088,148.39745925121088,1.0,10.0,3.1622776601683795,6.778463941588883e-08,1.9551907051613164e-08,3.466906795176082,-16.506930224955816,1.0296407025017171,exact,1.0,10.0,0.02920990886272243,-16.536140133818538
2026p212644,2026-03-20T16:16:53.255000+00:00,-40.295536041259766,174.78684997558594,12.0,2.269370698161598,COVZ,HHZ,138426.63720759077,138.42663720759077,1.0,10.0,3.1622776601683795,5.7109684556899306e-08,1.3621808163303086e-08,4.192518634255311,-16.678292127715128,1.0310666692210522,exact,1.0,10.0,0.030593867562053945,-16.708885995277182
2026p212644,2026-03-20T16:16:53.255000+00:00,-40.295536041259766,174.78684997558594,12.0,2.269370698161598,ETVZ,HHZ,151761.9312008739,151.7619312008739,1.0,10.0,3.1622776601683795,9.29107445759266e-08,1.3260209176847616e-08,7.006732950951419,-16.191626540377108,0.9471602664391504,exact,1.0,10.0,-0.05428696417065311,-16.137339576206454
2026p212644,2026-03-20T16:16:53.255000+00:00,-40.295536041259766,174.78684997558594,12.0,2.269370698161598,FWVZ,HHZ,133617.03221780108,133.6170322178011,1.0,10.0,3.1622776601683795,6.929681394689558e-08,9.505239249852265e-09,7.290380823183659,-16.4848669065997,0.6226707538339719,exact,1.0,10.0,-0.4737373849098134,-16.011129521689885
2026p212644,2026-03-20T16:16:53.255000+00:00,-40.295536041259766,174.78684997558594,12.0,2.269370698161598,KRVZ,HHZ,152733.66162484363,152.73366162484362,1.0,10.0,3.1622776601683795,7.021184363487029e-08,1.7406806224796952e-08,4.033585640474911,-16.4717488273976,0.8296358879603257,exact,1.0,10.0,-0.18676836364818022,-16.28498046374942
2026p212644,2026-03-20T16:16:53.255000+00:00,-40.295536041259766,174.78684997558594,12.0,2.269370698161598,NGZ,HHZ,143232.85355865103,143.23285355865102,1.0,10.0,3.1622776601683795,9.223483148286922e-08,1.0814259592287047e-08,8.529001056036513,-16.198927995915582,1.12652241557642,exact,1.0,10.0,0.11913537911777466,-16.318063375033358
2026p212644,2026-03-20T16:16:53.255000+00:00,-40.295536041259766,174.78684997558594,12.0,2.269370698161598,NOVZ,EHZ,148388.12348223652,148.38812348223652,1.0,10.0,3.1622776601683795,1.0396713068114012e-07,1.3663265927428687e-08,7.609244468588475,-16.07919103890261,1.277398836799036,exact,1.0,10.0,0.24482585154452702,-16.324016890447137
2026p212644,2026-03-20T16:16:53.255000+00:00,-40.295536041259766,174.78684997558594,12.0,2.269370698161598,NTVZ,HHZ,153802.33555143364,153.80233555143366,1.0,10.0,3.1622776601683795,1.2699573146447926e-07,1.2508145278436929e-08,10.153042568462173,-15.879112361568577,0.9936348993076428,exact,1.0,10.0,-0.006385444317864613,-15.872726917250713
2026p212644,2026-03-20T16:16:53.255000+00:00,-40.295536041259766,174.78684997558594,12.0,2.269370698161598,OTVZ,HHZ,147169.96451493973,147.16996451493972,1.0,10.0,3.1622776601683795,6.829688158630023e-08,1.2029361785594528e-08,5.6775149674264105,-16.49940172900644,1.0,exact,1.0,10.0,0.0,-16.49940172900644
2026p212644,2026-03-20T16:16:53.255000+00:00,-40.295536041259766,174.78684997558594,12.0,2.269370698161598,SNVZ,EHZ,143897.11327609033,143.89711327609032,1.0,10.0,3.1622776601683795,4.262880030650242e-08,1.3337932336021697e-08,3.1960576221679426,-16.970735748566167,0.7545196052473487,exact,1.0,10.0,-0.28167401668856396,-16.689061731877604
2026p212644,2026-03-20T16:16:53.255000+00:00,-40.295536041259766,174.78684997558594,12.0,2.269370698161598,TMVZ,HHZ,153373.55906662898,153.37355906662899,1.0,10.0,3.1622776601683795,7.821535316460747e-08,1.2360037809180381e-08,6.328083649267906,-16.36379987663753,0.9214864370155496,exact,1.0,10.0,-0.08176722035762422,-16.282032656279906
2026p212644,2026-03-20T16:16:53.255000+00:00,-40.295536041259766,174.78684997558594,12.0,2.269370698161598,TUVZ,EHZ,136838.18037375875,136.83818037375875,1.0,10.0,3.1622776601683795,4.5151331515100036e-07,2.4199386966193924e-08,18.65804765144488,-14.610660973602846,1.97029574161132,exact,1.0,10.0,0.6781836541279606,-15.288844627730807
2026p212644,2026-03-20T16:16:53.255000+00:00,-40.295536041259766,174.78684997558594,12.0,2.269370698161598,TWVZ,HHZ,147557.68557473295,147.55768557473294,1.0,10.0,3.1622776601683795,3.704578730157158e-08,9.52054122457584e-09,3.891142995730482,-17.111111194730494,0.5802755580898467,exact,1.0,10.0,-0.5442521881111088,-16.566859006619385
2026p212644,2026-03-20T16:16:53.255000+00:00,-40.295536041259766,174.78684997558594,12.0,2.269370698161598,WHVZ,HHZ,132537.02107782592,132.53702107782593,1.0,10.0,3.1622776601683795,1.2822224349414867e-07,1.9847399139299853e-08,6.460405345517323,-15.869500801315693,0.8211193479986806,exact,1.0,10.0,-0.19708681103425454,-15.672413990281438
2026p212644,2026-03-20T16:16:53.255000+00:00,-40.295536041259766,174.78684997558594,12.0,2.269370698161598,WTVZ,HHZ,148616.38198178308,148.6163819817831,1.0,10.0,3.1622776601683795,9.877563701625248e-08,1.234295430043518e-08,8.00259278386617,-16.13041485150496,1.0296407025017171,exact,1.0,10.0,0.02920990886272243,-16.15962476036768
2026p213942,2026-03-21T03:48:42.947000+00:00,-40.339988708496094,175.82861328125,25.405332565307617,2.061051502488313,ETVZ,HHZ,136714.6754808556,136.7146754808556,1.0,10.0,3.1622776601683795,9.348541523438847e-08,2.641415894278149e-08,3.5392160483662245,-16.18546039961696,0.9471602664391504,exact,1.0,10.0,-0.05428696417065311,-16.131173435446307
2026p213942,2026-03-21T03:48:42.947000+00:00,-40.339988708496094,175.82861328125,25.405332565307617,2.061051502488313,NGZ,HHZ,133474.60434397953,133.47460434397954,1.0,10.0,3.1622776601683795,6.856464526704965e-08,9.727980463817548e-09,7.048189038009524,-16.495488810181868,1.12652241557642,exact,1.0,10.0,0.11913537911777466,-16.614624189299644
2026p213942,2026-03-21T03:48:42.947000+00:00,-40.339988708496094,175.82861328125,25.405332565307617,2.061051502488313,NOVZ,EHZ,138653.81165023745,138.65381165023746,1.0,10.0,3.1622776601683795,7.9127215523645e-08,1.2633707227764592e-08,6.2631826190930155,-16.35220895657524,1.277398836799036,exact,1.0,10.0,0.24482585154452702,-16.597034808119766
2026p213942,2026-03-21T03:48:42.947000+00:00,-40.339988708496094,175.82861328125,25.405332565307617,2.061051502488313,OTVZ,HHZ,134144.83808198516,134.14483808198517,1.0,10.0,3.1622776601683795,6.947997708633826e-08,8.546669488848705e-09,8.129479813978122,-16.482227225361438,1.0,exact,1.0,10.0,0.0,-16.482227225361438
2026p213942,2026-03-21T03:48:42.947000+00:00,-40.339988708496094,175.82861328125,25.405332565307617,2.061051502488313,SNVZ,EHZ,131908.91579569734,131.90891579569734,1.0,10.0,3.1622776601683795,4.1142229382073205e-08,1.1215320200564527e-08,3.6683954310998894,-17.006230764056795,0.7545196052473487,exact,1.0,10.0,-0.28167401668856396,-16.724556747368233
2026p213942,2026-03-21T03:48:42.947000+00:00,-40.339988708496094,175.82861328125,25.405332565307617,2.061051502488313,TUVZ,EHZ,122961.09858225266,122.96109858225266,1.0,10.0,3.1622776601683795,2.6939710152291106e-07,2.363387667019442e-08,11.398769033209772,-15.127079332037265,1.97029574161132,exact,1.0,10.0,0.6781836541279606,-15.805262986165227
2026p213942,2026-03-21T03:48:42.947000+00:00,-40.339988708496094,175.82861328125,25.405332565307617,2.061051502488313,TWVZ,HHZ,147229.3609338175,147.22936093381747,1.0,10.0,3.1622776601683795,2.2480245398826544e-08,4.7188466458399704e-09,4.763927943842936,-17.610628895662597,0.5802755580898467,exact,1.0,10.0,-0.5442521881111088,-17.066376707551488
2026p213942,2026-03-21T03:48:42.947000+00:00,-40.339988708496094,175.82861328125,25.405332565307617,2.061051502488313,WHVZ,HHZ,122332.42641815938,122.33242641815937,1.0,10.0,3.1622776601683795,1.1275072304876807e-07,2.519769316258616e-08,4.47464465581245,-15.9980864457348,0.8211193479986806,exact,1.0,10.0,-0.19708681103425454,-15.800999634700545
2026p213942,2026-03-21T03:48:42.947000+00:00,-40.339988708496094,175.82861328125,25.405332565307617,2.061051502488313,WTVZ,HHZ,140062.98567737575,140.06298567737574,1.0,10.0,3.1622776601683795,7.222450851266272e-08,1.1403802145019107e-08,6.333370887551619,-16.443486395564822,1.0296407025017171,exact,1.0,10.0,0.02920990886272243,-16.472696304427544
2026p214115,2026-03-21T05:20:48.292000+00:00,-39.886192321777344,175.00726318359375,27.010541915893555,2.0530985129251933,COVZ,HHZ,93341.70624074842,93.34170624074842,1.0,10.0,3.1622776601683795,9.452887122897226e-08,1.8975763438769252e-08,4.981558266891174,-16.174360533456618,1.0310666692210522,exact,1.0,10.0,0.030593867562053945,-16.20495440101867
2026p214115,2026-03-21T05:20:48.292000+00:00,-39.886192321777344,175.00726318359375,27.010541915893555,2.0530985129251933,ETVZ,HHZ,106766.93451517193,106.76693451517193,1.0,10.0,3.1622776601683795,1.1431447487998615e-07,1.6111976752123066e-08,7.094999989056154,-15.984312634793776,0.9471602664391504,exact,1.0,10.0,-0.05428696417065311,-15.930025670623122
2026p214115,2026-03-21T05:20:48.292000+00:00,-39.886192321777344,175.00726318359375,27.010541915893555,2.0530985129251933,FWVZ,HHZ,89188.1924901374,89.1881924901374,1.0,10.0,3.1622776601683795,1.3118496053320997e-07,9.680806953032722e-09,13.551035690481717,-15.846657597089193,0.6226707538339719,exact,1.0,10.0,-0.4737373849098134,-15.372920212179379
2026p214115,2026-03-21T05:20:48.292000+00:00,-39.886192321777344,175.00726318359375,27.010541915893555,2.0530985129251933,KRVZ,HHZ,107225.15787992961,107.22515787992961,1.0,10.0,3.1622776601683795,1.1412473206738091e-07,1.7571619226256418e-08,6.49483298026683,-15.98597384574592,0.8296358879603257,exact,1.0,10.0,-0.18676836364818022,-15.79920548209774
2026p214115,2026-03-21T05:20:48.292000+00:00,-39.886192321777344,175.00726318359375,27.010541915893555,2.0530985129251933,NGZ,HHZ,98192.81612767375,98.19281612767375,1.0,10.0,3.1622776601683795,1.0329762326538353e-07,1.1373513695316595e-08,9.082296468145953,-16.085651469165047,1.12652241557642,exact,1.0,10.0,0.11913537911777466,-16.204786848282822
2026p214115,2026-03-21T05:20:48.292000+00:00,-39.886192321777344,175.00726318359375,27.010541915893555,2.0530985129251933,NOVZ,EHZ,103046.94988769817,103.04694988769816,1.0,10.0,3.1622776601683795,1.3880353519455038e-07,1.3332232895367858e-08,10.411124399332701,-15.790206319496683,1.277398836799036,exact,1.0,10.0,0.24482585154452702,-16.03503217104121
2026p214115,2026-03-21T05:20:48.292000+00:00,-39.886192321777344,175.00726318359375,27.010541915893555,2.0530985129251933,NTVZ,HHZ,108427.69245196541,108.42769245196541,1.0,10.0,3.1622776601683795,1.6764369781548836e-07,1.5962799741144817e-08,10.502148779288346,-15.601424956059036,0.9936348993076428,exact,1.0,10.0,-0.006385444317864613,-15.595039511741172
2026p214115,2026-03-21T05:20:48.292000+00:00,-39.886192321777344,175.00726318359375,27.010541915893555,2.0530985129251933,OTVZ,HHZ,102259.70995686101,102.25970995686102,1.0,10.0,3.1622776601683795,8.472043418010228e-08,1.2169780268886798e-08,6.961541811621541,-16.28390901078322,1.0,exact,1.0,10.0,0.0,-16.28390901078322
2026p214115,2026-03-21T05:20:48.292000+00:00,-39.886192321777344,175.00726318359375,27.010541915893555,2.0530985129251933,SNVZ,EHZ,99096.74185276058,99.09674185276057,1.0,10.0,3.1622776601683795,6.124060467940078e-08,1.0009092421958072e-08,6.118497272045403,-16.60845539227686,0.7545196052473487,exact,1.0,10.0,-0.28167401668856396,-16.326781375588297
2026p214115,2026-03-21T05:20:48.292000+00:00,-39.886192321777344,175.00726318359375,27.010541915893555,2.0530985129251933,TMVZ,HHZ,108199.57583455241,108.1995758345524,1.0,10.0,3.1622776601683795,9.192357113538325e-08,1.868838537558394e-08,4.918754043646802,-16.202308353688604,0.9214864370155496,exact,1.0,10.0,-0.08176722035762422,-16.12054113333098
2026p214115,2026-03-21T05:20:48.292000+00:00,-39.886192321777344,175.00726318359375,27.010541915893555,2.0530985129251933,TUVZ,EHZ,92814.8254773783,92.81482547737829,1.0,10.0,3.1622776601683795,6.008520173352202e-07,1.0417804042051841e-07,5.76754961899705,-14.324917160125786,1.97029574161132,exact,1.0,10.0,0.6781836541279606,-15.003100814253747
2026p214115,2026-03-21T05:20:48.292000+00:00,-39.886192321777344,175.00726318359375,27.010541915893555,2.0530985129251933,TWVZ,HHZ,101746.66174208358,101.74666174208359,1.0,10.0,3.1622776601683795,6.374458489222348e-08,4.663958065041433e-09,13.667486714775427,-16.568381599382807,0.5802755580898467,exact,1.0,10.0,-0.5442521881111088,-16.024129411271698
2026p214115,2026-03-21T05:20:48.292000+00:00,-39.886192321777344,175.00726318359375,27.010541915893555,2.0530985129251933,WHVZ,HHZ,88511.82560759837,88.51182560759837,1.0,10.0,3.1622776601683795,1.855848733309302e-07,2.1882210944400157e-08,8.481084192199644,-15.499753521365465,0.8211193479986806,exact,1.0,10.0,-0.19708681103425454,-15.30266671033121
2026p214115,2026-03-21T05:20:48.292000+00:00,-39.886192321777344,175.00726318359375,27.010541915893555,2.0530985129251933,WTVZ,HHZ,103105.88389149964,103.10588389149964,1.0,10.0,3.1622776601683795,1.4839264148122286e-07,1.039552834351398e-08,14.274660852019956,-15.723404093148588,1.0296407025017171,exact,1.0,10.0,0.02920990886272243,-15.75261400201131
2026p214211,2026-03-21T06:12:02.624000+00:00,-39.26304626464844,176.35726928710938,35.72584533691406,2.483531260397859,COVZ,HHZ,79744.89646597051,79.74489646597051,1.0,10.0,3.1622776601683795,3.955638629105573e-07,1.636345896497264e-08,24.17360924467712,-14.742953588916915,1.0310666692210522,exact,1.0,10.0,0.030593867562053945,-14.773547456478969
2026p214211,2026-03-21T06:12:02.624000+00:00,-39.26304626464844,176.35726928710938,35.72584533691406,2.483531260397859,ETVZ,HHZ,68458.02826817917,68.45802826817918,1.0,10.0,3.1622776601683795,4.6942035891065376e-07,1.353553891078825e-08,34.68058139425176,-14.57176718227009,0.9471602664391504,exact,1.0,10.0,-0.05428696417065311,-14.517480218099436
2026p214211,2026-03-21T06:12:02.624000+00:00,-39.26304626464844,176.35726928710938,35.72584533691406,2.483531260397859,FWVZ,HHZ,79034.51961657302,79.03451961657302,1.0,10.0,3.1622776601683795,2.7557382655456045e-07,1.0399977999692018e-08,26.49753937582572,-15.104410271276976,0.6226707538339719,exact,1.0,10.0,-0.4737373849098134,-14.630672886367162
2026p214211,2026-03-21T06:12:02.624000+00:00,-39.26304626464844,176.35726928710938,35.72584533691406,2.483531260397859,KRVZ,HHZ,74449.6454287463,74.4496454287463,1.0,10.0,3.1622776601683795,2.765214007033576e-07,1.3751412118512458e-08,20.10858218197812,-15.100977620413648,0.8296358879603257,exact,1.0,10.0,-0.18676836364818022,-14.914209256765467
2026p214211,2026-03-21T06:12:02.624000+00:00,-39.26304626464844,176.35726928710938,35.72584533691406,2.483531260397859,NGZ,HHZ,75762.2543010104,75.7622543010104,1.0,10.0,3.1622776601683795,5.866238151526937e-07,6.708270964815794e-09,87.44784136321812,-14.348882082603408,1.12652241557642,exact,1.0,10.0,0.11913537911777466,-14.468017461721184
2026p214211,2026-03-21T06:12:02.624000+00:00,-39.26304626464844,176.35726928710938,35.72584533691406,2.483531260397859,NOVZ,EHZ,75985.85322548583,75.98585322548583,1.0,10.0,3.1622776601683795,3.1729340813465016e-07,1.113530562631764e-08,28.494360081572065,-14.963438913440221,1.277398836799036,exact,1.0,10.0,0.24482585154452702,-15.208264764984749
2026p214211,2026-03-21T06:12:02.624000+00:00,-39.26304626464844,176.35726928710938,35.72584533691406,2.483531260397859,NTVZ,HHZ,71882.73201245455,71.88273201245455,1.0,10.0,3.1622776601683795,5.629781976543563e-07,1.2987821684874747e-08,43.346622036702655,-14.390024934859662,0.9936348993076428,exact,1.0,10.0,-0.006385444317864613,-14.383639490541798
2026p214211,2026-03-21T06:12:02.624000+00:00,-39.26304626464844,176.35726928710938,35.72584533691406,2.483531260397859,OTVZ,HHZ,71296.4543924661,71.2964543924661,1.0,10.0,3.1622776601683795,4.282855113354179e-07,9.148341341077362e-09,46.81564617755949,-14.663475781205896,1.0,exact,1.0,10.0,0.0,-14.663475781205896
2026p214211,2026-03-21T06:12:02.624000+00:00,-39.26304626464844,176.35726928710938,35.72584533691406,2.483531260397859,SNVZ,EHZ,72793.69178811359,72.79369178811359,1.0,10.0,3.1622776601683795,3.4203050207926663e-07,1.5372780256496847e-08,22.249098495681523,-14.888365916494486,0.7545196052473487,exact,1.0,10.0,-0.28167401668856396,-14.606691899805922
2026p214211,2026-03-21T06:12:02.624000+00:00,-39.26304626464844,176.35726928710938,35.72584533691406,2.483531260397859,TMVZ,HHZ,69398.72246412729,69.39872246412729,1.0,10.0,3.1622776601683795,4.3736530132121433e-07,1.3395104937710303e-08,32.65112915165975,-14.642497061248717,0.9214864370155496,exact,1.0,10.0,-0.08176722035762422,-14.560729840891092
2026p214211,2026-03-21T06:12:02.624000+00:00,-39.26304626464844,176.35726928710938,35.72584533691406,2.483531260397859,TUVZ,EHZ,71162.39797534741,71.16239797534742,1.0,10.0,3.1622776601683795,1.5664572519364474e-06,1.975187534594537e-08,79.30676072528004,-13.366694015827601,1.97029574161132,exact,1.0,10.0,0.6781836541279606,-14.044877669955563
2026p214211,2026-03-21T06:12:02.624000+00:00,-39.26304626464844,176.35726928710938,35.72584533691406,2.483531260397859,TWVZ,HHZ,90137.2798503435,90.1372798503435,1.0,10.0,3.1622776601683795,7.403912718579931e-08,4.4166407539747794e-09,16.763674319485325,-16.41867213772498,0.5802755580898467,exact,1.0,10.0,-0.5442521881111088,-15.87441994961387
2026p214211,2026-03-21T06:12:02.624000+00:00,-39.26304626464844,176.35726928710938,35.72584533691406,2.483531260397859,WHVZ,HHZ,76390.86177092728,76.39086177092727,1.0,10.0,3.1622776601683795,6.429509176965472e-07,2.199921244610907e-08,29.2260879461739,-14.257197448909189,0.8211193479986806,exact,1.0,10.0,-0.19708681103425454,-14.060110637874933
2026p214211,2026-03-21T06:12:02.624000+00:00,-39.26304626464844,176.35726928710938,35.72584533691406,2.483531260397859,WTVZ,HHZ,77648.88027276265,77.64888027276264,1.0,10.0,3.1622776601683795,2.0755053796545894e-07,9.139172431202434e-09,22.709992565284345,-15.387890970470675,1.0296407025017171,exact,1.0,10.0,0.02920990886272243,-15.417100879333397
2026p215807,2026-03-21T20:22:23.386000+00:00,-38.93941116333008,175.81507873535156,3.97457504272461,2.4816110432967373,COVZ,HHZ,37680.36338276116,37.680363382761165,1.0,10.0,3.1622776601683795,4.5609628815241807e-07,3.4352635086206536e-08,13.276893810558143,-14.600561891493799,1.0310666692210522,exact,1.0,10.0,0.030593867562053945,-14.631155759055853
2026p215807,2026-03-21T20:22:23.386000+00:00,-38.93941116333008,175.81507873535156,3.97457504272461,2.4816110432967373,ETVZ,HHZ,24162.678965837833,24.162678965837834,1.0,10.0,3.1622776601683795,3.5133219671122688e-06,9.922320460302303e-09,354.08269478581514,-12.558948538691686,0.9471602664391504,exact,1.0,10.0,-0.05428696417065311,-12.504661574521032
2026p215807,2026-03-21T20:22:23.386000+00:00,-38.93941116333008,175.81507873535156,3.97457504272461,2.4816110432967373,FWVZ,HHZ,42160.32935706569,42.16032935706569,1.0,10.0,3.1622776601683795,4.763423211023918e-07,1.2790804964834255e-08,37.24099635730505,-14.557129079208238,0.6226707538339719,exact,1.0,10.0,-0.4737373849098134,-14.083391694298424
2026p215807,2026-03-21T20:22:23.386000+00:00,-38.93941116333008,175.81507873535156,3.97457504272461,2.4816110432967373,KRVZ,HHZ,23448.345169174896,23.448345169174896,1.0,10.0,3.1622776601683795,3.451923180969132e-06,1.8551766097302305e-08,186.0697877961652,-12.576579038475893,0.8296358879603257,exact,1.0,10.0,-0.18676836364818022,-12.389810674827713
2026p215807,2026-03-21T20:22:23.386000+00:00,-38.93941116333008,175.81507873535156,3.97457504272461,2.4816110432967373,NGZ,HHZ,32552.852028730278,32.55285202873028,1.0,10.0,3.1622776601683795,1.4666997229805142e-06,7.0064442623210465e-09,209.33581543894792,-13.43249576756635,1.12652241557642,exact,1.0,10.0,0.11913537911777466,-13.551631146684125
2026p215807,2026-03-21T20:22:23.386000+00:00,-38.93941116333008,175.81507873535156,3.97457504272461,2.4816110432967373,NOVZ,EHZ,27827.268660595564,27.827268660595564,1.0,10.0,3.1622776601683795,3.800618251789306e-06,1.2989343344843006e-08,292.59510283852933,-12.480346806626502,1.277398836799036,exact,1.0,10.0,0.24482585154452702,-12.72517265817103
2026p215807,2026-03-21T20:22:23.386000+00:00,-38.93941116333008,175.81507873535156,3.97457504272461,2.4816110432967373,NTVZ,HHZ,22008.70401982502,22.00870401982502,1.0,10.0,3.1622776601683795,7.730052516400312e-06,1.3065271594119464e-08,591.6488195989377,-11.770394901545808,0.9936348993076428,exact,1.0,10.0,-0.006385444317864613,-11.764009457227944
2026p215807,2026-03-21T20:22:23.386000+00:00,-38.93941116333008,175.81507873535156,3.97457504272461,2.4816110432967373,OTVZ,HHZ,28555.34655914571,28.55534655914571,1.0,10.0,3.1622776601683795,1.694363677628871e-06,8.00972819416777e-09,211.53822408887862,-13.288203299044767,1.0,exact,1.0,10.0,0.0,-13.288203299044767
2026p215807,2026-03-21T20:22:23.386000+00:00,-38.93941116333008,175.81507873535156,3.97457504272461,2.4816110432967373,SNVZ,EHZ,31790.80336341082,31.79080336341082,1.0,10.0,3.1622776601683795,9.931169575889008e-07,1.0762317213398787e-08,92.2772427068492,-13.822417397773657,0.7545196052473487,exact,1.0,10.0,-0.28167401668856396,-13.540743381085093
2026p215807,2026-03-21T20:22:23.386000+00:00,-38.93941116333008,175.81507873535156,3.97457504272461,2.4816110432967373,TMVZ,HHZ,22401.245732685707,22.40124573268571,1.0,10.0,3.1622776601683795,3.809180503081644e-06,1.0486068910957709e-08,363.2610595474091,-12.478096483015749,0.9214864370155496,exact,1.0,10.0,-0.08176722035762422,-12.396329262658124
2026p215807,2026-03-21T20:22:23.386000+00:00,-38.93941116333008,175.81507873535156,3.97457504272461,2.4816110432967373,TUVZ,EHZ,39385.91028201743,39.38591028201743,1.0,10.0,3.1622776601683795,3.4477668459561424e-06,1.561624147654412e-08,220.78083584547224,-12.577783827531494,1.97029574161132,exact,1.0,10.0,0.6781836541279606,-13.255967481659455
2026p215807,2026-03-21T20:22:23.386000+00:00,-38.93941116333008,175.81507873535156,3.97457504272461,2.4816110432967373,TWVZ,HHZ,36157.47045890029,36.157470458900285,1.0,10.0,3.1622776601683795,7.081372794415453e-07,5.124161734096574e-09,138.19573155342547,-14.160627864532078,0.5802755580898467,exact,1.0,10.0,-0.5442521881111088,-13.616375676420969
2026p215807,2026-03-21T20:22:23.386000+00:00,-38.93941116333008,175.81507873535156,3.97457504272461,2.4816110432967373,WHVZ,HHZ,43259.97806132323,43.25997806132323,1.0,10.0,3.1622776601683795,7.998215413722138e-07,1.7059131082094552e-08,46.88524506454582,-14.038877207447763,0.8211193479986806,exact,1.0,10.0,-0.19708681103425454,-13.841790396413508
2026p215807,2026-03-21T20:22:23.386000+00:00,-38.93941116333008,175.81507873535156,3.97457504272461,2.4816110432967373,WTVZ,HHZ,28082.309086970738,28.08230908697074,1.0,10.0,3.1622776601683795,2.752099419350943e-06,9.420414085084483e-09,292.14208573998815,-12.803146512328073,1.0296407025017171,exact,1.0,10.0,0.02920990886272243,-12.832356421190795
2026p215817,2026-03-21T20:27:46.049000+00:00,-38.93584060668945,175.81167602539062,4.571358203887939,2.029688895394022,COVZ,HHZ,37888.75521688869,37.88875521688869,1.0,10.0,3.1622776601683795,1.5297028639150692e-07,2.2002589722499606e-08,6.952376439355281,-15.693022141005976,1.0310666692210522,exact,1.0,10.0,0.030593867562053945,-15.72361600856803
2026p215817,2026-03-21T20:27:46.049000+00:00,-38.93584060668945,175.81167602539062,4.571358203887939,2.029688895394022,ETVZ,HHZ,24547.98432578524,24.54798432578524,1.0,10.0,3.1622776601683795,1.120498280354324e-06,7.96708156702434e-09,140.64099519101873,-13.701737078419393,0.9471602664391504,exact,1.0,10.0,-0.05428696417065311,-13.64745011424874
2026p215817,2026-03-21T20:27:46.049000+00:00,-38.93584060668945,175.81167602539062,4.571358203887939,2.029688895394022,FWVZ,HHZ,42423.1244864573,42.423124486457304,1.0,10.0,3.1622776601683795,1.3796781298667802e-07,1.2787404788504763e-08,10.789352121761578,-15.796245418220677,0.6226707538339719,exact,1.0,10.0,-0.4737373849098134,-15.322508033310863
2026p215817,2026-03-21T20:27:46.049000+00:00,-38.93584060668945,175.81167602539062,4.571358203887939,2.029688895394022,KRVZ,HHZ,23693.656865982284,23.693656865982284,1.0,10.0,3.1622776601683795,9.926086139439795e-07,1.5268943376161185e-08,65.00833682399407,-13.822929395668345,0.8296358879603257,exact,1.0,10.0,-0.18676836364818022,-13.636161032020164
2026p215817,2026-03-21T20:27:46.049000+00:00,-38.93584060668945,175.81167602539062,4.571358203887939,2.029688895394022,NGZ,HHZ,32812.516763279265,32.81251676327926,1.0,10.0,3.1622776601683795,4.342718844871949e-07,5.7033355440369634e-09,76.14349202042678,-14.649595037039319,1.12652241557642,exact,1.0,10.0,0.11913537911777466,-14.768730416157094
2026p215817,2026-03-21T20:27:46.049000+00:00,-38.93584060668945,175.81167602539062,4.571358203887939,2.029688895394022,NOVZ,EHZ,28062.66151956564,28.06266151956564,1.0,10.0,3.1622776601683795,1.0622242952536354e-06,1.278294448901639e-08,83.09699664004178,-13.755145456640477,1.277398836799036,exact,1.0,10.0,0.24482585154452702,-13.999971308185005
2026p215817,2026-03-21T20:27:46.049000+00:00,-38.93584060668945,175.81167602539062,4.571358203887939,2.029688895394022,NTVZ,HHZ,22318.994030208618,22.318994030208618,1.0,10.0,3.1622776601683795,2.11681010537065e-06,1.0893657472473876e-08,194.3158310897338,-13.065600269706975,0.9936348993076428,exact,1.0,10.0,-0.006385444317864613,-13.05921482538911
2026p215817,2026-03-21T20:27:46.049000+00:00,-38.93584060668945,175.81167602539062,4.571358203887939,2.029688895394022,OTVZ,HHZ,28889.374293711597,28.889374293711597,1.0,10.0,3.1622776601683795,5.573176792161988e-07,8.015114529688268e-09,69.53333943661995,-14.40013041989508,1.0,exact,1.0,10.0,0.0,-14.40013041989508
2026p215817,2026-03-21T20:27:46.049000+00:00,-38.93584060668945,175.81167602539062,4.571358203887939,2.029688895394022,SNVZ,EHZ,32105.119687903163,32.10511968790316,1.0,10.0,3.1622776601683795,2.725241832207425e-07,1.3092068076909381e-08,20.81597663713621,-15.115538481016593,0.7545196052473487,exact,1.0,10.0,-0.28167401668856396,-14.833864464328029
2026p215817,2026-03-21T20:27:46.049000+00:00,-38.93584060668945,175.81167602539062,4.571358203887939,2.029688895394022,TMVZ,HHZ,22769.248514470382,22.769248514470384,1.0,10.0,3.1622776601683795,1.0565112442186439e-06,9.112311872178527e-09,115.94327093263307,-13.760538357051862,0.9214864370155496,exact,1.0,10.0,-0.08176722035762422,-13.678771136694237
2026p215817,2026-03-21T20:27:46.049000+00:00,-38.93584060668945,175.81167602539062,4.571358203887939,2.029688895394022,TUVZ,EHZ,39736.9548741638,39.7369548741638,1.0,10.0,3.1622776601683795,9.694393547814415e-07,1.946986762593193e-08,49.7917794515585,-13.846547917307966,1.97029574161132,exact,1.0,10.0,0.6781836541279606,-14.524731571435927
2026p215817,2026-03-21T20:27:46.049000+00:00,-38.93584060668945,175.81167602539062,4.571358203887939,2.029688895394022,TWVZ,HHZ,36143.693932616334,36.14369393261634,1.0,10.0,3.1622776601683795,2.0789581164102284e-07,4.473849899547526e-09,46.469107437433,-15.386228788312204,0.5802755580898467,exact,1.0,10.0,-0.5442521881111088,-14.841976600201095
2026p215817,2026-03-21T20:27:46.049000+00:00,-38.93584060668945,175.81167602539062,4.571358203887939,2.029688895394022,WHVZ,HHZ,43565.65746794441,43.56565746794441,1.0,10.0,3.1622776601683795,2.3812100048908555e-07,2.1080125466406243e-08,11.295995408972328,-15.250486887052858,0.8211193479986806,exact,1.0,10.0,-0.19708681103425454,-15.053400076018603
2026p215817,2026-03-21T20:27:46.049000+00:00,-38.93584060668945,175.81167602539062,4.571358203887939,2.029688895394022,WTVZ,HHZ,28273.10866652638,28.27310866652638,1.0,10.0,3.1622776601683795,7.899164763615533e-07,7.936758172658547e-09,99.52633798050545,-14.05133862319936,1.0296407025017171,exact,1.0,10.0,0.02920990886272243,-14.080548532062082
2026p218000,2026-03-22T15:50:28.819000+00:00,-40.21794128417969,174.7035369873047,12.0,2.087608167403451,COVZ,HHZ,134615.583329113,134.615583329113,1.0,10.0,3.1622776601683795,5.977869872660095e-08,9.045150020855952e-09,6.608922857969804,-16.63261644803244,1.0310666692210522,exact,1.0,10.0,0.030593867562053945,-16.663210315594494
2026p218000,2026-03-22T15:50:28.819000+00:00,-40.21794128417969,174.7035369873047,12.0,2.087608167403451,ETVZ,HHZ,148586.30630762954,148.58630630762954,1.0,10.0,3.1622776601683795,7.607253045271404e-08,1.0631993424759628e-08,7.15505807928337,-16.391578603698637,0.9471602664391504,exact,1.0,10.0,-0.05428696417065311,-16.337291639527983
2026p218000,2026-03-22T15:50:28.819000+00:00,-40.21794128417969,174.7035369873047,12.0,2.087608167403451,FWVZ,HHZ,130117.66823572296,130.11766823572296,1.0,10.0,3.1622776601683795,5.494064663355201e-08,8.728336503308395e-09,6.294515181985395,-16.717012386535078,0.6226707538339719,exact,1.0,10.0,-0.4737373849098134,-16.243275001625264
2026p218000,2026-03-22T15:50:28.819000+00:00,-40.21794128417969,174.7035369873047,12.0,2.087608167403451,KRVZ,HHZ,149028.06983290534,149.02806983290535,1.0,10.0,3.1622776601683795,7.56026752835608e-08,1.6344043186333323e-08,4.625702124109583,-16.397774167038353,0.8296358879603257,exact,1.0,10.0,-0.18676836364818022,-16.211005803390172
2026p218000,2026-03-22T15:50:28.819000+00:00,-40.21794128417969,174.7035369873047,12.0,2.087608167403451,NGZ,HHZ,139648.7762355953,139.64877623559528,1.0,10.0,3.1622776601683795,7.034456288560423e-08,6.809843676213522e-09,10.329835195970007,-16.469860343002427,1.12652241557642,exact,1.0,10.0,0.11913537911777466,-16.588995722120202
2026p218000,2026-03-22T15:50:28.819000+00:00,-40.21794128417969,174.7035369873047,12.0,2.087608167403451,NOVZ,EHZ,144650.43747951658,144.65043747951657,1.0,10.0,3.1622776601683795,8.931444526473366e-08,1.49954289273041e-08,5.956111405530215,-16.231102601062627,1.277398836799036,exact,1.0,10.0,0.24482585154452702,-16.475928452607153
2026p218000,2026-03-22T15:50:28.819000+00:00,-40.21794128417969,174.7035369873047,12.0,2.087608167403451,NTVZ,HHZ,150292.3286525402,150.2923286525402,1.0,10.0,3.1622776601683795,9.90865913202068e-08,1.3135063631984212e-08,7.543670445488245,-16.127271709303734,0.9936348993076428,exact,1.0,10.0,-0.006385444317864613,-16.12088626498587
2026p218000,2026-03-22T15:50:28.819000+00:00,-40.21794128417969,174.7035369873047,12.0,2.087608167403451,OTVZ,HHZ,143877.35690978487,143.87735690978488,1.0,10.0,3.1622776601683795,5.504451901767715e-08,7.190763794751023e-09,7.654891829134688,-16.715123542446104,1.0,exact,1.0,10.0,0.0,-16.715123542446104
2026p218000,2026-03-22T15:50:28.819000+00:00,-40.21794128417969,174.7035369873047,12.0,2.087608167403451,SNVZ,EHZ,140574.69217857692,140.57469217857692,1.0,10.0,3.1622776601683795,3.6175777836130956e-08,1.1174649396165019e-08,3.2373076374589407,-17.13487606262462,0.7545196052473487,exact,1.0,10.0,-0.28167401668856396,-16.853202045936058
2026p218000,2026-03-22T15:50:28.819000+00:00,-40.21794128417969,174.7035369873047,12.0,2.087608167403451,TMVZ,HHZ,150078.12536396313,150.07812536396312,1.0,10.0,3.1622776601683795,5.7148052625695595e-08,8.945925308867274e-09,6.388165634364282,-16.677620522077127,0.9214864370155496,exact,1.0,10.0,-0.08176722035762422,-16.595853301719504
2026p218000,2026-03-22T15:50:28.819000+00:00,-40.21794128417969,174.7035369873047,12.0,2.087608167403451,TUVZ,EHZ,133982.1174212152,133.9821174212152,1.0,10.0,3.1622776601683795,3.1528281436865753e-07,1.4771491700831239e-08,21.344006465570132,-14.969795777530559,1.97029574161132,exact,1.0,10.0,0.6781836541279606,-15.64797943165852
2026p218000,2026-03-22T15:50:28.819000+00:00,-40.21794128417969,174.7035369873047,12.0,2.087608167403451,TWVZ,HHZ,142682.43611997395,142.68243611997394,1.0,10.0,3.1622776601683795,3.5047776928755644e-08,6.301187069949345e-09,5.562091164679132,-17.166553651190412,0.5802755580898467,exact,1.0,10.0,-0.5442521881111088,-16.622301463079303
2026p218000,2026-03-22T15:50:28.819000+00:00,-40.21794128417969,174.7035369873047,12.0,2.087608167403451,WHVZ,HHZ,129381.5035990867,129.3815035990867,1.0,10.0,3.1622776601683795,8.998712253758482e-08,1.8591354526964215e-08,4.840267147133944,-16.22359925976921,0.8211193479986806,exact,1.0,10.0,-0.19708681103425454,-16.026512448734955
2026p218000,2026-03-22T15:50:28.819000+00:00,-40.21794128417969,174.7035369873047,12.0,2.087608167403451,WTVZ,HHZ,144721.14117391512,144.72114117391513,1.0,10.0,3.1622776601683795,8.098550336674953e-08,8.62699821053113e-09,9.387448726706479,-16.328995669072025,1.0296407025017171,exact,1.0,10.0,0.02920990886272243,-16.358205577934747
2026p219193,2026-03-23T02:26:51.679000+00:00,-38.93806838989258,175.8302001953125,3.230884075164795,2.680043542357374,COVZ,HHZ,38534.6614764361,38.5346614764361,1.0,10.0,3.1622776601683795,8.783805853527359e-07,3.678278833968973e-08,23.8802066129646,-13.945185868720541,1.0310666692210522,exact,1.0,10.0,0.030593867562053945,-13.975779736282595
2026p219193,2026-03-23T02:26:51.679000+00:00,-38.93806838989258,175.8302001953125,3.230884075164795,2.680043542357374,ETVZ,HHZ,24668.989007948396,24.668989007948397,1.0,10.0,3.1622776601683795,7.183827269162305e-06,1.2162050772690931e-08,590.675651946225,-11.843678271078279,0.9471602664391504,exact,1.0,10.0,-0.05428696417065311,-11.789391306907625
2026p219193,2026-03-23T02:26:51.679000+00:00,-38.93806838989258,175.8302001953125,3.230884075164795,2.680043542357374,FWVZ,HHZ,42902.323975092666,42.90232397509266,1.0,10.0,3.1622776601683795,8.982719884623653e-07,1.0418162836701987e-08,86.22172666545934,-13.922792932029054,0.6226707538339719,exact,1.0,10.0,-0.4737373849098134,-13.44905554711924
2026p219193,2026-03-23T02:26:51.679000+00:00,-38.93806838989258,175.8302001953125,3.230884075164795,2.680043542357374,KRVZ,HHZ,24269.03438136826,24.26903438136826,1.0,10.0,3.1622776601683795,6.411017382845688e-06,2.1538407774739606e-08,297.6551214878833,-11.957492581553426,0.8296358879603257,exact,1.0,10.0,-0.18676836364818022,-11.770724217905245
2026p219193,2026-03-23T02:26:51.679000+00:00,-38.93806838989258,175.8302001953125,3.230884075164795,2.680043542357374,NGZ,HHZ,33319.60189627542,33.319601896275415,1.0,10.0,3.1622776601683795,3.0348865153535976e-06,7.797687433304372e-09,389.20340694747813,-12.70533652612766,1.12652241557642,exact,1.0,10.0,0.11913537911777466,-12.824471905245435
2026p219193,2026-03-23T02:26:51.679000+00:00,-38.93806838989258,175.8302001953125,3.230884075164795,2.680043542357374,NOVZ,EHZ,28654.630601307665,28.654630601307666,1.0,10.0,3.1622776601683795,7.89415885946928e-06,1.5471767336738977e-08,510.2299360929474,-11.749387456848416,1.277398836799036,exact,1.0,10.0,0.24482585154452702,-11.994213308392943
2026p219193,2026-03-23T02:26:51.679000+00:00,-38.93806838989258,175.8302001953125,3.230884075164795,2.680043542357374,NTVZ,HHZ,22709.21315577698,22.70921315577698,1.0,10.0,3.1622776601683795,1.670203903529237e-05,1.6114827556130245e-08,1036.4392034054838,-10.99997974807321,0.9936348993076428,exact,1.0,10.0,-0.006385444317864613,-10.993594303755346
2026p219193,2026-03-23T02:26:51.679000+00:00,-38.93806838989258,175.8302001953125,3.230884075164795,2.680043542357374,OTVZ,HHZ,29170.99000670077,29.17099000670077,1.0,10.0,3.1622776601683795,3.595072086660455e-06,8.167840325983911e-09,440.1496531737583,-12.53594651507006,1.0,exact,1.0,10.0,0.0,-12.53594651507006
2026p219193,2026-03-23T02:26:51.679000+00:00,-38.93806838989258,175.8302001953125,3.230884075164795,2.680043542357374,SNVZ,EHZ,32440.832147705114,32.440832147705116,1.0,10.0,3.1622776601683795,1.800690171896047e-06,1.3070898753227894e-08,137.76330196508957,-13.227340537721068,0.7545196052473487,exact,1.0,10.0,-0.28167401668856396,-12.945666521032503
2026p219193,2026-03-23T02:26:51.679000+00:00,-38.93806838989258,175.8302001953125,3.230884075164795,2.680043542357374,TMVZ,HHZ,22965.58256514686,22.965582565146857,1.0,10.0,3.1622776601683795,8.204873743974782e-06,2.0388486621304358e-08,402.4268155048515,-11.710782221234117,0.9214864370155496,exact,1.0,10.0,-0.08176722035762422,-11.629015000876493
2026p219193,2026-03-23T02:26:51.679000+00:00,-38.93806838989258,175.8302001953125,3.230884075164795,2.680043542357374,TUVZ,EHZ,39909.36881844348,39.90936881844348,1.0,10.0,3.1622776601683795,6.448415007464974e-06,1.9574300466250868e-08,329.4327180980512,-11.9516761926312,1.97029574161132,exact,1.0,10.0,0.6781836541279606,-12.629859846759162
2026p219193,2026-03-23T02:26:51.679000+00:00,-38.93806838989258,175.8302001953125,3.230884075164795,2.680043542357374,TWVZ,HHZ,37311.28048665714,37.31128048665714,1.0,10.0,3.1622776601683795,1.3220192087998452e-06,6.228271848744442e-09,212.26099966499555,-13.536350286534557,0.5802755580898467,exact,1.0,10.0,-0.5442521881111088,-12.992098098423448
2026p219193,2026-03-23T02:26:51.679000+00:00,-38.93806838989258,175.8302001953125,3.230884075164795,2.680043542357374,WHVZ,HHZ,43900.685976766224,43.900685976766226,1.0,10.0,3.1622776601683795,1.3872554867986758e-06,2.1032113647489054e-08,65.95891930073776,-13.488183232586085,0.8211193479986806,exact,1.0,10.0,-0.19708681103425454,-13.29109642155183
2026p219193,2026-03-23T02:26:51.679000+00:00,-38.93806838989258,175.8302001953125,3.230884075164795,2.680043542357374,WTVZ,HHZ,28985.6762751491,28.9856762751491,1.0,10.0,3.1622776601683795,5.015129186788728e-06,1.0628126029089566e-08,471.87332678048205,-12.203051376804646,1.0296407025017171,exact,1.0,10.0,0.02920990886272243,-12.232261285667368
2026p220587,2026-03-23T14:48:59.478000+00:00,-39.49396896362305,176.81163024902344,30.25261878967285,2.106252352670236,COVZ,HHZ,118418.74852453089,118.4187485245309,1.0,10.0,3.1622776601683795,9.680360696391927e-08,1.0033654815784551e-08,9.647890897306098,-16.150581581334134,1.0310666692210522,exact,1.0,10.0,0.030593867562053945,-16.181175448896187
2026p220587,2026-03-23T14:48:59.478000+00:00,-39.49396896362305,176.81163024902344,30.25261878967285,2.106252352670236,ETVZ,HHZ,107655.5688476276,107.65556884762759,1.0,10.0,3.1622776601683795,2.204999129105807e-07,1.1437603180108719e-08,19.278506994722015,-15.327368537022942,0.9471602664391504,exact,1.0,10.0,-0.05428696417065311,-15.273081572852288
2026p220587,2026-03-23T14:48:59.478000+00:00,-39.49396896362305,176.81163024902344,30.25261878967285,2.106252352670236,FWVZ,HHZ,116232.78517061428,116.23278517061428,1.0,10.0,3.1622776601683795,7.772663248493738e-08,1.658454324469861e-08,4.68669117612168,-16.37006787787784,0.6226707538339719,exact,1.0,10.0,-0.4737373849098134,-15.896330492968026
2026p220587,2026-03-23T14:48:59.478000+00:00,-39.49396896362305,176.81163024902344,30.25261878967285,2.106252352670236,KRVZ,HHZ,114680.2133118283,114.6802133118283,1.0,10.0,3.1622776601683795,1.3682863656679397e-07,1.7707007552156386e-08,7.727372124497161,-15.804536522036159,0.8296358879603257,exact,1.0,10.0,-0.18676836364818022,-15.617768158387978
2026p220587,2026-03-23T14:48:59.478000+00:00,-39.49396896362305,176.81163024902344,30.25261878967285,2.106252352670236,NGZ,HHZ,114654.92976487202,114.65492976487202,1.0,10.0,3.1622776601683795,1.9629176978417294e-07,8.625827592450842e-09,22.75628253409142,-15.443663663266467,1.12652241557642,exact,1.0,10.0,0.11913537911777466,-15.562799042384242
2026p220587,2026-03-23T14:48:59.478000+00:00,-39.49396896362305,176.81163024902344,30.25261878967285,2.106252352670236,NOVZ,EHZ,115757.23598834148,115.75723598834148,1.0,10.0,3.1622776601683795,1.5499111470074097e-07,1.4576890122147644e-08,10.632659874773468,-15.679898046181625,1.277398836799036,exact,1.0,10.0,0.24482585154452702,-15.924723897726153
2026p220587,2026-03-23T14:48:59.478000+00:00,-39.49396896362305,176.81163024902344,30.25261878967285,2.106252352670236,NTVZ,HHZ,111884.2017269601,111.8842017269601,1.0,10.0,3.1622776601683795,2.1578738847124244e-07,1.1680857254666507e-08,18.473591772130877,-15.348972226649188,0.9936348993076428,exact,1.0,10.0,-0.006385444317864613,-15.342586782331324
2026p220587,2026-03-23T14:48:59.478000+00:00,-39.49396896362305,176.81163024902344,30.25261878967285,2.106252352670236,OTVZ,HHZ,110141.58057913306,110.14158057913306,1.0,10.0,3.1622776601683795,1.6222900821564775e-07,7.289156938456046e-09,22.256210091973998,-15.634256868988839,1.0,exact,1.0,10.0,0.0,-15.634256868988839
2026p220587,2026-03-23T14:48:59.478000+00:00,-39.49396896362305,176.81163024902344,30.25261878967285,2.106252352670236,SNVZ,EHZ,111258.49078785228,111.25849078785228,1.0,10.0,3.1622776601683795,1.0867701131473264e-07,1.142339088075093e-08,9.51355096303845,-16.034885552630833,0.7545196052473487,exact,1.0,10.0,-0.28167401668856396,-15.753211535942269
2026p220587,2026-03-23T14:48:59.478000+00:00,-39.49396896362305,176.81163024902344,30.25261878967285,2.106252352670236,TMVZ,HHZ,108994.5678531283,108.9945678531283,1.0,10.0,3.1622776601683795,1.7542170769913175e-07,1.1331671936012982e-08,15.480655342803137,-15.556073003553607,0.9214864370155496,exact,1.0,10.0,-0.08176722035762422,-15.474305783195982
2026p220587,2026-03-23T14:48:59.478000+00:00,-39.49396896362305,176.81163024902344,30.25261878967285,2.106252352670236,TUVZ,EHZ,107617.73571188157,107.61773571188156,1.0,10.0,3.1622776601683795,4.330414635433493e-07,2.486245784365519e-08,17.417484074441976,-14.652432354767877,1.97029574161132,exact,1.0,10.0,0.6781836541279606,-15.330616008895838
2026p220587,2026-03-23T14:48:59.478000+00:00,-39.49396896362305,176.81163024902344,30.25261878967285,2.106252352670236,TWVZ,HHZ,131295.9449278767,131.2959449278767,1.0,10.0,3.1622776601683795,2.614675630225814e-08,5.208710228714478e-09,5.019813956652225,-17.45954069610798,0.5802755580898467,exact,1.0,10.0,-0.5442521881111088,-16.91528850799687
2026p220587,2026-03-23T14:48:59.478000+00:00,-39.49396896362305,176.81163024902344,30.25261878967285,2.106252352670236,WHVZ,HHZ,112693.67569450507,112.69367569450507,1.0,10.0,3.1622776601683795,1.2143156022036845e-07,2.357479542446865e-08,5.150906212926571,-15.923915023240767,0.8211193479986806,exact,1.0,10.0,-0.19708681103425454,-15.726828212206511
2026p220587,2026-03-23T14:48:59.478000+00:00,-39.49396896362305,176.81163024902344,30.25261878967285,2.106252352670236,WTVZ,HHZ,117747.1327698988,117.7471327698988,1.0,10.0,3.1622776601683795,7.610996670441491e-08,9.247647400376175e-09,8.230197736704246,-16.391086612133837,1.0296407025017171,exact,1.0,10.0,0.02920990886272243,-16.42029652099656
2026p222192,2026-03-24T05:04:22.926000+00:00,-40.13034057617188,174.40179443359375,5.0,2.249588738041685,COVZ,HHZ,142428.92954987567,142.42892954987568,1.0,10.0,3.1622776601683795,5.7719781345036525e-08,1.8457147795056076e-08,3.127231898771343,-16.667665891248948,1.0310666692210522,exact,1.0,10.0,0.030593867562053945,-16.698259758811
2026p222192,2026-03-24T05:04:22.926000+00:00,-40.13034057617188,174.40179443359375,5.0,2.249588738041685,ETVZ,HHZ,157663.5665156216,157.66356651562162,1.0,10.0,3.1622776601683795,6.956787053579813e-08,1.66805513872593e-08,4.170597777057566,-16.48096300642286,0.9471602664391504,exact,1.0,10.0,-0.05428696417065311,-16.426676042252208
2026p222192,2026-03-24T05:04:22.926000+00:00,-40.13034057617188,174.40179443359375,5.0,2.249588738041685,FWVZ,HHZ,138727.6750278326,138.7276750278326,1.0,10.0,3.1622776601683795,6.85089825658054e-08,2.1289551699549562e-08,3.217962666975975,-16.4963009679278,0.6226707538339719,exact,1.0,10.0,-0.4737373849098134,-16.022563583017988
2026p222192,2026-03-24T05:04:22.926000+00:00,-40.13034057617188,174.40179443359375,5.0,2.249588738041685,KRVZ,HHZ,156823.28959477777,156.82328959477778,1.0,10.0,3.1622776601683795,8.442974704404831e-08,1.8432181997539827e-08,4.580561707524225,-16.28734604431298,0.8296358879603257,exact,1.0,10.0,-0.18676836364818022,-16.1005776806648
2026p222192,2026-03-24T05:04:22.926000+00:00,-40.13034057617188,174.40179443359375,5.0,2.249588738041685,NGZ,HHZ,147897.1406044404,147.8971406044404,1.0,10.0,3.1622776601683795,8.425756560685287e-08,1.3024249844934644e-08,6.469283575638876,-16.289387472257804,1.12652241557642,exact,1.0,10.0,0.11913537911777466,-16.40852285137558
2026p222192,2026-03-24T05:04:22.926000+00:00,-40.13034057617188,174.40179443359375,5.0,2.249588738041685,NOVZ,EHZ,152429.5928543572,152.4295928543572,1.0,10.0,3.1622776601683795,1.4356362418723823e-07,1.6184552462499503e-08,8.870410505318763,-15.756487525880905,1.277398836799036,exact,1.0,10.0,0.24482585154452702,-16.001313377425433
2026p222192,2026-03-24T05:04:22.926000+00:00,-40.13034057617188,174.40179443359375,5.0,2.249588738041685,NTVZ,HHZ,158540.20234376533,158.54020234376532,1.0,10.0,3.1622776601683795,1.4499135093827648e-07,1.482364816876809e-08,9.781084203263703,-15.746591745006432,0.9936348993076428,exact,1.0,10.0,-0.006385444317864613,-15.740206300688568
2026p222192,2026-03-24T05:04:22.926000+00:00,-40.13034057617188,174.40179443359375,5.0,2.249588738041685,OTVZ,HHZ,152744.21693655322,152.74421693655322,1.0,10.0,3.1622776601683795,5.738043791889268e-08,1.3691488164818131e-08,4.1909569820421995,-16.67356239451411,1.0,exact,1.0,10.0,0.0,-16.67356239451411
2026p222192,2026-03-24T05:04:22.926000+00:00,-40.13034057617188,174.40179443359375,5.0,2.249588738041685,SNVZ,EHZ,149425.15712237512,149.4251571223751,1.0,10.0,3.1622776601683795,4.0733482851460964e-08,1.1406473534829527e-08,3.5710846763534563,-17.016215408225964,0.7545196052473487,exact,1.0,10.0,-0.28167401668856396,-16.7345413915374
2026p222192,2026-03-24T05:04:22.926000+00:00,-40.13034057617188,174.40179443359375,5.0,2.249588738041685,TMVZ,HHZ,158848.18471133366,158.84818471133366,1.0,10.0,3.1622776601683795,6.248827874711755e-08,1.5570457029634238e-08,4.013259124519445,-16.58828683783801,0.9214864370155496,exact,1.0,10.0,-0.08176722035762422,-16.506519617480386
2026p222192,2026-03-24T05:04:22.926000+00:00,-40.13034057617188,174.40179443359375,5.0,2.249588738041685,TUVZ,EHZ,144055.2929451513,144.0552929451513,1.0,10.0,3.1622776601683795,3.5850853339417247e-07,3.0658892886603424e-08,11.69345986236916,-14.84131337413794,1.97029574161132,exact,1.0,10.0,0.6781836541279606,-15.519497028265901
2026p222192,2026-03-24T05:04:22.926000+00:00,-40.13034057617188,174.40179443359375,5.0,2.249588738041685,TWVZ,HHZ,147601.7204221831,147.6017204221831,1.0,10.0,3.1622776601683795,7.514338843060318e-08,5.3328860498298115e-09,14.090567045399597,-16.403867702919765,0.5802755580898467,exact,1.0,10.0,-0.5442521881111088,-15.859615514808656
2026p222192,2026-03-24T05:04:22.926000+00:00,-40.13034057617188,174.40179443359375,5.0,2.249588738041685,WTVZ,HHZ,152125.49954954762,152.1254995495476,1.0,10.0,3.1622776601683795,1.280369979666813e-07,9.940594941715106e-09,12.880214787686576,-15.870946568178022,1.0296407025017171,exact,1.0,10.0,0.02920990886272243,-15.900156477040744
2026p222826,2026-03-24T10:42:08.685000+00:00,-39.26874542236328,174.71009826660156,20.772117614746094,2.094780016154433,COVZ,HHZ,75504.11570990257,75.50411570990258,1.0,10.0,3.1622776601683795,7.142731229526437e-08,1.1398251507944004e-08,6.266514846201029,-16.454585515601202,1.0310666692210522,exact,1.0,10.0,0.030593867562053945,-16.485179383163256
2026p222826,2026-03-24T10:42:08.685000+00:00,-39.26874542236328,174.71009826660156,20.772117614746094,2.094780016154433,ETVZ,HHZ,90395.30726978705,90.39530726978705,1.0,10.0,3.1622776601683795,9.268614427839409e-08,8.740628828757163e-09,10.604059055047783,-16.194046843956105,0.9471602664391504,exact,1.0,10.0,-0.05428696417065311,-16.13975987978545
2026p222826,2026-03-24T10:42:08.685000+00:00,-39.26874542236328,174.71009826660156,20.772117614746094,2.094780016154433,FWVZ,HHZ,76252.57501803274,76.25257501803274,1.0,10.0,3.1622776601683795,9.428288207393415e-08,1.392052197357283e-08,6.772941578837621,-16.17696619004221,0.6226707538339719,exact,1.0,10.0,-0.4737373849098134,-15.703228805132397
2026p222826,2026-03-24T10:42:08.685000+00:00,-39.26874542236328,174.71009826660156,20.772117614746094,2.094780016154433,KRVZ,HHZ,85615.11655338011,85.6151165533801,1.0,10.0,3.1622776601683795,1.9547253365184934e-07,1.5008674597739422e-08,13.02397039651263,-15.447845960220448,0.8296358879603257,exact,1.0,10.0,-0.18676836364818022,-15.261077596572267
2026p222826,2026-03-24T10:42:08.685000+00:00,-39.26874542236328,174.71009826660156,20.772117614746094,2.094780016154433,NGZ,HHZ,80758.40559068139,80.75840559068139,1.0,10.0,3.1622776601683795,1.7142347304977193e-07,7.51910076702579e-09,22.798400814300983,-15.579128891210889,1.12652241557642,exact,1.0,10.0,0.11913537911777466,-15.698264270328664
2026p222826,2026-03-24T10:42:08.685000+00:00,-39.26874542236328,174.71009826660156,20.772117614746094,2.094780016154433,NOVZ,EHZ,82439.94764468349,82.43994764468349,1.0,10.0,3.1622776601683795,2.607459372961233e-07,1.2355952988459403e-08,21.10285928893246,-15.159719324026325,1.277398836799036,exact,1.0,10.0,0.24482585154452702,-15.404545175570853
2026p222826,2026-03-24T10:42:08.685000+00:00,-39.26874542236328,174.71009826660156,20.772117614746094,2.094780016154433,NTVZ,HHZ,88358.02665511722,88.35802665511723,1.0,10.0,3.1622776601683795,2.819046286192143e-07,9.995295780929461e-09,28.203730514616147,-15.081697019595357,0.9936348993076428,exact,1.0,10.0,-0.006385444317864613,-15.075311575277492
2026p222826,2026-03-24T10:42:08.685000+00:00,-39.26874542236328,174.71009826660156,20.772117614746094,2.094780016154433,OTVZ,HHZ,86230.74076030844,86.23074076030845,1.0,10.0,3.1622776601683795,1.5560974530100004e-07,8.592330488732609e-09,18.110307268215063,-15.675914596694174,1.0,exact,1.0,10.0,0.0,-15.675914596694174
2026p222826,2026-03-24T10:42:08.685000+00:00,-39.26874542236328,174.71009826660156,20.772117614746094,2.094780016154433,SNVZ,EHZ,83884.10123857953,83.88410123857953,1.0,10.0,3.1622776601683795,1.1087344634509595e-07,1.0960603784520894e-08,10.115633091461339,-16.014876409085907,0.7545196052473487,exact,1.0,10.0,-0.28167401668856396,-15.733202392397343
2026p222826,2026-03-24T10:42:08.685000+00:00,-39.26874542236328,174.71009826660156,20.772117614746094,2.094780016154433,TMVZ,HHZ,90251.99831126996,90.25199831126996,1.0,10.0,3.1622776601683795,9.490042539816418e-08,1.089844382672532e-08,8.707704228877887,-16.170437648746642,0.9214864370155496,exact,1.0,10.0,-0.08176722035762422,-16.08867042838902
2026p222826,2026-03-24T10:42:08.685000+00:00,-39.26874542236328,174.71009826660156,20.772117614746094,2.094780016154433,TUVZ,EHZ,84445.41590294665,84.44541590294665,1.0,10.0,3.1622776601683795,2.9167611286717995e-07,1.908618099492361e-08,15.282057366256646,-15.047621852808165,1.97029574161132,exact,1.0,10.0,0.6781836541279606,-15.725805506936126
2026p222826,2026-03-24T10:42:08.685000+00:00,-39.26874542236328,174.71009826660156,20.772117614746094,2.094780016154433,TWVZ,HHZ,70097.44333544638,70.09744333544639,1.0,10.0,3.1622776601683795,9.821155655606602e-08,6.816705351542789e-09,14.407481545881739,-16.136141944639867,0.5802755580898467,exact,1.0,10.0,-0.5442521881111088,-15.591889756528758
2026p222826,2026-03-24T10:42:08.685000+00:00,-39.26874542236328,174.71009826660156,20.772117614746094,2.094780016154433,WHVZ,HHZ,79196.55691910998,79.19655691910998,1.0,10.0,3.1622776601683795,8.644696975793014e-08,2.2940119039113765e-08,3.768374942193404,-16.263734677392925,0.8211193479986806,exact,1.0,10.0,-0.19708681103425454,-16.06664786635867
2026p222826,2026-03-24T10:42:08.685000+00:00,-39.26874542236328,174.71009826660156,20.772117614746094,2.094780016154433,WTVZ,HHZ,80913.09915011241,80.9130991501124,1.0,10.0,3.1622776601683795,1.759776411106023e-07,1.1625729097119774e-08,15.13691224356845,-15.55290888912272,1.0296407025017171,exact,1.0,10.0,0.02920990886272243,-15.582118797985443
2026p223054,2026-03-24T12:43:26.772000+00:00,-39.70724487304688,176.78073120117188,28.81045913696289,2.1085710488693605,ETVZ,HHZ,115846.74532084927,115.84674532084927,1.0,10.0,3.1622776601683795,1.271063935067564e-07,1.3173429246709089e-08,9.648694438352823,-15.878241357051902,0.9471602664391504,exact,1.0,10.0,-0.05428696417065311,-15.823954392881248
2026p223054,2026-03-24T12:43:26.772000+00:00,-39.70724487304688,176.78073120117188,28.81045913696289,2.1085710488693605,KRVZ,HHZ,123140.59645170115,123.14059645170114,1.0,10.0,3.1622776601683795,6.006826615640322e-08,1.4748218835565588e-08,4.072916656996406,-16.627784152219846,0.8296358879603257,exact,1.0,10.0,-0.18676836364818022,-16.441015788571665
2026p223054,2026-03-24T12:43:26.772000+00:00,-39.70724487304688,176.78073120117188,28.81045913696289,2.1085710488693605,NGZ,HHZ,121287.34123553394,121.28734123553394,1.0,10.0,3.1622776601683795,1.1139327653417513e-07,1.191885587093598e-08,9.345970598218795,-16.010198865545938,1.12652241557642,exact,1.0,10.0,0.11913537911777466,-16.129334244663713
2026p223054,2026-03-24T12:43:26.772000+00:00,-39.70724487304688,176.78073120117188,28.81045913696289,2.1085710488693605,NOVZ,EHZ,123398.18124405446,123.39818124405446,1.0,10.0,3.1622776601683795,7.708944510159644e-08,1.3634388148416418e-08,5.654045070629009,-16.378299464560605,1.277398836799036,exact,1.0,10.0,0.24482585154452702,-16.62312531610513
2026p223054,2026-03-24T12:43:26.772000+00:00,-39.70724487304688,176.78073120117188,28.81045913696289,2.1085710488693605,NTVZ,HHZ,120526.05811682451,120.52605811682452,1.0,10.0,3.1622776601683795,9.495330515801589e-08,1.134296575758032e-08,8.37111802921208,-16.169880590836176,0.9936348993076428,exact,1.0,10.0,-0.006385444317864613,-16.16349514651831
2026p223054,2026-03-24T12:43:26.772000+00:00,-39.70724487304688,176.78073120117188,28.81045913696289,2.1085710488693605,OTVZ,HHZ,117447.97973686397,117.44797973686397,1.0,10.0,3.1622776601683795,9.348800500776957e-08,8.173207587930832e-09,11.438349509906114,-16.185432697568423,1.0,exact,1.0,10.0,0.0,-16.185432697568423
2026p223054,2026-03-24T12:43:26.772000+00:00,-39.70724487304688,176.78073120117188,28.81045913696289,2.1085710488693605,SNVZ,EHZ,117928.17479637913,117.92817479637912,1.0,10.0,3.1622776601683795,5.611244525457841e-08,1.505597587551753e-08,3.7269218361210754,-16.695908208475664,0.7545196052473487,exact,1.0,10.0,-0.28167401668856396,-16.414234191787102
2026p223054,2026-03-24T12:43:26.772000+00:00,-39.70724487304688,176.78073120117188,28.81045913696289,2.1085710488693605,TMVZ,HHZ,117527.97084221753,117.52797084221753,1.0,10.0,3.1622776601683795,8.590296836360942e-08,1.2635562863622196e-08,6.798507457940334,-16.270047452515886,0.9214864370155496,exact,1.0,10.0,-0.08176722035762422,-16.188280232158263
2026p223054,2026-03-24T12:43:26.772000+00:00,-39.70724487304688,176.78073120117188,28.81045913696289,2.1085710488693605,TUVZ,EHZ,112650.24159233514,112.65024159233514,1.0,10.0,3.1622776601683795,1.9544168629259994e-07,2.5593296520442085e-08,7.636440508415756,-15.448003781848517,1.97029574161132,exact,1.0,10.0,0.6781836541279606,-16.126187435976476
2026p223054,2026-03-24T12:43:26.772000+00:00,-39.70724487304688,176.78073120117188,28.81045913696289,2.1085710488693605,TWVZ,HHZ,138812.92182212297,138.81292182212297,1.0,10.0,3.1622776601683795,1.9808109215698647e-08,4.54591843421295e-09,4.357339336892016,-17.737174426742815,0.5802755580898467,exact,1.0,10.0,-0.5442521881111088,-17.192922238631706
2026p223054,2026-03-24T12:43:26.772000+00:00,-39.70724487304688,176.78073120117188,28.81045913696289,2.1085710488693605,WHVZ,HHZ,117026.16553051243,117.02616553051243,1.0,10.0,3.1622776601683795,1.4142070768567706e-07,3.904066408645106e-08,3.6223950333559176,-15.771526646641435,0.8211193479986806,exact,1.0,10.0,-0.19708681103425454,-15.57443983560718
2026p223054,2026-03-24T12:43:26.772000+00:00,-39.70724487304688,176.78073120117188,28.81045913696289,2.1085710488693605,WTVZ,HHZ,125462.52230490207,125.46252230490207,1.0,10.0,3.1622776601683795,5.0927577037575194e-08,9.145699404698043e-09,5.5684726540885725,-16.792861271546894,1.0296407025017171,exact,1.0,10.0,0.02920990886272243,-16.822071180409615
2026p223306,2026-03-24T14:57:33.134000+00:00,-40.011138916015625,176.55084228515625,34.6634407043457,2.237899725581531,COVZ,HHZ,129982.7290070109,129.9827290070109,1.0,10.0,3.1622776601683795,7.058959084640847e-08,2.1487780655707643e-08,3.285103844712705,-16.46638314175347,1.0310666692210522,exact,1.0,10.0,0.030593867562053945,-16.496977009315525
2026p223306,2026-03-24T14:57:33.134000+00:00,-40.011138916015625,176.55084228515625,34.6634407043457,2.237899725581531,ETVZ,HHZ,126285.07260739381,126.28507260739381,1.0,10.0,3.1622776601683795,1.2287873163793379e-07,1.0711447597345345e-08,11.471720374040503,-15.91206788955724,0.9471602664391504,exact,1.0,10.0,-0.05428696417065311,-15.857780925386587
2026p223306,2026-03-24T14:57:33.134000+00:00,-40.011138916015625,176.55084228515625,34.6634407043457,2.237899725581531,KRVZ,HHZ,133256.33667751946,133.25633667751947,1.0,10.0,3.1622776601683795,6.365775941392007e-08,1.5592887535819294e-08,4.082486920250548,-16.56974461184884,0.8296358879603257,exact,1.0,10.0,-0.18676836364818022,-16.38297624820066
2026p223306,2026-03-24T14:57:33.134000+00:00,-40.011138916015625,176.55084228515625,34.6634407043457,2.237899725581531,NGZ,HHZ,128703.01386727337,128.70301386727337,1.0,10.0,3.1622776601683795,1.0518377995640202e-07,1.5404109677015536e-08,6.828293368577262,-16.067556731454147,1.12652241557642,exact,1.0,10.0,0.11913537911777466,-16.186692110571922
2026p223306,2026-03-24T14:57:33.134000+00:00,-40.011138916015625,176.55084228515625,34.6634407043457,2.237899725581531,NOVZ,EHZ,132209.68544159742,132.20968544159743,1.0,10.0,3.1622776601683795,1.1238330130339758e-07,2.1771677885524028e-08,5.161903547090468,-16.001350475440073,1.277398836799036,exact,1.0,10.0,0.24482585154452702,-16.2461763269846
2026p223306,2026-03-24T14:57:33.134000+00:00,-40.011138916015625,176.55084228515625,34.6634407043457,2.237899725581531,NTVZ,HHZ,131191.99675820043,131.19199675820045,1.0,10.0,3.1622776601683795,1.2235856952179007e-07,1.3023805114289898e-08,9.394993893722855,-15.916310008466027,0.9936348993076428,exact,1.0,10.0,-0.006385444317864613,-15.909924564148163
2026p223306,2026-03-24T14:57:33.134000+00:00,-40.011138916015625,176.55084228515625,34.6634407043457,2.237899725581531,OTVZ,HHZ,126344.1421812076,126.3441421812076,1.0,10.0,3.1622776601683795,1.0729703285773489e-07,1.073843601587398e-08,9.99186778215414,-16.047664840462513,1.0,exact,1.0,10.0,0.0,-16.047664840462513
2026p223306,2026-03-24T14:57:33.134000+00:00,-40.011138916015625,176.55084228515625,34.6634407043457,2.237899725581531,SNVZ,EHZ,125774.63692856398,125.77463692856398,1.0,10.0,3.1622776601683795,6.0749207160277e-08,1.2600317145115253e-08,4.821244295730092,-16.616511805670555,0.7545196052473487,exact,1.0,10.0,-0.28167401668856396,-16.334837788981993
2026p223306,2026-03-24T14:57:33.134000+00:00,-40.011138916015625,176.55084228515625,34.6634407043457,2.237899725581531,TMVZ,HHZ,128322.98559647071,128.32298559647072,1.0,10.0,3.1622776601683795,1.1304867003278834e-07,1.3096342002052374e-08,8.632079859786197,-15.995447402707482,0.9214864370155496,exact,1.0,10.0,-0.08176722035762422,-15.913680182349857
2026p223306,2026-03-24T14:57:33.134000+00:00,-40.011138916015625,176.55084228515625,34.6634407043457,2.237899725581531,TUVZ,EHZ,118499.40355080225,118.49940355080226,1.0,10.0,3.1622776601683795,3.138475907690874e-07,2.0229024100472093e-08,15.514717329431775,-14.974358348589305,1.97029574161132,exact,1.0,10.0,0.6781836541279606,-15.652542002717267
2026p223306,2026-03-24T14:57:33.134000+00:00,-40.011138916015625,176.55084228515625,34.6634407043457,2.237899725581531,WHVZ,HHZ,121316.05334487975,121.31605334487975,1.0,10.0,3.1622776601683795,1.4318187595929204e-07,2.147300471391308e-08,6.66799443612657,-15.759150154959915,0.8211193479986806,exact,1.0,10.0,-0.19708681103425454,-15.56206334392566
2026p237023,2026-03-29T16:46:16.208000+00:00,-38.60210037231445,176.0228271484375,4.445863723754883,2.0936713658042083,ETVZ,HHZ,65387.10503693806,65.38710503693807,1.0,10.0,3.1622776601683795,7.02130165468333e-08,1.4270303152905935e-08,4.9202189886579575,-16.471732122207914,0.9471602664391504,exact,1.0,10.0,-0.05428696417065311,-16.41744515803726
2026p237023,2026-03-29T16:46:16.208000+00:00,-38.60210037231445,176.0228271484375,4.445863723754883,2.0936713658042083,KRVZ,HHZ,64162.06427782568,64.16206427782568,1.0,10.0,3.1622776601683795,5.662708961524055e-08,1.6053241884339368e-08,3.5274550787453545,-16.686778351126694,0.8296358879603257,exact,1.0,10.0,-0.18676836364818022,-16.500009987478514
2026p237023,2026-03-29T16:46:16.208000+00:00,-38.60210037231445,176.0228271484375,4.445863723754883,2.0936713658042083,NOVZ,EHZ,68583.17211456105,68.58317211456105,1.0,10.0,3.1622776601683795,5.852344796054716e-08,1.6007774288628006e-08,3.6559391021725287,-16.653838343177,1.277398836799036,exact,1.0,10.0,0.24482585154452702,-16.898664194721526
2026p237023,2026-03-29T16:46:16.208000+00:00,-38.60210037231445,176.0228271484375,4.445863723754883,2.0936713658042083,NTVZ,HHZ,63052.855419701955,63.052855419701956,1.0,10.0,3.1622776601683795,9.436850214510794e-08,1.5409240858974057e-08,6.1241499830375785,-16.176058483190157,0.9936348993076428,exact,1.0,10.0,-0.006385444317864613,-16.169673038872293
2026p237023,2026-03-29T16:46:16.208000+00:00,-38.60210037231445,176.0228271484375,4.445863723754883,2.0936713658042083,OTVZ,HHZ,69841.2318003482,69.84123180034821,1.0,10.0,3.1622776601683795,4.4347172121616853e-08,1.300980826142956e-08,3.4087490937967018,-16.93121689298324,1.0,exact,1.0,10.0,0.0,-16.93121689298324
2026p237023,2026-03-29T16:46:16.208000+00:00,-38.60210037231445,176.0228271484375,4.445863723754883,2.0936713658042083,TMVZ,HHZ,63616.68259977855,63.61668259977855,1.0,10.0,3.1622776601683795,7.50222209260392e-08,1.6594507254347082e-08,4.5209068142946185,-16.405481488278205,0.9214864370155496,exact,1.0,10.0,-0.08176722035762422,-16.323714267920582
2026p237023,2026-03-29T16:46:16.208000+00:00,-38.60210037231445,176.0228271484375,4.445863723754883,2.0936713658042083,TWVZ,HHZ,72944.40480078978,72.94440480078978,1.0,10.0,3.1622776601683795,3.0627975943937735e-08,7.324499821400415e-09,4.18157917820548,-17.30135199912298,0.5802755580898467,exact,1.0,10.0,-0.5442521881111088,-16.75709981101187
2026p237023,2026-03-29T16:46:16.208000+00:00,-38.60210037231445,176.0228271484375,4.445863723754883,2.0936713658042083,WTVZ,HHZ,68485.61042527667,68.48561042527666,1.0,10.0,3.1622776601683795,4.610969324603907e-08,1.27772000592378e-08,3.608747850253951,-16.89224264340577,1.0296407025017171,exact,1.0,10.0,0.02920990886272243,-16.92145255226849
2026p242635,2026-03-31T18:36:26.114000+00:00,-39.33726119995117,175.41038513183594,13.49211597442627,2.0164279712581505,COVZ,HHZ,23999.23534621109,23.99923534621109,1.0,10.0,3.1622776601683795,7.568500088467005e-07,1.3464544291224395e-08,56.21059223964843,-14.094100742048994,1.0310666692210522,exact,1.0,10.0,0.030593867562053945,-14.124694609611048
2026p242635,2026-03-31T18:36:26.114000+00:00,-39.33726119995117,175.41038513183594,13.49211597442627,2.0164279712581505,ETVZ,HHZ,37275.89630237742,37.27589630237742,1.0,10.0,3.1622776601683795,9.843955479463062e-07,1.4262652154326733e-08,69.0191092999263,-13.83123804104609,0.9471602664391504,exact,1.0,10.0,-0.05428696417065311,-13.776951076875436
2026p242635,2026-03-31T18:36:26.114000+00:00,-39.33726119995117,175.41038513183594,13.49211597442627,2.0164279712581505,FWVZ,HHZ,21819.898557179633,21.819898557179634,1.0,10.0,3.1622776601683795,8.791051932279138e-07,1.2065578927662063e-08,72.86058949168527,-13.944361272669674,0.6226707538339719,exact,1.0,10.0,-0.4737373849098134,-13.47062388775986
2026p242635,2026-03-31T18:36:26.114000+00:00,-39.33726119995117,175.41038513183594,13.49211597442627,2.0164279712581505,KRVZ,HHZ,36607.98408431721,36.607984084317216,1.0,10.0,3.1622776601683795,9.055841867671144e-07,1.448477196843962e-08,62.51974064488286,-13.9146855912587,0.8296358879603257,exact,1.0,10.0,-0.18676836364818022,-13.727917227610519
2026p242635,2026-03-31T18:36:26.114000+00:00,-39.33726119995117,175.41038513183594,13.49211597442627,2.0164279712581505,NGZ,HHZ,28577.714468084174,28.577714468084174,1.0,10.0,3.1622776601683795,1.1822119961816792e-06,1.656886900561953e-08,71.35139977150631,-13.64812330127073,1.12652241557642,exact,1.0,10.0,0.11913537911777466,-13.767258680388505
2026p242635,2026-03-31T18:36:26.114000+00:00,-39.33726119995117,175.41038513183594,13.49211597442627,2.0164279712581505,NOVZ,EHZ,32719.930822630122,32.71993082263012,1.0,10.0,3.1622776601683795,1.2010146153272474e-06,1.86104323128521e-08,64.53448233428966,-13.632343845642183,1.277398836799036,exact,1.0,10.0,0.24482585154452702,-13.87716969718671
2026p242635,2026-03-31T18:36:26.114000+00:00,-39.33726119995117,175.41038513183594,13.49211597442627,2.0164279712581505,NTVZ,HHZ,38031.97457112606,38.031974571126064,1.0,10.0,3.1622776601683795,1.5201533985630141e-06,1.7467097776192126e-08,87.02953507451033,-13.396699308090934,0.9936348993076428,exact,1.0,10.0,-0.006385444317864613,-13.39031386377307
2026p242635,2026-03-31T18:36:26.114000+00:00,-39.33726119995117,175.41038513183594,13.49211597442627,2.0164279712581505,OTVZ,HHZ,32894.899578307915,32.894899578307914,1.0,10.0,3.1622776601683795,6.854812567299871e-07,1.1915832941261745e-08,57.526927417413326,-14.193144680797815,1.0,exact,1.0,10.0,0.0,-14.193144680797815
2026p242635,2026-03-31T18:36:26.114000+00:00,-39.33726119995117,175.41038513183594,13.49211597442627,2.0164279712581505,SNVZ,EHZ,30048.59627591857,30.04859627591857,1.0,10.0,3.1622776601683795,5.938014437273871e-07,2.1103596369916274e-08,28.13745265588317,-14.336720843283588,0.7545196052473487,exact,1.0,10.0,-0.28167401668856396,-14.055046826595024
2026p242635,2026-03-31T18:36:26.114000+00:00,-39.33726119995117,175.41038513183594,13.49211597442627,2.0164279712581505,TMVZ,HHZ,38268.45586499971,38.268455864999716,1.0,10.0,3.1622776601683795,6.222396718292714e-07,1.7621866813800487e-08,35.31065569863274,-14.289940493941288,0.9214864370155496,exact,1.0,10.0,-0.08176722035762422,-14.208173273583663
2026p242635,2026-03-31T18:36:26.114000+00:00,-39.33726119995117,175.41038513183594,13.49211597442627,2.0164279712581505,TUVZ,EHZ,26924.796449448586,26.924796449448586,1.0,10.0,3.1622776601683795,2.136548553820079e-06,2.4505224843774562e-08,87.18746991472145,-13.05631885625111,1.97029574161132,exact,1.0,10.0,0.6781836541279606,-13.734502510379071
2026p242635,2026-03-31T18:36:26.114000+00:00,-39.33726119995117,175.41038513183594,13.49211597442627,2.0164279712581505,TWVZ,HHZ,33042.94284217853,33.042942842178526,1.0,10.0,3.1622776601683795,3.653941263979281e-07,7.902698059245067e-09,46.236630029217345,-14.822289267576341,0.5802755580898467,exact,1.0,10.0,-0.5442521881111088,-14.278037079465232
2026p242635,2026-03-31T18:36:26.114000+00:00,-39.33726119995117,175.41038513183594,13.49211597442627,2.0164279712581505,WHVZ,HHZ,22726.327095272558,22.72632709527256,1.0,10.0,3.1622776601683795,1.3623355351175505e-06,1.940770626025136e-08,70.19559740079795,-13.506310025865435,0.8211193479986806,exact,1.0,10.0,-0.19708681103425454,-13.30922321483118
2026p242635,2026-03-31T18:36:26.114000+00:00,-39.33726119995117,175.41038513183594,13.49211597442627,2.0164279712581505,WTVZ,HHZ,32598.57419431234,32.59857419431234,1.0,10.0,3.1622776601683795,1.2433674489033692e-06,1.533490340434033e-08,81.08087909777453,-13.597687174556821,1.0296407025017171,exact,1.0,10.0,0.02920990886272243,-13.626897083419543
2026p242956,2026-03-31T21:28:43.092000+00:00,-39.865867614746094,176.63629150390625,29.143049240112305,2.3237003440919004,COVZ,HHZ,123405.99383492973,123.40599383492973,1.0,10.0,3.1622776601683795,6.628162911560565e-08,2.2067327332295423e-08,3.0036092779845984,-16.529353065396126,1.0310666692210522,exact,1.0,10.0,0.030593867562053945,-16.55994693295818
2026p242956,2026-03-31T21:28:43.092000+00:00,-39.865867614746094,176.63629150390625,29.143049240112305,2.3237003440919004,ETVZ,HHZ,117617.66651711066,117.61766651711066,1.0,10.0,3.1622776601683795,1.5929409765685256e-07,1.974097388962144e-08,8.069211708982573,-15.652513672462902,0.9471602664391504,exact,1.0,10.0,-0.05428696417065311,-15.598226708292248
2026p242956,2026-03-31T21:28:43.092000+00:00,-39.865867614746094,176.63629150390625,29.143049240112305,2.3237003440919004,KRVZ,HHZ,124844.44318815508,124.84444318815508,1.0,10.0,3.1622776601683795,8.881385020286883e-08,1.854269697619851e-08,4.789694310211222,-16.236723228357434,0.8296358879603257,exact,1.0,10.0,-0.18676836364818022,-16.049954864709253
2026p242956,2026-03-31T21:28:43.092000+00:00,-39.865867614746094,176.63629150390625,29.143049240112305,2.3237003440919004,NGZ,HHZ,121373.74450239418,121.37374450239419,1.0,10.0,3.1622776601683795,1.3289543188716333e-07,1.463061673963567e-08,9.083378660800918,-15.833703244375046,1.12652241557642,exact,1.0,10.0,0.11913537911777466,-15.952838623492822
2026p242956,2026-03-31T21:28:43.092000+00:00,-39.865867614746094,176.63629150390625,29.143049240112305,2.3237003440919004,NOVZ,EHZ,124334.42993992135,124.33442993992135,1.0,10.0,3.1622776601683795,1.436101697739594e-07,1.86936660130269e-08,7.682290336945303,-15.756163362686996,1.277398836799036,exact,1.0,10.0,0.24482585154452702,-16.000989214231524
2026p242956,2026-03-31T21:28:43.092000+00:00,-39.865867614746094,176.63629150390625,29.143049240112305,2.3237003440919004,NTVZ,HHZ,122511.59859001193,122.51159859001193,1.0,10.0,3.1622776601683795,1.4038808089640054e-07,1.3022031097939477e-08,10.780812903957406,-15.778855242858672,0.9936348993076428,exact,1.0,10.0,-0.006385444317864613,-15.772469798540808
2026p242956,2026-03-31T21:28:43.092000+00:00,-39.865867614746094,176.63629150390625,29.143049240112305,2.3237003440919004,OTVZ,HHZ,118331.54377812243,118.33154377812244,1.0,10.0,3.1622776601683795,1.4800033415925974e-07,1.607341756016549e-08,9.207770133841775,-15.726051305352009,1.0,exact,1.0,10.0,0.0,-15.726051305352009
2026p242956,2026-03-31T21:28:43.092000+00:00,-39.865867614746094,176.63629150390625,29.143049240112305,2.3237003440919004,SNVZ,EHZ,118203.31664140757,118.20331664140757,1.0,10.0,3.1622776601683795,7.963148967407613e-08,1.922243954324114e-08,4.142631818138589,-16.34585622340414,0.7545196052473487,exact,1.0,10.0,-0.28167401668856396,-16.06418220671558
2026p242956,2026-03-31T21:28:43.092000+00:00,-39.865867614746094,176.63629150390625,29.143049240112305,2.3237003440919004,TMVZ,HHZ,119540.7384247124,119.5407384247124,1.0,10.0,3.1622776601683795,1.1254528484693914e-07,1.6238703228301113e-08,6.930681795501573,-15.999910164323405,0.9214864370155496,exact,1.0,10.0,-0.08176722035762422,-15.91814294396578
2026p242956,2026-03-31T21:28:43.092000+00:00,-39.865867614746094,176.63629150390625,29.143049240112305,2.3237003440919004,TUVZ,EHZ,111665.10845194025,111.66510845194026,1.0,10.0,3.1622776601683795,2.6864545876864545e-07,2.722761617986296e-08,9.866653657595286,-15.129873323809315,1.97029574161132,exact,1.0,10.0,0.6781836541279606,-15.808056977937277
2026p242956,2026-03-31T21:28:43.092000+00:00,-39.865867614746094,176.63629150390625,29.143049240112305,2.3237003440919004,TWVZ,HHZ,139063.3627235201,139.0633627235201,1.0,10.0,3.1622776601683795,2.6316788875073915e-08,6.948401300447262e-09,3.7874595517935803,-17.45305874115897,0.5802755580898467,exact,1.0,10.0,-0.5442521881111088,-16.90880655304786
2026p242956,2026-03-31T21:28:43.092000+00:00,-39.865867614746094,176.63629150390625,29.143049240112305,2.3237003440919004,WHVZ,HHZ,115216.00757746065,115.21600757746066,1.0,10.0,3.1622776601683795,1.0256969473894151e-07,2.03498902784791e-08,5.040307015680249,-16.092723320755713,0.8211193479986806,exact,1.0,10.0,-0.19708681103425454,-15.895636509721458
2026p242956,2026-03-31T21:28:43.092000+00:00,-39.865867614746094,176.63629150390625,29.143049240112305,2.3237003440919004,WTVZ,HHZ,126374.52067159247,126.37452067159248,1.0,10.0,3.1622776601683795,8.492206998441322e-08,1.4604520405973812e-08,5.814779782133538,-16.2815318247088,1.0296407025017171,exact,1.0,10.0,0.02920990886272243,-16.310741733571522
2026p243045,2026-03-31T22:14:35.709000+00:00,-39.76180648803711,176.68490600585938,29.21842193603516,2.213548284108536,ETVZ,HHZ,113104.17050894098,113.10417050894098,1.0,10.0,3.1622776601683795,1.0061678360808143e-07,1.7979896019927353e-08,5.596071495439492,-16.111946758125804,0.9471602664391504,exact,1.0,10.0,-0.05428696417065311,-16.05765979395515
2026p243045,2026-03-31T22:14:35.709000+00:00,-39.76180648803711,176.68490600585938,29.21842193603516,2.213548284108536,KRVZ,HHZ,120377.85730624935,120.37785730624935,1.0,10.0,3.1622776601683795,7.405425554569537e-08,1.945695720236855e-08,3.806055323834528,-16.418467829339694,0.8296358879603257,exact,1.0,10.0,-0.18676836364818022,-16.231699465691513
2026p243045,2026-03-31T22:14:35.709000+00:00,-39.76180648803711,176.68490600585938,29.21842193603516,2.213548284108536,NGZ,HHZ,117785.16823187708,117.78516823187708,1.0,10.0,3.1622776601683795,9.803212866062741e-08,1.3114745075004237e-08,7.474954953373026,-16.137970568528978,1.12652241557642,exact,1.0,10.0,0.11913537911777466,-16.257105947646753
2026p243045,2026-03-31T22:14:35.709000+00:00,-39.76180648803711,176.68490600585938,29.21842193603516,2.213548284108536,NOVZ,EHZ,120284.50635382139,120.28450635382139,1.0,10.0,3.1622776601683795,1.235184947451435e-07,1.5556789361822886e-08,7.939844904518916,-15.906874937069139,1.277398836799036,exact,1.0,10.0,0.24482585154452702,-16.151700788613667
2026p243045,2026-03-31T22:14:35.709000+00:00,-39.76180648803711,176.68490600585938,29.21842193603516,2.213548284108536,NTVZ,HHZ,117891.04806603843,117.89104806603844,1.0,10.0,3.1622776601683795,1.2597304210091848e-07,2.3464393740883497e-08,5.3686894062567525,-15.88719790446585,0.9936348993076428,exact,1.0,10.0,-0.006385444317864613,-15.880812460147986
2026p243045,2026-03-31T22:14:35.709000+00:00,-39.76180648803711,176.68490600585938,29.21842193603516,2.213548284108536,OTVZ,HHZ,114301.49776593542,114.30149776593542,1.0,10.0,3.1622776601683795,1.0928764776228977e-07,1.8546167280959776e-08,5.892734930439712,-16.02928246038917,1.0,exact,1.0,10.0,0.0,-16.02928246038917
2026p243045,2026-03-31T22:14:35.709000+00:00,-39.76180648803711,176.68490600585938,29.21842193603516,2.213548284108536,SNVZ,EHZ,114507.3046189208,114.5073046189208,1.0,10.0,3.1622776601683795,6.677805667522843e-08,1.5310706832211845e-08,4.361526702002784,-16.52189130325522,0.7545196052473487,exact,1.0,10.0,-0.28167401668856396,-16.240217286566658
2026p243045,2026-03-31T22:14:35.709000+00:00,-39.76180648803711,176.68490600585938,29.21842193603516,2.213548284108536,TMVZ,HHZ,114900.49025463992,114.90049025463992,1.0,10.0,3.1622776601683795,9.800743057458112e-08,1.9602768130589735e-08,4.999673001367722,-16.138222538960594,0.9214864370155496,exact,1.0,10.0,-0.08176722035762422,-16.05645531860297
2026p243045,2026-03-31T22:14:35.709000+00:00,-39.76180648803711,176.68490600585938,29.21842193603516,2.213548284108536,TUVZ,EHZ,108659.22686061721,108.65922686061721,1.0,10.0,3.1622776601683795,2.543744304357467e-07,2.2489381596830273e-08,11.310868168629371,-15.18445851982529,1.97029574161132,exact,1.0,10.0,0.6781836541279606,-15.862642173953251
2026p243045,2026-03-31T22:14:35.709000+00:00,-39.76180648803711,176.68490600585938,29.21842193603516,2.213548284108536,WHVZ,HHZ,112689.9856905436,112.68998569054361,1.0,10.0,3.1622776601683795,1.9016299419309142e-07,2.2758391128664993e-08,8.355730996888196,-15.475384268366923,0.8211193479986806,exact,1.0,10.0,-0.19708681103425454,-15.278297457332668
2026p243045,2026-03-31T22:14:35.709000+00:00,-39.76180648803711,176.68490600585938,29.21842193603516,2.213548284108536,WTVZ,HHZ,122338.30694716466,122.33830694716465,1.0,10.0,3.1622776601683795,6.304540583607252e-08,1.3249055252224678e-08,4.75848312471083,-16.57941064259755,1.0296407025017171,exact,1.0,10.0,0.02920990886272243,-16.608620551460273
