combination_name,combination_code,seismic_velocity_mps,seismic_velocity_kmps,best_x_m,best_y_m,best_z_m,best_rms_s,best_source_lag_s,stations_used
ETVZ:seis_pick_1/inf_pick_1 | NGZ:seis_pick_2/inf_pick_2 | NOVZ:seis_pick_2/inf_pick_2 | OTVZ:seis_pick_1/inf_pick_2 | SNVZ:seis_pick_2/inf_pick_1,S1I1S2I2S2I2S1I2S2I1,2500.0,2.5,1827848.0,5661584.0,1803.133545,0.06426748866640988,-0.35212726437418224,5
ETVZ:seis_pick_2/inf_pick_1 | NGZ:seis_pick_1/inf_pick_1 | NOVZ:seis_pick_1/inf_pick_1 | OTVZ:seis_pick_1/inf_pick_2 | SNVZ:seis_pick_2/inf_pick_2,S2I1S1I1S1I1S1I2S2I2,3300.0,3.3,1828232.0,5662352.0,1933.467285,0.08411491349576157,0.07356070370807029,5
ETVZ:seis_pick_1/inf_pick_1 | NGZ:seis_pick_1/inf_pick_2 | NOVZ:seis_pick_2/inf_pick_2 | OTVZ:seis_pick_1/inf_pick_2 | SNVZ:seis_pick_1/inf_pick_1,S1I1S1I2S2I2S1I2S1I1,3300.0,3.3,1827944.0,5661872.0,1879.445679,0.0877197093060421,-0.3783609909076183,5
ETVZ:seis_pick_1/inf_pick_1 | NGZ:seis_pick_2/inf_pick_2 | NOVZ:seis_pick_2/inf_pick_2 | OTVZ:seis_pick_1/inf_pick_2 | SNVZ:seis_pick_2/inf_pick_1,S1I1S2I2S2I2S1I2S2I1,3000.0,3.0,1827848.0,5661584.0,1803.133545,0.08990867574214388,-0.621228408247849,5
ETVZ:seis_pick_2/inf_pick_1 | NGZ:seis_pick_1/inf_pick_2 | NOVZ:seis_pick_2/inf_pick_2 | OTVZ:seis_pick_1/inf_pick_2 | SNVZ:seis_pick_1/inf_pick_1,S2I1S1I2S2I2S1I2S1I1,2500.0,2.5,1828040.0,5661872.0,1862.954834,0.09169104899418898,-0.07875163313465325,5
ETVZ:seis_pick_2/inf_pick_1 | NGZ:seis_pick_2/inf_pick_2 | NOVZ:seis_pick_2/inf_pick_1 | OTVZ:seis_pick_1/inf_pick_2 | SNVZ:seis_pick_1/inf_pick_1,S2I1S2I2S2I1S1I2S1I1,2500.0,2.5,1827848.0,5661968.0,1976.512817,0.09495761486222584,-0.5876096585174058,5
ETVZ:seis_pick_1/inf_pick_1 | NGZ:seis_pick_2/inf_pick_2 | NOVZ:seis_pick_2/inf_pick_2 | OTVZ:seis_pick_1/inf_pick_2 | SNVZ:seis_pick_2/inf_pick_1,S1I1S2I2S2I2S1I2S2I1,3300.0,3.3,1827848.0,5661680.0,1823.050049,0.09619763537478962,-0.7468144951692125,5
ETVZ:seis_pick_1/inf_pick_1 | NGZ:seis_pick_2/inf_pick_1 | NOVZ:seis_pick_1/inf_pick_2 | OTVZ:seis_pick_1/inf_pick_2 | SNVZ:seis_pick_1/inf_pick_1,S1I1S2I1S1I2S1I2S1I1,3300.0,3.3,1828136.0,5661776.0,1782.875366,0.0993602362946488,-0.01483312274721733,5
ETVZ:seis_pick_1/inf_pick_1 | NGZ:seis_pick_2/inf_pick_2 | NOVZ:seis_pick_2/inf_pick_1 | OTVZ:seis_pick_1/inf_pick_2 | SNVZ:seis_pick_1/inf_pick_1,S1I1S2I2S2I1S1I2S1I1,3300.0,3.3,1827752.0,5661968.0,2023.887207,0.1029372461184575,-0.9103835237209615,5
ETVZ:seis_pick_2/inf_pick_1 | NGZ:seis_pick_1/inf_pick_1 | NOVZ:seis_pick_1/inf_pick_1 | OTVZ:seis_pick_1/inf_pick_2 | SNVZ:seis_pick_2/inf_pick_2,S2I1S1I1S1I1S1I2S2I2,3000.0,3.0,1828232.0,5662352.0,1933.467285,0.10369242715691022,0.19634195421213754,5
ETVZ:seis_pick_2/inf_pick_1 | NGZ:seis_pick_1/inf_pick_1 | NOVZ:seis_pick_2/inf_pick_2 | OTVZ:seis_pick_1/inf_pick_2 | SNVZ:seis_pick_2/inf_pick_2,S2I1S1I1S2I2S1I2S2I2,3000.0,3.0,1828232.0,5662256.0,1871.278687,0.10414381652917423,0.3339927486047486,5
ETVZ:seis_pick_1/inf_pick_1 | NGZ:seis_pick_2/inf_pick_1 | NOVZ:seis_pick_1/inf_pick_2 | OTVZ:seis_pick_1/inf_pick_2 | SNVZ:seis_pick_1/inf_pick_1,S1I1S2I1S1I2S1I2S1I1,3000.0,3.0,1828136.0,5661776.0,1782.875366,0.10426186069066307,0.10655710526481901,5
ETVZ:seis_pick_1/inf_pick_1 | NGZ:seis_pick_1/inf_pick_2 | NOVZ:seis_pick_2/inf_pick_2 | OTVZ:seis_pick_1/inf_pick_2 | SNVZ:seis_pick_1/inf_pick_1,S1I1S1I2S2I2S1I2S1I1,3000.0,3.0,1827944.0,5661872.0,1879.445679,0.10744092381658055,-0.2560569187590188,5
ETVZ:seis_pick_1/inf_pick_1 | NGZ:seis_pick_2/inf_pick_2 | NOVZ:seis_pick_1/inf_pick_1 | OTVZ:seis_pick_1/inf_pick_2 | SNVZ:seis_pick_2/inf_pick_1,S1I1S2I2S1I1S1I2S2I1,3000.0,3.0,1827848.0,5661680.0,1823.050049,0.11041537372643657,-0.7154307431480484,5
ETVZ:seis_pick_1/inf_pick_1 | NGZ:seis_pick_1/inf_pick_2 | NOVZ:seis_pick_1/inf_pick_2 | OTVZ:seis_pick_1/inf_pick_2 | SNVZ:seis_pick_2/inf_pick_1,S1I1S1I2S1I2S1I2S2I1,2500.0,2.5,1828040.0,5661488.0,1663.414795,0.11556217922994783,0.03820322163266674,5
ETVZ:seis_pick_2/inf_pick_1 | NGZ:seis_pick_1/inf_pick_1 | NOVZ:seis_pick_2/inf_pick_2 | OTVZ:seis_pick_1/inf_pick_2 | SNVZ:seis_pick_2/inf_pick_2,S2I1S1I1S2I2S1I2S2I2,3300.0,3.3,1828232.0,5662352.0,1933.467285,0.11617956513749675,0.1645324473331547,5
ETVZ:seis_pick_1/inf_pick_1 | NGZ:seis_pick_2/inf_pick_2 | NOVZ:seis_pick_1/inf_pick_1 | OTVZ:seis_pick_1/inf_pick_2 | SNVZ:seis_pick_2/inf_pick_1,S1I1S2I2S1I1S1I2S2I1,3300.0,3.3,1827848.0,5661680.0,1823.050049,0.12571383653052007,-0.8377862387942969,5
ETVZ:seis_pick_1/inf_pick_1 | NGZ:seis_pick_2/inf_pick_2 | NOVZ:seis_pick_2/inf_pick_1 | OTVZ:seis_pick_1/inf_pick_2 | SNVZ:seis_pick_1/inf_pick_1,S1I1S2I2S2I1S1I2S1I1,3000.0,3.0,1827752.0,5661968.0,2023.887207,0.1259454407155082,-0.786698298663018,5
ETVZ:seis_pick_2/inf_pick_1 | NGZ:seis_pick_2/inf_pick_2 | NOVZ:seis_pick_2/inf_pick_1 | OTVZ:seis_pick_1/inf_pick_2 | SNVZ:seis_pick_1/inf_pick_1,S2I1S2I2S2I1S1I2S1I1,3000.0,3.0,1827848.0,5662064.0,2029.3927,0.1269519279440461,-0.892994986044337,5
ETVZ:seis_pick_1/inf_pick_1 | NGZ:seis_pick_1/inf_pick_2 | NOVZ:seis_pick_1/inf_pick_2 | OTVZ:seis_pick_1/inf_pick_2 | SNVZ:seis_pick_1/inf_pick_1,S1I1S1I2S1I2S1I2S1I1,2500.0,2.5,1828040.0,5661680.0,1747.83252,0.12991073169438713,0.21476756186278828,5
ETVZ:seis_pick_2/inf_pick_1 | NGZ:seis_pick_2/inf_pick_2 | NOVZ:seis_pick_1/inf_pick_1 | OTVZ:seis_pick_1/inf_pick_2 | SNVZ:seis_pick_2/inf_pick_1,S2I1S2I2S1I1S1I2S2I1,2500.0,2.5,1827848.0,5661680.0,1823.050049,0.13077280690757495,-0.5678917571468796,5
ETVZ:seis_pick_1/inf_pick_1 | NGZ:seis_pick_1/inf_pick_2 | NOVZ:seis_pick_1/inf_pick_1 | OTVZ:seis_pick_1/inf_pick_2 | SNVZ:seis_pick_1/inf_pick_1,S1I1S1I2S1I1S1I2S1I1,3300.0,3.3,1827944.0,5661968.0,1945.640259,0.13102178527623826,-0.5013452395853086,5
ETVZ:seis_pick_2/inf_pick_1 | NGZ:seis_pick_1/inf_pick_2 | NOVZ:seis_pick_1/inf_pick_1 | OTVZ:seis_pick_1/inf_pick_2 | SNVZ:seis_pick_1/inf_pick_1,S2I1S1I2S1I1S1I2S1I1,2500.0,2.5,1828040.0,5661872.0,1862.954834,0.13140873761842053,-0.16972337675973764,5
ETVZ:seis_pick_1/inf_pick_1 | NGZ:seis_pick_2/inf_pick_1 | NOVZ:seis_pick_1/inf_pick_2 | OTVZ:seis_pick_1/inf_pick_2 | SNVZ:seis_pick_1/inf_pick_1,S1I1S2I1S1I2S1I2S1I1,2500.0,2.5,1828136.0,5661680.0,1731.645752,0.13254471504007087,0.3857409299592927,5
ETVZ:seis_pick_1/inf_pick_1 | NGZ:seis_pick_1/inf_pick_2 | NOVZ:seis_pick_1/inf_pick_2 | OTVZ:seis_pick_1/inf_pick_2 | SNVZ:seis_pick_1/inf_pick_1,S1I1S1I2S1I2S1I2S1I1,3000.0,3.0,1828040.0,5661680.0,1747.83252,0.13290153911554897,-0.05262322659968568,5
ETVZ:seis_pick_2/inf_pick_1 | NGZ:seis_pick_2/inf_pick_2 | NOVZ:seis_pick_2/inf_pick_1 | OTVZ:seis_pick_1/inf_pick_2 | SNVZ:seis_pick_1/inf_pick_1,S2I1S2I2S2I1S1I2S1I1,3300.0,3.3,1827848.0,5662064.0,2029.3927,0.13633150013032644,-1.016505427521461,5
ETVZ:seis_pick_2/inf_pick_1 | NGZ:seis_pick_1/inf_pick_1 | NOVZ:seis_pick_2/inf_pick_2 | OTVZ:seis_pick_1/inf_pick_2 | SNVZ:seis_pick_2/inf_pick_2,S2I1S1I1S2I2S1I2S2I2,2500.0,2.5,1828232.0,5662256.0,1871.278687,0.13694309295524087,0.6029418970913165,5
ETVZ:seis_pick_1/inf_pick_1 | NGZ:seis_pick_1/inf_pick_2 | NOVZ:seis_pick_1/inf_pick_2 | OTVZ:seis_pick_1/inf_pick_2 | SNVZ:seis_pick_2/inf_pick_1,S1I1S1I2S1I2S1I2S2I1,3000.0,3.0,1828040.0,5661584.0,1704.531738,0.13966935745710402,-0.22881228866047518,5
ETVZ:seis_pick_2/inf_pick_1 | NGZ:seis_pick_1/inf_pick_2 | NOVZ:seis_pick_1/inf_pick_1 | OTVZ:seis_pick_1/inf_pick_2 | SNVZ:seis_pick_1/inf_pick_1,S2I1S1I2S1I1S1I2S1I1,3000.0,3.0,1828040.0,5661968.0,1927.026855,0.1449767441278897,-0.4682372767273499,5
ETVZ:seis_pick_1/inf_pick_1 | NGZ:seis_pick_1/inf_pick_2 | NOVZ:seis_pick_2/inf_pick_2 | OTVZ:seis_pick_1/inf_pick_2 | SNVZ:seis_pick_1/inf_pick_1,S1I1S1I2S2I2S1I2S1I1,2500.0,2.5,1827944.0,5661776.0,1826.723999,0.14605642096239063,0.03348706779626855,5
ETVZ:seis_pick_2/inf_pick_1 | NGZ:seis_pick_1/inf_pick_2 | NOVZ:seis_pick_2/inf_pick_2 | OTVZ:seis_pick_1/inf_pick_2 | SNVZ:seis_pick_1/inf_pick_1,S2I1S1I2S2I2S1I2S1I1,3000.0,3.0,1828040.0,5661872.0,1862.954834,0.14845124508303068,-0.34705268403914874,5
ETVZ:seis_pick_1/inf_pick_1 | NGZ:seis_pick_1/inf_pick_2 | NOVZ:seis_pick_1/inf_pick_2 | OTVZ:seis_pick_1/inf_pick_2 | SNVZ:seis_pick_2/inf_pick_1,S1I1S1I2S1I2S1I2S2I1,3300.0,3.3,1828040.0,5661584.0,1704.531738,0.15112014116525996,-0.35028801778110275,5
ETVZ:seis_pick_1/inf_pick_1 | NGZ:seis_pick_1/inf_pick_2 | NOVZ:seis_pick_1/inf_pick_2 | OTVZ:seis_pick_1/inf_pick_2 | SNVZ:seis_pick_1/inf_pick_1,S1I1S1I2S1I2S1I2S1I1,3300.0,3.3,1828040.0,5661776.0,1817.950928,0.15175401625489557,-0.19235322900999527,5
ETVZ:seis_pick_1/inf_pick_1 | NGZ:seis_pick_1/inf_pick_2 | NOVZ:seis_pick_1/inf_pick_1 | OTVZ:seis_pick_1/inf_pick_2 | SNVZ:seis_pick_1/inf_pick_1,S1I1S1I2S1I1S1I2S1I1,3000.0,3.0,1827944.0,5661872.0,1879.445679,0.15223149057010743,-0.3470286623841032,5
ETVZ:seis_pick_2/inf_pick_1 | NGZ:seis_pick_2/inf_pick_1 | NOVZ:seis_pick_1/inf_pick_2 | OTVZ:seis_pick_1/inf_pick_2 | SNVZ:seis_pick_1/inf_pick_1,S2I1S2I1S1I2S1I2S1I1,2500.0,2.5,1828232.0,5661776.0,1756.203979,0.15322731799148376,0.2769923361254191,5
ETVZ:seis_pick_1/inf_pick_1 | NGZ:seis_pick_2/inf_pick_2 | NOVZ:seis_pick_1/inf_pick_1 | OTVZ:seis_pick_1/inf_pick_2 | SNVZ:seis_pick_2/inf_pick_1,S1I1S2I2S1I1S1I2S2I1,2500.0,2.5,1827848.0,5661680.0,1823.050049,0.15609817362923956,-0.44624865272630265,5
ETVZ:seis_pick_2/inf_pick_1 | NGZ:seis_pick_2/inf_pick_2 | NOVZ:seis_pick_2/inf_pick_2 | OTVZ:seis_pick_1/inf_pick_2 | SNVZ:seis_pick_2/inf_pick_1,S2I1S2I2S2I2S1I2S2I1,2500.0,2.5,1827944.0,5661584.0,1737.253296,0.15634232163554712,-0.4320432161763598,5
ETVZ:seis_pick_1/inf_pick_1 | NGZ:seis_pick_2/inf_pick_2 | NOVZ:seis_pick_1/inf_pick_2 | OTVZ:seis_pick_1/inf_pick_2 | SNVZ:seis_pick_2/inf_pick_1,S1I1S2I2S1I2S1I2S2I1,2500.0,2.5,1827944.0,5661488.0,1710.052002,0.15800604165237642,-0.17504995509761798,5
ETVZ:seis_pick_1/inf_pick_1 | NGZ:seis_pick_2/inf_pick_2 | NOVZ:seis_pick_1/inf_pick_1 | OTVZ:seis_pick_1/inf_pick_2 | SNVZ:seis_pick_1/inf_pick_1,S1I1S2I2S1I1S1I2S1I1,3300.0,3.3,1827848.0,5661872.0,1910.128296,0.15805956300741675,-0.6900165220915149,5
ETVZ:seis_pick_2/inf_pick_1 | NGZ:seis_pick_1/inf_pick_2 | NOVZ:seis_pick_1/inf_pick_2 | OTVZ:seis_pick_2/inf_pick_2 | SNVZ:seis_pick_2/inf_pick_1,S2I1S1I2S1I2S2I2S2I1,3300.0,3.3,1828232.0,5661584.0,1658.624878,0.15862861532440514,-0.696082680390326,5
ETVZ:seis_pick_2/inf_pick_1 | NGZ:seis_pick_2/inf_pick_1 | NOVZ:seis_pick_2/inf_pick_1 | OTVZ:seis_pick_1/inf_pick_2 | SNVZ:seis_pick_2/inf_pick_2,S2I1S2I1S2I1S1I2S2I2,3300.0,3.3,1828040.0,5662448.0,2043.867798,0.16512660953320754,-0.35897855332580253,5
ETVZ:seis_pick_1/inf_pick_1 | NGZ:seis_pick_2/inf_pick_2 | NOVZ:seis_pick_1/inf_pick_1 | OTVZ:seis_pick_1/inf_pick_2 | SNVZ:seis_pick_1/inf_pick_1,S1I1S2I2S1I1S1I2S1I1,3000.0,3.0,1827848.0,5661872.0,1910.128296,0.1666804283425389,-0.567276197066884,5
ETVZ:seis_pick_2/inf_pick_1 | NGZ:seis_pick_1/inf_pick_2 | NOVZ:seis_pick_1/inf_pick_1 | OTVZ:seis_pick_1/inf_pick_2 | SNVZ:seis_pick_1/inf_pick_1,S2I1S1I2S1I1S1I2S1I1,3300.0,3.3,1828040.0,5661968.0,1927.026855,0.16812291596242773,-0.5905364003768071,5
ETVZ:seis_pick_2/inf_pick_1 | NGZ:seis_pick_1/inf_pick_1 | NOVZ:seis_pick_1/inf_pick_2 | OTVZ:seis_pick_1/inf_pick_2 | SNVZ:seis_pick_2/inf_pick_2,S2I1S1I1S1I2S1I2S2I2,2500.0,2.5,1828328.0,5662160.0,1795.425903,0.1711847641619249,0.7982606917100382,5
ETVZ:seis_pick_2/inf_pick_1 | NGZ:seis_pick_1/inf_pick_1 | NOVZ:seis_pick_1/inf_pick_2 | OTVZ:seis_pick_1/inf_pick_2 | SNVZ:seis_pick_2/inf_pick_2,S2I1S1I1S1I2S1I2S2I2,3000.0,3.0,1828328.0,5662160.0,1795.425903,0.172690973909258,0.5308242882101192,5
ETVZ:seis_pick_1/inf_pick_1 | NGZ:seis_pick_2/inf_pick_2 | NOVZ:seis_pick_1/inf_pick_2 | OTVZ:seis_pick_1/inf_pick_2 | SNVZ:seis_pick_2/inf_pick_1,S1I1S2I2S1I2S1I2S2I1,3000.0,3.0,1827944.0,5661488.0,1710.052002,0.1760032204842644,-0.4431071640880752,5
ETVZ:seis_pick_2/inf_pick_1 | NGZ:seis_pick_1/inf_pick_1 | NOVZ:seis_pick_1/inf_pick_1 | OTVZ:seis_pick_1/inf_pick_2 | SNVZ:seis_pick_2/inf_pick_2,S2I1S1I1S1I1S1I2S2I2,2500.0,2.5,1828232.0,5662352.0,1933.467285,0.18051618717864384,0.46646070532108774,5
ETVZ:seis_pick_2/inf_pick_1 | NGZ:seis_pick_2/inf_pick_1 | NOVZ:seis_pick_2/inf_pick_1 | OTVZ:seis_pick_1/inf_pick_2 | SNVZ:seis_pick_2/inf_pick_2,S2I1S2I1S2I1S1I2S2I2,3000.0,3.0,1828040.0,5662448.0,2043.867798,0.18597399323668373,-0.2349119979143989,5
ETVZ:seis_pick_1/inf_pick_1 | NGZ:seis_pick_1/inf_pick_1 | NOVZ:seis_pick_1/inf_pick_2 | OTVZ:seis_pick_1/inf_pick_2 | SNVZ:seis_pick_2/inf_pick_2,S1I1S1I1S1I2S1I2S2I2,3300.0,3.3,1828232.0,5662160.0,1873.492554,0.1882243171434921,0.49240013605734045,5
ETVZ:seis_pick_2/inf_pick_1 | NGZ:seis_pick_1/inf_pick_2 | NOVZ:seis_pick_1/inf_pick_2 | OTVZ:seis_pick_2/inf_pick_2 | SNVZ:seis_pick_2/inf_pick_1,S2I1S1I2S1I2S2I2S2I1,3000.0,3.0,1828232.0,5661584.0,1658.624878,0.18944484328459263,-0.575156076916271,5
ETVZ:seis_pick_2/inf_pick_1 | NGZ:seis_pick_1/inf_pick_2 | NOVZ:seis_pick_2/inf_pick_2 | OTVZ:seis_pick_1/inf_pick_2 | SNVZ:seis_pick_1/inf_pick_1,S2I1S1I2S2I2S1I2S1I1,3300.0,3.3,1828040.0,5661872.0,1862.954834,0.19059483162054106,-0.4690077071775557,5
ETVZ:seis_pick_2/inf_pick_1 | NGZ:seis_pick_2/inf_pick_2 | NOVZ:seis_pick_1/inf_pick_1 | OTVZ:seis_pick_1/inf_pick_2 | SNVZ:seis_pick_1/inf_pick_1,S2I1S2I2S1I1S1I2S1I1,2500.0,2.5,1827848.0,5661872.0,1910.128296,0.1916381090572947,-0.41889058643327315,5
ETVZ:seis_pick_2/inf_pick_1 | NGZ:seis_pick_1/inf_pick_1 | NOVZ:seis_pick_1/inf_pick_2 | OTVZ:seis_pick_1/inf_pick_2 | SNVZ:seis_pick_2/inf_pick_2,S2I1S1I1S1I2S1I2S2I2,3300.0,3.3,1828328.0,5662160.0,1795.425903,0.19218226089107984,0.40926228661924763,5
ETVZ:seis_pick_2/inf_pick_1 | NGZ:seis_pick_1/inf_pick_2 | NOVZ:seis_pick_2/inf_pick_1 | OTVZ:seis_pick_1/inf_pick_2 | SNVZ:seis_pick_1/inf_pick_1,S2I1S1I2S2I1S1I2S1I1,3000.0,3.0,1827944.0,5662064.0,2013.466919,0.1941601982849649,-0.6761371312941259,5
ETVZ:seis_pick_2/inf_pick_1 | NGZ:seis_pick_1/inf_pick_2 | NOVZ:seis_pick_2/inf_pick_2 | OTVZ:seis_pick_2/inf_pick_2 | SNVZ:seis_pick_2/inf_pick_1,S2I1S1I2S2I2S2I2S2I1,3300.0,3.3,1828232.0,5661680.0,1707.919678,0.19722518990914795,-0.8370432639623001,5
ETVZ:seis_pick_1/inf_pick_1 | NGZ:seis_pick_1/inf_pick_1 | NOVZ:seis_pick_2/inf_pick_2 | OTVZ:seis_pick_1/inf_pick_2 | SNVZ:seis_pick_2/inf_pick_2,S1I1S1I1S2I2S1I2S2I2,3300.0,3.3,1828232.0,5662256.0,1871.278687,0.19814883039219747,0.33338624007688544,5
ETVZ:seis_pick_2/inf_pick_1 | NGZ:seis_pick_2/inf_pick_1 | NOVZ:seis_pick_2/inf_pick_2 | OTVZ:seis_pick_1/inf_pick_2 | SNVZ:seis_pick_1/inf_pick_1,S2I1S2I1S2I2S1I2S1I1,2500.0,2.5,1828136.0,5661872.0,1836.069458,0.1991143173871368,0.0967529410520088,5
ETVZ:seis_pick_2/inf_pick_1 | NGZ:seis_pick_1/inf_pick_2 | NOVZ:seis_pick_1/inf_pick_2 | OTVZ:seis_pick_1/inf_pick_2 | SNVZ:seis_pick_2/inf_pick_1,S2I1S1I2S1I2S1I2S2I1,2500.0,2.5,1828136.0,5661488.0,1647.28064,0.20330957847897835,-0.060216762233865316,5
ETVZ:seis_pick_2/inf_pick_1 | NGZ:seis_pick_1/inf_pick_2 | NOVZ:seis_pick_2/inf_pick_1 | OTVZ:seis_pick_1/inf_pick_2 | SNVZ:seis_pick_1/inf_pick_1,S2I1S1I2S2I1S1I2S1I1,3300.0,3.3,1827944.0,5662064.0,2013.466919,0.2045052182264494,-0.7992499256749863,5
ETVZ:seis_pick_1/inf_pick_1 | NGZ:seis_pick_1/inf_pick_2 | NOVZ:seis_pick_1/inf_pick_1 | OTVZ:seis_pick_1/inf_pick_2 | SNVZ:seis_pick_1/inf_pick_1,S1I1S1I2S1I1S1I2S1I1,2500.0,2.5,1827944.0,5661872.0,1879.445679,0.20473159556389037,-0.07795970365718449,5
ETVZ:seis_pick_2/inf_pick_1 | NGZ:seis_pick_2/inf_pick_2 | NOVZ:seis_pick_1/inf_pick_1 | OTVZ:seis_pick_1/inf_pick_2 | SNVZ:seis_pick_2/inf_pick_1,S2I1S2I2S1I1S1I2S2I1,3000.0,3.0,1827848.0,5661776.0,1864.244263,0.20565678295759612,-0.8506029353275737,5
ETVZ:seis_pick_2/inf_pick_1 | NGZ:seis_pick_1/inf_pick_1 | NOVZ:seis_pick_2/inf_pick_1 | OTVZ:seis_pick_1/inf_pick_2 | SNVZ:seis_pick_2/inf_pick_2,S2I1S1I1S2I1S1I2S2I2,3300.0,3.3,1828136.0,5662544.0,1994.819824,0.20566137363776507,-0.17056476467937873,5
ETVZ:seis_pick_2/inf_pick_1 | NGZ:seis_pick_2/inf_pick_1 | NOVZ:seis_pick_1/inf_pick_2 | OTVZ:seis_pick_2/inf_pick_2 | SNVZ:seis_pick_1/inf_pick_1,S2I1S2I1S1I2S2I2S1I1,3300.0,3.3,1828328.0,5661776.0,1708.478394,0.206263917626724,-0.3570215230127317,5
ETVZ:seis_pick_1/inf_pick_1 | NGZ:seis_pick_2/inf_pick_2 | NOVZ:seis_pick_1/inf_pick_2 | OTVZ:seis_pick_1/inf_pick_2 | SNVZ:seis_pick_2/inf_pick_1,S1I1S2I2S1I2S1I2S2I1,3300.0,3.3,1827944.0,5661488.0,1710.052002,0.20880107006904405,-0.564951349992828,5
ETVZ:seis_pick_2/inf_pick_1 | NGZ:seis_pick_1/inf_pick_2 | NOVZ:seis_pick_1/inf_pick_2 | OTVZ:seis_pick_1/inf_pick_2 | SNVZ:seis_pick_1/inf_pick_1,S2I1S1I2S1I2S1I2S1I1,2500.0,2.5,1828136.0,5661680.0,1731.645752,0.21008426980609424,0.11817912099095373,5
ETVZ:seis_pick_2/inf_pick_1 | NGZ:seis_pick_2/inf_pick_1 | NOVZ:seis_pick_1/inf_pick_2 | OTVZ:seis_pick_1/inf_pick_2 | SNVZ:seis_pick_1/inf_pick_1,S2I1S2I1S1I2S1I2S1I1,3000.0,3.0,1828232.0,5661776.0,1756.203979,0.2119503045094947,0.010576849614410477,5
ETVZ:seis_pick_2/inf_pick_1 | NGZ:seis_pick_1/inf_pick_2 | NOVZ:seis_pick_2/inf_pick_1 | OTVZ:seis_pick_1/inf_pick_2 | SNVZ:seis_pick_1/inf_pick_1,S2I1S1I2S2I1S1I2S1I1,2500.0,2.5,1827944.0,5662064.0,2013.466919,0.212127891724331,-0.4052889836562306,5
ETVZ:seis_pick_1/inf_pick_1 | NGZ:seis_pick_2/inf_pick_2 | NOVZ:seis_pick_2/inf_pick_1 | OTVZ:seis_pick_1/inf_pick_2 | SNVZ:seis_pick_1/inf_pick_1,S1I1S2I2S2I1S1I2S1I1,2500.0,2.5,1827752.0,5661968.0,2023.887207,0.21272444628852746,-0.5145908035355417,5
ETVZ:seis_pick_2/inf_pick_1 | NGZ:seis_pick_2/inf_pick_1 | NOVZ:seis_pick_1/inf_pick_2 | OTVZ:seis_pick_2/inf_pick_2 | SNVZ:seis_pick_2/inf_pick_1,S2I1S2I1S1I2S2I2S2I1,3300.0,3.3,1828328.0,5661584.0,1637.31189,0.2130939727146787,-0.5312295514591495,5
ETVZ:seis_pick_1/inf_pick_1 | NGZ:seis_pick_1/inf_pick_1 | NOVZ:seis_pick_1/inf_pick_2 | OTVZ:seis_pick_1/inf_pick_2 | SNVZ:seis_pick_2/inf_pick_2,S1I1S1I1S1I2S1I2S2I2,3000.0,3.0,1828232.0,5662160.0,1873.492554,0.2154321453744906,0.6143957436888101,5
ETVZ:seis_pick_2/inf_pick_1 | NGZ:seis_pick_2/inf_pick_2 | NOVZ:seis_pick_2/inf_pick_1 | OTVZ:seis_pick_1/inf_pick_2 | SNVZ:seis_pick_2/inf_pick_1,S2I1S2I2S2I1S1I2S2I1,2500.0,2.5,1827848.0,5661776.0,1864.244263,0.22015590840601418,-0.7175394719479968,5
ETVZ:seis_pick_1/inf_pick_1 | NGZ:seis_pick_2/inf_pick_2 | NOVZ:seis_pick_1/inf_pick_1 | OTVZ:seis_pick_1/inf_pick_2 | SNVZ:seis_pick_1/inf_pick_1,S1I1S2I2S1I1S1I2S1I1,2500.0,2.5,1827848.0,5661776.0,1864.244263,0.22273103471221453,-0.2774952648396187,5
ETVZ:seis_pick_2/inf_pick_1 | NGZ:seis_pick_2/inf_pick_2 | NOVZ:seis_pick_2/inf_pick_1 | OTVZ:seis_pick_1/inf_pick_2 | SNVZ:seis_pick_2/inf_pick_1,S2I1S2I2S2I1S1I2S2I1,3000.0,3.0,1827848.0,5661872.0,1910.128296,0.22495263496675297,-1.0073204041752621,5
ETVZ:seis_pick_2/inf_pick_1 | NGZ:seis_pick_2/inf_pick_2 | NOVZ:seis_pick_1/inf_pick_1 | OTVZ:seis_pick_2/inf_pick_2 | SNVZ:seis_pick_2/inf_pick_1,S2I1S2I2S1I1S2I2S2I1,3300.0,3.3,1828040.0,5661776.0,1817.950928,0.2253389752259251,-1.178227897868889,5
ETVZ:seis_pick_2/inf_pick_1 | NGZ:seis_pick_2/inf_pick_2 | NOVZ:seis_pick_2/inf_pick_2 | OTVZ:seis_pick_1/inf_pick_2 | SNVZ:seis_pick_2/inf_pick_1,S2I1S2I2S2I2S1I2S2I1,3000.0,3.0,1827944.0,5661680.0,1773.920288,0.22854231729519361,-0.7057064131317917,5
ETVZ:seis_pick_2/inf_pick_1 | NGZ:seis_pick_1/inf_pick_2 | NOVZ:seis_pick_2/inf_pick_2 | OTVZ:seis_pick_2/inf_pick_2 | SNVZ:seis_pick_2/inf_pick_1,S2I1S1I2S2I2S2I2S2I1,3000.0,3.0,1828232.0,5661680.0,1707.919678,0.2295819246265736,-0.7160659527553763,5
ETVZ:seis_pick_1/inf_pick_1 | NGZ:seis_pick_2/inf_pick_2 | NOVZ:seis_pick_2/inf_pick_1 | OTVZ:seis_pick_1/inf_pick_2 | SNVZ:seis_pick_2/inf_pick_1,S1I1S2I2S2I1S1I2S2I1,3300.0,3.3,1827752.0,5661872.0,1964.508057,0.23351610228086425,-1.0592515311917208,5
ETVZ:seis_pick_1/inf_pick_1 | NGZ:seis_pick_1/inf_pick_1 | NOVZ:seis_pick_2/inf_pick_2 | OTVZ:seis_pick_1/inf_pick_2 | SNVZ:seis_pick_2/inf_pick_2,S1I1S1I1S2I2S1I2S2I2,3000.0,3.0,1828232.0,5662256.0,1871.278687,0.2341022513639069,0.4556358530253256,5
ETVZ:seis_pick_2/inf_pick_1 | NGZ:seis_pick_1/inf_pick_1 | NOVZ:seis_pick_2/inf_pick_1 | OTVZ:seis_pick_1/inf_pick_2 | SNVZ:seis_pick_2/inf_pick_2,S2I1S1I1S2I1S1I2S2I2,3000.0,3.0,1828136.0,5662448.0,1978.485596,0.23452331578951538,-0.005931122942828182,5
ETVZ:seis_pick_2/inf_pick_2 | NGZ:seis_pick_2/inf_pick_2 | NOVZ:seis_pick_1/inf_pick_2 | OTVZ:seis_pick_1/inf_pick_2 | SNVZ:seis_pick_2/inf_pick_1,S2I2S2I2S1I2S1I2S2I1,3300.0,3.3,1827848.0,5661488.0,1754.805298,0.23512105532117542,-0.3900619954540975,5
ETVZ:seis_pick_2/inf_pick_1 | NGZ:seis_pick_2/inf_pick_1 | NOVZ:seis_pick_1/inf_pick_2 | OTVZ:seis_pick_2/inf_pick_2 | SNVZ:seis_pick_2/inf_pick_1,S2I1S2I1S1I2S2I2S2I1,3000.0,3.0,1828328.0,5661584.0,1637.31189,0.23518922975226791,-0.4105161677337142,5
ETVZ:seis_pick_2/inf_pick_1 | NGZ:seis_pick_2/inf_pick_1 | NOVZ:seis_pick_2/inf_pick_2 | OTVZ:seis_pick_1/inf_pick_2 | SNVZ:seis_pick_1/inf_pick_1,S2I1S2I1S2I2S1I2S1I1,3000.0,3.0,1828136.0,5661872.0,1836.069458,0.23530479494413228,-0.17078774662846427,5
ETVZ:seis_pick_1/inf_pick_1 | NGZ:seis_pick_2/inf_pick_2 | NOVZ:seis_pick_2/inf_pick_2 | OTVZ:seis_pick_1/inf_pick_2 | SNVZ:seis_pick_1/inf_pick_1,S1I1S2I2S2I2S1I2S1I1,3000.0,3.0,1827848.0,5661776.0,1864.244263,0.23630093158545945,-0.45604460003174074,5
ETVZ:seis_pick_1/inf_pick_1 | NGZ:seis_pick_2/inf_pick_1 | NOVZ:seis_pick_2/inf_pick_2 | OTVZ:seis_pick_1/inf_pick_2 | SNVZ:seis_pick_1/inf_pick_1,S1I1S2I1S2I2S1I2S1I1,3300.0,3.3,1828040.0,5661872.0,1862.954834,0.23796579748194369,-0.2014458982092167,5
ETVZ:seis_pick_2/inf_pick_1 | NGZ:seis_pick_2/inf_pick_2 | NOVZ:seis_pick_1/inf_pick_1 | OTVZ:seis_pick_1/inf_pick_2 | SNVZ:seis_pick_2/inf_pick_1,S2I1S2I2S1I1S1I2S2I1,3300.0,3.3,1827848.0,5661776.0,1864.244263,0.23858481722006872,-0.9731125166081215,5
ETVZ:seis_pick_2/inf_pick_1 | NGZ:seis_pick_2/inf_pick_1 | NOVZ:seis_pick_1/inf_pick_2 | OTVZ:seis_pick_2/inf_pick_2 | SNVZ:seis_pick_1/inf_pick_1,S2I1S2I1S1I2S2I2S1I1,3000.0,3.0,1828328.0,5661776.0,1708.478394,0.2411553832407004,-0.23622103061432026,5
ETVZ:seis_pick_2/inf_pick_1 | NGZ:seis_pick_2/inf_pick_2 | NOVZ:seis_pick_2/inf_pick_1 | OTVZ:seis_pick_1/inf_pick_2 | SNVZ:seis_pick_2/inf_pick_1,S2I1S2I2S2I1S1I2S2I1,3300.0,3.3,1827848.0,5661872.0,1910.128296,0.24374054074284024,-1.130060729199893,5
ETVZ:seis_pick_1/inf_pick_1 | NGZ:seis_pick_2/inf_pick_1 | NOVZ:seis_pick_2/inf_pick_2 | OTVZ:seis_pick_1/inf_pick_2 | SNVZ:seis_pick_1/inf_pick_1,S1I1S2I1S2I2S1I2S1I1,3000.0,3.0,1828040.0,5661872.0,1862.954834,0.2445927239846277,-0.07949087507080979,5
ETVZ:seis_pick_2/inf_pick_1 | NGZ:seis_pick_1/inf_pick_2 | NOVZ:seis_pick_2/inf_pick_2 | OTVZ:seis_pick_1/inf_pick_2 | SNVZ:seis_pick_2/inf_pick_1,S2I1S1I2S2I2S1I2S2I1,2500.0,2.5,1828040.0,5661680.0,1747.83252,0.24556664992738514,-0.2252766452455898,5
ETVZ:seis_pick_1/inf_pick_1 | NGZ:seis_pick_2/inf_pick_2 | NOVZ:seis_pick_2/inf_pick_2 | OTVZ:seis_pick_1/inf_pick_2 | SNVZ:seis_pick_1/inf_pick_1,S1I1S2I2S2I2S1I2S1I1,3300.0,3.3,1827848.0,5661776.0,1864.244263,0.24635733935992726,-0.5785541813122885,5
ETVZ:seis_pick_2/inf_pick_1 | NGZ:seis_pick_2/inf_pick_2 | NOVZ:seis_pick_1/inf_pick_1 | OTVZ:seis_pick_1/inf_pick_2 | SNVZ:seis_pick_1/inf_pick_1,S2I1S2I2S1I1S1I2S1I1,3000.0,3.0,1827848.0,5661872.0,1910.128296,0.2467223007746962,-0.688919301487461,5
ETVZ:seis_pick_1/inf_pick_1 | NGZ:seis_pick_1/inf_pick_1 | NOVZ:seis_pick_1/inf_pick_1 | OTVZ:seis_pick_1/inf_pick_2 | SNVZ:seis_pick_2/inf_pick_2,S1I1S1I1S1I1S1I2S2I2,3300.0,3.3,1828136.0,5662352.0,1970.850952,0.24900756044453945,0.16248995035367564,5
ETVZ:seis_pick_2/inf_pick_1 | NGZ:seis_pick_2/inf_pick_1 | NOVZ:seis_pick_1/inf_pick_2 | OTVZ:seis_pick_1/inf_pick_2 | SNVZ:seis_pick_1/inf_pick_1,S2I1S2I1S1I2S1I2S1I1,3300.0,3.3,1828232.0,5661776.0,1756.203979,0.25105325617111335,-0.11052109879968519,5
ETVZ:seis_pick_1/inf_pick_1 | NGZ:seis_pick_2/inf_pick_2 | NOVZ:seis_pick_2/inf_pick_1 | OTVZ:seis_pick_1/inf_pick_2 | SNVZ:seis_pick_2/inf_pick_1,S1I1S2I2S2I1S1I2S2I1,3000.0,3.0,1827752.0,5661872.0,1964.508057,0.25298016000534534,-0.9359387677064781,5
ETVZ:seis_pick_2/inf_pick_1 | NGZ:seis_pick_2/inf_pick_1 | NOVZ:seis_pick_2/inf_pick_1 | OTVZ:seis_pick_1/inf_pick_2 | SNVZ:seis_pick_2/inf_pick_2,S2I1S2I1S2I1S1I2S2I2,2500.0,2.5,1828040.0,5662448.0,2043.867798,0.2531258895877152,0.038034423990690416,5
ETVZ:seis_pick_2/inf_pick_1 | NGZ:seis_pick_1/inf_pick_2 | NOVZ:seis_pick_1/inf_pick_2 | OTVZ:seis_pick_1/inf_pick_1 | SNVZ:seis_pick_2/inf_pick_1,S2I1S1I2S1I2S1I1S2I1,3300.0,3.3,1828328.0,5661584.0,1637.31189,0.2532434692226517,-0.7518102311192314,5
ETVZ:seis_pick_1/inf_pick_1 | NGZ:seis_pick_2/inf_pick_2 | NOVZ:seis_pick_2/inf_pick_2 | OTVZ:seis_pick_1/inf_pick_2 | SNVZ:seis_pick_1/inf_pick_1,S1I1S2I2S2I2S1I2S1I1,2500.0,2.5,1827848.0,5661776.0,1864.244263,0.2537040355205301,-0.18652352121453433,5
ETVZ:seis_pick_2/inf_pick_1 | NGZ:seis_pick_2/inf_pick_1 | NOVZ:seis_pick_2/inf_pick_2 | OTVZ:seis_pick_1/inf_pick_2 | SNVZ:seis_pick_1/inf_pick_1,S2I1S2I1S2I2S1I2S1I1,3300.0,3.3,1828136.0,5661968.0,1868.978394,0.2537919735262843,-0.31207523121325753,5
ETVZ:seis_pick_2/inf_pick_1 | NGZ:seis_pick_2/inf_pick_1 | NOVZ:seis_pick_1/inf_pick_1 | OTVZ:seis_pick_1/inf_pick_2 | SNVZ:seis_pick_2/inf_pick_2,S2I1S2I1S1I1S1I2S2I2,3300.0,3.3,1828136.0,5662352.0,1970.850952,0.25482374997884677,-0.1410966413170737,5
ETVZ:seis_pick_2/inf_pick_1 | NGZ:seis_pick_1/inf_pick_1 | NOVZ:seis_pick_2/inf_pick_1 | OTVZ:seis_pick_1/inf_pick_2 | SNVZ:seis_pick_1/inf_pick_2,S2I1S1I1S2I1S1I2S1I2,3300.0,3.3,1828136.0,5662640.0,1972.641724,0.26058468241645305,-0.01939403663756245,5
ETVZ:seis_pick_2/inf_pick_1 | NGZ:seis_pick_2/inf_pick_1 | NOVZ:seis_pick_1/inf_pick_1 | OTVZ:seis_pick_1/inf_pick_2 | SNVZ:seis_pick_2/inf_pick_2,S2I1S2I1S1I1S1I2S2I2,3000.0,3.0,1828136.0,5662352.0,1970.850952,0.26144069420685034,-0.0179470014503341,5
ETVZ:seis_pick_2/inf_pick_1 | NGZ:seis_pick_2/inf_pick_1 | NOVZ:seis_pick_2/inf_pick_2 | OTVZ:seis_pick_2/inf_pick_2 | SNVZ:seis_pick_1/inf_pick_1,S2I1S2I1S2I2S2I2S1I1,3300.0,3.3,1828328.0,5661872.0,1752.691528,0.2616766665573797,-0.5075969312970985,5
ETVZ:seis_pick_2/inf_pick_1 | NGZ:seis_pick_2/inf_pick_2 | NOVZ:seis_pick_2/inf_pick_2 | OTVZ:seis_pick_2/inf_pick_2 | SNVZ:seis_pick_2/inf_pick_1,S2I1S2I2S2I2S2I2S2I1,3300.0,3.3,1828136.0,5661680.0,1731.645752,0.2646157628105619,-1.0430761590385997,5
ETVZ:seis_pick_2/inf_pick_1 | NGZ:seis_pick_2/inf_pick_2 | NOVZ:seis_pick_1/inf_pick_1 | OTVZ:seis_pick_2/inf_pick_2 | SNVZ:seis_pick_2/inf_pick_1,S2I1S2I2S1I1S2I2S2I1,3000.0,3.0,1828040.0,5661680.0,1747.83252,0.26497206662427064,-1.0384978954585793,5
ETVZ:seis_pick_2/inf_pick_1 | NGZ:seis_pick_2/inf_pick_2 | NOVZ:seis_pick_2/inf_pick_2 | OTVZ:seis_pick_1/inf_pick_2 | SNVZ:seis_pick_2/inf_pick_1,S2I1S2I2S2I2S1I2S2I1,3300.0,3.3,1827944.0,5661680.0,1773.920288,0.2654164221471988,-0.8276018337343543,5
ETVZ:seis_pick_1/inf_pick_1 | NGZ:seis_pick_1/inf_pick_2 | NOVZ:seis_pick_2/inf_pick_2 | OTVZ:seis_pick_1/inf_pick_2 | SNVZ:seis_pick_2/inf_pick_1,S1I1S1I2S2I2S1I2S2I1,3000.0,3.0,1827944.0,5661680.0,1773.920288,0.26557486778763206,-0.40211982146104236,5
ETVZ:seis_pick_1/inf_pick_1 | NGZ:seis_pick_1/inf_pick_2 | NOVZ:seis_pick_2/inf_pick_1 | OTVZ:seis_pick_1/inf_pick_2 | SNVZ:seis_pick_1/inf_pick_1,S1I1S1I2S2I1S1I2S1I1,3300.0,3.3,1827848.0,5662064.0,2029.3927,0.26618812354459287,-0.7129188358507117,5
ETVZ:seis_pick_1/inf_pick_1 | NGZ:seis_pick_1/inf_pick_1 | NOVZ:seis_pick_1/inf_pick_2 | OTVZ:seis_pick_1/inf_pick_2 | SNVZ:seis_pick_2/inf_pick_2,S1I1S1I1S1I2S1I2S2I2,2500.0,2.5,1828232.0,5662064.0,1861.719849,0.2679319225722857,0.904378269807275,5
ETVZ:seis_pick_1/inf_pick_1 | NGZ:seis_pick_1/inf_pick_2 | NOVZ:seis_pick_2/inf_pick_2 | OTVZ:seis_pick_1/inf_pick_2 | SNVZ:seis_pick_2/inf_pick_1,S1I1S1I2S2I2S1I2S2I1,3300.0,3.3,1827944.0,5661680.0,1773.920288,0.2697134402932051,-0.5240152420636048,5
ETVZ:seis_pick_2/inf_pick_1 | NGZ:seis_pick_2/inf_pick_1 | NOVZ:seis_pick_1/inf_pick_2 | OTVZ:seis_pick_1/inf_pick_1 | SNVZ:seis_pick_2/inf_pick_1,S2I1S2I1S1I2S1I1S2I1,3300.0,3.3,1828424.0,5661584.0,1603.305054,0.26989621021531435,-0.5891061842313423,5
ETVZ:seis_pick_2/inf_pick_1 | NGZ:seis_pick_1/inf_pick_2 | NOVZ:seis_pick_1/inf_pick_2 | OTVZ:seis_pick_1/inf_pick_2 | SNVZ:seis_pick_2/inf_pick_1,S2I1S1I2S1I2S1I2S2I1,3000.0,3.0,1828136.0,5661584.0,1680.270508,0.27085222106337564,-0.32440742904123565,5
ETVZ:seis_pick_2/inf_pick_1 | NGZ:seis_pick_2/inf_pick_2 | NOVZ:seis_pick_2/inf_pick_1 | OTVZ:seis_pick_2/inf_pick_2 | SNVZ:seis_pick_2/inf_pick_1,S2I1S2I2S2I1S2I2S2I1,3300.0,3.3,1827944.0,5661872.0,1879.445679,0.2717490953385469,-1.364235659766512,5
ETVZ:seis_pick_2/inf_pick_1 | NGZ:seis_pick_1/inf_pick_2 | NOVZ:seis_pick_1/inf_pick_2 | OTVZ:seis_pick_1/inf_pick_2 | SNVZ:seis_pick_1/inf_pick_1,S2I1S1I2S1I2S1I2S1I1,3000.0,3.0,1828136.0,5661776.0,1782.875366,0.2717912818499043,-0.16100470370351996,5
ETVZ:seis_pick_2/inf_pick_1 | NGZ:seis_pick_1/inf_pick_1 | NOVZ:seis_pick_1/inf_pick_1 | OTVZ:seis_pick_1/inf_pick_2 | SNVZ:seis_pick_1/inf_pick_2,S2I1S1I1S1I1S1I2S1I2,3300.0,3.3,1828232.0,5662544.0,1937.370361,0.27268717587657193,0.18714760488214227,5
ETVZ:seis_pick_2/inf_pick_1 | NGZ:seis_pick_1/inf_pick_2 | NOVZ:seis_pick_1/inf_pick_2 | OTVZ:seis_pick_2/inf_pick_2 | SNVZ:seis_pick_2/inf_pick_1,S2I1S1I2S1I2S2I2S2I1,2500.0,2.5,1828328.0,5661488.0,1598.106201,0.2743452953218718,-0.295030637225668,5
ETVZ:seis_pick_2/inf_pick_1 | NGZ:seis_pick_1/inf_pick_2 | NOVZ:seis_pick_1/inf_pick_1 | OTVZ:seis_pick_2/inf_pick_2 | SNVZ:seis_pick_2/inf_pick_1,S2I1S1I2S1I1S2I2S2I1,3300.0,3.3,1828136.0,5661776.0,1782.875366,0.27478580613986053,-0.9646830089037006,5
ETVZ:seis_pick_2/inf_pick_1 | NGZ:seis_pick_2/inf_pick_1 | NOVZ:seis_pick_1/inf_pick_1 | OTVZ:seis_pick_1/inf_pick_2 | SNVZ:seis_pick_2/inf_pick_2,S2I1S2I1S1I1S1I2S2I2,2500.0,2.5,1828136.0,5662256.0,1932.221924,0.27600718122511425,0.2921636798874401,5
ETVZ:seis_pick_2/inf_pick_1 | NGZ:seis_pick_2/inf_pick_2 | NOVZ:seis_pick_1/inf_pick_1 | OTVZ:seis_pick_1/inf_pick_2 | SNVZ:seis_pick_1/inf_pick_1,S2I1S2I2S1I1S1I2S1I1,3300.0,3.3,1827848.0,5661968.0,1976.512817,0.27611994968803116,-0.8451270851754312,5
ETVZ:seis_pick_2/inf_pick_1 | NGZ:seis_pick_2/inf_pick_2 | NOVZ:seis_pick_1/inf_pick_2 | OTVZ:seis_pick_1/inf_pick_2 | SNVZ:seis_pick_2/inf_pick_1,S2I1S2I2S1I2S1I2S2I1,2500.0,2.5,1827944.0,5661488.0,1710.052002,0.2764691548568163,-0.29669305951819497,5
ETVZ:seis_pick_2/inf_pick_2 | NGZ:seis_pick_1/inf_pick_2 | NOVZ:seis_pick_1/inf_pick_2 | OTVZ:seis_pick_1/inf_pick_2 | SNVZ:seis_pick_1/inf_pick_1,S2I2S1I2S1I2S1I2S1I1,3300.0,3.3,1827944.0,5661680.0,1773.920288,0.2783312541394267,0.006305816162270083,5
ETVZ:seis_pick_2/inf_pick_2 | NGZ:seis_pick_2/inf_pick_2 | NOVZ:seis_pick_2/inf_pick_2 | OTVZ:seis_pick_1/inf_pick_2 | SNVZ:seis_pick_2/inf_pick_1,S2I2S2I2S2I2S1I2S2I1,3300.0,3.3,1827752.0,5661584.0,1850.710449,0.27925547171290205,-0.5760910389145104,5
ETVZ:seis_pick_2/inf_pick_2 | NGZ:seis_pick_2/inf_pick_2 | NOVZ:seis_pick_1/inf_pick_2 | OTVZ:seis_pick_1/inf_pick_2 | SNVZ:seis_pick_2/inf_pick_1,S2I2S2I2S1I2S1I2S2I1,3000.0,3.0,1827848.0,5661488.0,1754.805298,0.2811982730517246,-0.2678008095246051,5
ETVZ:seis_pick_2/inf_pick_1 | NGZ:seis_pick_1/inf_pick_2 | NOVZ:seis_pick_2/inf_pick_2 | OTVZ:seis_pick_2/inf_pick_2 | SNVZ:seis_pick_1/inf_pick_1,S2I1S1I2S2I2S2I2S1I1,3300.0,3.3,1828232.0,5661872.0,1779.748779,0.2818592767159177,-0.6768282218867713,5
ETVZ:seis_pick_1/inf_pick_1 | NGZ:seis_pick_2/inf_pick_2 | NOVZ:seis_pick_2/inf_pick_1 | OTVZ:seis_pick_1/inf_pick_2 | SNVZ:seis_pick_2/inf_pick_1,S1I1S2I2S2I1S1I2S2I1,2500.0,2.5,1827752.0,5661776.0,1918.936157,0.2841146986645783,-0.6432726251131777,5
ETVZ:seis_pick_2/inf_pick_1 | NGZ:seis_pick_1/inf_pick_1 | NOVZ:seis_pick_2/inf_pick_1 | OTVZ:seis_pick_1/inf_pick_2 | SNVZ:seis_pick_1/inf_pick_2,S2I1S1I1S2I1S1I2S1I2,3000.0,3.0,1828136.0,5662640.0,1972.641724,0.28653936866461416,0.10494618771885947,5
ETVZ:seis_pick_1/inf_pick_1 | NGZ:seis_pick_1/inf_pick_2 | NOVZ:seis_pick_2/inf_pick_2 | OTVZ:seis_pick_1/inf_pick_2 | SNVZ:seis_pick_2/inf_pick_1,S1I1S1I2S2I2S1I2S2I1,2500.0,2.5,1827944.0,5661584.0,1737.253296,0.2874902689064706,-0.12845662450561052,5
ETVZ:seis_pick_1/inf_pick_1 | NGZ:seis_pick_1/inf_pick_1 | NOVZ:seis_pick_1/inf_pick_1 | OTVZ:seis_pick_1/inf_pick_2 | SNVZ:seis_pick_2/inf_pick_2,S1I1S1I1S1I1S1I2S2I2,3000.0,3.0,1828136.0,5662352.0,1970.850952,0.2876468892305586,0.28563959022041524,5
ETVZ:seis_pick_2/inf_pick_1 | NGZ:seis_pick_2/inf_pick_2 | NOVZ:seis_pick_2/inf_pick_2 | OTVZ:seis_pick_1/inf_pick_2 | SNVZ:seis_pick_1/inf_pick_1,S2I1S2I2S2I2S1I2S1I1,2500.0,2.5,1827944.0,5661776.0,1826.723999,0.288685900931454,-0.2700995238744808,5
ETVZ:seis_pick_1/inf_pick_1 | NGZ:seis_pick_1/inf_pick_2 | NOVZ:seis_pick_2/inf_pick_1 | OTVZ:seis_pick_1/inf_pick_2 | SNVZ:seis_pick_1/inf_pick_1,S1I1S1I2S2I1S1I2S1I1,3000.0,3.0,1827848.0,5662064.0,2029.3927,0.2900584021838033,-0.5894083943735877,5
ETVZ:seis_pick_2/inf_pick_1 | NGZ:seis_pick_1/inf_pick_1 | NOVZ:seis_pick_1/inf_pick_1 | OTVZ:seis_pick_1/inf_pick_2 | SNVZ:seis_pick_1/inf_pick_2,S2I1S1I1S1I1S1I2S1I2,3000.0,3.0,1828232.0,5662544.0,1937.370361,0.29058349250550114,0.3106986159981259,5
ETVZ:seis_pick_2/inf_pick_1 | NGZ:seis_pick_1/inf_pick_2 | NOVZ:seis_pick_1/inf_pick_1 | OTVZ:seis_pick_2/inf_pick_2 | SNVZ:seis_pick_1/inf_pick_1,S2I1S1I2S1I1S2I2S1I1,3300.0,3.3,1828136.0,5661968.0,1868.978394,0.29095722819777725,-0.8218809102613628,5
ETVZ:seis_pick_1/inf_pick_1 | NGZ:seis_pick_2/inf_pick_1 | NOVZ:seis_pick_2/inf_pick_2 | OTVZ:seis_pick_1/inf_pick_2 | SNVZ:seis_pick_1/inf_pick_1,S1I1S2I1S2I2S1I2S1I1,2500.0,2.5,1828040.0,5661872.0,1862.954834,0.2909731456482741,0.1888101758336857,5
ETVZ:seis_pick_1/inf_pick_1 | NGZ:seis_pick_2/inf_pick_1 | NOVZ:seis_pick_1/inf_pick_1 | OTVZ:seis_pick_1/inf_pick_2 | SNVZ:seis_pick_2/inf_pick_2,S1I1S2I1S1I1S1I2S2I2,3300.0,3.3,1828040.0,5662256.0,2015.394897,0.29138036248783006,-0.03215391286088511,5
ETVZ:seis_pick_2/inf_pick_1 | NGZ:seis_pick_1/inf_pick_2 | NOVZ:seis_pick_1/inf_pick_2 | OTVZ:seis_pick_1/inf_pick_1 | SNVZ:seis_pick_2/inf_pick_1,S2I1S1I2S1I2S1I1S2I1,3000.0,3.0,1828328.0,5661584.0,1637.31189,0.29154551158827,-0.631096847393796,5
ETVZ:seis_pick_2/inf_pick_1 | NGZ:seis_pick_2/inf_pick_2 | NOVZ:seis_pick_2/inf_pick_2 | OTVZ:seis_pick_2/inf_pick_2 | SNVZ:seis_pick_2/inf_pick_1,S2I1S2I2S2I2S2I2S2I1,3000.0,3.0,1828040.0,5661680.0,1747.83252,0.29214026798169057,-0.947526151833495,5
ETVZ:seis_pick_2/inf_pick_1 | NGZ:seis_pick_1/inf_pick_1 | NOVZ:seis_pick_2/inf_pick_1 | OTVZ:seis_pick_1/inf_pick_2 | SNVZ:seis_pick_2/inf_pick_2,S2I1S1I1S2I1S1I2S2I2,2500.0,2.5,1828136.0,5662448.0,1978.485596,0.292679225093932,0.2658367177545383,5
ETVZ:seis_pick_2/inf_pick_2 | NGZ:seis_pick_1/inf_pick_2 | NOVZ:seis_pick_1/inf_pick_2 | OTVZ:seis_pick_1/inf_pick_2 | SNVZ:seis_pick_2/inf_pick_1,S2I2S1I2S1I2S1I2S2I1,3300.0,3.3,1827944.0,5661488.0,1710.052002,0.2927969462522704,-0.17108790720458183,5
ETVZ:seis_pick_2/inf_pick_1 | NGZ:seis_pick_1/inf_pick_2 | NOVZ:seis_pick_2/inf_pick_2 | OTVZ:seis_pick_1/inf_pick_1 | SNVZ:seis_pick_2/inf_pick_1,S2I1S1I2S2I2S1I1S2I1,3300.0,3.3,1828232.0,5661680.0,1707.919678,0.2928281189555234,-0.9117052390746199,5
ETVZ:seis_pick_2/inf_pick_1 | NGZ:seis_pick_1/inf_pick_2 | NOVZ:seis_pick_2/inf_pick_2 | OTVZ:seis_pick_1/inf_pick_2 | SNVZ:seis_pick_2/inf_pick_1,S2I1S1I2S2I2S1I2S2I1,3000.0,3.0,1828040.0,5661680.0,1747.83252,0.29414779723924933,-0.49266743370806376,5
ETVZ:seis_pick_2/inf_pick_1 | NGZ:seis_pick_2/inf_pick_1 | NOVZ:seis_pick_2/inf_pick_2 | OTVZ:seis_pick_2/inf_pick_2 | SNVZ:seis_pick_1/inf_pick_1,S2I1S2I1S2I2S2I2S1I1,3000.0,3.0,1828328.0,5661872.0,1752.691528,0.2953221919075394,-0.3866374590331848,5
ETVZ:seis_pick_2/inf_pick_1 | NGZ:seis_pick_2/inf_pick_1 | NOVZ:seis_pick_1/inf_pick_1 | OTVZ:seis_pick_1/inf_pick_2 | SNVZ:seis_pick_1/inf_pick_1,S2I1S2I1S1I1S1I2S1I1,2500.0,2.5,1828136.0,5661968.0,1868.978394,0.2969074377457314,-0.013187782753969656,5
ETVZ:seis_pick_2/inf_pick_1 | NGZ:seis_pick_2/inf_pick_1 | NOVZ:seis_pick_1/inf_pick_1 | OTVZ:seis_pick_1/inf_pick_2 | SNVZ:seis_pick_1/inf_pick_1,S2I1S2I1S1I1S1I2S1I1,3000.0,3.0,1828136.0,5661968.0,1868.978394,0.2998296852918876,-0.2812159773119756,5
ETVZ:seis_pick_2/inf_pick_1 | NGZ:seis_pick_1/inf_pick_2 | NOVZ:seis_pick_1/inf_pick_2 | OTVZ:seis_pick_1/inf_pick_2 | SNVZ:seis_pick_1/inf_pick_1,S2I1S1I2S1I2S1I2S1I1,3300.0,3.3,1828136.0,5661776.0,1782.875366,0.30112315314531785,-0.2823949317155563,5
ETVZ:seis_pick_2/inf_pick_1 | NGZ:seis_pick_1/inf_pick_1 | NOVZ:seis_pick_1/inf_pick_2 | OTVZ:seis_pick_2/inf_pick_2 | SNVZ:seis_pick_1/inf_pick_1,S2I1S1I1S1I2S2I2S1I1,3300.0,3.3,1828424.0,5661776.0,1675.246094,0.3034149391647004,-0.15538797069429985,5
ETVZ:seis_pick_2/inf_pick_1 | NGZ:seis_pick_2/inf_pick_1 | NOVZ:seis_pick_1/inf_pick_2 | OTVZ:seis_pick_1/inf_pick_1 | SNVZ:seis_pick_2/inf_pick_1,S2I1S2I1S1I2S1I1S2I1,3000.0,3.0,1828424.0,5661584.0,1603.305054,0.30420735440397084,-0.46858181953293343,5
ETVZ:seis_pick_2/inf_pick_1 | NGZ:seis_pick_1/inf_pick_2 | NOVZ:seis_pick_1/inf_pick_1 | OTVZ:seis_pick_2/inf_pick_2 | SNVZ:seis_pick_2/inf_pick_1,S2I1S1I2S1I1S2I2S2I1,3000.0,3.0,1828136.0,5661776.0,1782.875366,0.30661368800688793,-0.8432927808916644,5
ETVZ:seis_pick_2/inf_pick_1 | NGZ:seis_pick_2/inf_pick_2 | NOVZ:seis_pick_2/inf_pick_1 | OTVZ:seis_pick_2/inf_pick_2 | SNVZ:seis_pick_2/inf_pick_1,S2I1S2I2S2I1S2I2S2I1,3000.0,3.0,1827944.0,5661872.0,1879.445679,0.30969540240960647,-1.2419315876179124,5
ETVZ:seis_pick_2/inf_pick_1 | NGZ:seis_pick_1/inf_pick_2 | NOVZ:seis_pick_1/inf_pick_2 | OTVZ:seis_pick_1/inf_pick_2 | SNVZ:seis_pick_2/inf_pick_1,S2I1S1I2S1I2S1I2S2I1,3300.0,3.3,1828136.0,5661584.0,1680.270508,0.3097616605329194,-0.44558649240488,5
ETVZ:seis_pick_1/inf_pick_1 | NGZ:seis_pick_2/inf_pick_1 | NOVZ:seis_pick_2/inf_pick_1 | OTVZ:seis_pick_1/inf_pick_2 | SNVZ:seis_pick_2/inf_pick_2,S1I1S2I1S2I1S1I2S2I2,3300.0,3.3,1827944.0,5662352.0,2080.786133,0.31107746676998144,-0.24781420023455586,5
ETVZ:seis_pick_2/inf_pick_1 | NGZ:seis_pick_2/inf_pick_1 | NOVZ:seis_pick_1/inf_pick_2 | OTVZ:seis_pick_2/inf_pick_2 | SNVZ:seis_pick_2/inf_pick_1,S2I1S2I1S1I2S2I2S2I1,2500.0,2.5,1828328.0,5661584.0,1637.31189,0.31180217076746725,-0.14494672353775506,5
ETVZ:seis_pick_1/inf_pick_1 | NGZ:seis_pick_2/inf_pick_1 | NOVZ:seis_pick_1/inf_pick_1 | OTVZ:seis_pick_1/inf_pick_2 | SNVZ:seis_pick_2/inf_pick_2,S1I1S2I1S1I1S1I2S2I2,3000.0,3.0,1828040.0,5662256.0,2015.394897,0.3118850951821132,0.09113874540005895,5
ETVZ:seis_pick_2/inf_pick_1 | NGZ:seis_pick_2/inf_pick_1 | NOVZ:seis_pick_1/inf_pick_1 | OTVZ:seis_pick_1/inf_pick_2 | SNVZ:seis_pick_1/inf_pick_1,S2I1S2I1S1I1S1I2S1I1,3300.0,3.3,1828136.0,5661968.0,1868.978394,0.3135734848920949,-0.40304697483834195,5
ETVZ:seis_pick_2/inf_pick_1 | NGZ:seis_pick_2/inf_pick_1 | NOVZ:seis_pick_1/inf_pick_2 | OTVZ:seis_pick_1/inf_pick_1 | SNVZ:seis_pick_1/inf_pick_1,S2I1S2I1S1I2S1I1S1I1,3300.0,3.3,1828424.0,5661776.0,1675.246094,0.3141945690798735,-0.41199343305679204,5
ETVZ:seis_pick_2/inf_pick_1 | NGZ:seis_pick_1/inf_pick_2 | NOVZ:seis_pick_2/inf_pick_2 | OTVZ:seis_pick_2/inf_pick_2 | SNVZ:seis_pick_1/inf_pick_1,S2I1S1I2S2I2S2I2S1I1,3000.0,3.0,1828232.0,5661872.0,1779.748779,0.3149097470971754,-0.5556062275817922,5
ETVZ:seis_pick_1/inf_pick_1 | NGZ:seis_pick_2/inf_pick_1 | NOVZ:seis_pick_1/inf_pick_1 | OTVZ:seis_pick_1/inf_pick_2 | SNVZ:seis_pick_1/inf_pick_1,S1I1S2I1S1I1S1I2S1I1,3300.0,3.3,1828040.0,5661968.0,1927.026855,0.31566015123864705,-0.3229745914084681,5
ETVZ:seis_pick_1/inf_pick_1 | NGZ:seis_pick_1/inf_pick_1 | NOVZ:seis_pick_2/inf_pick_2 | OTVZ:seis_pick_1/inf_pick_2 | SNVZ:seis_pick_2/inf_pick_2,S1I1S1I1S2I2S1I2S2I2,2500.0,2.5,1828232.0,5662160.0,1873.492554,0.3171856688107615,0.7463284650404172,5
ETVZ:seis_pick_1/inf_pick_1 | NGZ:seis_pick_1/inf_pick_2 | NOVZ:seis_pick_1/inf_pick_2 | OTVZ:seis_pick_2/inf_pick_2 | SNVZ:seis_pick_2/inf_pick_1,S1I1S1I2S1I2S2I2S2I1,3300.0,3.3,1828232.0,5661584.0,1658.624878,0.3186999287772861,-0.5744395759697489,5
ETVZ:seis_pick_2/inf_pick_1 | NGZ:seis_pick_2/inf_pick_1 | NOVZ:seis_pick_2/inf_pick_2 | OTVZ:seis_pick_1/inf_pick_2 | SNVZ:seis_pick_2/inf_pick_2,S2I1S2I1S2I2S1I2S2I2,3000.0,3.0,1828136.0,5662256.0,1932.221924,0.3190177889446542,0.11321318811969619,5
ETVZ:seis_pick_1/inf_pick_1 | NGZ:seis_pick_2/inf_pick_1 | NOVZ:seis_pick_1/inf_pick_2 | OTVZ:seis_pick_1/inf_pick_2 | SNVZ:seis_pick_2/inf_pick_1,S1I1S2I1S1I2S1I2S2I1,3000.0,3.0,1828136.0,5661584.0,1680.270508,0.31979376717631774,-0.05684562007289671,5
ETVZ:seis_pick_2/inf_pick_1 | NGZ:seis_pick_1/inf_pick_2 | NOVZ:seis_pick_2/inf_pick_2 | OTVZ:seis_pick_2/inf_pick_2 | SNVZ:seis_pick_2/inf_pick_1,S2I1S1I2S2I2S2I2S2I1,2500.0,2.5,1828232.0,5661680.0,1707.919678,0.31994795527689934,-0.44991586810014433,5
ETVZ:seis_pick_2/inf_pick_2 | NGZ:seis_pick_2/inf_pick_2 | NOVZ:seis_pick_2/inf_pick_2 | OTVZ:seis_pick_1/inf_pick_2 | SNVZ:seis_pick_2/inf_pick_1,S2I2S2I2S2I2S1I2S2I1,3000.0,3.0,1827752.0,5661584.0,1850.710449,0.32038458807164893,-0.4532716312399206,5
ETVZ:seis_pick_2/inf_pick_2 | NGZ:seis_pick_1/inf_pick_2 | NOVZ:seis_pick_1/inf_pick_2 | OTVZ:seis_pick_1/inf_pick_2 | SNVZ:seis_pick_1/inf_pick_1,S2I2S1I2S1I2S1I2S1I1,3000.0,3.0,1827944.0,5661680.0,1773.920288,0.3213694906683082,0.12820123676483258,5
ETVZ:seis_pick_2/inf_pick_1 | NGZ:seis_pick_2/inf_pick_1 | NOVZ:seis_pick_2/inf_pick_2 | OTVZ:seis_pick_1/inf_pick_2 | SNVZ:seis_pick_2/inf_pick_2,S2I1S2I1S2I2S1I2S2I2,3300.0,3.3,1828136.0,5662256.0,1932.221924,0.3237927140736609,-0.009478737058861774,5
ETVZ:seis_pick_2/inf_pick_1 | NGZ:seis_pick_1/inf_pick_2 | NOVZ:seis_pick_2/inf_pick_2 | OTVZ:seis_pick_1/inf_pick_2 | SNVZ:seis_pick_2/inf_pick_1,S2I1S1I2S2I2S1I2S2I1,3300.0,3.3,1828040.0,5661776.0,1817.950928,0.32402348849767293,-0.6323974361183733,5
ETVZ:seis_pick_2/inf_pick_2 | NGZ:seis_pick_1/inf_pick_2 | NOVZ:seis_pick_1/inf_pick_2 | OTVZ:seis_pick_1/inf_pick_2 | SNVZ:seis_pick_2/inf_pick_1,S2I2S1I2S1I2S1I2S2I1,3000.0,3.0,1827944.0,5661488.0,1710.052002,0.32541325108340213,-0.04924372129982899,5
ETVZ:seis_pick_1/inf_pick_1 | NGZ:seis_pick_2/inf_pick_1 | NOVZ:seis_pick_1/inf_pick_2 | OTVZ:seis_pick_1/inf_pick_2 | SNVZ:seis_pick_2/inf_pick_1,S1I1S2I1S1I2S1I2S2I1,2500.0,2.5,1828136.0,5661488.0,1647.28064,0.326824684305804,0.20734504673447365,5
ETVZ:seis_pick_2/inf_pick_1 | NGZ:seis_pick_1/inf_pick_1 | NOVZ:seis_pick_1/inf_pick_2 | OTVZ:seis_pick_2/inf_pick_2 | SNVZ:seis_pick_1/inf_pick_1,S2I1S1I1S1I2S2I2S1I1,3000.0,3.0,1828520.0,5661776.0,1637.771729,0.32688307110787507,-0.018440208288984294,5
ETVZ:seis_pick_2/inf_pick_1 | NGZ:seis_pick_2/inf_pick_1 | NOVZ:seis_pick_1/inf_pick_2 | OTVZ:seis_pick_2/inf_pick_2 | SNVZ:seis_pick_1/inf_pick_1,S2I1S2I1S1I2S2I2S1I1,2500.0,2.5,1828328.0,5661680.0,1673.186646,0.3269624968254443,0.03595343890423752,5
ETVZ:seis_pick_1/inf_pick_1 | NGZ:seis_pick_2/inf_pick_1 | NOVZ:seis_pick_1/inf_pick_2 | OTVZ:seis_pick_1/inf_pick_2 | SNVZ:seis_pick_2/inf_pick_1,S1I1S2I1S1I2S1I2S2I1,3300.0,3.3,1828136.0,5661584.0,1680.270508,0.32710021810422996,-0.17802468343654104,5
ETVZ:seis_pick_2/inf_pick_1 | NGZ:seis_pick_2/inf_pick_1 | NOVZ:seis_pick_1/inf_pick_1 | OTVZ:seis_pick_2/inf_pick_2 | SNVZ:seis_pick_1/inf_pick_1,S2I1S2I1S1I1S2I2S1I1,3300.0,3.3,1828232.0,5661968.0,1833.125488,0.32755414585238934,-0.6455327754998115,5
ETVZ:seis_pick_2/inf_pick_1 | NGZ:seis_pick_2/inf_pick_1 | NOVZ:seis_pick_2/inf_pick_2 | OTVZ:seis_pick_1/inf_pick_2 | SNVZ:seis_pick_2/inf_pick_2,S2I1S2I1S2I2S1I2S2I2,2500.0,2.5,1828136.0,5662160.0,1946.274292,0.32759143594790174,0.40054557060026796,5
ETVZ:seis_pick_2/inf_pick_1 | NGZ:seis_pick_1/inf_pick_1 | NOVZ:seis_pick_2/inf_pick_2 | OTVZ:seis_pick_1/inf_pick_2 | SNVZ:seis_pick_1/inf_pick_2,S2I1S1I1S2I2S1I2S1I2,3300.0,3.3,1828232.0,5662448.0,1918.638916,0.32919350441892903,0.31992680635277343,5
ETVZ:seis_pick_2/inf_pick_1 | NGZ:seis_pick_1/inf_pick_2 | NOVZ:seis_pick_2/inf_pick_2 | OTVZ:seis_pick_1/inf_pick_1 | SNVZ:seis_pick_2/inf_pick_1,S2I1S1I2S2I2S1I1S2I1,3000.0,3.0,1828232.0,5661680.0,1707.919678,0.32924040291173096,-0.7907279278676962,5
ETVZ:seis_pick_2/inf_pick_1 | NGZ:seis_pick_2/inf_pick_1 | NOVZ:seis_pick_1/inf_pick_2 | OTVZ:seis_pick_1/inf_pick_2 | SNVZ:seis_pick_2/inf_pick_1,S2I1S2I1S1I2S1I2S2I1,2500.0,2.5,1828232.0,5661584.0,1658.624878,0.3297458000899774,0.10971638614967247,5
ETVZ:seis_pick_2/inf_pick_1 | NGZ:seis_pick_1/inf_pick_2 | NOVZ:seis_pick_1/inf_pick_1 | OTVZ:seis_pick_2/inf_pick_2 | SNVZ:seis_pick_1/inf_pick_1,S2I1S1I2S1I1S2I2S1I1,3000.0,3.0,1828136.0,5661968.0,1868.978394,0.33050376931602066,-0.7000499127349965,5
ETVZ:seis_pick_2/inf_pick_1 | NGZ:seis_pick_2/inf_pick_2 | NOVZ:seis_pick_1/inf_pick_1 | OTVZ:seis_pick_2/inf_pick_2 | SNVZ:seis_pick_2/inf_pick_1,S2I1S2I2S1I1S2I2S2I1,2500.0,2.5,1828040.0,5661680.0,1747.83252,0.33054461982932887,-0.7711071069961054,5
ETVZ:seis_pick_2/inf_pick_2 | NGZ:seis_pick_2/inf_pick_1 | NOVZ:seis_pick_1/inf_pick_2 | OTVZ:seis_pick_1/inf_pick_2 | SNVZ:seis_pick_1/inf_pick_1,S2I2S2I1S1I2S1I2S1I1,3300.0,3.3,1828040.0,5661680.0,1747.83252,0.3309472940300964,0.18367416600320752,5
ETVZ:seis_pick_1/inf_pick_1 | NGZ:seis_pick_2/inf_pick_1 | NOVZ:seis_pick_1/inf_pick_1 | OTVZ:seis_pick_1/inf_pick_2 | SNVZ:seis_pick_1/inf_pick_1,S1I1S2I1S1I1S1I2S1I1,3000.0,3.0,1828040.0,5661968.0,1927.026855,0.3314420256012784,-0.20067546775901093,5
ETVZ:seis_pick_2/inf_pick_1 | NGZ:seis_pick_1/inf_pick_2 | NOVZ:seis_pick_1/inf_pick_1 | OTVZ:seis_pick_1/inf_pick_2 | SNVZ:seis_pick_2/inf_pick_1,S2I1S1I2S1I1S1I2S2I1,2500.0,2.5,1828040.0,5661776.0,1817.950928,0.331730557859673,-0.3337816915697758,5
ETVZ:seis_pick_2/inf_pick_1 | NGZ:seis_pick_1/inf_pick_1 | NOVZ:seis_pick_1/inf_pick_1 | OTVZ:seis_pick_1/inf_pick_2 | SNVZ:seis_pick_1/inf_pick_2,S2I1S1I1S1I1S1I2S1I2,2500.0,2.5,1828232.0,5662448.0,1918.638916,0.33478601000482294,0.622811763877214,5
ETVZ:seis_pick_2/inf_pick_1 | NGZ:seis_pick_1/inf_pick_1 | NOVZ:seis_pick_2/inf_pick_2 | OTVZ:seis_pick_1/inf_pick_2 | SNVZ:seis_pick_1/inf_pick_2,S2I1S1I1S2I2S1I2S1I2,3000.0,3.0,1828232.0,5662448.0,1918.638916,0.33507705409770017,0.4430070254619999,5
ETVZ:seis_pick_1/inf_pick_1 | NGZ:seis_pick_2/inf_pick_1 | NOVZ:seis_pick_2/inf_pick_1 | OTVZ:seis_pick_1/inf_pick_2 | SNVZ:seis_pick_2/inf_pick_2,S1I1S2I1S2I1S1I2S2I2,3000.0,3.0,1827944.0,5662352.0,2080.786133,0.33553811251932747,-0.12362964404958596,5
ETVZ:seis_pick_2/inf_pick_1 | NGZ:seis_pick_2/inf_pick_2 | NOVZ:seis_pick_2/inf_pick_2 | OTVZ:seis_pick_1/inf_pick_2 | SNVZ:seis_pick_1/inf_pick_1,S2I1S2I2S2I2S1I2S1I1,3000.0,3.0,1827944.0,5661872.0,1879.445679,0.33789818057215587,-0.5596435104297681,5
ETVZ:seis_pick_1/inf_pick_1 | NGZ:seis_pick_1/inf_pick_2 | NOVZ:seis_pick_1/inf_pick_1 | OTVZ:seis_pick_1/inf_pick_2 | SNVZ:seis_pick_2/inf_pick_1,S1I1S1I2S1I1S1I2S2I1,3300.0,3.3,1827944.0,5661776.0,1826.723999,0.3407313278080784,-0.6300357937704295,5
ETVZ:seis_pick_2/inf_pick_1 | NGZ:seis_pick_1/inf_pick_1 | NOVZ:seis_pick_1/inf_pick_2 | OTVZ:seis_pick_1/inf_pick_2 | SNVZ:seis_pick_1/inf_pick_1,S2I1S1I1S1I2S1I2S1I1,2500.0,2.5,1828328.0,5661776.0,1708.478394,0.3408050265201994,0.4843987707876162,5
ETVZ:seis_pick_1/inf_pick_1 | NGZ:seis_pick_1/inf_pick_2 | NOVZ:seis_pick_2/inf_pick_1 | OTVZ:seis_pick_1/inf_pick_2 | SNVZ:seis_pick_1/inf_pick_1,S1I1S1I2S2I1S1I2S1I1,2500.0,2.5,1827848.0,5661968.0,1976.512817,0.34388417807265914,-0.2840230668466564,5
ETVZ:seis_pick_1/inf_pick_1 | NGZ:seis_pick_2/inf_pick_1 | NOVZ:seis_pick_2/inf_pick_2 | OTVZ:seis_pick_1/inf_pick_2 | SNVZ:seis_pick_2/inf_pick_2,S1I1S2I1S2I2S1I2S2I2,3300.0,3.3,1828040.0,5662160.0,2012.584229,0.3454335698387647,0.08251620608999417,5
ETVZ:seis_pick_2/inf_pick_1 | NGZ:seis_pick_1/inf_pick_2 | NOVZ:seis_pick_1/inf_pick_2 | OTVZ:seis_pick_2/inf_pick_2 | SNVZ:seis_pick_1/inf_pick_1,S2I1S1I2S1I2S2I2S1I1,3300.0,3.3,1828232.0,5661776.0,1756.203979,0.34697074018346413,-0.529355034222706,5
ETVZ:seis_pick_1/inf_pick_1 | NGZ:seis_pick_1/inf_pick_2 | NOVZ:seis_pick_1/inf_pick_1 | OTVZ:seis_pick_1/inf_pick_2 | SNVZ:seis_pick_2/inf_pick_1,S1I1S1I2S1I1S1I2S2I1,3000.0,3.0,1827944.0,5661776.0,1826.723999,0.3479224938553738,-0.5079709091793534,5
ETVZ:seis_pick_2/inf_pick_1 | NGZ:seis_pick_1/inf_pick_2 | NOVZ:seis_pick_1/inf_pick_1 | OTVZ:seis_pick_1/inf_pick_2 | SNVZ:seis_pick_2/inf_pick_1,S2I1S1I2S1I1S1I2S2I1,3000.0,3.0,1828040.0,5661776.0,1817.950928,0.3487487916050482,-0.601623089689183,5
ETVZ:seis_pick_2/inf_pick_1 | NGZ:seis_pick_2/inf_pick_2 | NOVZ:seis_pick_1/inf_pick_2 | OTVZ:seis_pick_1/inf_pick_2 | SNVZ:seis_pick_2/inf_pick_1,S2I1S2I2S1I2S1I2S2I1,3000.0,3.0,1827944.0,5661584.0,1737.253296,0.34901112895712894,-0.5636143477999516,5
ETVZ:seis_pick_2/inf_pick_1 | NGZ:seis_pick_2/inf_pick_2 | NOVZ:seis_pick_2/inf_pick_2 | OTVZ:seis_pick_2/inf_pick_2 | SNVZ:seis_pick_2/inf_pick_1,S2I1S2I2S2I2S2I2S2I1,2500.0,2.5,1828136.0,5661584.0,1680.270508,0.34955906595689196,-0.6491298232042793,5
ETVZ:seis_pick_2/inf_pick_2 | NGZ:seis_pick_1/inf_pick_2 | NOVZ:seis_pick_2/inf_pick_2 | OTVZ:seis_pick_1/inf_pick_2 | SNVZ:seis_pick_1/inf_pick_1,S2I2S1I2S2I2S1I2S1I1,3300.0,3.3,1827848.0,5661776.0,1864.244263,0.3502231744040291,-0.18469073852404225,5
ETVZ:seis_pick_2/inf_pick_1 | NGZ:seis_pick_2/inf_pick_1 | NOVZ:seis_pick_1/inf_pick_2 | OTVZ:seis_pick_1/inf_pick_1 | SNVZ:seis_pick_1/inf_pick_1,S2I1S2I1S1I2S1I1S1I1,3000.0,3.0,1828424.0,5661776.0,1675.246094,0.35181253504013377,-0.2914146696446517,5
ETVZ:seis_pick_2/inf_pick_1 | NGZ:seis_pick_1/inf_pick_2 | NOVZ:seis_pick_2/inf_pick_1 | OTVZ:seis_pick_2/inf_pick_2 | SNVZ:seis_pick_1/inf_pick_1,S2I1S1I2S2I1S2I2S1I1,3300.0,3.3,1828136.0,5662064.0,1926.312866,0.3524819504538579,-0.9911181218094095,5
ETVZ:seis_pick_2/inf_pick_1 | NGZ:seis_pick_1/inf_pick_2 | NOVZ:seis_pick_1/inf_pick_1 | OTVZ:seis_pick_1/inf_pick_1 | SNVZ:seis_pick_2/inf_pick_1,S2I1S1I2S1I1S1I1S2I1,3300.0,3.3,1828232.0,5661776.0,1756.203979,0.35286565340332054,-1.0133898556479113,5
ETVZ:seis_pick_1/inf_pick_1 | NGZ:seis_pick_2/inf_pick_1 | NOVZ:seis_pick_2/inf_pick_2 | OTVZ:seis_pick_1/inf_pick_2 | SNVZ:seis_pick_2/inf_pick_2,S1I1S2I1S2I2S1I2S2I2,3000.0,3.0,1828040.0,5662160.0,2012.584229,0.3532742935306814,0.20554199795313596,5
ETVZ:seis_pick_2/inf_pick_1 | NGZ:seis_pick_1/inf_pick_1 | NOVZ:seis_pick_2/inf_pick_1 | OTVZ:seis_pick_1/inf_pick_2 | SNVZ:seis_pick_1/inf_pick_2,S2I1S1I1S2I1S1I2S1I2,2500.0,2.5,1828136.0,5662640.0,1972.641724,0.3541529652279579,0.3784946813029892,5
ETVZ:seis_pick_2/inf_pick_1 | NGZ:seis_pick_2/inf_pick_2 | NOVZ:seis_pick_2/inf_pick_2 | OTVZ:seis_pick_1/inf_pick_1 | SNVZ:seis_pick_2/inf_pick_1,S2I1S2I2S2I2S1I1S2I1,3300.0,3.3,1828136.0,5661680.0,1731.645752,0.3541747655972182,-1.1177381341509196,5
ETVZ:seis_pick_2/inf_pick_1 | NGZ:seis_pick_2/inf_pick_2 | NOVZ:seis_pick_1/inf_pick_1 | OTVZ:seis_pick_1/inf_pick_1 | SNVZ:seis_pick_2/inf_pick_1,S2I1S2I2S1I1S1I1S2I1,3300.0,3.3,1828136.0,5661776.0,1782.875366,0.3543525401634278,-1.2212884712661929,5
ETVZ:seis_pick_2/inf_pick_1 | NGZ:seis_pick_1/inf_pick_2 | NOVZ:seis_pick_2/inf_pick_1 | OTVZ:seis_pick_1/inf_pick_2 | SNVZ:seis_pick_2/inf_pick_2,S2I1S1I2S2I1S1I2S2I2,3000.0,3.0,1827944.0,5662352.0,2080.786133,0.3543599653579893,-0.3911914530179249,5
ETVZ:seis_pick_2/inf_pick_2 | NGZ:seis_pick_2/inf_pick_2 | NOVZ:seis_pick_1/inf_pick_1 | OTVZ:seis_pick_1/inf_pick_2 | SNVZ:seis_pick_2/inf_pick_1,S2I2S2I2S1I1S1I2S2I1,3300.0,3.3,1827752.0,5661680.0,1892.618652,0.3545803190102334,-0.6778606240174267,5
ETVZ:seis_pick_2/inf_pick_1 | NGZ:seis_pick_2/inf_pick_2 | NOVZ:seis_pick_1/inf_pick_2 | OTVZ:seis_pick_2/inf_pick_2 | SNVZ:seis_pick_2/inf_pick_1,S2I1S2I2S1I2S2I2S2I1,3300.0,3.3,1828136.0,5661584.0,1680.270508,0.35477870617762974,-0.9004452105303112,5
ETVZ:seis_pick_2/inf_pick_1 | NGZ:seis_pick_1/inf_pick_1 | NOVZ:seis_pick_1/inf_pick_2 | OTVZ:seis_pick_1/inf_pick_1 | SNVZ:seis_pick_1/inf_pick_1,S2I1S1I1S1I2S1I1S1I1,3300.0,3.3,1828520.0,5661776.0,1637.771729,0.35486781474998297,-0.21349451683104909,5
ETVZ:seis_pick_2/inf_pick_1 | NGZ:seis_pick_2/inf_pick_2 | NOVZ:seis_pick_2/inf_pick_2 | OTVZ:seis_pick_1/inf_pick_2 | SNVZ:seis_pick_1/inf_pick_1,S2I1S2I2S2I2S1I2S1I1,3300.0,3.3,1827944.0,5661872.0,1879.445679,0.3555902846726148,-0.6819475825783676,5
ETVZ:seis_pick_2/inf_pick_2 | NGZ:seis_pick_2/inf_pick_2 | NOVZ:seis_pick_2/inf_pick_2 | OTVZ:seis_pick_1/inf_pick_2 | SNVZ:seis_pick_1/inf_pick_1,S2I2S2I2S2I2S1I2S1I1,3300.0,3.3,1827752.0,5661776.0,1918.936157,0.3561752242325657,-0.4157815088540989,5
ETVZ:seis_pick_2/inf_pick_1 | NGZ:seis_pick_1/inf_pick_2 | NOVZ:seis_pick_2/inf_pick_1 | OTVZ:seis_pick_1/inf_pick_2 | SNVZ:seis_pick_2/inf_pick_2,S2I1S1I2S2I1S1I2S2I2,3300.0,3.3,1827944.0,5662352.0,2080.786133,0.3562233094039598,-0.5153760092028948,5
ETVZ:seis_pick_2/inf_pick_1 | NGZ:seis_pick_2/inf_pick_1 | NOVZ:seis_pick_2/inf_pick_2 | OTVZ:seis_pick_2/inf_pick_2 | SNVZ:seis_pick_2/inf_pick_1,S2I1S2I1S2I2S2I2S2I1,3300.0,3.3,1828328.0,5661680.0,1673.186646,0.35646632406591694,-0.6687694934102023,5
ETVZ:seis_pick_2/inf_pick_2 | NGZ:seis_pick_2/inf_pick_2 | NOVZ:seis_pick_1/inf_pick_2 | OTVZ:seis_pick_1/inf_pick_2 | SNVZ:seis_pick_2/inf_pick_1,S2I2S2I2S1I2S1I2S2I1,2500.0,2.5,1827848.0,5661392.0,1695.539429,0.3578952783670611,0.002134792351395376,5
ETVZ:seis_pick_1/inf_pick_1 | NGZ:seis_pick_1/inf_pick_2 | NOVZ:seis_pick_1/inf_pick_2 | OTVZ:seis_pick_2/inf_pick_2 | SNVZ:seis_pick_2/inf_pick_1,S1I1S1I2S1I2S2I2S2I1,3000.0,3.0,1828232.0,5661488.0,1616.910156,0.35877648962061015,-0.4562037275793676,5
ETVZ:seis_pick_1/inf_pick_1 | NGZ:seis_pick_1/inf_pick_1 | NOVZ:seis_pick_1/inf_pick_2 | OTVZ:seis_pick_1/inf_pick_2 | SNVZ:seis_pick_1/inf_pick_1,S1I1S1I1S1I2S1I2S1I1,3000.0,3.0,1828232.0,5661776.0,1756.203979,0.35911062940874366,0.31416344128515983,5
ETVZ:seis_pick_1/inf_pick_1 | NGZ:seis_pick_1/inf_pick_1 | NOVZ:seis_pick_1/inf_pick_2 | OTVZ:seis_pick_1/inf_pick_2 | SNVZ:seis_pick_1/inf_pick_1,S1I1S1I1S1I2S1I2S1I1,3300.0,3.3,1828232.0,5661776.0,1756.203979,0.3598473676961049,0.19306549287106414,5
ETVZ:seis_pick_2/inf_pick_1 | NGZ:seis_pick_2/inf_pick_1 | NOVZ:seis_pick_2/inf_pick_2 | OTVZ:seis_pick_1/inf_pick_1 | SNVZ:seis_pick_1/inf_pick_1,S2I1S2I1S2I2S1I1S1I1,3300.0,3.3,1828328.0,5661872.0,1752.691528,0.3601394545696135,-0.5822589064094184,5
ETVZ:seis_pick_2/inf_pick_1 | NGZ:seis_pick_2/inf_pick_1 | NOVZ:seis_pick_1/inf_pick_1 | OTVZ:seis_pick_2/inf_pick_2 | SNVZ:seis_pick_1/inf_pick_1,S2I1S2I1S1I1S2I2S1I1,3000.0,3.0,1828232.0,5661968.0,1833.125488,0.362609663478264,-0.5240444424943961,5
ETVZ:seis_pick_1/inf_pick_1 | NGZ:seis_pick_1/inf_pick_1 | NOVZ:seis_pick_1/inf_pick_1 | OTVZ:seis_pick_1/inf_pick_2 | SNVZ:seis_pick_2/inf_pick_2,S1I1S1I1S1I1S1I2S2I2,2500.0,2.5,1828136.0,5662256.0,1932.221924,0.3634097942373958,0.5957502715581894,5
ETVZ:seis_pick_2/inf_pick_2 | NGZ:seis_pick_2/inf_pick_1 | NOVZ:seis_pick_1/inf_pick_2 | OTVZ:seis_pick_1/inf_pick_2 | SNVZ:seis_pick_1/inf_pick_1,S2I2S2I1S1I2S1I2S1I1,3000.0,3.0,1828040.0,5661680.0,1747.83252,0.36582342801645806,0.3052154334861502,5
ETVZ:seis_pick_2/inf_pick_1 | NGZ:seis_pick_1/inf_pick_1 | NOVZ:seis_pick_2/inf_pick_2 | OTVZ:seis_pick_1/inf_pick_2 | SNVZ:seis_pick_1/inf_pick_2,S2I1S1I1S2I2S1I2S1I2,2500.0,2.5,1828232.0,5662448.0,1918.638916,0.36604400524185815,0.7137835075022985,5
ETVZ:seis_pick_1/inf_pick_1 | NGZ:seis_pick_1/inf_pick_1 | NOVZ:seis_pick_2/inf_pick_1 | OTVZ:seis_pick_1/inf_pick_2 | SNVZ:seis_pick_2/inf_pick_2,S1I1S1I1S2I1S1I2S2I2,3300.0,3.3,1828136.0,5662448.0,1978.485596,0.3661175635436236,-0.007818855202871334,5
ETVZ:seis_pick_2/inf_pick_2 | NGZ:seis_pick_2/inf_pick_2 | NOVZ:seis_pick_1/inf_pick_1 | OTVZ:seis_pick_1/inf_pick_2 | SNVZ:seis_pick_1/inf_pick_1,S2I2S2I2S1I1S1I2S1I1,3300.0,3.3,1827752.0,5661776.0,1918.936157,0.3669386488171582,-0.5067532524791833,5
ETVZ:seis_pick_2/inf_pick_1 | NGZ:seis_pick_1/inf_pick_2 | NOVZ:seis_pick_1/inf_pick_1 | OTVZ:seis_pick_1/inf_pick_2 | SNVZ:seis_pick_2/inf_pick_1,S2I1S1I2S1I1S1I2S2I1,3300.0,3.3,1828040.0,5661776.0,1817.950928,0.36793920609371905,-0.7233691797434577,5
ETVZ:seis_pick_2/inf_pick_1 | NGZ:seis_pick_1/inf_pick_2 | NOVZ:seis_pick_1/inf_pick_2 | OTVZ:seis_pick_2/inf_pick_2 | SNVZ:seis_pick_1/inf_pick_1,S2I1S1I2S1I2S2I2S1I1,3000.0,3.0,1828232.0,5661776.0,1756.203979,0.3696436638723803,-0.4082570858086104,5
ETVZ:seis_pick_2/inf_pick_1 | NGZ:seis_pick_1/inf_pick_2 | NOVZ:seis_pick_2/inf_pick_1 | OTVZ:seis_pick_1/inf_pick_2 | SNVZ:seis_pick_2/inf_pick_2,S2I1S1I2S2I1S1I2S2I2,2500.0,2.5,1827944.0,5662352.0,2080.786133,0.3699927887648213,-0.11798542941098802,5
ETVZ:seis_pick_2/inf_pick_1 | NGZ:seis_pick_2/inf_pick_2 | NOVZ:seis_pick_2/inf_pick_1 | OTVZ:seis_pick_1/inf_pick_1 | SNVZ:seis_pick_2/inf_pick_1,S2I1S2I2S2I1S1I1S2I1,3300.0,3.3,1828040.0,5661872.0,1862.954834,0.3702991834652636,-1.4079012467281922,5
ETVZ:seis_pick_1/inf_pick_1 | NGZ:seis_pick_1/inf_pick_2 | NOVZ:seis_pick_1/inf_pick_1 | OTVZ:seis_pick_1/inf_pick_2 | SNVZ:seis_pick_2/inf_pick_1,S1I1S1I2S1I1S1I2S2I1,2500.0,2.5,1827944.0,5661680.0,1773.920288,0.3718642270853978,-0.22492163976048954,5
ETVZ:seis_pick_1/inf_pick_1 | NGZ:seis_pick_2/inf_pick_1 | NOVZ:seis_pick_1/inf_pick_2 | OTVZ:seis_pick_2/inf_pick_2 | SNVZ:seis_pick_2/inf_pick_1,S1I1S2I1S1I2S2I2S2I1,3300.0,3.3,1828328.0,5661584.0,1637.31189,0.3719838369345794,-0.40958644703857255,5
ETVZ:seis_pick_2/inf_pick_1 | NGZ:seis_pick_2/inf_pick_2 | NOVZ:seis_pick_1/inf_pick_2 | OTVZ:seis_pick_2/inf_pick_2 | SNVZ:seis_pick_2/inf_pick_1,S2I1S2I2S1I2S2I2S2I1,3000.0,3.0,1828136.0,5661584.0,1680.270508,0.37202246976889075,-0.7792661471666669,5
ETVZ:seis_pick_1/inf_pick_1 | NGZ:seis_pick_2/inf_pick_1 | NOVZ:seis_pick_1/inf_pick_1 | OTVZ:seis_pick_1/inf_pick_2 | SNVZ:seis_pick_2/inf_pick_2,S1I1S2I1S1I1S1I2S2I2,2500.0,2.5,1828040.0,5662256.0,2015.394897,0.37305777490881314,0.36238259357413655,5
ETVZ:seis_pick_2/inf_pick_1 | NGZ:seis_pick_1/inf_pick_2 | NOVZ:seis_pick_1/inf_pick_2 | OTVZ:seis_pick_1/inf_pick_1 | SNVZ:seis_pick_2/inf_pick_1,S2I1S1I2S1I2S1I1S2I1,2500.0,2.5,1828328.0,5661488.0,1598.106201,0.37318200467340745,-0.36969261233798784,5
ETVZ:seis_pick_2/inf_pick_1 | NGZ:seis_pick_2/inf_pick_1 | NOVZ:seis_pick_2/inf_pick_2 | OTVZ:seis_pick_2/inf_pick_2 | SNVZ:seis_pick_2/inf_pick_1,S2I1S2I1S2I2S2I2S2I1,3000.0,3.0,1828328.0,5661680.0,1673.186646,0.37360190919653113,-0.548043921651878,5
ETVZ:seis_pick_2/inf_pick_1 | NGZ:seis_pick_1/inf_pick_1 | NOVZ:seis_pick_1/inf_pick_2 | OTVZ:seis_pick_1/inf_pick_2 | SNVZ:seis_pick_1/inf_pick_1,S2I1S1I1S1I2S1I2S1I1,3000.0,3.0,1828328.0,5661872.0,1752.691528,0.3740027770543436,0.2046788745298759,5
ETVZ:seis_pick_2/inf_pick_1 | NGZ:seis_pick_2/inf_pick_1 | NOVZ:seis_pick_1/inf_pick_2 | OTVZ:seis_pick_1/inf_pick_2 | SNVZ:seis_pick_2/inf_pick_1,S2I1S2I1S1I2S1I2S2I1,3000.0,3.0,1828232.0,5661584.0,1658.624878,0.3763570503823672,-0.15632214149325013,5
ETVZ:seis_pick_1/inf_pick_1 | NGZ:seis_pick_1/inf_pick_1 | NOVZ:seis_pick_1/inf_pick_1 | OTVZ:seis_pick_1/inf_pick_2 | SNVZ:seis_pick_1/inf_pick_2,S1I1S1I1S1I1S1I2S1I2,3300.0,3.3,1828136.0,5662448.0,1978.485596,0.3767487782597739,0.31058224748492974,5
ETVZ:seis_pick_1/inf_pick_1 | NGZ:seis_pick_2/inf_pick_2 | NOVZ:seis_pick_1/inf_pick_2 | OTVZ:seis_pick_1/inf_pick_2 | SNVZ:seis_pick_1/inf_pick_1,S1I1S2I2S1I2S1I2S1I1,3000.0,3.0,1827944.0,5661680.0,1773.920288,0.37689289117936703,-0.2656622060234136,5
ETVZ:seis_pick_1/inf_pick_1 | NGZ:seis_pick_2/inf_pick_1 | NOVZ:seis_pick_1/inf_pick_1 | OTVZ:seis_pick_1/inf_pick_2 | SNVZ:seis_pick_1/inf_pick_1,S1I1S2I1S1I1S1I2S1I1,2500.0,2.5,1828040.0,5661872.0,1862.954834,0.37710410754051354,0.0978384322086013,5
ETVZ:seis_pick_1/inf_pick_1 | NGZ:seis_pick_2/inf_pick_2 | NOVZ:seis_pick_1/inf_pick_2 | OTVZ:seis_pick_1/inf_pick_2 | SNVZ:seis_pick_1/inf_pick_1,S1I1S2I2S1I2S1I2S1I1,2500.0,2.5,1827944.0,5661584.0,1737.253296,0.38015814072162163,0.008000990932018226,5
ETVZ:seis_pick_2/inf_pick_1 | NGZ:seis_pick_2/inf_pick_2 | NOVZ:seis_pick_1/inf_pick_2 | OTVZ:seis_pick_1/inf_pick_2 | SNVZ:seis_pick_2/inf_pick_1,S2I1S2I2S1I2S1I2S2I1,3300.0,3.3,1827944.0,5661584.0,1737.253296,0.38040936250205565,-0.6854455964641435,5
ETVZ:seis_pick_1/inf_pick_1 | NGZ:seis_pick_1/inf_pick_2 | NOVZ:seis_pick_2/inf_pick_2 | OTVZ:seis_pick_2/inf_pick_2 | SNVZ:seis_pick_2/inf_pick_1,S1I1S1I2S2I2S2I2S2I1,3300.0,3.3,1828136.0,5661680.0,1731.645752,0.38068774680927303,-0.7394895673678505,5
ETVZ:seis_pick_2/inf_pick_1 | NGZ:seis_pick_2/inf_pick_1 | NOVZ:seis_pick_2/inf_pick_2 | OTVZ:seis_pick_2/inf_pick_2 | SNVZ:seis_pick_1/inf_pick_1,S2I1S2I1S2I2S2I2S1I1,2500.0,2.5,1828328.0,5661872.0,1752.691528,0.3820027008556552,-0.12052662005257382,5
ETVZ:seis_pick_1/inf_pick_1 | NGZ:seis_pick_1/inf_pick_1 | NOVZ:seis_pick_1/inf_pick_2 | OTVZ:seis_pick_1/inf_pick_2 | SNVZ:seis_pick_1/inf_pick_1,S1I1S1I1S1I2S1I2S1I1,2500.0,2.5,1828232.0,5661776.0,1756.203979,0.38233675193903677,0.5805789277961685,5
ETVZ:seis_pick_1/inf_pick_1 | NGZ:seis_pick_2/inf_pick_1 | NOVZ:seis_pick_1/inf_pick_2 | OTVZ:seis_pick_2/inf_pick_2 | SNVZ:seis_pick_1/inf_pick_1,S1I1S2I1S1I2S2I2S1I1,3300.0,3.3,1828328.0,5661776.0,1708.478394,0.3824518213772567,-0.23537841859215475,5
ETVZ:seis_pick_2/inf_pick_1 | NGZ:seis_pick_1/inf_pick_2 | NOVZ:seis_pick_2/inf_pick_2 | OTVZ:seis_pick_2/inf_pick_2 | SNVZ:seis_pick_1/inf_pick_1,S2I1S1I2S2I2S2I2S1I1,2500.0,2.5,1828232.0,5661776.0,1756.203979,0.3846828300337446,-0.27829921473523117,5
ETVZ:seis_pick_2/inf_pick_1 | NGZ:seis_pick_2/inf_pick_2 | NOVZ:seis_pick_1/inf_pick_1 | OTVZ:seis_pick_1/inf_pick_1 | SNVZ:seis_pick_2/inf_pick_1,S2I1S2I2S1I1S1I1S2I1,3000.0,3.0,1828136.0,5661680.0,1731.645752,0.3850509924521762,-1.0874612967709036,5
ETVZ:seis_pick_1/inf_pick_1 | NGZ:seis_pick_2/inf_pick_2 | NOVZ:seis_pick_1/inf_pick_2 | OTVZ:seis_pick_1/inf_pick_2 | SNVZ:seis_pick_1/inf_pick_1,S1I1S2I2S1I2S1I2S1I1,3300.0,3.3,1827944.0,5661680.0,1773.920288,0.3855971376789331,-0.38755762662597615,5
ETVZ:seis_pick_2/inf_pick_1 | NGZ:seis_pick_1/inf_pick_1 | NOVZ:seis_pick_1/inf_pick_2 | OTVZ:seis_pick_1/inf_pick_2 | SNVZ:seis_pick_1/inf_pick_1,S2I1S1I1S1I2S1I2S1I1,3300.0,3.3,1828328.0,5661872.0,1752.691528,0.3857561712503117,0.0837194022659622,5
ETVZ:seis_pick_1/inf_pick_1 | NGZ:seis_pick_1/inf_pick_1 | NOVZ:seis_pick_2/inf_pick_2 | OTVZ:seis_pick_1/inf_pick_2 | SNVZ:seis_pick_1/inf_pick_2,S1I1S1I1S2I2S1I2S1I2,3300.0,3.3,1828232.0,5662448.0,1918.638916,0.3860014477778444,0.4415699107733504,5
ETVZ:seis_pick_2/inf_pick_1 | NGZ:seis_pick_2/inf_pick_2 | NOVZ:seis_pick_2/inf_pick_2 | OTVZ:seis_pick_1/inf_pick_1 | SNVZ:seis_pick_2/inf_pick_1,S2I1S2I2S2I2S1I1S2I1,3000.0,3.0,1828136.0,5661680.0,1731.645752,0.38711402210752593,-0.9964895531458191,5
ETVZ:seis_pick_2/inf_pick_2 | NGZ:seis_pick_1/inf_pick_2 | NOVZ:seis_pick_2/inf_pick_2 | OTVZ:seis_pick_1/inf_pick_2 | SNVZ:seis_pick_1/inf_pick_1,S2I2S1I2S2I2S1I2S1I1,3000.0,3.0,1827848.0,5661776.0,1864.244263,0.38724686528582997,-0.06218115724349449,5
ETVZ:seis_pick_1/inf_pick_1 | NGZ:seis_pick_2/inf_pick_2 | NOVZ:seis_pick_2/inf_pick_2 | OTVZ:seis_pick_2/inf_pick_2 | SNVZ:seis_pick_2/inf_pick_1,S1I1S2I2S2I2S2I2S2I1,3300.0,3.3,1828040.0,5661584.0,1704.531738,0.387325892182938,-0.9416043513441634,5
ETVZ:seis_pick_2/inf_pick_1 | NGZ:seis_pick_1/inf_pick_1 | NOVZ:seis_pick_1/inf_pick_2 | OTVZ:seis_pick_1/inf_pick_1 | SNVZ:seis_pick_1/inf_pick_1,S2I1S1I1S1I2S1I1S1I1,3000.0,3.0,1828520.0,5661776.0,1637.771729,0.38743507405541866,-0.09310218340130412,5
ETVZ:seis_pick_2/inf_pick_2 | NGZ:seis_pick_2/inf_pick_2 | NOVZ:seis_pick_2/inf_pick_2 | OTVZ:seis_pick_1/inf_pick_2 | SNVZ:seis_pick_1/inf_pick_1,S2I2S2I2S2I2S1I2S1I1,3000.0,3.0,1827752.0,5661680.0,1892.618652,0.3884541399448814,-0.28200439143340644,5
ETVZ:seis_pick_2/inf_pick_1 | NGZ:seis_pick_1/inf_pick_2 | NOVZ:seis_pick_1/inf_pick_1 | OTVZ:seis_pick_2/inf_pick_2 | SNVZ:seis_pick_2/inf_pick_1,S2I1S1I2S1I1S2I2S2I1,2500.0,2.5,1828136.0,5661680.0,1731.645752,0.389206250308054,-0.5641089561971906,5
ETVZ:seis_pick_2/inf_pick_1 | NGZ:seis_pick_2/inf_pick_2 | NOVZ:seis_pick_2/inf_pick_1 | OTVZ:seis_pick_2/inf_pick_2 | SNVZ:seis_pick_2/inf_pick_1,S2I1S2I2S2I1S2I2S2I1,2500.0,2.5,1827944.0,5661776.0,1826.723999,0.38931783973084255,-0.9523876010626251,5
ETVZ:seis_pick_1/inf_pick_1 | NGZ:seis_pick_2/inf_pick_1 | NOVZ:seis_pick_2/inf_pick_2 | OTVZ:seis_pick_1/inf_pick_2 | SNVZ:seis_pick_2/inf_pick_2,S1I1S2I1S2I2S1I2S2I2,2500.0,2.5,1828040.0,5662160.0,2012.584229,0.39018706941629333,0.47619874005204804,5
ETVZ:seis_pick_2/inf_pick_1 | NGZ:seis_pick_1/inf_pick_2 | NOVZ:seis_pick_1/inf_pick_1 | OTVZ:seis_pick_1/inf_pick_1 | SNVZ:seis_pick_2/inf_pick_1,S2I1S1I2S1I1S1I1S2I1,3000.0,3.0,1828232.0,5661776.0,1756.203979,0.39133153770489537,-0.8922919072338157,5
ETVZ:seis_pick_2/inf_pick_1 | NGZ:seis_pick_1/inf_pick_2 | NOVZ:seis_pick_2/inf_pick_1 | OTVZ:seis_pick_2/inf_pick_2 | SNVZ:seis_pick_1/inf_pick_1,S2I1S1I2S2I1S2I2S1I1,3000.0,3.0,1828136.0,5662064.0,1926.312866,0.39188944718736357,-0.8689179946437694,5
ETVZ:seis_pick_2/inf_pick_1 | NGZ:seis_pick_2/inf_pick_1 | NOVZ:seis_pick_1/inf_pick_2 | OTVZ:seis_pick_1/inf_pick_1 | SNVZ:seis_pick_2/inf_pick_1,S2I1S2I1S1I2S1I1S2I1,2500.0,2.5,1828424.0,5661488.0,1577.636108,0.3933778870857413,-0.21024627042493496,5
ETVZ:seis_pick_2/inf_pick_1 | NGZ:seis_pick_2/inf_pick_2 | NOVZ:seis_pick_2/inf_pick_1 | OTVZ:seis_pick_2/inf_pick_2 | SNVZ:seis_pick_1/inf_pick_1,S2I1S2I2S2I1S2I2S1I1,3300.0,3.3,1827944.0,5661968.0,1945.640259,0.393386941311998,-1.2143046775689463,5
ETVZ:seis_pick_2/inf_pick_1 | NGZ:seis_pick_1/inf_pick_2 | NOVZ:seis_pick_2/inf_pick_2 | OTVZ:seis_pick_1/inf_pick_1 | SNVZ:seis_pick_1/inf_pick_1,S2I1S1I2S2I2S1I1S1I1,3300.0,3.3,1828232.0,5661872.0,1779.748779,0.3936692664515183,-0.751490196999091,5
ETVZ:seis_pick_1/inf_pick_1 | NGZ:seis_pick_1/inf_pick_2 | NOVZ:seis_pick_2/inf_pick_1 | OTVZ:seis_pick_1/inf_pick_2 | SNVZ:seis_pick_2/inf_pick_2,S1I1S1I2S2I1S1I2S2I2,3300.0,3.3,1827848.0,5662352.0,2147.00293,0.39414417635957893,-0.4524690262007024,5
ETVZ:seis_pick_2/inf_pick_1 | NGZ:seis_pick_1/inf_pick_1 | NOVZ:seis_pick_1/inf_pick_2 | OTVZ:seis_pick_2/inf_pick_2 | SNVZ:seis_pick_1/inf_pick_1,S2I1S1I1S1I2S2I2S1I1,2500.0,2.5,1828520.0,5661776.0,1637.771729,0.39530435319695706,0.246422925256455,5
ETVZ:seis_pick_2/inf_pick_1 | NGZ:seis_pick_2/inf_pick_1 | NOVZ:seis_pick_2/inf_pick_1 | OTVZ:seis_pick_1/inf_pick_2 | SNVZ:seis_pick_1/inf_pick_1,S2I1S2I1S2I1S1I2S1I1,3300.0,3.3,1828040.0,5662160.0,2012.584229,0.3958972141540835,-0.645605189164489,5
ETVZ:seis_pick_2/inf_pick_1 | NGZ:seis_pick_2/inf_pick_1 | NOVZ:seis_pick_2/inf_pick_2 | OTVZ:seis_pick_1/inf_pick_1 | SNVZ:seis_pick_1/inf_pick_1,S2I1S2I1S2I2S1I1S1I1,3000.0,3.0,1828328.0,5661872.0,1752.691528,0.397078365874591,-0.4612994341455046,5
ETVZ:seis_pick_2/inf_pick_2 | NGZ:seis_pick_2/inf_pick_2 | NOVZ:seis_pick_1/inf_pick_1 | OTVZ:seis_pick_1/inf_pick_2 | SNVZ:seis_pick_2/inf_pick_1,S2I2S2I2S1I1S1I2S2I1,3000.0,3.0,1827752.0,5661680.0,1892.618652,0.3977112914198143,-0.5549196223086625,5
ETVZ:seis_pick_2/inf_pick_1 | NGZ:seis_pick_2/inf_pick_1 | NOVZ:seis_pick_2/inf_pick_2 | OTVZ:seis_pick_1/inf_pick_1 | SNVZ:seis_pick_2/inf_pick_1,S2I1S2I1S2I2S1I1S2I1,3300.0,3.3,1828328.0,5661680.0,1673.186646,0.39919903549016644,-0.7434314685225221,5
ETVZ:seis_pick_1/inf_pick_1 | NGZ:seis_pick_1/inf_pick_1 | NOVZ:seis_pick_2/inf_pick_1 | OTVZ:seis_pick_1/inf_pick_2 | SNVZ:seis_pick_2/inf_pick_2,S1I1S1I1S2I1S1I2S2I2,3000.0,3.0,1828136.0,5662448.0,1978.485596,0.40051464502836154,0.11571198147774879,5
ETVZ:seis_pick_1/inf_pick_1 | NGZ:seis_pick_1/inf_pick_1 | NOVZ:seis_pick_1/inf_pick_1 | OTVZ:seis_pick_1/inf_pick_2 | SNVZ:seis_pick_1/inf_pick_2,S1I1S1I1S1I1S1I2S1I2,3000.0,3.0,1828136.0,5662448.0,1978.485596,0.40112054095071603,0.4341130841655499,5
ETVZ:seis_pick_2/inf_pick_1 | NGZ:seis_pick_1/inf_pick_2 | NOVZ:seis_pick_1/inf_pick_1 | OTVZ:seis_pick_2/inf_pick_2 | SNVZ:seis_pick_1/inf_pick_1,S2I1S1I2S1I1S2I2S1I1,2500.0,2.5,1828136.0,5661872.0,1836.069458,0.4018130425702865,-0.4130527379960965,5
ETVZ:seis_pick_1/inf_pick_1 | NGZ:seis_pick_2/inf_pick_1 | NOVZ:seis_pick_2/inf_pick_1 | OTVZ:seis_pick_1/inf_pick_2 | SNVZ:seis_pick_2/inf_pick_2,S1I1S2I1S2I1S1I2S2I2,2500.0,2.5,1827944.0,5662352.0,2080.786133,0.4020186988933756,0.14957637955735095,5
ETVZ:seis_pick_2/inf_pick_2 | NGZ:seis_pick_2/inf_pick_2 | NOVZ:seis_pick_1/inf_pick_1 | OTVZ:seis_pick_1/inf_pick_2 | SNVZ:seis_pick_1/inf_pick_1,S2I2S2I2S1I1S1I2S1I1,3000.0,3.0,1827752.0,5661776.0,1918.936157,0.4020529853240841,-0.38369022573172096,5
ETVZ:seis_pick_2/inf_pick_1 | NGZ:seis_pick_2/inf_pick_1 | NOVZ:seis_pick_2/inf_pick_1 | OTVZ:seis_pick_1/inf_pick_2 | SNVZ:seis_pick_1/inf_pick_1,S2I1S2I1S2I1S1I2S1I1,3000.0,3.0,1828040.0,5662160.0,2012.584229,0.4021151816533685,-0.5225793973013472,5
ETVZ:seis_pick_1/inf_pick_1 | NGZ:seis_pick_2/inf_pick_2 | NOVZ:seis_pick_1/inf_pick_1 | OTVZ:seis_pick_2/inf_pick_2 | SNVZ:seis_pick_2/inf_pick_1,S1I1S2I2S1I1S2I2S2I1,3300.0,3.3,1827944.0,5661680.0,1773.920288,0.4023421556473864,-1.0698457038141205,5
ETVZ:seis_pick_2/inf_pick_2 | NGZ:seis_pick_1/inf_pick_2 | NOVZ:seis_pick_1/inf_pick_2 | OTVZ:seis_pick_1/inf_pick_2 | SNVZ:seis_pick_1/inf_pick_1,S2I2S1I2S1I2S1I2S1I1,2500.0,2.5,1827944.0,5661584.0,1737.253296,0.40344687416019126,0.4018644337202645,5
ETVZ:seis_pick_2/inf_pick_2 | NGZ:seis_pick_2/inf_pick_2 | NOVZ:seis_pick_1/inf_pick_2 | OTVZ:seis_pick_1/inf_pick_2 | SNVZ:seis_pick_1/inf_pick_1,S2I2S2I2S1I2S1I2S1I1,3300.0,3.3,1827848.0,5661584.0,1803.133545,0.40344740616860997,-0.2132260517827323,5
ETVZ:seis_pick_1/inf_pick_1 | NGZ:seis_pick_1/inf_pick_1 | NOVZ:seis_pick_2/inf_pick_2 | OTVZ:seis_pick_1/inf_pick_2 | SNVZ:seis_pick_1/inf_pick_2,S1I1S1I1S2I2S1I2S1I2,3000.0,3.0,1828232.0,5662352.0,1933.467285,0.40382563846085395,0.5909002895079706,5
ETVZ:seis_pick_2/inf_pick_1 | NGZ:seis_pick_2/inf_pick_2 | NOVZ:seis_pick_1/inf_pick_2 | OTVZ:seis_pick_2/inf_pick_2 | SNVZ:seis_pick_2/inf_pick_1,S2I1S2I2S1I2S2I2S2I1,2500.0,2.5,1828136.0,5661488.0,1647.28064,0.40413650213627333,-0.5150754803592965,5
ETVZ:seis_pick_2/inf_pick_2 | NGZ:seis_pick_2/inf_pick_2 | NOVZ:seis_pick_2/inf_pick_2 | OTVZ:seis_pick_1/inf_pick_2 | SNVZ:seis_pick_2/inf_pick_1,S2I2S2I2S2I2S1I2S2I1,2500.0,2.5,1827752.0,5661488.0,1783.807861,0.4061895274076969,-0.17200638021098308,5
ETVZ:seis_pick_2/inf_pick_1 | NGZ:seis_pick_2/inf_pick_1 | NOVZ:seis_pick_1/inf_pick_2 | OTVZ:seis_pick_1/inf_pick_2 | SNVZ:seis_pick_2/inf_pick_1,S2I1S2I1S1I2S1I2S2I1,3300.0,3.3,1828232.0,5661584.0,1658.624878,0.4071659026186069,-0.27724874496730506,5
ETVZ:seis_pick_2/inf_pick_1 | NGZ:seis_pick_1/inf_pick_2 | NOVZ:seis_pick_1/inf_pick_1 | OTVZ:seis_pick_1/inf_pick_1 | SNVZ:seis_pick_1/inf_pick_1,S2I1S1I2S1I1S1I1S1I1,3300.0,3.3,1828232.0,5661968.0,1833.125488,0.40723999675513195,-0.8661134551598932,5
ETVZ:seis_pick_1/inf_pick_1 | NGZ:seis_pick_2/inf_pick_1 | NOVZ:seis_pick_1/inf_pick_2 | OTVZ:seis_pick_2/inf_pick_2 | SNVZ:seis_pick_2/inf_pick_1,S1I1S2I1S1I2S2I2S2I1,3000.0,3.0,1828328.0,5661584.0,1637.31189,0.4104124766813615,-0.2888730633131372,5
ETVZ:seis_pick_2/inf_pick_2 | NGZ:seis_pick_1/inf_pick_2 | NOVZ:seis_pick_1/inf_pick_2 | OTVZ:seis_pick_1/inf_pick_2 | SNVZ:seis_pick_2/inf_pick_1,S2I2S1I2S1I2S1I2S2I1,2500.0,2.5,1827944.0,5661392.0,1666.013062,0.41063380752225126,0.21546600960387324,5
ETVZ:seis_pick_1/inf_pick_1 | NGZ:seis_pick_1/inf_pick_1 | NOVZ:seis_pick_2/inf_pick_1 | OTVZ:seis_pick_1/inf_pick_2 | SNVZ:seis_pick_1/inf_pick_2,S1I1S1I1S2I1S1I2S1I2,3300.0,3.3,1828136.0,5662640.0,1972.641724,0.41140516660808485,0.10224906778301453,5
ETVZ:seis_pick_2/inf_pick_1 | NGZ:seis_pick_2/inf_pick_2 | NOVZ:seis_pick_2/inf_pick_1 | OTVZ:seis_pick_1/inf_pick_1 | SNVZ:seis_pick_2/inf_pick_1,S2I1S2I2S2I1S1I1S2I1,3000.0,3.0,1828040.0,5661872.0,1862.954834,0.41239967911791914,-1.2859462235897854,5
ETVZ:seis_pick_2/inf_pick_1 | NGZ:seis_pick_1/inf_pick_2 | NOVZ:seis_pick_2/inf_pick_1 | OTVZ:seis_pick_2/inf_pick_2 | SNVZ:seis_pick_2/inf_pick_1,S2I1S1I2S2I1S2I2S2I1,3300.0,3.3,1828136.0,5661872.0,1836.069458,0.41298377394238694,-1.1206039318554946,5
ETVZ:seis_pick_1/inf_pick_1 | NGZ:seis_pick_1/inf_pick_2 | NOVZ:seis_pick_2/inf_pick_1 | OTVZ:seis_pick_1/inf_pick_2 | SNVZ:seis_pick_2/inf_pick_2,S1I1S1I2S2I1S1I2S2I2,3000.0,3.0,1827848.0,5662352.0,2147.00293,0.41311600400239135,-0.3276230450476351,5
ETVZ:seis_pick_2/inf_pick_1 | NGZ:seis_pick_1/inf_pick_2 | NOVZ:seis_pick_1/inf_pick_2 | OTVZ:seis_pick_2/inf_pick_2 | SNVZ:seis_pick_1/inf_pick_1,S2I1S1I2S1I2S2I2S1I1,2500.0,2.5,1828232.0,5661680.0,1707.919678,0.41401759999150073,-0.13151476541234325,5
ETVZ:seis_pick_2/inf_pick_1 | NGZ:seis_pick_2/inf_pick_1 | NOVZ:seis_pick_2/inf_pick_1 | OTVZ:seis_pick_1/inf_pick_2 | SNVZ:seis_pick_1/inf_pick_1,S2I1S2I1S2I1S1I2S1I1,2500.0,2.5,1828040.0,5662064.0,1956.737061,0.4142963782546916,-0.21365773343589484,5
ETVZ:seis_pick_1/inf_pick_1 | NGZ:seis_pick_2/inf_pick_1 | NOVZ:seis_pick_1/inf_pick_2 | OTVZ:seis_pick_1/inf_pick_2 | SNVZ:seis_pick_2/inf_pick_2,S1I1S2I1S1I2S1I2S2I2,3300.0,3.3,1828136.0,5662064.0,1926.312866,0.4152707795150377,0.292294824305724,5
ETVZ:seis_pick_2/inf_pick_2 | NGZ:seis_pick_1/inf_pick_2 | NOVZ:seis_pick_1/inf_pick_1 | OTVZ:seis_pick_1/inf_pick_2 | SNVZ:seis_pick_1/inf_pick_1,S2I2S1I2S1I1S1I2S1I1,3300.0,3.3,1827848.0,5661872.0,1910.128296,0.41531902001284665,-0.2961530793032686,5
ETVZ:seis_pick_2/inf_pick_1 | NGZ:seis_pick_2/inf_pick_2 | NOVZ:seis_pick_2/inf_pick_1 | OTVZ:seis_pick_2/inf_pick_2 | SNVZ:seis_pick_1/inf_pick_1,S2I1S2I2S2I1S2I2S1I1,3000.0,3.0,1827944.0,5661968.0,1945.640259,0.41566798821429485,-1.091640113960888,5
ETVZ:seis_pick_1/inf_pick_1 | NGZ:seis_pick_2/inf_pick_2 | NOVZ:seis_pick_2/inf_pick_2 | OTVZ:seis_pick_2/inf_pick_2 | SNVZ:seis_pick_2/inf_pick_1,S1I1S2I2S2I2S2I2S2I1,3000.0,3.0,1828040.0,5661584.0,1704.531738,0.41662098853032636,-0.8201286222235359,5
ETVZ:seis_pick_1/inf_pick_1 | NGZ:seis_pick_2/inf_pick_1 | NOVZ:seis_pick_1/inf_pick_2 | OTVZ:seis_pick_2/inf_pick_2 | SNVZ:seis_pick_1/inf_pick_1,S1I1S2I1S1I2S2I2S1I1,3000.0,3.0,1828328.0,5661680.0,1673.186646,0.41715000204474556,-0.10799971454349996,5
ETVZ:seis_pick_1/inf_pick_1 | NGZ:seis_pick_2/inf_pick_1 | NOVZ:seis_pick_1/inf_pick_2 | OTVZ:seis_pick_1/inf_pick_2 | SNVZ:seis_pick_2/inf_pick_2,S1I1S2I1S1I2S1I2S2I2,3000.0,3.0,1828136.0,5662064.0,1926.312866,0.41784320595983765,0.4144949514713641,5
ETVZ:seis_pick_1/inf_pick_2 | NGZ:seis_pick_2/inf_pick_2 | NOVZ:seis_pick_1/inf_pick_2 | OTVZ:seis_pick_1/inf_pick_2 | SNVZ:seis_pick_2/inf_pick_1,S1I2S2I2S1I2S1I2S2I1,3300.0,3.3,1827752.0,5661392.0,1729.678467,0.4180517920649918,-0.3048869162946014,5
ETVZ:seis_pick_2/inf_pick_1 | NGZ:seis_pick_2/inf_pick_2 | NOVZ:seis_pick_1/inf_pick_1 | OTVZ:seis_pick_2/inf_pick_2 | SNVZ:seis_pick_1/inf_pick_1,S2I1S2I2S1I1S2I2S1I1,3300.0,3.3,1828040.0,5661872.0,1862.954834,0.41896498991433956,-1.0148381689280712,5
ETVZ:seis_pick_2/inf_pick_1 | NGZ:seis_pick_1/inf_pick_1 | NOVZ:seis_pick_1/inf_pick_2 | OTVZ:seis_pick_1/inf_pick_2 | SNVZ:seis_pick_1/inf_pick_2,S2I1S1I1S1I2S1I2S1I2,3000.0,3.0,1828328.0,5662352.0,1871.990356,0.42006987093874515,0.6416251776421642,5
ETVZ:seis_pick_2/inf_pick_1 | NGZ:seis_pick_1/inf_pick_1 | NOVZ:seis_pick_1/inf_pick_2 | OTVZ:seis_pick_1/inf_pick_2 | SNVZ:seis_pick_1/inf_pick_2,S2I1S1I1S1I2S1I2S1I2,3300.0,3.3,1828328.0,5662352.0,1871.990356,0.4202859000652018,0.5192529179979862,5
ETVZ:seis_pick_2/inf_pick_1 | NGZ:seis_pick_1/inf_pick_2 | NOVZ:seis_pick_2/inf_pick_2 | OTVZ:seis_pick_1/inf_pick_1 | SNVZ:seis_pick_2/inf_pick_1,S2I1S1I2S2I2S1I1S2I1,2500.0,2.5,1828232.0,5661680.0,1707.919678,0.42131692257907216,-0.5245778432124641,5
ETVZ:seis_pick_2/inf_pick_1 | NGZ:seis_pick_2/inf_pick_1 | NOVZ:seis_pick_1/inf_pick_1 | OTVZ:seis_pick_1/inf_pick_1 | SNVZ:seis_pick_1/inf_pick_1,S2I1S2I1S1I1S1I1S1I1,3300.0,3.3,1828328.0,5661968.0,1780.70813,0.42175080063715703,-0.6895441625958139,5
ETVZ:seis_pick_1/inf_pick_1 | NGZ:seis_pick_1/inf_pick_2 | NOVZ:seis_pick_2/inf_pick_2 | OTVZ:seis_pick_2/inf_pick_2 | SNVZ:seis_pick_2/inf_pick_1,S1I1S1I2S2I2S2I2S2I1,3000.0,3.0,1828136.0,5661680.0,1731.645752,0.42184077493825123,-0.61824098636275,5
ETVZ:seis_pick_2/inf_pick_1 | NGZ:seis_pick_1/inf_pick_1 | NOVZ:seis_pick_1/inf_pick_2 | OTVZ:seis_pick_1/inf_pick_2 | SNVZ:seis_pick_1/inf_pick_2,S2I1S1I1S1I2S1I2S1I2,2500.0,2.5,1828328.0,5662256.0,1832.388062,0.4218953954772575,0.9484369076549244,5
ETVZ:seis_pick_2/inf_pick_2 | NGZ:seis_pick_2/inf_pick_2 | NOVZ:seis_pick_1/inf_pick_2 | OTVZ:seis_pick_1/inf_pick_2 | SNVZ:seis_pick_1/inf_pick_1,S2I2S2I2S1I2S1I2S1I1,3000.0,3.0,1827848.0,5661584.0,1803.133545,0.42430319270995964,-0.09090735002197406,5
ETVZ:seis_pick_2/inf_pick_2 | NGZ:seis_pick_2/inf_pick_2 | NOVZ:seis_pick_2/inf_pick_1 | OTVZ:seis_pick_1/inf_pick_2 | SNVZ:seis_pick_1/inf_pick_1,S2I2S2I2S2I1S1I2S1I1,3300.0,3.3,1827656.0,5661968.0,2063.714111,0.42458315807696245,-0.7502095823688611,5
ETVZ:seis_pick_2/inf_pick_1 | NGZ:seis_pick_2/inf_pick_1 | NOVZ:seis_pick_2/inf_pick_2 | OTVZ:seis_pick_1/inf_pick_1 | SNVZ:seis_pick_2/inf_pick_1,S2I1S2I1S2I2S1I1S2I1,3000.0,3.0,1828328.0,5661680.0,1673.186646,0.4255821675406633,-0.6227058967641979,5
ETVZ:seis_pick_1/inf_pick_1 | NGZ:seis_pick_2/inf_pick_2 | NOVZ:seis_pick_1/inf_pick_2 | OTVZ:seis_pick_2/inf_pick_2 | SNVZ:seis_pick_2/inf_pick_1,S1I1S2I2S1I2S2I2S2I1,3300.0,3.3,1828136.0,5661488.0,1647.28064,0.4283461132389861,-0.7812952181546258,5
ETVZ:seis_pick_2/inf_pick_1 | NGZ:seis_pick_1/inf_pick_2 | NOVZ:seis_pick_2/inf_pick_2 | OTVZ:seis_pick_1/inf_pick_1 | SNVZ:seis_pick_1/inf_pick_1,S2I1S1I2S2I2S1I1S1I1,3000.0,3.0,1828232.0,5661872.0,1779.748779,0.42839562929288433,-0.630268202694112,5
ETVZ:seis_pick_2/inf_pick_1 | NGZ:seis_pick_2/inf_pick_1 | NOVZ:seis_pick_1/inf_pick_2 | OTVZ:seis_pick_1/inf_pick_1 | SNVZ:seis_pick_1/inf_pick_1,S2I1S2I1S1I2S1I1S1I1,2500.0,2.5,1828424.0,5661680.0,1639.828735,0.4289522416215848,-0.021053230506627153,5
ETVZ:seis_pick_2/inf_pick_1 | NGZ:seis_pick_1/inf_pick_1 | NOVZ:seis_pick_2/inf_pick_2 | OTVZ:seis_pick_2/inf_pick_2 | SNVZ:seis_pick_1/inf_pick_1,S2I1S1I1S2I2S2I2S1I1,3300.0,3.3,1828424.0,5661968.0,1733.215942,0.42960117022200217,-0.31708228248128006,5
ETVZ:seis_pick_2/inf_pick_1 | NGZ:seis_pick_2/inf_pick_1 | NOVZ:seis_pick_1/inf_pick_2 | OTVZ:seis_pick_1/inf_pick_2 | SNVZ:seis_pick_2/inf_pick_2,S2I1S2I1S1I2S1I2S2I2,2500.0,2.5,1828232.0,5662064.0,1861.719849,0.4310957845983806,0.6007916781365257,5
ETVZ:seis_pick_2/inf_pick_1 | NGZ:seis_pick_2/inf_pick_1 | NOVZ:seis_pick_2/inf_pick_2 | OTVZ:seis_pick_2/inf_pick_2 | SNVZ:seis_pick_2/inf_pick_1,S2I1S2I1S2I2S2I2S2I1,2500.0,2.5,1828328.0,5661680.0,1673.186646,0.4316383734462102,-0.28244766378356356,5
ETVZ:seis_pick_1/inf_pick_1 | NGZ:seis_pick_1/inf_pick_1 | NOVZ:seis_pick_1/inf_pick_2 | OTVZ:seis_pick_1/inf_pick_2 | SNVZ:seis_pick_1/inf_pick_2,S1I1S1I1S1I2S1I2S1I2,3300.0,3.3,1828232.0,5662256.0,1871.278687,0.4319219007289589,0.6517873427646865,5
ETVZ:seis_pick_2/inf_pick_1 | NGZ:seis_pick_1/inf_pick_2 | NOVZ:seis_pick_1/inf_pick_2 | OTVZ:seis_pick_1/inf_pick_1 | SNVZ:seis_pick_1/inf_pick_1,S2I1S1I2S1I2S1I1S1I1,3300.0,3.3,1828328.0,5661776.0,1708.478394,0.4329553275841575,-0.5776022026728136,5
ETVZ:seis_pick_1/inf_pick_1 | NGZ:seis_pick_1/inf_pick_2 | NOVZ:seis_pick_1/inf_pick_2 | OTVZ:seis_pick_1/inf_pick_1 | SNVZ:seis_pick_2/inf_pick_1,S1I1S1I2S1I2S1I1S2I1,3300.0,3.3,1828232.0,5661584.0,1658.624878,0.4335138716878207,-0.6491015510820688,5
ETVZ:seis_pick_1/inf_pick_1 | NGZ:seis_pick_2/inf_pick_2 | NOVZ:seis_pick_1/inf_pick_1 | OTVZ:seis_pick_2/inf_pick_2 | SNVZ:seis_pick_2/inf_pick_1,S1I1S2I2S1I1S2I2S2I1,3000.0,3.0,1827944.0,5661680.0,1773.920288,0.43509273852375707,-0.947950283211558,5
ETVZ:seis_pick_2/inf_pick_1 | NGZ:seis_pick_2/inf_pick_1 | NOVZ:seis_pick_2/inf_pick_1 | OTVZ:seis_pick_1/inf_pick_2 | SNVZ:seis_pick_1/inf_pick_2,S2I1S2I1S2I1S1I2S1I2,3300.0,3.3,1828040.0,5662544.0,2056.880127,0.4351133206655239,-0.2168947776343245,5
ETVZ:seis_pick_2/inf_pick_1 | NGZ:seis_pick_2/inf_pick_1 | NOVZ:seis_pick_2/inf_pick_2 | OTVZ:seis_pick_1/inf_pick_2 | SNVZ:seis_pick_2/inf_pick_1,S2I1S2I1S2I2S1I2S2I1,2500.0,2.5,1828136.0,5661680.0,1731.645752,0.43564723807794664,-0.05430327714908536,5
ETVZ:seis_pick_2/inf_pick_1 | NGZ:seis_pick_2/inf_pick_2 | NOVZ:seis_pick_1/inf_pick_1 | OTVZ:seis_pick_2/inf_pick_2 | SNVZ:seis_pick_1/inf_pick_1,S2I1S2I2S1I1S2I2S1I1,3000.0,3.0,1828040.0,5661872.0,1862.954834,0.4371067204122273,-0.8928831457896644,5
ETVZ:seis_pick_2/inf_pick_1 | NGZ:seis_pick_2/inf_pick_2 | NOVZ:seis_pick_1/inf_pick_2 | OTVZ:seis_pick_1/inf_pick_2 | SNVZ:seis_pick_1/inf_pick_1,S2I1S2I2S1I2S1I2S1I1,2500.0,2.5,1827944.0,5661680.0,1773.920288,0.4381891987448358,-0.11913538511835338,5
ETVZ:seis_pick_2/inf_pick_1 | NGZ:seis_pick_2/inf_pick_2 | NOVZ:seis_pick_1/inf_pick_2 | OTVZ:seis_pick_1/inf_pick_1 | SNVZ:seis_pick_2/inf_pick_1,S2I1S2I2S1I2S1I1S2I1,3300.0,3.3,1828232.0,5661584.0,1658.624878,0.438664085452317,-0.9526881427528181,5
ETVZ:seis_pick_1/inf_pick_1 | NGZ:seis_pick_1/inf_pick_2 | NOVZ:seis_pick_1/inf_pick_2 | OTVZ:seis_pick_2/inf_pick_2 | SNVZ:seis_pick_2/inf_pick_1,S1I1S1I2S1I2S2I2S2I1,2500.0,2.5,1828232.0,5661488.0,1616.910156,0.4392921655443384,-0.1900977796665318,5
ETVZ:seis_pick_2/inf_pick_1 | NGZ:seis_pick_1/inf_pick_2 | NOVZ:seis_pick_2/inf_pick_1 | OTVZ:seis_pick_2/inf_pick_2 | SNVZ:seis_pick_2/inf_pick_1,S2I1S1I2S2I1S2I2S2I1,3000.0,3.0,1828136.0,5661872.0,1836.069458,0.43980126188764024,-0.9989945283643706,5
ETVZ:seis_pick_2/inf_pick_2 | NGZ:seis_pick_1/inf_pick_1 | NOVZ:seis_pick_1/inf_pick_2 | OTVZ:seis_pick_1/inf_pick_2 | SNVZ:seis_pick_2/inf_pick_2,S2I2S1I1S1I2S1I2S2I2,3300.0,3.3,1828136.0,5662064.0,1926.312866,0.44041290523599547,0.6861582670939702,5
ETVZ:seis_pick_2/inf_pick_1 | NGZ:seis_pick_1/inf_pick_2 | NOVZ:seis_pick_1/inf_pick_1 | OTVZ:seis_pick_1/inf_pick_1 | SNVZ:seis_pick_1/inf_pick_1,S2I1S1I2S1I1S1I1S1I1,3000.0,3.0,1828232.0,5661872.0,1779.748779,0.4408841840445961,-0.7212399463191964,5
ETVZ:seis_pick_1/inf_pick_1 | NGZ:seis_pick_1/inf_pick_1 | NOVZ:seis_pick_1/inf_pick_2 | OTVZ:seis_pick_1/inf_pick_2 | SNVZ:seis_pick_1/inf_pick_2,S1I1S1I1S1I2S1I2S1I2,3000.0,3.0,1828232.0,5662256.0,1871.278687,0.44156507863724664,0.7740369557131267,5
ETVZ:seis_pick_2/inf_pick_1 | NGZ:seis_pick_2/inf_pick_1 | NOVZ:seis_pick_2/inf_pick_1 | OTVZ:seis_pick_1/inf_pick_2 | SNVZ:seis_pick_1/inf_pick_2,S2I1S2I1S2I1S1I2S1I2,3000.0,3.0,1828040.0,5662544.0,2056.880127,0.44180116813655773,-0.09237936370435715,5
ETVZ:seis_pick_1/inf_pick_1 | NGZ:seis_pick_1/inf_pick_2 | NOVZ:seis_pick_2/inf_pick_2 | OTVZ:seis_pick_2/inf_pick_2 | SNVZ:seis_pick_1/inf_pick_1,S1I1S1I2S2I2S2I2S1I1,3300.0,3.3,1828136.0,5661872.0,1836.069458,0.44190356656332,-0.5895879811220321,5
ETVZ:seis_pick_1/inf_pick_1 | NGZ:seis_pick_2/inf_pick_1 | NOVZ:seis_pick_1/inf_pick_2 | OTVZ:seis_pick_1/inf_pick_2 | SNVZ:seis_pick_2/inf_pick_2,S1I1S2I1S1I2S1I2S2I2,2500.0,2.5,1828136.0,5662064.0,1926.312866,0.4419330044545773,0.6833352312357738,5
ETVZ:seis_pick_1/inf_pick_1 | NGZ:seis_pick_1/inf_pick_2 | NOVZ:seis_pick_1/inf_pick_2 | OTVZ:seis_pick_2/inf_pick_2 | SNVZ:seis_pick_1/inf_pick_1,S1I1S1I2S1I2S2I2S1I1,3300.0,3.3,1828232.0,5661680.0,1707.919678,0.4421032944492182,-0.396999056853922,5
ETVZ:seis_pick_1/inf_pick_1 | NGZ:seis_pick_2/inf_pick_1 | NOVZ:seis_pick_2/inf_pick_2 | OTVZ:seis_pick_2/inf_pick_2 | SNVZ:seis_pick_1/inf_pick_1,S1I1S2I1S2I2S2I2S1I1,3300.0,3.3,1828232.0,5661872.0,1779.748779,0.44342692040249554,-0.4092664129184323,5
ETVZ:seis_pick_1/inf_pick_1 | NGZ:seis_pick_1/inf_pick_1 | NOVZ:seis_pick_2/inf_pick_1 | OTVZ:seis_pick_1/inf_pick_2 | SNVZ:seis_pick_1/inf_pick_2,S1I1S1I1S2I1S1I2S1I2,3000.0,3.0,1828136.0,5662544.0,1994.819824,0.44361326022367575,0.2570155206136187,5
ETVZ:seis_pick_2/inf_pick_2 | NGZ:seis_pick_1/inf_pick_2 | NOVZ:seis_pick_2/inf_pick_2 | OTVZ:seis_pick_1/inf_pick_2 | SNVZ:seis_pick_2/inf_pick_1,S2I2S1I2S2I2S1I2S2I1,3300.0,3.3,1827848.0,5661584.0,1803.133545,0.4438042908239803,-0.34968366722036104,5
ETVZ:seis_pick_2/inf_pick_1 | NGZ:seis_pick_1/inf_pick_2 | NOVZ:seis_pick_2/inf_pick_1 | OTVZ:seis_pick_1/inf_pick_2 | SNVZ:seis_pick_2/inf_pick_1,S2I1S1I2S2I1S1I2S2I1,2500.0,2.5,1827944.0,5661872.0,1879.445679,0.4441563989153962,-0.5180039107655625,5
ETVZ:seis_pick_2/inf_pick_1 | NGZ:seis_pick_2/inf_pick_1 | NOVZ:seis_pick_1/inf_pick_1 | OTVZ:seis_pick_2/inf_pick_2 | SNVZ:seis_pick_2/inf_pick_1,S2I1S2I1S1I1S2I2S2I1,3300.0,3.3,1828232.0,5661776.0,1756.203979,0.4466825694179631,-0.7928091759878295,5
ETVZ:seis_pick_2/inf_pick_1 | NGZ:seis_pick_2/inf_pick_1 | NOVZ:seis_pick_1/inf_pick_1 | OTVZ:seis_pick_2/inf_pick_2 | SNVZ:seis_pick_1/inf_pick_1,S2I1S2I1S1I1S2I2S1I1,2500.0,2.5,1828232.0,5661872.0,1779.748779,0.4472879176100429,-0.23397087918815967,5
ETVZ:seis_pick_2/inf_pick_1 | NGZ:seis_pick_2/inf_pick_1 | NOVZ:seis_pick_1/inf_pick_2 | OTVZ:seis_pick_1/inf_pick_2 | SNVZ:seis_pick_2/inf_pick_2,S2I1S2I1S1I2S1I2S2I2,3000.0,3.0,1828232.0,5662160.0,1873.492554,0.44923308844806487,0.3108091520180608,5
ETVZ:seis_pick_1/inf_pick_1 | NGZ:seis_pick_1/inf_pick_2 | NOVZ:seis_pick_1/inf_pick_1 | OTVZ:seis_pick_1/inf_pick_2 | SNVZ:seis_pick_2/inf_pick_2,S1I1S1I2S1I1S1I2S2I2,3300.0,3.3,1827944.0,5662256.0,2088.119141,0.45034888788039035,-0.23431317623590892,5
ETVZ:seis_pick_2/inf_pick_1 | NGZ:seis_pick_1/inf_pick_1 | NOVZ:seis_pick_2/inf_pick_2 | OTVZ:seis_pick_2/inf_pick_2 | SNVZ:seis_pick_2/inf_pick_2,S2I1S1I1S2I2S2I2S2I2,3300.0,3.3,1828424.0,5662256.0,1795.46814,0.4508812984829985,-0.009284612770384903,5
ETVZ:seis_pick_2/inf_pick_1 | NGZ:seis_pick_1/inf_pick_1 | NOVZ:seis_pick_1/inf_pick_2 | OTVZ:seis_pick_2/inf_pick_2 | SNVZ:seis_pick_2/inf_pick_2,S2I1S1I1S1I2S2I2S2I2,3300.0,3.3,1828520.0,5662160.0,1702.077515,0.4514790189530838,0.1822871543679554,5
ETVZ:seis_pick_2/inf_pick_1 | NGZ:seis_pick_1/inf_pick_2 | NOVZ:seis_pick_2/inf_pick_1 | OTVZ:seis_pick_1/inf_pick_2 | SNVZ:seis_pick_2/inf_pick_1,S2I1S1I2S2I1S1I2S2I1,3000.0,3.0,1827944.0,5661872.0,1879.445679,0.45167812731408247,-0.7870728694924812,5
ETVZ:seis_pick_1/inf_pick_1 | NGZ:seis_pick_1/inf_pick_1 | NOVZ:seis_pick_1/inf_pick_2 | OTVZ:seis_pick_2/inf_pick_2 | SNVZ:seis_pick_1/inf_pick_1,S1I1S1I1S1I2S2I2S1I1,3300.0,3.3,1828424.0,5661776.0,1675.246094,0.4522829278830095,-0.03374486627372288,5
ETVZ:seis_pick_1/inf_pick_2 | NGZ:seis_pick_2/inf_pick_2 | NOVZ:seis_pick_1/inf_pick_2 | OTVZ:seis_pick_1/inf_pick_2 | SNVZ:seis_pick_2/inf_pick_1,S1I2S2I2S1I2S1I2S2I1,3000.0,3.0,1827752.0,5661392.0,1729.678467,0.4525409675518683,-0.18221506548185856,5
ETVZ:seis_pick_2/inf_pick_1 | NGZ:seis_pick_1/inf_pick_2 | NOVZ:seis_pick_2/inf_pick_1 | OTVZ:seis_pick_1/inf_pick_2 | SNVZ:seis_pick_2/inf_pick_1,S2I1S1I2S2I1S1I2S2I1,3300.0,3.3,1827944.0,5661968.0,1945.640259,0.45271724995154683,-0.9413894466936867,5
ETVZ:seis_pick_2/inf_pick_1 | NGZ:seis_pick_2/inf_pick_2 | NOVZ:seis_pick_2/inf_pick_2 | OTVZ:seis_pick_1/inf_pick_1 | SNVZ:seis_pick_2/inf_pick_1,S2I1S2I2S2I2S1I1S2I1,2500.0,2.5,1828136.0,5661584.0,1680.270508,0.45332126815265866,-0.7237917983165991,5
ETVZ:seis_pick_1/inf_pick_1 | NGZ:seis_pick_2/inf_pick_2 | NOVZ:seis_pick_1/inf_pick_2 | OTVZ:seis_pick_2/inf_pick_2 | SNVZ:seis_pick_2/inf_pick_1,S1I1S2I2S1I2S2I2S2I1,3000.0,3.0,1828136.0,5661488.0,1647.28064,0.45333028240104545,-0.6600880799621555,5
ETVZ:seis_pick_2/inf_pick_1 | NGZ:seis_pick_1/inf_pick_2 | NOVZ:seis_pick_1/inf_pick_1 | OTVZ:seis_pick_1/inf_pick_2 | SNVZ:seis_pick_2/inf_pick_2,S2I1S1I2S1I1S1I2S2I2,3000.0,3.0,1828040.0,5662256.0,2015.394897,0.453436092221576,-0.17642306356828003,5
ETVZ:seis_pick_2/inf_pick_1 | NGZ:seis_pick_1/inf_pick_1 | NOVZ:seis_pick_1/inf_pick_2 | OTVZ:seis_pick_2/inf_pick_2 | SNVZ:seis_pick_2/inf_pick_1,S2I1S1I1S1I2S2I2S2I1,3300.0,3.3,1828424.0,5661680.0,1639.828735,0.4539685591777788,-0.3320530920603947,5
ETVZ:seis_pick_2/inf_pick_2 | NGZ:seis_pick_2/inf_pick_1 | NOVZ:seis_pick_1/inf_pick_2 | OTVZ:seis_pick_1/inf_pick_2 | SNVZ:seis_pick_1/inf_pick_1,S2I2S2I1S1I2S1I2S1I1,2500.0,2.5,1828040.0,5661584.0,1704.531738,0.45433291908244455,0.5782164627409132,5
ETVZ:seis_pick_2/inf_pick_2 | NGZ:seis_pick_1/inf_pick_2 | NOVZ:seis_pick_1/inf_pick_1 | OTVZ:seis_pick_1/inf_pick_2 | SNVZ:seis_pick_1/inf_pick_1,S2I2S1I2S1I1S1I2S1I1,3000.0,3.0,1827848.0,5661872.0,1910.128296,0.4552919683728045,-0.17341275427863784,5
ETVZ:seis_pick_1/inf_pick_1 | NGZ:seis_pick_1/inf_pick_1 | NOVZ:seis_pick_2/inf_pick_2 | OTVZ:seis_pick_1/inf_pick_2 | SNVZ:seis_pick_1/inf_pick_2,S1I1S1I1S2I2S1I2S1I2,2500.0,2.5,1828232.0,5662352.0,1933.467285,0.45534333071778005,0.8610190406169208,5
ETVZ:seis_pick_2/inf_pick_1 | NGZ:seis_pick_1/inf_pick_1 | NOVZ:seis_pick_2/inf_pick_2 | OTVZ:seis_pick_2/inf_pick_2 | SNVZ:seis_pick_1/inf_pick_1,S2I1S1I1S2I2S2I2S1I1,3000.0,3.0,1828424.0,5661872.0,1701.829712,0.4559709334089284,-0.18065938856116776,5
ETVZ:seis_pick_2/inf_pick_1 | NGZ:seis_pick_2/inf_pick_1 | NOVZ:seis_pick_1/inf_pick_2 | OTVZ:seis_pick_1/inf_pick_2 | SNVZ:seis_pick_2/inf_pick_2,S2I1S2I1S1I2S1I2S2I2,3300.0,3.3,1828232.0,5662160.0,1873.492554,0.45662748821566557,0.18881354438659112,5
ETVZ:seis_pick_2/inf_pick_1 | NGZ:seis_pick_1/inf_pick_2 | NOVZ:seis_pick_2/inf_pick_1 | OTVZ:seis_pick_1/inf_pick_1 | SNVZ:seis_pick_1/inf_pick_1,S2I1S1I2S2I1S1I1S1I1,3300.0,3.3,1828136.0,5662064.0,1926.312866,0.4567227649738975,-1.0657800969217293,5
ETVZ:seis_pick_1/inf_pick_1 | NGZ:seis_pick_2/inf_pick_2 | NOVZ:seis_pick_2/inf_pick_1 | OTVZ:seis_pick_2/inf_pick_2 | SNVZ:seis_pick_2/inf_pick_1,S1I1S2I2S2I1S2I2S2I1,3300.0,3.3,1827944.0,5661776.0,1826.723999,0.45687361592387177,-1.2213521273334902,5
ETVZ:seis_pick_2/inf_pick_1 | NGZ:seis_pick_1/inf_pick_2 | NOVZ:seis_pick_1/inf_pick_1 | OTVZ:seis_pick_1/inf_pick_2 | SNVZ:seis_pick_2/inf_pick_2,S2I1S1I2S1I1S1I2S2I2,2500.0,2.5,1828040.0,5662256.0,2015.394897,0.4574223056743225,0.09482078460579757,5
ETVZ:seis_pick_2/inf_pick_1 | NGZ:seis_pick_1/inf_pick_2 | NOVZ:seis_pick_1/inf_pick_2 | OTVZ:seis_pick_1/inf_pick_1 | SNVZ:seis_pick_1/inf_pick_1,S2I1S1I2S1I2S1I1S1I1,3000.0,3.0,1828328.0,5661680.0,1673.186646,0.4583177487870455,-0.4502234986241588,5
ETVZ:seis_pick_2/inf_pick_1 | NGZ:seis_pick_2/inf_pick_2 | NOVZ:seis_pick_1/inf_pick_1 | OTVZ:seis_pick_1/inf_pick_1 | SNVZ:seis_pick_2/inf_pick_1,S2I1S2I2S1I1S1I1S2I1,2500.0,2.5,1828136.0,5661680.0,1731.645752,0.4584248957926026,-0.8207144185596829,5
ETVZ:seis_pick_1/inf_pick_1 | NGZ:seis_pick_1/inf_pick_2 | NOVZ:seis_pick_1/inf_pick_1 | OTVZ:seis_pick_2/inf_pick_2 | SNVZ:seis_pick_2/inf_pick_1,S1I1S1I2S1I1S2I2S2I1,3300.0,3.3,1828136.0,5661776.0,1782.875366,0.4585515606324725,-0.8430399044831237,5
ETVZ:seis_pick_2/inf_pick_1 | NGZ:seis_pick_2/inf_pick_1 | NOVZ:seis_pick_2/inf_pick_1 | OTVZ:seis_pick_2/inf_pick_2 | SNVZ:seis_pick_1/inf_pick_1,S2I1S2I1S2I1S2I2S1I1,3300.0,3.3,1828232.0,5662064.0,1861.719849,0.4585815225727568,-0.8046382413686942,5
ETVZ:seis_pick_1/inf_pick_1 | NGZ:seis_pick_2/inf_pick_1 | NOVZ:seis_pick_1/inf_pick_2 | OTVZ:seis_pick_1/inf_pick_1 | SNVZ:seis_pick_2/inf_pick_1,S1I1S2I1S1I2S1I1S2I1,3300.0,3.3,1828328.0,5661584.0,1637.31189,0.4586749874730225,-0.48424842215089237,5
ETVZ:seis_pick_2/inf_pick_2 | NGZ:seis_pick_2/inf_pick_2 | NOVZ:seis_pick_2/inf_pick_1 | OTVZ:seis_pick_1/inf_pick_2 | SNVZ:seis_pick_1/inf_pick_1,S2I2S2I2S2I1S1I2S1I1,3000.0,3.0,1827656.0,5661872.0,2014.556152,0.4587175181192492,-0.595710746087688,5
ETVZ:seis_pick_2/inf_pick_1 | NGZ:seis_pick_1/inf_pick_2 | NOVZ:seis_pick_1/inf_pick_1 | OTVZ:seis_pick_1/inf_pick_2 | SNVZ:seis_pick_2/inf_pick_2,S2I1S1I2S1I1S1I2S2I2,3300.0,3.3,1828040.0,5662256.0,2015.394897,0.4589438463031796,-0.29971572182922407,5
ETVZ:seis_pick_2/inf_pick_1 | NGZ:seis_pick_2/inf_pick_2 | NOVZ:seis_pick_1/inf_pick_2 | OTVZ:seis_pick_1/inf_pick_1 | SNVZ:seis_pick_2/inf_pick_1,S2I1S2I2S1I2S1I1S2I1,3000.0,3.0,1828232.0,5661488.0,1616.910156,0.45899428779239565,-0.8344522943624367,5
ETVZ:seis_pick_2/inf_pick_2 | NGZ:seis_pick_2/inf_pick_1 | NOVZ:seis_pick_1/inf_pick_2 | OTVZ:seis_pick_1/inf_pick_2 | SNVZ:seis_pick_2/inf_pick_1,S2I2S2I1S1I2S1I2S2I1,3300.0,3.3,1828040.0,5661488.0,1663.414795,0.4594645404971324,0.007310909754697015,5
ETVZ:seis_pick_2/inf_pick_1 | NGZ:seis_pick_2/inf_pick_1 | NOVZ:seis_pick_2/inf_pick_2 | OTVZ:seis_pick_1/inf_pick_2 | SNVZ:seis_pick_2/inf_pick_1,S2I1S2I1S2I2S1I2S2I1,3000.0,3.0,1828136.0,5661776.0,1782.875366,0.45958343818117736,-0.33348710184355906,5
ETVZ:seis_pick_2/inf_pick_1 | NGZ:seis_pick_2/inf_pick_1 | NOVZ:seis_pick_1/inf_pick_1 | OTVZ:seis_pick_1/inf_pick_1 | SNVZ:seis_pick_1/inf_pick_1,S2I1S2I1S1I1S1I1S1I1,3000.0,3.0,1828328.0,5661968.0,1780.70813,0.45989565527971676,-0.5684009845599689,5
ETVZ:seis_pick_1/inf_pick_1 | NGZ:seis_pick_2/inf_pick_1 | NOVZ:seis_pick_2/inf_pick_1 | OTVZ:seis_pick_1/inf_pick_2 | SNVZ:seis_pick_1/inf_pick_1,S1I1S2I1S2I1S1I2S1I1,3300.0,3.3,1827944.0,5662064.0,2013.466919,0.46133813306398574,-0.5316881167066473,5
ETVZ:seis_pick_2/inf_pick_2 | NGZ:seis_pick_2/inf_pick_2 | NOVZ:seis_pick_2/inf_pick_2 | OTVZ:seis_pick_1/inf_pick_2 | SNVZ:seis_pick_1/inf_pick_1,S2I2S2I2S2I2S1I2S1I1,2500.0,2.5,1827752.0,5661680.0,1892.618652,0.46146879147044695,-0.011534187674123508,5
ETVZ:seis_pick_2/inf_pick_1 | NGZ:seis_pick_1/inf_pick_1 | NOVZ:seis_pick_2/inf_pick_2 | OTVZ:seis_pick_1/inf_pick_2 | SNVZ:seis_pick_1/inf_pick_1,S2I1S1I1S2I2S1I2S1I1,3000.0,3.0,1828232.0,5661968.0,1833.125488,0.46368373431036153,0.02178601925611954,5
ETVZ:seis_pick_1/inf_pick_1 | NGZ:seis_pick_1/inf_pick_2 | NOVZ:seis_pick_1/inf_pick_1 | OTVZ:seis_pick_1/inf_pick_2 | SNVZ:seis_pick_2/inf_pick_2,S1I1S1I2S1I1S1I2S2I2,3000.0,3.0,1827944.0,5662256.0,2088.119141,0.46397280080329173,-0.11038719543119217,5
ETVZ:seis_pick_1/inf_pick_1 | NGZ:seis_pick_1/inf_pick_1 | NOVZ:seis_pick_1/inf_pick_1 | OTVZ:seis_pick_1/inf_pick_2 | SNVZ:seis_pick_1/inf_pick_2,S1I1S1I1S1I1S1I2S1I2,2500.0,2.5,1828136.0,5662448.0,1978.485596,0.46457057536945334,0.7058809248629163,5
ETVZ:seis_pick_2/inf_pick_1 | NGZ:seis_pick_2/inf_pick_1 | NOVZ:seis_pick_1/inf_pick_1 | OTVZ:seis_pick_2/inf_pick_2 | SNVZ:seis_pick_2/inf_pick_1,S2I1S2I1S1I1S2I2S2I1,3000.0,3.0,1828232.0,5661776.0,1756.203979,0.46611611249221213,-0.6717112275737339,5
ETVZ:seis_pick_2/inf_pick_1 | NGZ:seis_pick_1/inf_pick_1 | NOVZ:seis_pick_2/inf_pick_2 | OTVZ:seis_pick_1/inf_pick_2 | SNVZ:seis_pick_1/inf_pick_1,S2I1S1I1S2I2S1I2S1I1,2500.0,2.5,1828232.0,5661872.0,1779.748779,0.46619656005820675,0.31185958256235596,5
ETVZ:seis_pick_1/inf_pick_1 | NGZ:seis_pick_1/inf_pick_2 | NOVZ:seis_pick_1/inf_pick_1 | OTVZ:seis_pick_2/inf_pick_2 | SNVZ:seis_pick_1/inf_pick_1,S1I1S1I2S1I1S2I2S1I1,3300.0,3.3,1828136.0,5661872.0,1836.069458,0.4662401169272652,-0.6805597247471166,5
ETVZ:seis_pick_1/inf_pick_1 | NGZ:seis_pick_2/inf_pick_1 | NOVZ:seis_pick_2/inf_pick_2 | OTVZ:seis_pick_1/inf_pick_2 | SNVZ:seis_pick_2/inf_pick_1,S1I1S2I1S2I2S1I2S2I1,3000.0,3.0,1828040.0,5661680.0,1747.83252,0.4663904936605731,-0.22510562473972479,5
ETVZ:seis_pick_2/inf_pick_2 | NGZ:seis_pick_1/inf_pick_2 | NOVZ:seis_pick_2/inf_pick_2 | OTVZ:seis_pick_1/inf_pick_2 | SNVZ:seis_pick_2/inf_pick_1,S2I2S1I2S2I2S1I2S2I1,3000.0,3.0,1827848.0,5661584.0,1803.133545,0.46696713614787594,-0.22736496545960277,5
ETVZ:seis_pick_2/inf_pick_2 | NGZ:seis_pick_2/inf_pick_1 | NOVZ:seis_pick_2/inf_pick_2 | OTVZ:seis_pick_1/inf_pick_2 | SNVZ:seis_pick_1/inf_pick_1,S2I2S2I1S2I2S1I2S1I1,3300.0,3.3,1827944.0,5661776.0,1826.723999,0.4670141055964055,0.0007180971906624479,5
ETVZ:seis_pick_1/inf_pick_1 | NGZ:seis_pick_1/inf_pick_2 | NOVZ:seis_pick_2/inf_pick_1 | OTVZ:seis_pick_1/inf_pick_2 | SNVZ:seis_pick_2/inf_pick_2,S1I1S1I2S2I1S1I2S2I2,2500.0,2.5,1827848.0,5662352.0,2147.00293,0.4678294048726615,-0.05296188651088727,5
ETVZ:seis_pick_1/inf_pick_1 | NGZ:seis_pick_2/inf_pick_1 | NOVZ:seis_pick_2/inf_pick_2 | OTVZ:seis_pick_1/inf_pick_2 | SNVZ:seis_pick_2/inf_pick_1,S1I1S2I1S2I2S1I2S2I1,3300.0,3.3,1828040.0,5661776.0,1817.950928,0.4695944441188872,-0.36483562715003437,5
ETVZ:seis_pick_2/inf_pick_1 | NGZ:seis_pick_1/inf_pick_1 | NOVZ:seis_pick_2/inf_pick_2 | OTVZ:seis_pick_1/inf_pick_2 | SNVZ:seis_pick_1/inf_pick_1,S2I1S1I1S2I2S1I2S1I1,3300.0,3.3,1828232.0,5661968.0,1833.125488,0.4698792056321585,-0.09970231374929579,5
ETVZ:seis_pick_1/inf_pick_1 | NGZ:seis_pick_1/inf_pick_2 | NOVZ:seis_pick_1/inf_pick_2 | OTVZ:seis_pick_2/inf_pick_2 | SNVZ:seis_pick_1/inf_pick_1,S1I1S1I2S1I2S2I2S1I1,3000.0,3.0,1828232.0,5661680.0,1707.919678,0.46996004302209343,-0.2760217456469983,5
ETVZ:seis_pick_2/inf_pick_1 | NGZ:seis_pick_2/inf_pick_1 | NOVZ:seis_pick_2/inf_pick_1 | OTVZ:seis_pick_1/inf_pick_2 | SNVZ:seis_pick_1/inf_pick_2,S2I1S2I1S2I1S1I2S1I2,2500.0,2.5,1828040.0,5662544.0,2056.880127,0.4699829989208624,0.1815545469415719,5
ETVZ:seis_pick_2/inf_pick_1 | NGZ:seis_pick_1/inf_pick_1 | NOVZ:seis_pick_1/inf_pick_2 | OTVZ:seis_pick_1/inf_pick_1 | SNVZ:seis_pick_2/inf_pick_1,S2I1S1I1S1I2S1I1S2I1,3300.0,3.3,1828520.0,5661584.0,1580.752686,0.47000311274398415,-0.3950744952889009,5
ETVZ:seis_pick_2/inf_pick_1 | NGZ:seis_pick_1/inf_pick_2 | NOVZ:seis_pick_2/inf_pick_1 | OTVZ:seis_pick_1/inf_pick_1 | SNVZ:seis_pick_2/inf_pick_1,S2I1S1I2S2I1S1I1S2I1,3300.0,3.3,1828136.0,5661872.0,1836.069458,0.4702831476281188,-1.1952659069678144,5
ETVZ:seis_pick_2/inf_pick_1 | NGZ:seis_pick_1/inf_pick_1 | NOVZ:seis_pick_1/inf_pick_2 | OTVZ:seis_pick_1/inf_pick_1 | SNVZ:seis_pick_1/inf_pick_1,S2I1S1I1S1I2S1I1S1I1,2500.0,2.5,1828520.0,5661776.0,1637.771729,0.4708486405508321,0.1717609501441352,5
ETVZ:seis_pick_2/inf_pick_1 | NGZ:seis_pick_2/inf_pick_1 | NOVZ:seis_pick_2/inf_pick_2 | OTVZ:seis_pick_1/inf_pick_2 | SNVZ:seis_pick_2/inf_pick_1,S2I1S2I1S2I2S1I2S2I1,3300.0,3.3,1828136.0,5661776.0,1782.875366,0.4709720164785466,-0.45487732985559537,5
ETVZ:seis_pick_2/inf_pick_1 | NGZ:seis_pick_1/inf_pick_1 | NOVZ:seis_pick_1/inf_pick_2 | OTVZ:seis_pick_2/inf_pick_2 | SNVZ:seis_pick_2/inf_pick_1,S2I1S1I1S1I2S2I2S2I1,3000.0,3.0,1828520.0,5661584.0,1580.752686,0.47125201832177677,-0.20002428020390398,5
ETVZ:seis_pick_1/inf_pick_1 | NGZ:seis_pick_1/inf_pick_2 | NOVZ:seis_pick_2/inf_pick_2 | OTVZ:seis_pick_2/inf_pick_2 | SNVZ:seis_pick_1/inf_pick_1,S1I1S1I2S2I2S2I2S1I1,3000.0,3.0,1828136.0,5661776.0,1782.875366,0.4723273058644073,-0.4487344455958313,5
ETVZ:seis_pick_2/inf_pick_1 | NGZ:seis_pick_1/inf_pick_2 | NOVZ:seis_pick_2/inf_pick_1 | OTVZ:seis_pick_2/inf_pick_2 | SNVZ:seis_pick_1/inf_pick_1,S2I1S1I2S2I1S2I2S1I1,2500.0,2.5,1828136.0,5661968.0,1868.978394,0.4723297890114207,-0.56847933361462,5
ETVZ:seis_pick_2/inf_pick_2 | NGZ:seis_pick_2/inf_pick_2 | NOVZ:seis_pick_1/inf_pick_1 | OTVZ:seis_pick_1/inf_pick_2 | SNVZ:seis_pick_2/inf_pick_1,S2I2S2I2S1I1S1I2S2I1,2500.0,2.5,1827752.0,5661584.0,1850.710449,0.47364499030777724,-0.2740406779809046,5
ETVZ:seis_pick_2/inf_pick_1 | NGZ:seis_pick_1/inf_pick_2 | NOVZ:seis_pick_1/inf_pick_1 | OTVZ:seis_pick_1/inf_pick_1 | SNVZ:seis_pick_2/inf_pick_1,S2I1S1I2S1I1S1I1S2I1,2500.0,2.5,1828232.0,5661680.0,1707.919678,0.4737369456994152,-0.6155495868375486,5
ETVZ:seis_pick_2/inf_pick_2 | NGZ:seis_pick_1/inf_pick_2 | NOVZ:seis_pick_2/inf_pick_2 | OTVZ:seis_pick_1/inf_pick_2 | SNVZ:seis_pick_1/inf_pick_1,S2I2S1I2S2I2S1I2S1I1,2500.0,2.5,1827848.0,5661680.0,1823.050049,0.4747755892469955,0.22053002093719964,5
ETVZ:seis_pick_2/inf_pick_2 | NGZ:seis_pick_2/inf_pick_2 | NOVZ:seis_pick_2/inf_pick_1 | OTVZ:seis_pick_1/inf_pick_2 | SNVZ:seis_pick_2/inf_pick_1,S2I2S2I2S2I1S1I2S2I1,3300.0,3.3,1827656.0,5661776.0,1961.905151,0.47497445462490967,-0.8752563272621107,5
ETVZ:seis_pick_1/inf_pick_1 | NGZ:seis_pick_2/inf_pick_1 | NOVZ:seis_pick_2/inf_pick_1 | OTVZ:seis_pick_1/inf_pick_2 | SNVZ:seis_pick_1/inf_pick_1,S1I1S2I1S2I1S1I2S1I1,3000.0,3.0,1827944.0,5662064.0,2013.466919,0.4752562779621336,-0.40857532232578697,5
ETVZ:seis_pick_1/inf_pick_1 | NGZ:seis_pick_1/inf_pick_2 | NOVZ:seis_pick_1/inf_pick_2 | OTVZ:seis_pick_1/inf_pick_1 | SNVZ:seis_pick_2/inf_pick_1,S1I1S1I2S1I2S1I1S2I1,3000.0,3.0,1828232.0,5661488.0,1616.910156,0.47564017335798087,-0.5308657026916874,5
ETVZ:seis_pick_1/inf_pick_1 | NGZ:seis_pick_1/inf_pick_1 | NOVZ:seis_pick_1/inf_pick_2 | OTVZ:seis_pick_1/inf_pick_2 | SNVZ:seis_pick_1/inf_pick_2,S1I1S1I1S1I2S1I2S1I2,2500.0,2.5,1828232.0,5662256.0,1871.278687,0.4774472921785741,1.0429861041996946,5
ETVZ:seis_pick_2/inf_pick_2 | NGZ:seis_pick_1/inf_pick_1 | NOVZ:seis_pick_1/inf_pick_2 | OTVZ:seis_pick_1/inf_pick_2 | SNVZ:seis_pick_2/inf_pick_2,S2I2S1I1S1I2S1I2S2I2,3000.0,3.0,1828136.0,5662064.0,1926.312866,0.4774474983760366,0.8083583942596103,5
ETVZ:seis_pick_1/inf_pick_2 | NGZ:seis_pick_1/inf_pick_2 | NOVZ:seis_pick_1/inf_pick_2 | OTVZ:seis_pick_1/inf_pick_2 | SNVZ:seis_pick_1/inf_pick_1,S1I2S1I2S1I2S1I2S1I1,3300.0,3.3,1827848.0,5661680.0,1823.050049,0.4776595269283573,0.08709315472741182,5
ETVZ:seis_pick_2/inf_pick_2 | NGZ:seis_pick_2/inf_pick_1 | NOVZ:seis_pick_1/inf_pick_2 | OTVZ:seis_pick_1/inf_pick_2 | SNVZ:seis_pick_2/inf_pick_1,S2I2S2I1S1I2S1I2S2I1,3000.0,3.0,1828040.0,5661488.0,1663.414795,0.47908386519865015,0.12878933849338542,5
ETVZ:seis_pick_2/inf_pick_1 | NGZ:seis_pick_2/inf_pick_2 | NOVZ:seis_pick_2/inf_pick_1 | OTVZ:seis_pick_2/inf_pick_2 | SNVZ:seis_pick_1/inf_pick_1,S2I1S2I2S2I1S2I2S1I1,2500.0,2.5,1827944.0,5661968.0,1945.640259,0.47919461925838286,-0.8217780740231578,5
ETVZ:seis_pick_2/inf_pick_1 | NGZ:seis_pick_1/inf_pick_1 | NOVZ:seis_pick_1/inf_pick_2 | OTVZ:seis_pick_2/inf_pick_2 | SNVZ:seis_pick_2/inf_pick_2,S2I1S1I1S1I2S2I2S2I2,3000.0,3.0,1828520.0,5662160.0,1702.077515,0.47931714123797836,0.3033318264598252,5
ETVZ:seis_pick_1/inf_pick_1 | NGZ:seis_pick_2/inf_pick_1 | NOVZ:seis_pick_2/inf_pick_2 | OTVZ:seis_pick_1/inf_pick_2 | SNVZ:seis_pick_2/inf_pick_1,S1I1S2I1S2I2S1I2S2I1,2500.0,2.5,1828040.0,5661680.0,1747.83252,0.4794522882704274,0.042285163722749174,5
ETVZ:seis_pick_1/inf_pick_1 | NGZ:seis_pick_1/inf_pick_1 | NOVZ:seis_pick_2/inf_pick_1 | OTVZ:seis_pick_1/inf_pick_2 | SNVZ:seis_pick_2/inf_pick_2,S1I1S1I1S2I1S1I2S2I2,2500.0,2.5,1828040.0,5662448.0,2043.867798,0.48052590647038057,0.34162101566143976,5
ETVZ:seis_pick_2/inf_pick_1 | NGZ:seis_pick_1/inf_pick_1 | NOVZ:seis_pick_2/inf_pick_2 | OTVZ:seis_pick_2/inf_pick_2 | SNVZ:seis_pick_2/inf_pick_2,S2I1S1I1S2I2S2I2S2I2,3000.0,3.0,1828424.0,5662256.0,1795.46814,0.48366764149047237,0.11238069744245713,5
ETVZ:seis_pick_2/inf_pick_1 | NGZ:seis_pick_2/inf_pick_2 | NOVZ:seis_pick_2/inf_pick_2 | OTVZ:seis_pick_2/inf_pick_2 | SNVZ:seis_pick_1/inf_pick_1,S2I1S2I2S2I2S2I2S1I1,3300.0,3.3,1828136.0,5661776.0,1782.875366,0.48387916429676653,-0.873711265278617,5
ETVZ:seis_pick_1/inf_pick_1 | NGZ:seis_pick_2/inf_pick_1 | NOVZ:seis_pick_2/inf_pick_2 | OTVZ:seis_pick_2/inf_pick_2 | SNVZ:seis_pick_1/inf_pick_1,S1I1S2I1S2I2S2I2S1I1,3000.0,3.0,1828232.0,5661872.0,1779.748779,0.4841394826614569,-0.28804441861345326,5
ETVZ:seis_pick_2/inf_pick_1 | NGZ:seis_pick_2/inf_pick_2 | NOVZ:seis_pick_1/inf_pick_2 | OTVZ:seis_pick_1/inf_pick_2 | SNVZ:seis_pick_1/inf_pick_1,S2I1S2I2S1I2S1I2S1I1,3000.0,3.0,1827944.0,5661680.0,1773.920288,0.4853232703437257,-0.38730531044399064,5
ETVZ:seis_pick_1/inf_pick_1 | NGZ:seis_pick_1/inf_pick_2 | NOVZ:seis_pick_2/inf_pick_1 | OTVZ:seis_pick_1/inf_pick_2 | SNVZ:seis_pick_2/inf_pick_1,S1I1S1I2S2I1S1I2S2I1,3300.0,3.3,1827848.0,5661872.0,1910.128296,0.48534909742260085,-0.8264741375291436,5
ETVZ:seis_pick_2/inf_pick_2 | NGZ:seis_pick_2/inf_pick_2 | NOVZ:seis_pick_1/inf_pick_1 | OTVZ:seis_pick_1/inf_pick_2 | SNVZ:seis_pick_1/inf_pick_1,S2I2S2I2S1I1S1I2S1I1,2500.0,2.5,1827656.0,5661776.0,1961.905151,0.48604183913908855,-0.16124811120848168,5
ETVZ:seis_pick_2/inf_pick_1 | NGZ:seis_pick_2/inf_pick_1 | NOVZ:seis_pick_2/inf_pick_2 | OTVZ:seis_pick_1/inf_pick_1 | SNVZ:seis_pick_1/inf_pick_1,S2I1S2I1S2I2S1I1S1I1,2500.0,2.5,1828328.0,5661872.0,1752.691528,0.4865066464125206,-0.19518859516489365,5
ETVZ:seis_pick_1/inf_pick_1 | NGZ:seis_pick_2/inf_pick_1 | NOVZ:seis_pick_1/inf_pick_2 | OTVZ:seis_pick_2/inf_pick_2 | SNVZ:seis_pick_2/inf_pick_1,S1I1S2I1S1I2S2I2S2I1,2500.0,2.5,1828328.0,5661488.0,1598.106201,0.4868448429686902,-0.027468828257329037,5
ETVZ:seis_pick_1/inf_pick_2 | NGZ:seis_pick_1/inf_pick_2 | NOVZ:seis_pick_1/inf_pick_2 | OTVZ:seis_pick_1/inf_pick_2 | SNVZ:seis_pick_2/inf_pick_1,S1I2S1I2S1I2S1I2S2I1,3300.0,3.3,1827848.0,5661488.0,1754.805298,0.487352162989625,-0.08647540378334817,5
ETVZ:seis_pick_2/inf_pick_1 | NGZ:seis_pick_2/inf_pick_1 | NOVZ:seis_pick_1/inf_pick_1 | OTVZ:seis_pick_1/inf_pick_1 | SNVZ:seis_pick_2/inf_pick_1,S2I1S2I1S1I1S1I1S2I1,3300.0,3.3,1828328.0,5661776.0,1708.478394,0.4882887405659842,-0.8410563444379371,5
ETVZ:seis_pick_1/inf_pick_1 | NGZ:seis_pick_1/inf_pick_1 | NOVZ:seis_pick_1/inf_pick_2 | OTVZ:seis_pick_2/inf_pick_2 | SNVZ:seis_pick_1/inf_pick_1,S1I1S1I1S1I2S2I2S1I1,3000.0,3.0,1828424.0,5661776.0,1675.246094,0.4883258850355397,0.08683389713841745,5
ETVZ:seis_pick_2/inf_pick_1 | NGZ:seis_pick_2/inf_pick_1 | NOVZ:seis_pick_2/inf_pick_1 | OTVZ:seis_pick_2/inf_pick_2 | SNVZ:seis_pick_1/inf_pick_1,S2I1S2I1S2I1S2I2S1I1,3000.0,3.0,1828232.0,5662064.0,1861.719849,0.4886757015258771,-0.6828948718816866,5
ETVZ:seis_pick_2/inf_pick_1 | NGZ:seis_pick_1/inf_pick_1 | NOVZ:seis_pick_2/inf_pick_2 | OTVZ:seis_pick_1/inf_pick_1 | SNVZ:seis_pick_1/inf_pick_1,S2I1S1I1S2I2S1I1S1I1,3300.0,3.3,1828424.0,5661968.0,1733.215942,0.4887063761478193,-0.3917442575935999,5
ETVZ:seis_pick_2/inf_pick_2 | NGZ:seis_pick_2/inf_pick_2 | NOVZ:seis_pick_1/inf_pick_2 | OTVZ:seis_pick_1/inf_pick_2 | SNVZ:seis_pick_1/inf_pick_1,S2I2S2I2S1I2S1I2S1I1,2500.0,2.5,1827848.0,5661584.0,1803.133545,0.4889613669110065,0.17819379385169273,5
ETVZ:seis_pick_2/inf_pick_1 | NGZ:seis_pick_1/inf_pick_1 | NOVZ:seis_pick_1/inf_pick_2 | OTVZ:seis_pick_1/inf_pick_1 | SNVZ:seis_pick_2/inf_pick_1,S2I1S1I1S1I2S1I1S2I1,3000.0,3.0,1828520.0,5661584.0,1580.752686,0.48933825487484794,-0.2746862553162238,5
ETVZ:seis_pick_1/inf_pick_2 | NGZ:seis_pick_2/inf_pick_2 | NOVZ:seis_pick_2/inf_pick_2 | OTVZ:seis_pick_1/inf_pick_2 | SNVZ:seis_pick_2/inf_pick_1,S1I2S2I2S2I2S1I2S2I1,3300.0,3.3,1827752.0,5661584.0,1850.710449,0.49016801322910847,-0.4544479344939335,5
ETVZ:seis_pick_1/inf_pick_1 | NGZ:seis_pick_1/inf_pick_2 | NOVZ:seis_pick_2/inf_pick_2 | OTVZ:seis_pick_1/inf_pick_1 | SNVZ:seis_pick_2/inf_pick_1,S1I1S1I2S2I2S1I1S2I1,3300.0,3.3,1828232.0,5661680.0,1707.919678,0.4904915416685208,-0.790062134654043,5
ETVZ:seis_pick_2/inf_pick_1 | NGZ:seis_pick_1/inf_pick_1 | NOVZ:seis_pick_1/inf_pick_1 | OTVZ:seis_pick_2/inf_pick_2 | SNVZ:seis_pick_2/inf_pick_2,S2I1S1I1S1I1S2I2S2I2,3300.0,3.3,1828424.0,5662352.0,1806.060791,0.4905513581061054,-0.13101659215931766,5
ETVZ:seis_pick_1/inf_pick_1 | NGZ:seis_pick_2/inf_pick_2 | NOVZ:seis_pick_2/inf_pick_1 | OTVZ:seis_pick_2/inf_pick_2 | SNVZ:seis_pick_2/inf_pick_1,S1I1S2I2S2I1S2I2S2I1,3000.0,3.0,1827944.0,5661776.0,1826.723999,0.49134734377781064,-1.099287242742414,5
ETVZ:seis_pick_2/inf_pick_1 | NGZ:seis_pick_2/inf_pick_2 | NOVZ:seis_pick_2/inf_pick_1 | OTVZ:seis_pick_1/inf_pick_1 | SNVZ:seis_pick_2/inf_pick_1,S2I1S2I2S2I1S1I1S2I1,2500.0,2.5,1828040.0,5661776.0,1817.950928,0.4921910639845899,-0.9997600002451563,5
ETVZ:seis_pick_1/inf_pick_1 | NGZ:seis_pick_1/inf_pick_2 | NOVZ:seis_pick_2/inf_pick_1 | OTVZ:seis_pick_1/inf_pick_2 | SNVZ:seis_pick_2/inf_pick_1,S1I1S1I2S2I1S1I2S2I1,3000.0,3.0,1827848.0,5661872.0,1910.128296,0.492294812680129,-0.7037338125045128,5
ETVZ:seis_pick_2/inf_pick_1 | NGZ:seis_pick_2/inf_pick_2 | NOVZ:seis_pick_1/inf_pick_1 | OTVZ:seis_pick_2/inf_pick_2 | SNVZ:seis_pick_1/inf_pick_1,S2I1S2I2S1I1S2I2S1I1,2500.0,2.5,1828040.0,5661872.0,1862.954834,0.49298487722556084,-0.6245820948851689,5
ETVZ:seis_pick_2/inf_pick_2 | NGZ:seis_pick_2/inf_pick_1 | NOVZ:seis_pick_2/inf_pick_2 | OTVZ:seis_pick_1/inf_pick_2 | SNVZ:seis_pick_1/inf_pick_1,S2I2S2I1S2I2S1I2S1I1,3000.0,3.0,1827944.0,5661776.0,1826.723999,0.4941799473277363,0.12278298178173852,5
ETVZ:seis_pick_1/inf_pick_1 | NGZ:seis_pick_2/inf_pick_1 | NOVZ:seis_pick_1/inf_pick_2 | OTVZ:seis_pick_1/inf_pick_1 | SNVZ:seis_pick_1/inf_pick_1,S1I1S2I1S1I2S1I1S1I1,3300.0,3.3,1828328.0,5661776.0,1708.478394,0.49437801267436854,-0.31004039370447456,5
ETVZ:seis_pick_2/inf_pick_1 | NGZ:seis_pick_2/inf_pick_2 | NOVZ:seis_pick_2/inf_pick_2 | OTVZ:seis_pick_2/inf_pick_2 | SNVZ:seis_pick_1/inf_pick_1,S2I1S2I2S2I2S2I2S1I1,3000.0,3.0,1828136.0,5661776.0,1782.875366,0.49480864026495847,-0.7523210372665806,5
ETVZ:seis_pick_1/inf_pick_1 | NGZ:seis_pick_1/inf_pick_2 | NOVZ:seis_pick_1/inf_pick_1 | OTVZ:seis_pick_2/inf_pick_2 | SNVZ:seis_pick_2/inf_pick_1,S1I1S1I2S1I1S2I2S2I1,3000.0,3.0,1828136.0,5661680.0,1731.645752,0.4951530100529869,-0.7092127299878344,5
ETVZ:seis_pick_2/inf_pick_1 | NGZ:seis_pick_2/inf_pick_2 | NOVZ:seis_pick_2/inf_pick_1 | OTVZ:seis_pick_1/inf_pick_1 | SNVZ:seis_pick_1/inf_pick_1,S2I1S2I2S2I1S1I1S1I1,3300.0,3.3,1828040.0,5661968.0,1927.026855,0.49553076097899373,-1.2565147090521875,5
ETVZ:seis_pick_1/inf_pick_1 | NGZ:seis_pick_2/inf_pick_2 | NOVZ:seis_pick_2/inf_pick_2 | OTVZ:seis_pick_2/inf_pick_2 | SNVZ:seis_pick_2/inf_pick_1,S1I1S2I2S2I2S2I2S2I1,2500.0,2.5,1828040.0,5661584.0,1704.531738,0.4958956801086344,-0.552882018158155,5
ETVZ:seis_pick_1/inf_pick_1 | NGZ:seis_pick_1/inf_pick_2 | NOVZ:seis_pick_1/inf_pick_1 | OTVZ:seis_pick_1/inf_pick_2 | SNVZ:seis_pick_2/inf_pick_2,S1I1S1I2S1I1S1I2S2I2,2500.0,2.5,1827944.0,5662160.0,2062.442139,0.4960966537066456,0.1945874720029245,5
ETVZ:seis_pick_1/inf_pick_1 | NGZ:seis_pick_2/inf_pick_1 | NOVZ:seis_pick_2/inf_pick_2 | OTVZ:seis_pick_2/inf_pick_2 | SNVZ:seis_pick_2/inf_pick_1,S1I1S2I1S2I2S2I2S2I1,3300.0,3.3,1828232.0,5661680.0,1707.919678,0.4962344896170797,-0.5694814549939611,5
ETVZ:seis_pick_2/inf_pick_1 | NGZ:seis_pick_1/inf_pick_2 | NOVZ:seis_pick_2/inf_pick_1 | OTVZ:seis_pick_1/inf_pick_1 | SNVZ:seis_pick_1/inf_pick_1,S2I1S1I2S2I1S1I1S1I1,3000.0,3.0,1828136.0,5662064.0,1926.312866,0.49625755251537496,-0.9435799697560892,5
ETVZ:seis_pick_1/inf_pick_1 | NGZ:seis_pick_2/inf_pick_1 | NOVZ:seis_pick_1/inf_pick_2 | OTVZ:seis_pick_2/inf_pick_2 | SNVZ:seis_pick_1/inf_pick_1,S1I1S2I1S1I2S2I2S1I1,2500.0,2.5,1828328.0,5661680.0,1673.186646,0.4963805335637676,0.1575965433248145,5
ETVZ:seis_pick_2/inf_pick_1 | NGZ:seis_pick_2/inf_pick_1 | NOVZ:seis_pick_2/inf_pick_2 | OTVZ:seis_pick_1/inf_pick_1 | SNVZ:seis_pick_2/inf_pick_1,S2I1S2I1S2I2S1I1S2I1,2500.0,2.5,1828328.0,5661680.0,1673.186646,0.4982006054500893,-0.3571096388958834,5
ETVZ:seis_pick_1/inf_pick_1 | NGZ:seis_pick_2/inf_pick_1 | NOVZ:seis_pick_1/inf_pick_2 | OTVZ:seis_pick_1/inf_pick_1 | SNVZ:seis_pick_2/inf_pick_1,S1I1S2I1S1I2S1I1S2I1,3000.0,3.0,1828328.0,5661584.0,1637.31189,0.49968596535266974,-0.36353503842545704,5
ETVZ:seis_pick_2/inf_pick_1 | NGZ:seis_pick_1/inf_pick_2 | NOVZ:seis_pick_2/inf_pick_2 | OTVZ:seis_pick_1/inf_pick_1 | SNVZ:seis_pick_1/inf_pick_1,S2I1S1I2S2I2S1I1S1I1,2500.0,2.5,1828232.0,5661776.0,1756.203979,0.500620552237539,-0.352961189847551,5
ETVZ:seis_pick_1/inf_pick_1 | NGZ:seis_pick_1/inf_pick_1 | NOVZ:seis_pick_2/inf_pick_2 | OTVZ:seis_pick_1/inf_pick_2 | SNVZ:seis_pick_1/inf_pick_1,S1I1S1I1S2I2S1I2S1I1,3300.0,3.3,1828136.0,5661968.0,1868.978394,0.5008482759674006,-0.008488639542508203,5
ETVZ:seis_pick_1/inf_pick_1 | NGZ:seis_pick_1/inf_pick_2 | NOVZ:seis_pick_1/inf_pick_1 | OTVZ:seis_pick_2/inf_pick_2 | SNVZ:seis_pick_1/inf_pick_1,S1I1S1I2S1I1S2I2S1I1,3000.0,3.0,1828136.0,5661872.0,1836.069458,0.5018379493420291,-0.5589503212559925,5
ETVZ:seis_pick_1/inf_pick_1 | NGZ:seis_pick_2/inf_pick_1 | NOVZ:seis_pick_2/inf_pick_1 | OTVZ:seis_pick_1/inf_pick_2 | SNVZ:seis_pick_1/inf_pick_2,S1I1S2I1S2I1S1I2S1I2,3300.0,3.3,1827944.0,5662544.0,2111.566162,0.5019090720652294,-0.14367305912152464,5
ETVZ:seis_pick_2/inf_pick_1 | NGZ:seis_pick_1/inf_pick_2 | NOVZ:seis_pick_2/inf_pick_1 | OTVZ:seis_pick_1/inf_pick_1 | SNVZ:seis_pick_2/inf_pick_1,S2I1S1I2S2I1S1I1S2I1,3000.0,3.0,1828136.0,5661872.0,1836.069458,0.5024458881944284,-1.0736565034766905,5
ETVZ:seis_pick_1/inf_pick_1 | NGZ:seis_pick_1/inf_pick_2 | NOVZ:seis_pick_2/inf_pick_2 | OTVZ:seis_pick_2/inf_pick_2 | SNVZ:seis_pick_2/inf_pick_1,S1I1S1I2S2I2S2I2S2I1,2500.0,2.5,1828136.0,5661584.0,1680.270508,0.5048100738791236,-0.34554323153352995,5
ETVZ:seis_pick_2/inf_pick_1 | NGZ:seis_pick_2/inf_pick_2 | NOVZ:seis_pick_1/inf_pick_2 | OTVZ:seis_pick_1/inf_pick_1 | SNVZ:seis_pick_2/inf_pick_1,S2I1S2I2S1I2S1I1S2I1,2500.0,2.5,1828232.0,5661488.0,1616.910156,0.5057887065175214,-0.5683463464496009,5
ETVZ:seis_pick_1/inf_pick_1 | NGZ:seis_pick_2/inf_pick_2 | NOVZ:seis_pick_1/inf_pick_1 | OTVZ:seis_pick_1/inf_pick_1 | SNVZ:seis_pick_2/inf_pick_1,S1I1S2I2S1I1S1I1S2I1,3300.0,3.3,1828040.0,5661680.0,1747.83252,0.5070600613833522,-1.113058033633265,5
ETVZ:seis_pick_1/inf_pick_1 | NGZ:seis_pick_1/inf_pick_1 | NOVZ:seis_pick_2/inf_pick_2 | OTVZ:seis_pick_1/inf_pick_2 | SNVZ:seis_pick_1/inf_pick_1,S1I1S1I1S2I2S1I2S1I1,3000.0,3.0,1828232.0,5661872.0,1779.748779,0.5078740868081276,0.166814299511978,5
ETVZ:seis_pick_1/inf_pick_1 | NGZ:seis_pick_2/inf_pick_2 | NOVZ:seis_pick_2/inf_pick_2 | OTVZ:seis_pick_1/inf_pick_1 | SNVZ:seis_pick_2/inf_pick_1,S1I1S2I2S2I2S1I1S2I1,3300.0,3.3,1828040.0,5661680.0,1747.83252,0.5088233638826967,-1.0220862900081804,5
ETVZ:seis_pick_2/inf_pick_1 | NGZ:seis_pick_2/inf_pick_2 | NOVZ:seis_pick_1/inf_pick_2 | OTVZ:seis_pick_1/inf_pick_2 | SNVZ:seis_pick_1/inf_pick_1,S2I1S2I2S1I2S1I2S1I1,3300.0,3.3,1827944.0,5661776.0,1826.723999,0.5091388273786279,-0.5242495391282933,5
ETVZ:seis_pick_2/inf_pick_2 | NGZ:seis_pick_2/inf_pick_2 | NOVZ:seis_pick_2/inf_pick_1 | OTVZ:seis_pick_1/inf_pick_2 | SNVZ:seis_pick_2/inf_pick_1,S2I2S2I2S2I1S1I2S2I1,3000.0,3.0,1827656.0,5661776.0,1961.905151,0.5092493448699882,-0.7516291043352897,5
ETVZ:seis_pick_2/inf_pick_1 | NGZ:seis_pick_2/inf_pick_1 | NOVZ:seis_pick_1/inf_pick_1 | OTVZ:seis_pick_1/inf_pick_2 | SNVZ:seis_pick_1/inf_pick_2,S2I1S2I1S1I1S1I2S1I2,3300.0,3.3,1828136.0,5662448.0,1978.485596,0.5094496915165602,0.0069956558141804235,5
ETVZ:seis_pick_2/inf_pick_1 | NGZ:seis_pick_1/inf_pick_1 | NOVZ:seis_pick_1/inf_pick_2 | OTVZ:seis_pick_2/inf_pick_2 | SNVZ:seis_pick_2/inf_pick_1,S2I1S1I1S1I2S2I2S2I1,2500.0,2.5,1828520.0,5661584.0,1580.752686,0.5107592984839933,0.06482984773598588,5
ETVZ:seis_pick_2/inf_pick_1 | NGZ:seis_pick_2/inf_pick_1 | NOVZ:seis_pick_1/inf_pick_1 | OTVZ:seis_pick_1/inf_pick_2 | SNVZ:seis_pick_1/inf_pick_2,S2I1S2I1S1I1S1I2S1I2,3000.0,3.0,1828136.0,5662448.0,1978.485596,0.5110086977078045,0.13052649249480056,5
ETVZ:seis_pick_2/inf_pick_1 | NGZ:seis_pick_1/inf_pick_2 | NOVZ:seis_pick_2/inf_pick_1 | OTVZ:seis_pick_2/inf_pick_2 | SNVZ:seis_pick_2/inf_pick_1,S2I1S1I2S2I1S2I2S2I1,2500.0,2.5,1828136.0,5661872.0,1836.069458,0.5112451042851961,-0.7314538406838975,5
ETVZ:seis_pick_1/inf_pick_2 | NGZ:seis_pick_1/inf_pick_2 | NOVZ:seis_pick_1/inf_pick_2 | OTVZ:seis_pick_1/inf_pick_2 | SNVZ:seis_pick_1/inf_pick_1,S1I2S1I2S1I2S1I2S1I1,3000.0,3.0,1827848.0,5661584.0,1803.133545,0.5116649108286734,0.21267924164877527,5
ETVZ:seis_pick_2/inf_pick_1 | NGZ:seis_pick_1/inf_pick_2 | NOVZ:seis_pick_1/inf_pick_2 | OTVZ:seis_pick_1/inf_pick_1 | SNVZ:seis_pick_1/inf_pick_1,S2I1S1I2S1I2S1I1S1I1,2500.0,2.5,1828328.0,5661680.0,1673.186646,0.5121732481020626,-0.1846272407558443,5
ETVZ:seis_pick_2/inf_pick_1 | NGZ:seis_pick_1/inf_pick_1 | NOVZ:seis_pick_2/inf_pick_2 | OTVZ:seis_pick_2/inf_pick_2 | SNVZ:seis_pick_1/inf_pick_1,S2I1S1I1S2I2S2I2S1I1,2500.0,2.5,1828424.0,5661872.0,1701.829712,0.5141241219368923,0.08484923355551999,5
ETVZ:seis_pick_1/inf_pick_2 | NGZ:seis_pick_2/inf_pick_2 | NOVZ:seis_pick_1/inf_pick_2 | OTVZ:seis_pick_1/inf_pick_2 | SNVZ:seis_pick_1/inf_pick_1,S1I2S2I2S1I2S1I2S1I1,3300.0,3.3,1827752.0,5661584.0,1850.710449,0.5142398605954699,-0.1360468318061324,5
ETVZ:seis_pick_1/inf_pick_1 | NGZ:seis_pick_1/inf_pick_1 | NOVZ:seis_pick_2/inf_pick_1 | OTVZ:seis_pick_1/inf_pick_2 | SNVZ:seis_pick_1/inf_pick_2,S1I1S1I1S2I1S1I2S1I2,2500.0,2.5,1828136.0,5662544.0,1994.819824,0.5146063575707936,0.5298016465825659,5
ETVZ:seis_pick_2/inf_pick_1 | NGZ:seis_pick_1/inf_pick_2 | NOVZ:seis_pick_1/inf_pick_1 | OTVZ:seis_pick_1/inf_pick_1 | SNVZ:seis_pick_1/inf_pick_1,S2I1S1I2S1I1S1I1S1I1,2500.0,2.5,1828232.0,5661872.0,1779.748779,0.5146155249420941,-0.4545515588482415,5
ETVZ:seis_pick_2/inf_pick_1 | NGZ:seis_pick_2/inf_pick_1 | NOVZ:seis_pick_1/inf_pick_1 | OTVZ:seis_pick_1/inf_pick_1 | SNVZ:seis_pick_2/inf_pick_1,S2I1S2I1S1I1S1I1S2I1,3000.0,3.0,1828328.0,5661776.0,1708.478394,0.5156033685855187,-0.7202558520395256,5
ETVZ:seis_pick_2/inf_pick_2 | NGZ:seis_pick_1/inf_pick_1 | NOVZ:seis_pick_2/inf_pick_2 | OTVZ:seis_pick_1/inf_pick_2 | SNVZ:seis_pick_2/inf_pick_2,S2I2S1I1S2I2S1I2S2I2,3300.0,3.3,1828136.0,5662160.0,1946.274292,0.5158877332148536,0.5240887856467049,5
ETVZ:seis_pick_1/inf_pick_1 | NGZ:seis_pick_1/inf_pick_2 | NOVZ:seis_pick_2/inf_pick_2 | OTVZ:seis_pick_1/inf_pick_2 | SNVZ:seis_pick_2/inf_pick_2,S1I1S1I2S2I2S1I2S2I2,3300.0,3.3,1827944.0,5662160.0,2062.442139,0.5170251114054921,-0.10979507790635275,5
ETVZ:seis_pick_2/inf_pick_1 | NGZ:seis_pick_1/inf_pick_1 | NOVZ:seis_pick_2/inf_pick_2 | OTVZ:seis_pick_1/inf_pick_1 | SNVZ:seis_pick_1/inf_pick_1,S2I1S1I1S2I2S1I1S1I1,3000.0,3.0,1828424.0,5661872.0,1701.829712,0.5186383107719901,-0.25532136367348757,5
ETVZ:seis_pick_1/inf_pick_1 | NGZ:seis_pick_2/inf_pick_2 | NOVZ:seis_pick_1/inf_pick_1 | OTVZ:seis_pick_2/inf_pick_2 | SNVZ:seis_pick_2/inf_pick_1,S1I1S2I2S1I1S2I2S2I1,2500.0,2.5,1827944.0,5661680.0,1773.920288,0.5191091984023792,-0.6797803578859207,5
ETVZ:seis_pick_1/inf_pick_2 | NGZ:seis_pick_2/inf_pick_2 | NOVZ:seis_pick_2/inf_pick_2 | OTVZ:seis_pick_1/inf_pick_2 | SNVZ:seis_pick_1/inf_pick_1,S1I2S2I2S2I2S1I2S1I1,3300.0,3.3,1827656.0,5661680.0,1897.401855,0.5200633374648193,-0.3199962611672905,5
ETVZ:seis_pick_1/inf_pick_1 | NGZ:seis_pick_2/inf_pick_1 | NOVZ:seis_pick_1/inf_pick_1 | OTVZ:seis_pick_2/inf_pick_2 | SNVZ:seis_pick_1/inf_pick_1,S1I1S2I1S1I1S2I2S1I1,3300.0,3.3,1828232.0,5661968.0,1833.125488,0.5202739418311061,-0.5238896710792345,5
ETVZ:seis_pick_1/inf_pick_1 | NGZ:seis_pick_2/inf_pick_1 | NOVZ:seis_pick_2/inf_pick_1 | OTVZ:seis_pick_1/inf_pick_2 | SNVZ:seis_pick_1/inf_pick_1,S1I1S2I1S2I1S1I2S1I1,2500.0,2.5,1827944.0,5662064.0,2013.466919,0.5205000269814778,-0.13772717468789164,5
ETVZ:seis_pick_2/inf_pick_1 | NGZ:seis_pick_1/inf_pick_2 | NOVZ:seis_pick_2/inf_pick_2 | OTVZ:seis_pick_1/inf_pick_2 | SNVZ:seis_pick_2/inf_pick_2,S2I1S1I2S2I2S1I2S2I2,2500.0,2.5,1828040.0,5662160.0,2012.584229,0.5217812809168706,0.20863693108370907,5
ETVZ:seis_pick_1/inf_pick_1 | NGZ:seis_pick_1/inf_pick_2 | NOVZ:seis_pick_2/inf_pick_2 | OTVZ:seis_pick_1/inf_pick_2 | SNVZ:seis_pick_2/inf_pick_2,S1I1S1I2S2I2S1I2S2I2,3000.0,3.0,1827944.0,5662160.0,2062.442139,0.5222253661878258,0.01375313882313538,5
ETVZ:seis_pick_1/inf_pick_1 | NGZ:seis_pick_2/inf_pick_1 | NOVZ:seis_pick_2/inf_pick_1 | OTVZ:seis_pick_1/inf_pick_2 | SNVZ:seis_pick_1/inf_pick_2,S1I1S2I1S2I1S1I2S1I2,3000.0,3.0,1827944.0,5662544.0,2111.566162,0.5230618160465704,-0.018612374021860667,5
ETVZ:seis_pick_2/inf_pick_1 | NGZ:seis_pick_2/inf_pick_2 | NOVZ:seis_pick_2/inf_pick_1 | OTVZ:seis_pick_1/inf_pick_1 | SNVZ:seis_pick_1/inf_pick_1,S2I1S2I2S2I1S1I1S1I1,3000.0,3.0,1828040.0,5661968.0,1927.026855,0.5238564180033197,-1.1342155854027305,5
ETVZ:seis_pick_2/inf_pick_1 | NGZ:seis_pick_2/inf_pick_1 | NOVZ:seis_pick_1/inf_pick_1 | OTVZ:seis_pick_2/inf_pick_2 | SNVZ:seis_pick_2/inf_pick_1,S2I1S2I1S1I1S2I2S2I1,2500.0,2.5,1828232.0,5661776.0,1756.203979,0.5240954971225003,-0.40529574106272526,5
ETVZ:seis_pick_1/inf_pick_1 | NGZ:seis_pick_2/inf_pick_2 | NOVZ:seis_pick_1/inf_pick_2 | OTVZ:seis_pick_2/inf_pick_2 | SNVZ:seis_pick_2/inf_pick_1,S1I1S2I2S1I2S2I2S2I1,2500.0,2.5,1828040.0,5661488.0,1663.414795,0.5244718269249269,-0.4166554964927645,5
ETVZ:seis_pick_2/inf_pick_1 | NGZ:seis_pick_2/inf_pick_2 | NOVZ:seis_pick_1/inf_pick_1 | OTVZ:seis_pick_1/inf_pick_1 | SNVZ:seis_pick_1/inf_pick_1,S2I1S2I2S1I1S1I1S1I1,3300.0,3.3,1828136.0,5661872.0,1836.069458,0.5245316705972374,-1.0588082915301857,5
ETVZ:seis_pick_1/inf_pick_1 | NGZ:seis_pick_1/inf_pick_2 | NOVZ:seis_pick_2/inf_pick_1 | OTVZ:seis_pick_1/inf_pick_2 | SNVZ:seis_pick_2/inf_pick_1,S1I1S1I2S2I1S1I2S2I1,2500.0,2.5,1827848.0,5661872.0,1910.128296,0.5249938190159255,-0.43370509745032493,5
ETVZ:seis_pick_1/inf_pick_2 | NGZ:seis_pick_2/inf_pick_1 | NOVZ:seis_pick_1/inf_pick_2 | OTVZ:seis_pick_1/inf_pick_2 | SNVZ:seis_pick_1/inf_pick_1,S1I2S2I1S1I2S1I2S1I1,3300.0,3.3,1827944.0,5661680.0,1773.920288,0.5250964905230131,0.273867625130609,5
ETVZ:seis_pick_2/inf_pick_2 | NGZ:seis_pick_1/inf_pick_1 | NOVZ:seis_pick_1/inf_pick_2 | OTVZ:seis_pick_1/inf_pick_2 | SNVZ:seis_pick_1/inf_pick_1,S2I2S1I1S1I2S1I2S1I1,3300.0,3.3,1828136.0,5661776.0,1782.875366,0.5254118266484508,0.3790303200410289,5
ETVZ:seis_pick_1/inf_pick_2 | NGZ:seis_pick_2/inf_pick_2 | NOVZ:seis_pick_2/inf_pick_2 | OTVZ:seis_pick_1/inf_pick_2 | SNVZ:seis_pick_2/inf_pick_1,S1I2S2I2S2I2S1I2S2I1,3000.0,3.0,1827752.0,5661488.0,1783.807861,0.5256998107463247,-0.3202816626495464,5
ETVZ:seis_pick_2/inf_pick_1 | NGZ:seis_pick_2/inf_pick_1 | NOVZ:seis_pick_1/inf_pick_1 | OTVZ:seis_pick_1/inf_pick_2 | SNVZ:seis_pick_2/inf_pick_1,S2I1S2I1S1I1S1I2S2I1,2500.0,2.5,1828136.0,5661776.0,1782.875366,0.5259315721769363,-0.1574003438421622,5
ETVZ:seis_pick_1/inf_pick_2 | NGZ:seis_pick_1/inf_pick_2 | NOVZ:seis_pick_1/inf_pick_2 | OTVZ:seis_pick_1/inf_pick_2 | SNVZ:seis_pick_2/inf_pick_1,S1I2S1I2S1I2S1I2S2I1,3000.0,3.0,1827848.0,5661488.0,1754.805298,0.5259571873104317,0.03578578214614421,5
ETVZ:seis_pick_2/inf_pick_1 | NGZ:seis_pick_1/inf_pick_1 | NOVZ:seis_pick_1/inf_pick_1 | OTVZ:seis_pick_2/inf_pick_2 | SNVZ:seis_pick_2/inf_pick_2,S2I1S1I1S1I1S2I2S2I2,3000.0,3.0,1828424.0,5662352.0,1806.060791,0.5260652339307259,-0.009004892238279183,5
ETVZ:seis_pick_1/inf_pick_1 | NGZ:seis_pick_2/inf_pick_2 | NOVZ:seis_pick_2/inf_pick_1 | OTVZ:seis_pick_2/inf_pick_2 | SNVZ:seis_pick_1/inf_pick_1,S1I1S2I2S2I1S2I2S1I1,3300.0,3.3,1827944.0,5661968.0,1945.640259,0.5266542471048055,-1.0926615731483693,5
ETVZ:seis_pick_2/inf_pick_1 | NGZ:seis_pick_2/inf_pick_1 | NOVZ:seis_pick_1/inf_pick_1 | OTVZ:seis_pick_1/inf_pick_2 | SNVZ:seis_pick_1/inf_pick_2,S2I1S2I1S1I1S1I2S1I2,2500.0,2.5,1828136.0,5662448.0,1978.485596,0.5271150729651902,0.402294333192167,5
ETVZ:seis_pick_1/inf_pick_1 | NGZ:seis_pick_2/inf_pick_1 | NOVZ:seis_pick_2/inf_pick_2 | OTVZ:seis_pick_2/inf_pick_2 | SNVZ:seis_pick_2/inf_pick_1,S1I1S2I1S2I2S2I2S2I1,3000.0,3.0,1828232.0,5661680.0,1707.919678,0.5274276009323,-0.44850414378703735,5
ETVZ:seis_pick_2/inf_pick_2 | NGZ:seis_pick_2/inf_pick_1 | NOVZ:seis_pick_2/inf_pick_2 | OTVZ:seis_pick_1/inf_pick_2 | SNVZ:seis_pick_2/inf_pick_2,S2I2S2I1S2I2S1I2S2I2,3300.0,3.3,1827944.0,5662160.0,2062.442139,0.5276016983548237,0.24804358217948314,5
ETVZ:seis_pick_2/inf_pick_1 | NGZ:seis_pick_1/inf_pick_1 | NOVZ:seis_pick_1/inf_pick_1 | OTVZ:seis_pick_2/inf_pick_2 | SNVZ:seis_pick_1/inf_pick_1,S2I1S1I1S1I1S2I2S1I1,3300.0,3.3,1828328.0,5662064.0,1806.550293,0.5280212878341553,-0.45381302870657264,5
ETVZ:seis_pick_2/inf_pick_2 | NGZ:seis_pick_1/inf_pick_2 | NOVZ:seis_pick_1/inf_pick_1 | OTVZ:seis_pick_1/inf_pick_2 | SNVZ:seis_pick_2/inf_pick_1,S2I2S1I2S1I1S1I2S2I1,3300.0,3.3,1827848.0,5661680.0,1823.050049,0.5281130002580664,-0.44392279600605067,5
ETVZ:seis_pick_2/inf_pick_1 | NGZ:seis_pick_2/inf_pick_1 | NOVZ:seis_pick_2/inf_pick_1 | OTVZ:seis_pick_1/inf_pick_1 | SNVZ:seis_pick_1/inf_pick_1,S2I1S2I1S2I1S1I1S1I1,3300.0,3.3,1828232.0,5662064.0,1861.719849,0.529439977452878,-0.879300216481014,5
ETVZ:seis_pick_1/inf_pick_1 | NGZ:seis_pick_2/inf_pick_2 | NOVZ:seis_pick_1/inf_pick_2 | OTVZ:seis_pick_1/inf_pick_1 | SNVZ:seis_pick_2/inf_pick_1,S1I1S2I2S1I2S1I1S2I1,3300.0,3.3,1828136.0,5661488.0,1647.28064,0.5297818566771314,-0.8559571932669456,5
ETVZ:seis_pick_1/inf_pick_1 | NGZ:seis_pick_2/inf_pick_1 | NOVZ:seis_pick_1/inf_pick_2 | OTVZ:seis_pick_1/inf_pick_1 | SNVZ:seis_pick_1/inf_pick_1,S1I1S2I1S1I2S1I1S1I1,3000.0,3.0,1828328.0,5661680.0,1673.186646,0.530344282761811,-0.1826616896558198,5
ETVZ:seis_pick_1/inf_pick_1 | NGZ:seis_pick_2/inf_pick_2 | NOVZ:seis_pick_1/inf_pick_1 | OTVZ:seis_pick_2/inf_pick_2 | SNVZ:seis_pick_1/inf_pick_1,S1I1S2I2S1I1S2I2S1I1,3300.0,3.3,1827944.0,5661872.0,1879.445679,0.5307951312552951,-0.924191452658134,5
ETVZ:seis_pick_2/inf_pick_2 | NGZ:seis_pick_2/inf_pick_1 | NOVZ:seis_pick_1/inf_pick_2 | OTVZ:seis_pick_1/inf_pick_2 | SNVZ:seis_pick_2/inf_pick_2,S2I2S2I1S1I2S1I2S2I2,3300.0,3.3,1828040.0,5661968.0,1927.026855,0.5309484392120316,0.49542365496351193,5
ETVZ:seis_pick_1/inf_pick_1 | NGZ:seis_pick_1/inf_pick_1 | NOVZ:seis_pick_2/inf_pick_2 | OTVZ:seis_pick_1/inf_pick_2 | SNVZ:seis_pick_1/inf_pick_1,S1I1S1I1S2I2S1I2S1I1,2500.0,2.5,1828232.0,5661872.0,1779.748779,0.5317126072701183,0.4335026869829329,5
ETVZ:seis_pick_2/inf_pick_1 | NGZ:seis_pick_1/inf_pick_2 | NOVZ:seis_pick_2/inf_pick_2 | OTVZ:seis_pick_1/inf_pick_2 | SNVZ:seis_pick_2/inf_pick_2,S2I1S1I2S2I2S1I2S2I2,3000.0,3.0,1828040.0,5662160.0,2012.584229,0.5320845069766031,-0.062019811015203,5
ETVZ:seis_pick_2/inf_pick_1 | NGZ:seis_pick_1/inf_pick_1 | NOVZ:seis_pick_1/inf_pick_2 | OTVZ:seis_pick_2/inf_pick_2 | SNVZ:seis_pick_2/inf_pick_2,S2I1S1I1S1I2S2I2S2I2,2500.0,2.5,1828520.0,5662064.0,1695.895142,0.5324850634739658,0.5892755074759439,5
ETVZ:seis_pick_1/inf_pick_1 | NGZ:seis_pick_1/inf_pick_2 | NOVZ:seis_pick_2/inf_pick_2 | OTVZ:seis_pick_1/inf_pick_1 | SNVZ:seis_pick_2/inf_pick_1,S1I1S1I2S2I2S1I1S2I1,3000.0,3.0,1828232.0,5661680.0,1707.919678,0.5326122538869673,-0.6690848234471192,5
ETVZ:seis_pick_2/inf_pick_2 | NGZ:seis_pick_1/inf_pick_2 | NOVZ:seis_pick_2/inf_pick_2 | OTVZ:seis_pick_1/inf_pick_2 | SNVZ:seis_pick_2/inf_pick_1,S2I2S1I2S2I2S1I2S2I1,2500.0,2.5,1827848.0,5661584.0,1803.133545,0.5343596116707141,0.041736178414064004,5
ETVZ:seis_pick_2/inf_pick_1 | NGZ:seis_pick_2/inf_pick_2 | NOVZ:seis_pick_2/inf_pick_2 | OTVZ:seis_pick_2/inf_pick_2 | SNVZ:seis_pick_1/inf_pick_1,S2I1S2I2S2I2S2I2S1I1,2500.0,2.5,1828040.0,5661776.0,1817.950928,0.5345542139314857,-0.515725178819951,5
ETVZ:seis_pick_2/inf_pick_2 | NGZ:seis_pick_1/inf_pick_2 | NOVZ:seis_pick_1/inf_pick_1 | OTVZ:seis_pick_1/inf_pick_2 | SNVZ:seis_pick_1/inf_pick_1,S2I2S1I2S1I1S1I2S1I1,2500.0,2.5,1827848.0,5661776.0,1864.244263,0.534919510851944,0.1163681779486275,5
ETVZ:seis_pick_1/inf_pick_1 | NGZ:seis_pick_2/inf_pick_1 | NOVZ:seis_pick_1/inf_pick_1 | OTVZ:seis_pick_1/inf_pick_2 | SNVZ:seis_pick_1/inf_pick_2,S1I1S2I1S1I1S1I2S1I2,3300.0,3.3,1828040.0,5662448.0,2043.867798,0.5359593800289165,0.08106565378257553,5
ETVZ:seis_pick_2/inf_pick_2 | NGZ:seis_pick_1/inf_pick_2 | NOVZ:seis_pick_2/inf_pick_1 | OTVZ:seis_pick_1/inf_pick_2 | SNVZ:seis_pick_1/inf_pick_1,S2I2S1I2S2I1S1I2S1I1,3300.0,3.3,1827752.0,5661968.0,2023.887207,0.5386296490377754,-0.5165200809327153,5
ETVZ:seis_pick_1/inf_pick_1 | NGZ:seis_pick_2/inf_pick_2 | NOVZ:seis_pick_2/inf_pick_2 | OTVZ:seis_pick_1/inf_pick_1 | SNVZ:seis_pick_2/inf_pick_1,S1I1S2I2S2I2S1I1S2I1,3000.0,3.0,1828040.0,5661584.0,1704.531738,0.5397612991036719,-0.8947905973358556,5
ETVZ:seis_pick_2/inf_pick_2 | NGZ:seis_pick_2/inf_pick_1 | NOVZ:seis_pick_1/inf_pick_2 | OTVZ:seis_pick_1/inf_pick_2 | SNVZ:seis_pick_2/inf_pick_1,S2I2S2I1S1I2S1I2S2I1,2500.0,2.5,1828040.0,5661488.0,1663.414795,0.5399323580966865,0.39604188171850263,5
ETVZ:seis_pick_1/inf_pick_2 | NGZ:seis_pick_2/inf_pick_2 | NOVZ:seis_pick_1/inf_pick_1 | OTVZ:seis_pick_1/inf_pick_2 | SNVZ:seis_pick_1/inf_pick_1,S1I2S2I2S1I1S1I2S1I1,3300.0,3.3,1827656.0,5661776.0,1961.905151,0.5399847134613027,-0.43521212015373256,5
ETVZ:seis_pick_2/inf_pick_1 | NGZ:seis_pick_2/inf_pick_1 | NOVZ:seis_pick_1/inf_pick_1 | OTVZ:seis_pick_1/inf_pick_2 | SNVZ:seis_pick_2/inf_pick_1,S2I1S2I1S1I1S1I2S2I1,3000.0,3.0,1828136.0,5661776.0,1782.875366,0.540021529640183,-0.42445884546864343,5
ETVZ:seis_pick_2/inf_pick_1 | NGZ:seis_pick_2/inf_pick_1 | NOVZ:seis_pick_1/inf_pick_1 | OTVZ:seis_pick_1/inf_pick_1 | SNVZ:seis_pick_1/inf_pick_1,S2I1S2I1S1I1S1I1S1I1,2500.0,2.5,1828328.0,5661872.0,1752.691528,0.5402981389060704,-0.28616033878997804,5
ETVZ:seis_pick_1/inf_pick_1 | NGZ:seis_pick_1/inf_pick_2 | NOVZ:seis_pick_2/inf_pick_1 | OTVZ:seis_pick_2/inf_pick_2 | SNVZ:seis_pick_1/inf_pick_1,S1I1S1I2S2I1S2I2S1I1,3300.0,3.3,1828040.0,5661968.0,1927.026855,0.5410783371317361,-0.8782661422691185,5
ETVZ:seis_pick_1/inf_pick_1 | NGZ:seis_pick_1/inf_pick_1 | NOVZ:seis_pick_1/inf_pick_2 | OTVZ:seis_pick_1/inf_pick_1 | SNVZ:seis_pick_1/inf_pick_1,S1I1S1I1S1I2S1I1S1I1,3300.0,3.3,1828424.0,5661776.0,1675.246094,0.5414026420055387,-0.1084068413860427,5
ETVZ:seis_pick_2/inf_pick_2 | NGZ:seis_pick_2/inf_pick_2 | NOVZ:seis_pick_2/inf_pick_1 | OTVZ:seis_pick_1/inf_pick_2 | SNVZ:seis_pick_1/inf_pick_1,S2I2S2I2S2I1S1I2S1I1,2500.0,2.5,1827656.0,5661872.0,2014.556152,0.5418522530206605,-0.3230787631440407,5
ETVZ:seis_pick_2/inf_pick_1 | NGZ:seis_pick_1/inf_pick_2 | NOVZ:seis_pick_2/inf_pick_2 | OTVZ:seis_pick_1/inf_pick_2 | SNVZ:seis_pick_2/inf_pick_2,S2I1S1I2S2I2S1I2S2I2,3300.0,3.3,1828040.0,5662256.0,2015.394897,0.542332093451467,-0.20874397820413967,5
ETVZ:seis_pick_1/inf_pick_2 | NGZ:seis_pick_2/inf_pick_2 | NOVZ:seis_pick_1/inf_pick_2 | OTVZ:seis_pick_1/inf_pick_2 | SNVZ:seis_pick_2/inf_pick_1,S1I2S2I2S1I2S1I2S2I1,2500.0,2.5,1827752.0,5661392.0,1729.678467,0.5425049575247054,0.0876630063061766,5
ETVZ:seis_pick_2/inf_pick_1 | NGZ:seis_pick_1/inf_pick_1 | NOVZ:seis_pick_1/inf_pick_1 | OTVZ:seis_pick_1/inf_pick_2 | SNVZ:seis_pick_1/inf_pick_1,S2I1S1I1S1I1S1I2S1I1,3300.0,3.3,1828232.0,5662064.0,1861.719849,0.542725617197422,-0.2133219078056335,5
ETVZ:seis_pick_2/inf_pick_1 | NGZ:seis_pick_1/inf_pick_1 | NOVZ:seis_pick_1/inf_pick_1 | OTVZ:seis_pick_1/inf_pick_2 | SNVZ:seis_pick_1/inf_pick_1,S2I1S1I1S1I1S1I2S1I1,3000.0,3.0,1828232.0,5662064.0,1861.719849,0.5430263662244174,-0.09157853831862592,5
ETVZ:seis_pick_1/inf_pick_1 | NGZ:seis_pick_2/inf_pick_2 | NOVZ:seis_pick_1/inf_pick_1 | OTVZ:seis_pick_1/inf_pick_1 | SNVZ:seis_pick_2/inf_pick_1,S1I1S2I2S1I1S1I1S2I1,3000.0,3.0,1828040.0,5661680.0,1747.83252,0.5436867332292643,-0.9915167661503222,5
ETVZ:seis_pick_2/inf_pick_2 | NGZ:seis_pick_2/inf_pick_1 | NOVZ:seis_pick_1/inf_pick_1 | OTVZ:seis_pick_1/inf_pick_2 | SNVZ:seis_pick_2/inf_pick_2,S2I2S2I1S1I1S1I2S2I2,3300.0,3.3,1827944.0,5662160.0,2062.442139,0.5439832842343096,0.1570718385543987,5
ETVZ:seis_pick_1/inf_pick_1 | NGZ:seis_pick_1/inf_pick_2 | NOVZ:seis_pick_1/inf_pick_2 | OTVZ:seis_pick_2/inf_pick_2 | SNVZ:seis_pick_1/inf_pick_1,S1I1S1I2S1I2S2I2S1I1,2500.0,2.5,1828232.0,5661680.0,1707.919678,0.5440907570383912,-0.009871660991766262,5
ETVZ:seis_pick_2/inf_pick_1 | NGZ:seis_pick_2/inf_pick_1 | NOVZ:seis_pick_1/inf_pick_1 | OTVZ:seis_pick_1/inf_pick_2 | SNVZ:seis_pick_2/inf_pick_1,S2I1S2I1S1I1S1I2S2I1,3300.0,3.3,1828136.0,5661872.0,1836.069458,0.544439807713863,-0.5653123809948444,5
ETVZ:seis_pick_1/inf_pick_2 | NGZ:seis_pick_2/inf_pick_2 | NOVZ:seis_pick_1/inf_pick_1 | OTVZ:seis_pick_1/inf_pick_2 | SNVZ:seis_pick_2/inf_pick_1,S1I2S2I2S1I1S1I2S2I1,3300.0,3.3,1827656.0,5661584.0,1848.386108,0.5444636321023612,-0.5798751989699715,5
ETVZ:seis_pick_1/inf_pick_1 | NGZ:seis_pick_1/inf_pick_2 | NOVZ:seis_pick_1/inf_pick_1 | OTVZ:seis_pick_1/inf_pick_1 | SNVZ:seis_pick_2/inf_pick_1,S1I1S1I2S1I1S1I1S2I1,3300.0,3.3,1828136.0,5661776.0,1782.875366,0.5456910237064421,-0.9177018795954435,5
ETVZ:seis_pick_1/inf_pick_2 | NGZ:seis_pick_1/inf_pick_2 | NOVZ:seis_pick_2/inf_pick_2 | OTVZ:seis_pick_1/inf_pick_2 | SNVZ:seis_pick_1/inf_pick_1,S1I2S1I2S2I2S1I2S1I1,3300.0,3.3,1827848.0,5661776.0,1864.244263,0.5460606420746402,-0.06304763410346528,5
ETVZ:seis_pick_1/inf_pick_1 | NGZ:seis_pick_1/inf_pick_2 | NOVZ:seis_pick_2/inf_pick_2 | OTVZ:seis_pick_1/inf_pick_2 | SNVZ:seis_pick_2/inf_pick_2,S1I1S1I2S2I2S1I2S2I2,2500.0,2.5,1827944.0,5662064.0,2013.466919,0.5468526304839627,0.32283241159825254,5
ETVZ:seis_pick_1/inf_pick_1 | NGZ:seis_pick_2/inf_pick_1 | NOVZ:seis_pick_1/inf_pick_1 | OTVZ:seis_pick_1/inf_pick_2 | SNVZ:seis_pick_2/inf_pick_1,S1I1S2I1S1I1S1I2S2I1,3300.0,3.3,1828040.0,5661776.0,1817.950928,0.5473464248614986,-0.4558073707751188,5
ETVZ:seis_pick_2/inf_pick_1 | NGZ:seis_pick_1/inf_pick_1 | NOVZ:seis_pick_1/inf_pick_2 | OTVZ:seis_pick_1/inf_pick_1 | SNVZ:seis_pick_2/inf_pick_1,S2I1S1I1S1I2S1I1S2I1,2500.0,2.5,1828520.0,5661584.0,1580.752686,0.5480837097570731,-0.009832127376333943,5
ETVZ:seis_pick_1/inf_pick_2 | NGZ:seis_pick_2/inf_pick_2 | NOVZ:seis_pick_1/inf_pick_2 | OTVZ:seis_pick_1/inf_pick_2 | SNVZ:seis_pick_1/inf_pick_1,S1I2S2I2S1I2S1I2S1I1,3000.0,3.0,1827752.0,5661584.0,1850.710449,0.5483861876088643,-0.01322742413154252,5
ETVZ:seis_pick_2/inf_pick_1 | NGZ:seis_pick_2/inf_pick_2 | NOVZ:seis_pick_1/inf_pick_1 | OTVZ:seis_pick_1/inf_pick_1 | SNVZ:seis_pick_1/inf_pick_1,S2I1S2I2S1I1S1I1S1I1,3000.0,3.0,1828136.0,5661872.0,1836.069458,0.5485354971629484,-0.9371988880390617,5
ETVZ:seis_pick_1/inf_pick_1 | NGZ:seis_pick_2/inf_pick_2 | NOVZ:seis_pick_2/inf_pick_2 | OTVZ:seis_pick_2/inf_pick_2 | SNVZ:seis_pick_1/inf_pick_1,S1I1S2I2S2I2S2I2S1I1,3300.0,3.3,1828040.0,5661776.0,1817.950928,0.549237528915187,-0.783669562573056,5
ETVZ:seis_pick_2/inf_pick_2 | NGZ:seis_pick_2/inf_pick_1 | NOVZ:seis_pick_1/inf_pick_1 | OTVZ:seis_pick_1/inf_pick_2 | SNVZ:seis_pick_1/inf_pick_1,S2I2S2I1S1I1S1I2S1I1,3300.0,3.3,1827944.0,5661872.0,1879.445679,0.5495440748111297,-0.11149407444686688,5
ETVZ:seis_pick_2/inf_pick_1 | NGZ:seis_pick_1/inf_pick_1 | NOVZ:seis_pick_1/inf_pick_1 | OTVZ:seis_pick_1/inf_pick_2 | SNVZ:seis_pick_1/inf_pick_1,S2I1S1I1S1I1S1I2S1I1,2500.0,2.5,1828232.0,5661968.0,1833.125488,0.5498168007778768,0.19808860824294836,5
ETVZ:seis_pick_1/inf_pick_1 | NGZ:seis_pick_1/inf_pick_2 | NOVZ:seis_pick_2/inf_pick_2 | OTVZ:seis_pick_2/inf_pick_2 | SNVZ:seis_pick_1/inf_pick_1,S1I1S1I2S2I2S2I2S1I1,2500.0,2.5,1828136.0,5661776.0,1782.875366,0.55019415452716,-0.18167594396935005,5
ETVZ:seis_pick_2/inf_pick_2 | NGZ:seis_pick_1/inf_pick_1 | NOVZ:seis_pick_1/inf_pick_2 | OTVZ:seis_pick_1/inf_pick_2 | SNVZ:seis_pick_1/inf_pick_1,S2I2S1I1S1I2S1I2S1I1,3000.0,3.0,1828136.0,5661680.0,1731.645752,0.5503303077396351,0.5128574945363182,5
ETVZ:seis_pick_1/inf_pick_1 | NGZ:seis_pick_2/inf_pick_1 | NOVZ:seis_pick_1/inf_pick_1 | OTVZ:seis_pick_1/inf_pick_2 | SNVZ:seis_pick_2/inf_pick_1,S1I1S2I1S1I1S1I2S2I1,3000.0,3.0,1828040.0,5661776.0,1817.950928,0.5507677536973052,-0.33406128072084407,5
ETVZ:seis_pick_2/inf_pick_1 | NGZ:seis_pick_1/inf_pick_1 | NOVZ:seis_pick_2/inf_pick_1 | OTVZ:seis_pick_2/inf_pick_2 | SNVZ:seis_pick_2/inf_pick_2,S2I1S1I1S2I1S2I2S2I2,3300.0,3.3,1828328.0,5662448.0,1861.943481,0.55179073975132,-0.32853904302156745,5
ETVZ:seis_pick_2/inf_pick_1 | NGZ:seis_pick_1/inf_pick_1 | NOVZ:seis_pick_1/inf_pick_1 | OTVZ:seis_pick_2/inf_pick_2 | SNVZ:seis_pick_1/inf_pick_1,S2I1S1I1S1I1S2I2S1I1,3000.0,3.0,1828328.0,5661968.0,1780.70813,0.5518909133731195,-0.31179552219747675,5
ETVZ:seis_pick_2/inf_pick_2 | NGZ:seis_pick_1/inf_pick_1 | NOVZ:seis_pick_2/inf_pick_2 | OTVZ:seis_pick_1/inf_pick_2 | SNVZ:seis_pick_2/inf_pick_2,S2I2S1I1S2I2S1I2S2I2,3000.0,3.0,1828136.0,5662160.0,1946.274292,0.55236676424611,0.6465773269474507,5
ETVZ:seis_pick_1/inf_pick_1 | NGZ:seis_pick_2/inf_pick_1 | NOVZ:seis_pick_1/inf_pick_1 | OTVZ:seis_pick_1/inf_pick_2 | SNVZ:seis_pick_1/inf_pick_2,S1I1S2I1S1I1S1I2S1I2,3000.0,3.0,1828040.0,5662448.0,2043.867798,0.5527628294564687,0.20513220919397918,5
ETVZ:seis_pick_2/inf_pick_2 | NGZ:seis_pick_2/inf_pick_1 | NOVZ:seis_pick_1/inf_pick_2 | OTVZ:seis_pick_1/inf_pick_2 | SNVZ:seis_pick_2/inf_pick_2,S2I2S2I1S1I2S1I2S2I2,3000.0,3.0,1828040.0,5661968.0,1927.026855,0.5540623738113929,0.6177227786129691,5
ETVZ:seis_pick_2/inf_pick_1 | NGZ:seis_pick_1/inf_pick_1 | NOVZ:seis_pick_1/inf_pick_2 | OTVZ:seis_pick_1/inf_pick_1 | SNVZ:seis_pick_2/inf_pick_2,S2I1S1I1S1I2S1I1S2I2,3300.0,3.3,1828520.0,5662160.0,1702.077515,0.5543312489133462,0.10762517925563557,5
ETVZ:seis_pick_1/inf_pick_1 | NGZ:seis_pick_2/inf_pick_1 | NOVZ:seis_pick_1/inf_pick_1 | OTVZ:seis_pick_2/inf_pick_2 | SNVZ:seis_pick_1/inf_pick_1,S1I1S2I1S1I1S2I2S1I1,3000.0,3.0,1828232.0,5661872.0,1779.748779,0.5545380743562252,-0.3790161622385376,5
ETVZ:seis_pick_1/inf_pick_2 | NGZ:seis_pick_2/inf_pick_2 | NOVZ:seis_pick_2/inf_pick_2 | OTVZ:seis_pick_1/inf_pick_2 | SNVZ:seis_pick_1/inf_pick_1,S1I2S2I2S2I2S1I2S1I1,3000.0,3.0,1827656.0,5661680.0,1897.401855,0.5545658580010974,-0.19664205019362874,5
ETVZ:seis_pick_2/inf_pick_2 | NGZ:seis_pick_1/inf_pick_2 | NOVZ:seis_pick_1/inf_pick_1 | OTVZ:seis_pick_1/inf_pick_2 | SNVZ:seis_pick_2/inf_pick_1,S2I2S1I2S1I1S1I2S2I1,3000.0,3.0,1827848.0,5661680.0,1823.050049,0.5546210740667926,-0.3215673003598022,5
ETVZ:seis_pick_1/inf_pick_1 | NGZ:seis_pick_1/inf_pick_2 | NOVZ:seis_pick_1/inf_pick_2 | OTVZ:seis_pick_1/inf_pick_1 | SNVZ:seis_pick_1/inf_pick_1,S1I1S1I2S1I2S1I1S1I1,3300.0,3.3,1828232.0,5661680.0,1707.919678,0.5549909854746067,-0.4716610319662419,5
ETVZ:seis_pick_2/inf_pick_1 | NGZ:seis_pick_1/inf_pick_1 | NOVZ:seis_pick_2/inf_pick_2 | OTVZ:seis_pick_2/inf_pick_2 | SNVZ:seis_pick_2/inf_pick_2,S2I1S1I1S2I2S2I2S2I2,2500.0,2.5,1828424.0,5662160.0,1740.991333,0.5557874431531648,0.4146523615166787,5
ETVZ:seis_pick_1/inf_pick_1 | NGZ:seis_pick_1/inf_pick_2 | NOVZ:seis_pick_1/inf_pick_2 | OTVZ:seis_pick_1/inf_pick_1 | SNVZ:seis_pick_2/inf_pick_1,S1I1S1I2S1I2S1I1S2I1,2500.0,2.5,1828232.0,5661488.0,1616.910156,0.5566491483922048,-0.2647597547788516,5
ETVZ:seis_pick_2/inf_pick_2 | NGZ:seis_pick_1/inf_pick_1 | NOVZ:seis_pick_1/inf_pick_2 | OTVZ:seis_pick_1/inf_pick_2 | SNVZ:seis_pick_2/inf_pick_2,S2I2S1I1S1I2S1I2S2I2,2500.0,2.5,1828136.0,5661968.0,1868.978394,0.55742634589815,1.1087970552887598,5
ETVZ:seis_pick_1/inf_pick_1 | NGZ:seis_pick_2/inf_pick_2 | NOVZ:seis_pick_1/inf_pick_2 | OTVZ:seis_pick_1/inf_pick_1 | SNVZ:seis_pick_2/inf_pick_1,S1I1S2I2S1I2S1I1S2I1,3000.0,3.0,1828136.0,5661488.0,1647.28064,0.5577623390154967,-0.7347500550744753,5
ETVZ:seis_pick_1/inf_pick_1 | NGZ:seis_pick_2/inf_pick_1 | NOVZ:seis_pick_2/inf_pick_2 | OTVZ:seis_pick_1/inf_pick_1 | SNVZ:seis_pick_1/inf_pick_1,S1I1S2I1S2I2S1I1S1I1,3300.0,3.3,1828232.0,5661872.0,1779.748779,0.5586695440595459,-0.4839283880307521,5
ETVZ:seis_pick_2/inf_pick_2 | NGZ:seis_pick_2/inf_pick_1 | NOVZ:seis_pick_2/inf_pick_2 | OTVZ:seis_pick_1/inf_pick_2 | SNVZ:seis_pick_2/inf_pick_2,S2I2S2I1S2I2S1I2S2I2,3000.0,3.0,1827944.0,5662064.0,2013.466919,0.5599391279917688,0.40982292404619314,5
ETVZ:seis_pick_1/inf_pick_1 | NGZ:seis_pick_1/inf_pick_2 | NOVZ:seis_pick_2/inf_pick_2 | OTVZ:seis_pick_1/inf_pick_1 | SNVZ:seis_pick_1/inf_pick_1,S1I1S1I2S2I2S1I1S1I1,3300.0,3.3,1828232.0,5661776.0,1756.203979,0.5603314691999589,-0.6188315203520783,5
ETVZ:seis_pick_1/inf_pick_1 | NGZ:seis_pick_2/inf_pick_2 | NOVZ:seis_pick_1/inf_pick_1 | OTVZ:seis_pick_2/inf_pick_2 | SNVZ:seis_pick_1/inf_pick_1,S1I1S2I2S1I1S2I2S1I1,3000.0,3.0,1827944.0,5661872.0,1879.445679,0.5615945389946072,-0.8018873805095345,5
ETVZ:seis_pick_1/inf_pick_1 | NGZ:seis_pick_2/inf_pick_2 | NOVZ:seis_pick_2/inf_pick_1 | OTVZ:seis_pick_2/inf_pick_2 | SNVZ:seis_pick_1/inf_pick_1,S1I1S2I2S2I1S2I2S1I1,3000.0,3.0,1827944.0,5661968.0,1945.640259,0.5626860509191218,-0.969997009540311,5
ETVZ:seis_pick_2/inf_pick_1 | NGZ:seis_pick_2/inf_pick_2 | NOVZ:seis_pick_2/inf_pick_2 | OTVZ:seis_pick_1/inf_pick_1 | SNVZ:seis_pick_1/inf_pick_1,S2I1S2I2S2I2S1I1S1I1,3300.0,3.3,1828136.0,5661776.0,1782.875366,0.5630881249707698,-0.9483732403909368,5
ETVZ:seis_pick_2/inf_pick_1 | NGZ:seis_pick_2/inf_pick_1 | NOVZ:seis_pick_2/inf_pick_1 | OTVZ:seis_pick_2/inf_pick_2 | SNVZ:seis_pick_1/inf_pick_1,S2I1S2I1S2I1S2I2S1I1,2500.0,2.5,1828232.0,5662064.0,1861.719849,0.5634061077225786,-0.41505945901026886,5
ETVZ:seis_pick_2/inf_pick_1 | NGZ:seis_pick_2/inf_pick_1 | NOVZ:seis_pick_2/inf_pick_1 | OTVZ:seis_pick_1/inf_pick_1 | SNVZ:seis_pick_1/inf_pick_1,S2I1S2I1S2I1S1I1S1I1,3000.0,3.0,1828232.0,5662064.0,1861.719849,0.5635268901814074,-0.7575568469940064,5
ETVZ:seis_pick_1/inf_pick_1 | NGZ:seis_pick_1/inf_pick_1 | NOVZ:seis_pick_1/inf_pick_2 | OTVZ:seis_pick_2/inf_pick_2 | SNVZ:seis_pick_2/inf_pick_1,S1I1S1I1S1I2S2I2S2I1,3300.0,3.3,1828424.0,5661584.0,1603.305054,0.5635864424436096,-0.21085761744827317,5
ETVZ:seis_pick_1/inf_pick_1 | NGZ:seis_pick_2/inf_pick_2 | NOVZ:seis_pick_2/inf_pick_1 | OTVZ:seis_pick_1/inf_pick_1 | SNVZ:seis_pick_2/inf_pick_1,S1I1S2I2S2I1S1I1S2I1,3300.0,3.3,1827944.0,5661776.0,1826.723999,0.5644042442933085,-1.29601410244581,5
ETVZ:seis_pick_1/inf_pick_2 | NGZ:seis_pick_2/inf_pick_1 | NOVZ:seis_pick_1/inf_pick_2 | OTVZ:seis_pick_1/inf_pick_2 | SNVZ:seis_pick_1/inf_pick_1,S1I2S2I1S1I2S1I2S1I1,3000.0,3.0,1827944.0,5661680.0,1773.920288,0.5645846093620123,0.39576304573317156,5
ETVZ:seis_pick_1/inf_pick_1 | NGZ:seis_pick_1/inf_pick_1 | NOVZ:seis_pick_1/inf_pick_2 | OTVZ:seis_pick_2/inf_pick_2 | SNVZ:seis_pick_1/inf_pick_1,S1I1S1I1S1I2S2I2S1I1,2500.0,2.5,1828424.0,5661680.0,1639.828735,0.5650839339704324,0.357195336276442,5
ETVZ:seis_pick_1/inf_pick_1 | NGZ:seis_pick_2/inf_pick_1 | NOVZ:seis_pick_2/inf_pick_2 | OTVZ:seis_pick_2/inf_pick_2 | SNVZ:seis_pick_1/inf_pick_1,S1I1S2I1S2I2S2I2S1I1,2500.0,2.5,1828232.0,5661776.0,1756.203979,0.5651242937735147,-0.010737405766892217,5
ETVZ:seis_pick_2/inf_pick_2 | NGZ:seis_pick_2/inf_pick_1 | NOVZ:seis_pick_2/inf_pick_2 | OTVZ:seis_pick_1/inf_pick_2 | SNVZ:seis_pick_1/inf_pick_1,S2I2S2I1S2I2S1I2S1I1,2500.0,2.5,1827944.0,5661776.0,1826.723999,0.566195018625615,0.3913257278821044,5
ETVZ:seis_pick_2/inf_pick_1 | NGZ:seis_pick_1/inf_pick_1 | NOVZ:seis_pick_1/inf_pick_2 | OTVZ:seis_pick_1/inf_pick_2 | SNVZ:seis_pick_2/inf_pick_1,S2I1S1I1S1I2S1I2S2I1,2500.0,2.5,1828328.0,5661584.0,1637.31189,0.566417078103916,0.30991199458767615,5
ETVZ:seis_pick_2/inf_pick_2 | NGZ:seis_pick_1/inf_pick_1 | NOVZ:seis_pick_1/inf_pick_1 | OTVZ:seis_pick_1/inf_pick_2 | SNVZ:seis_pick_2/inf_pick_2,S2I2S1I1S1I1S1I2S2I2,3300.0,3.3,1828040.0,5662256.0,2015.394897,0.5675921056072687,0.3617095299273611,5
ETVZ:seis_pick_1/inf_pick_1 | NGZ:seis_pick_1/inf_pick_2 | NOVZ:seis_pick_1/inf_pick_1 | OTVZ:seis_pick_2/inf_pick_2 | SNVZ:seis_pick_2/inf_pick_1,S1I1S1I2S1I1S2I2S2I1,2500.0,2.5,1828136.0,5661680.0,1731.645752,0.5709688010092862,-0.4424658517766137,5
ETVZ:seis_pick_2/inf_pick_2 | NGZ:seis_pick_1/inf_pick_2 | NOVZ:seis_pick_2/inf_pick_1 | OTVZ:seis_pick_1/inf_pick_2 | SNVZ:seis_pick_1/inf_pick_1,S2I2S1I2S2I1S1I2S1I1,3000.0,3.0,1827752.0,5661968.0,2023.887207,0.5719381279959272,-0.3928348558747718,5
ETVZ:seis_pick_2/inf_pick_1 | NGZ:seis_pick_2/inf_pick_1 | NOVZ:seis_pick_1/inf_pick_1 | OTVZ:seis_pick_2/inf_pick_2 | SNVZ:seis_pick_2/inf_pick_2,S2I1S2I1S1I1S2I2S2I2,3300.0,3.3,1828232.0,5662256.0,1871.278687,0.5734556086291908,-0.33408732609420716,5
ETVZ:seis_pick_1/inf_pick_1 | NGZ:seis_pick_1/inf_pick_2 | NOVZ:seis_pick_2/inf_pick_1 | OTVZ:seis_pick_2/inf_pick_2 | SNVZ:seis_pick_2/inf_pick_1,S1I1S1I2S2I1S2I2S2I1,3300.0,3.3,1828040.0,5661872.0,1862.954834,0.5735861118465849,-1.029652679945123,5
ETVZ:seis_pick_2/inf_pick_1 | NGZ:seis_pick_1/inf_pick_1 | NOVZ:seis_pick_2/inf_pick_2 | OTVZ:seis_pick_1/inf_pick_1 | SNVZ:seis_pick_2/inf_pick_2,S2I1S1I1S2I2S1I1S2I2,3300.0,3.3,1828424.0,5662256.0,1795.46814,0.5742013993498162,-0.08394658788270473,5
ETVZ:seis_pick_2/inf_pick_1 | NGZ:seis_pick_1/inf_pick_2 | NOVZ:seis_pick_2/inf_pick_1 | OTVZ:seis_pick_1/inf_pick_1 | SNVZ:seis_pick_1/inf_pick_1,S2I1S1I2S2I1S1I1S1I1,2500.0,2.5,1828136.0,5661968.0,1868.978394,0.5745745456158089,-0.6431413087269398,5
ETVZ:seis_pick_1/inf_pick_1 | NGZ:seis_pick_2/inf_pick_1 | NOVZ:seis_pick_1/inf_pick_1 | OTVZ:seis_pick_1/inf_pick_2 | SNVZ:seis_pick_2/inf_pick_1,S1I1S2I1S1I1S1I2S2I1,2500.0,2.5,1828040.0,5661776.0,1817.950928,0.5747066822740949,-0.06621988260143681,5
ETVZ:seis_pick_1/inf_pick_1 | NGZ:seis_pick_1/inf_pick_2 | NOVZ:seis_pick_2/inf_pick_1 | OTVZ:seis_pick_2/inf_pick_2 | SNVZ:seis_pick_1/inf_pick_1,S1I1S1I2S2I1S2I2S1I1,3000.0,3.0,1828040.0,5661968.0,1927.026855,0.5747388622919658,-0.7559670186196612,5
ETVZ:seis_pick_2/inf_pick_1 | NGZ:seis_pick_1/inf_pick_1 | NOVZ:seis_pick_1/inf_pick_1 | OTVZ:seis_pick_1/inf_pick_1 | SNVZ:seis_pick_1/inf_pick_1,S2I1S1I1S1I1S1I1S1I1,3300.0,3.3,1828424.0,5661968.0,1733.215942,0.5751889576545302,-0.4827160012186843,5
ETVZ:seis_pick_1/inf_pick_1 | NGZ:seis_pick_2/inf_pick_1 | NOVZ:seis_pick_2/inf_pick_2 | OTVZ:seis_pick_1/inf_pick_1 | SNVZ:seis_pick_2/inf_pick_1,S1I1S2I1S2I2S1I1S2I1,3300.0,3.3,1828328.0,5661680.0,1673.186646,0.5752749314655874,-0.6217883641019452,5
ETVZ:seis_pick_1/inf_pick_1 | NGZ:seis_pick_2/inf_pick_2 | NOVZ:seis_pick_2/inf_pick_2 | OTVZ:seis_pick_2/inf_pick_2 | SNVZ:seis_pick_1/inf_pick_1,S1I1S2I2S2I2S2I2S1I1,3000.0,3.0,1828040.0,5661776.0,1817.950928,0.5756811775901046,-0.6619234725187813,5
ETVZ:seis_pick_2/inf_pick_2 | NGZ:seis_pick_2/inf_pick_1 | NOVZ:seis_pick_1/inf_pick_1 | OTVZ:seis_pick_1/inf_pick_2 | SNVZ:seis_pick_2/inf_pick_2,S2I2S2I1S1I1S1I2S2I2,3000.0,3.0,1827944.0,5662160.0,2062.442139,0.5759233943024102,0.28062005528388684,5
ETVZ:seis_pick_1/inf_pick_1 | NGZ:seis_pick_2/inf_pick_2 | NOVZ:seis_pick_2/inf_pick_1 | OTVZ:seis_pick_2/inf_pick_2 | SNVZ:seis_pick_2/inf_pick_1,S1I1S2I2S2I1S2I2S2I1,2500.0,2.5,1827944.0,5661776.0,1826.723999,0.5764154194353556,-0.8307444966420482,5
ETVZ:seis_pick_2/inf_pick_1 | NGZ:seis_pick_2/inf_pick_1 | NOVZ:seis_pick_2/inf_pick_2 | OTVZ:seis_pick_1/inf_pick_2 | SNVZ:seis_pick_1/inf_pick_2,S2I1S2I1S2I2S1I2S1I2,3000.0,3.0,1828136.0,5662352.0,1970.850952,0.5768821632800366,0.2549682294249219,5
ETVZ:seis_pick_1/inf_pick_1 | NGZ:seis_pick_1/inf_pick_2 | NOVZ:seis_pick_1/inf_pick_1 | OTVZ:seis_pick_1/inf_pick_1 | SNVZ:seis_pick_1/inf_pick_1,S1I1S1I2S1I1S1I1S1I1,3300.0,3.3,1828136.0,5661872.0,1836.069458,0.5776674019836645,-0.7552216998594364,5
ETVZ:seis_pick_1/inf_pick_1 | NGZ:seis_pick_2/inf_pick_1 | NOVZ:seis_pick_2/inf_pick_1 | OTVZ:seis_pick_1/inf_pick_2 | SNVZ:seis_pick_1/inf_pick_2,S1I1S2I1S2I1S1I2S1I2,2500.0,2.5,1827944.0,5662544.0,2111.566162,0.5782022396133935,0.2565211331974012,5
ETVZ:seis_pick_2/inf_pick_1 | NGZ:seis_pick_2/inf_pick_1 | NOVZ:seis_pick_2/inf_pick_1 | OTVZ:seis_pick_2/inf_pick_2 | SNVZ:seis_pick_2/inf_pick_2,S2I1S2I1S2I1S2I2S2I2,3300.0,3.3,1828232.0,5662352.0,1933.467285,0.5789167575773401,-0.5177556298549904,5
ETVZ:seis_pick_1/inf_pick_2 | NGZ:seis_pick_2/inf_pick_2 | NOVZ:seis_pick_1/inf_pick_1 | OTVZ:seis_pick_1/inf_pick_2 | SNVZ:seis_pick_2/inf_pick_1,S1I2S2I2S1I1S1I2S2I1,3000.0,3.0,1827656.0,5661584.0,1848.386108,0.5791217313242097,-0.45666778913879913,5
ETVZ:seis_pick_2/inf_pick_2 | NGZ:seis_pick_2/inf_pick_1 | NOVZ:seis_pick_1/inf_pick_1 | OTVZ:seis_pick_1/inf_pick_2 | SNVZ:seis_pick_1/inf_pick_1,S2I2S2I1S1I1S1I2S1I1,3000.0,3.0,1827944.0,5661872.0,1879.445679,0.5792229620003566,0.010809997701732677,5
ETVZ:seis_pick_2/inf_pick_1 | NGZ:seis_pick_2/inf_pick_1 | NOVZ:seis_pick_2/inf_pick_2 | OTVZ:seis_pick_1/inf_pick_2 | SNVZ:seis_pick_1/inf_pick_2,S2I1S2I1S2I2S1I2S1I2,2500.0,2.5,1828136.0,5662352.0,1970.850952,0.5792674890247463,0.5258974371317489,5
ETVZ:seis_pick_2/inf_pick_1 | NGZ:seis_pick_2/inf_pick_2 | NOVZ:seis_pick_2/inf_pick_2 | OTVZ:seis_pick_1/inf_pick_1 | SNVZ:seis_pick_1/inf_pick_1,S2I1S2I2S2I2S1I1S1I1,3000.0,3.0,1828136.0,5661776.0,1782.875366,0.5798270019183115,-0.8269830123789005,5
ETVZ:seis_pick_1/inf_pick_1 | NGZ:seis_pick_1/inf_pick_1 | NOVZ:seis_pick_1/inf_pick_2 | OTVZ:seis_pick_1/inf_pick_1 | SNVZ:seis_pick_1/inf_pick_1,S1I1S1I1S1I2S1I1S1I1,3000.0,3.0,1828424.0,5661776.0,1675.246094,0.5802427066923761,0.012171922026097626,5
ETVZ:seis_pick_1/inf_pick_2 | NGZ:seis_pick_2/inf_pick_2 | NOVZ:seis_pick_1/inf_pick_1 | OTVZ:seis_pick_1/inf_pick_2 | SNVZ:seis_pick_1/inf_pick_1,S1I2S2I2S1I1S1I2S1I1,3000.0,3.0,1827656.0,5661776.0,1961.905151,0.5805649266715155,-0.31158489722691163,5
ETVZ:seis_pick_1/inf_pick_1 | NGZ:seis_pick_1/inf_pick_1 | NOVZ:seis_pick_1/inf_pick_2 | OTVZ:seis_pick_2/inf_pick_2 | SNVZ:seis_pick_2/inf_pick_2,S1I1S1I1S1I2S2I2S2I2,3300.0,3.3,1828424.0,5662064.0,1744.648804,0.5809832094004214,0.30317595074808085,5
ETVZ:seis_pick_2/inf_pick_1 | NGZ:seis_pick_2/inf_pick_2 | NOVZ:seis_pick_1/inf_pick_2 | OTVZ:seis_pick_2/inf_pick_2 | SNVZ:seis_pick_1/inf_pick_1,S2I1S2I2S1I2S2I2S1I1,3300.0,3.3,1828136.0,5661680.0,1731.645752,0.5810432203203005,-0.7246750563507988,5
ETVZ:seis_pick_2/inf_pick_1 | NGZ:seis_pick_2/inf_pick_1 | NOVZ:seis_pick_2/inf_pick_2 | OTVZ:seis_pick_1/inf_pick_2 | SNVZ:seis_pick_1/inf_pick_2,S2I1S2I1S2I2S1I2S1I2,3300.0,3.3,1828136.0,5662352.0,1970.850952,0.5812376227932453,0.13181858955818235,5
ETVZ:seis_pick_2/inf_pick_1 | NGZ:seis_pick_1/inf_pick_2 | NOVZ:seis_pick_2/inf_pick_1 | OTVZ:seis_pick_1/inf_pick_1 | SNVZ:seis_pick_2/inf_pick_1,S2I1S1I2S2I1S1I1S2I1,2500.0,2.5,1828136.0,5661872.0,1836.069458,0.5821629080472033,-0.8061158157962174,5
ETVZ:seis_pick_1/inf_pick_1 | NGZ:seis_pick_1/inf_pick_1 | NOVZ:seis_pick_1/inf_pick_1 | OTVZ:seis_pick_1/inf_pick_2 | SNVZ:seis_pick_1/inf_pick_1,S1I1S1I1S1I1S1I2S1I1,3300.0,3.3,1828136.0,5662064.0,1926.312866,0.5827474165069594,-0.13223997927800984,5
ETVZ:seis_pick_2/inf_pick_1 | NGZ:seis_pick_1/inf_pick_1 | NOVZ:seis_pick_1/inf_pick_2 | OTVZ:seis_pick_1/inf_pick_1 | SNVZ:seis_pick_2/inf_pick_2,S2I1S1I1S1I2S1I1S2I2,3000.0,3.0,1828520.0,5662064.0,1695.895142,0.5827893402799504,0.24882014483616963,5
ETVZ:seis_pick_1/inf_pick_1 | NGZ:seis_pick_1/inf_pick_1 | NOVZ:seis_pick_2/inf_pick_2 | OTVZ:seis_pick_2/inf_pick_2 | SNVZ:seis_pick_1/inf_pick_1,S1I1S1I1S2I2S2I2S1I1,3300.0,3.3,1828328.0,5661872.0,1752.691528,0.5828740959561365,-0.20401033962634915,5
ETVZ:seis_pick_1/inf_pick_1 | NGZ:seis_pick_2/inf_pick_1 | NOVZ:seis_pick_2/inf_pick_2 | OTVZ:seis_pick_1/inf_pick_2 | SNVZ:seis_pick_1/inf_pick_2,S1I1S2I1S2I2S1I2S1I2,3300.0,3.3,1828136.0,5662352.0,1970.850952,0.583274730062819,0.25346169397875934,5
ETVZ:seis_pick_1/inf_pick_1 | NGZ:seis_pick_1/inf_pick_2 | NOVZ:seis_pick_1/inf_pick_1 | OTVZ:seis_pick_1/inf_pick_1 | SNVZ:seis_pick_2/inf_pick_1,S1I1S1I2S1I1S1I1S2I1,3000.0,3.0,1828136.0,5661680.0,1731.645752,0.5837650911802618,-0.7838747051001542,5
ETVZ:seis_pick_1/inf_pick_1 | NGZ:seis_pick_2/inf_pick_1 | NOVZ:seis_pick_1/inf_pick_2 | OTVZ:seis_pick_1/inf_pick_1 | SNVZ:seis_pick_2/inf_pick_1,S1I1S2I1S1I2S1I1S2I1,2500.0,2.5,1828328.0,5661488.0,1598.106201,0.5839270116345274,-0.10213080336964886,5
ETVZ:seis_pick_1/inf_pick_1 | NGZ:seis_pick_1/inf_pick_1 | NOVZ:seis_pick_1/inf_pick_2 | OTVZ:seis_pick_1/inf_pick_2 | SNVZ:seis_pick_2/inf_pick_1,S1I1S1I1S1I2S1I2S2I1,3000.0,3.0,1828232.0,5661584.0,1658.624878,0.5840264337052014,0.1472644501774992,5
ETVZ:seis_pick_1/inf_pick_1 | NGZ:seis_pick_1/inf_pick_2 | NOVZ:seis_pick_1/inf_pick_2 | OTVZ:seis_pick_1/inf_pick_1 | SNVZ:seis_pick_1/inf_pick_1,S1I1S1I2S1I2S1I1S1I1,3000.0,3.0,1828232.0,5661680.0,1707.919678,0.5850324470578172,-0.3506837207593181,5
ETVZ:seis_pick_1/inf_pick_2 | NGZ:seis_pick_1/inf_pick_2 | NOVZ:seis_pick_2/inf_pick_2 | OTVZ:seis_pick_1/inf_pick_2 | SNVZ:seis_pick_1/inf_pick_1,S1I2S1I2S2I2S1I2S1I1,3000.0,3.0,1827848.0,5661680.0,1823.050049,0.5851596775937264,0.0729910349360308,5
ETVZ:seis_pick_2/inf_pick_2 | NGZ:seis_pick_2/inf_pick_2 | NOVZ:seis_pick_2/inf_pick_1 | OTVZ:seis_pick_1/inf_pick_2 | SNVZ:seis_pick_2/inf_pick_1,S2I2S2I2S2I1S1I2S2I1,2500.0,2.5,1827656.0,5661680.0,1897.401855,0.5851820753934153,-0.4562787367850342,5
ETVZ:seis_pick_2/inf_pick_1 | NGZ:seis_pick_2/inf_pick_2 | NOVZ:seis_pick_1/inf_pick_2 | OTVZ:seis_pick_2/inf_pick_2 | SNVZ:seis_pick_1/inf_pick_1,S2I1S2I2S1I2S2I2S1I1,3000.0,3.0,1828136.0,5661680.0,1731.645752,0.5866277111475889,-0.6034264753456983,5
ETVZ:seis_pick_2/inf_pick_1 | NGZ:seis_pick_2/inf_pick_1 | NOVZ:seis_pick_1/inf_pick_1 | OTVZ:seis_pick_1/inf_pick_1 | SNVZ:seis_pick_2/inf_pick_1,S2I1S2I1S1I1S1I1S2I1,2500.0,2.5,1828328.0,5661776.0,1708.478394,0.5869465850476118,-0.4544947687630204,5
ETVZ:seis_pick_1/inf_pick_1 | NGZ:seis_pick_1/inf_pick_2 | NOVZ:seis_pick_1/inf_pick_1 | OTVZ:seis_pick_2/inf_pick_2 | SNVZ:seis_pick_1/inf_pick_1,S1I1S1I2S1I1S2I2S1I1,2500.0,2.5,1828136.0,5661872.0,1836.069458,0.5876137987366119,-0.2914096335755195,5
ETVZ:seis_pick_2/inf_pick_1 | NGZ:seis_pick_1/inf_pick_1 | NOVZ:seis_pick_2/inf_pick_1 | OTVZ:seis_pick_2/inf_pick_2 | SNVZ:seis_pick_2/inf_pick_2,S2I1S1I1S2I1S2I2S2I2,3000.0,3.0,1828328.0,5662448.0,1861.943481,0.587773167044029,-0.2058396945829351,5
ETVZ:seis_pick_1/inf_pick_1 | NGZ:seis_pick_2/inf_pick_1 | NOVZ:seis_pick_1/inf_pick_1 | OTVZ:seis_pick_1/inf_pick_2 | SNVZ:seis_pick_1/inf_pick_2,S1I1S2I1S1I1S1I2S1I2,2500.0,2.5,1828040.0,5662352.0,2016.082642,0.5879461082831215,0.5183869801185297,5
ETVZ:seis_pick_1/inf_pick_1 | NGZ:seis_pick_1/inf_pick_1 | NOVZ:seis_pick_1/inf_pick_2 | OTVZ:seis_pick_1/inf_pick_2 | SNVZ:seis_pick_2/inf_pick_1,S1I1S1I1S1I2S1I2S2I1,3300.0,3.3,1828232.0,5661680.0,1707.919678,0.5882528235749648,0.021834878569099558,5
ETVZ:seis_pick_1/inf_pick_1 | NGZ:seis_pick_1/inf_pick_1 | NOVZ:seis_pick_1/inf_pick_2 | OTVZ:seis_pick_2/inf_pick_2 | SNVZ:seis_pick_2/inf_pick_1,S1I1S1I1S1I2S2I2S2I1,3000.0,3.0,1828424.0,5661584.0,1603.305054,0.5883550207416629,-0.09033325274986428,5
ETVZ:seis_pick_2/inf_pick_1 | NGZ:seis_pick_1/inf_pick_1 | NOVZ:seis_pick_2/inf_pick_2 | OTVZ:seis_pick_1/inf_pick_1 | SNVZ:seis_pick_1/inf_pick_1,S2I1S1I1S2I2S1I1S1I1,2500.0,2.5,1828424.0,5661872.0,1701.829712,0.5887462993484994,0.010187258443200165,5
ETVZ:seis_pick_1/inf_pick_1 | NGZ:seis_pick_1/inf_pick_1 | NOVZ:seis_pick_1/inf_pick_2 | OTVZ:seis_pick_1/inf_pick_2 | SNVZ:seis_pick_2/inf_pick_1,S1I1S1I1S1I2S1I2S2I1,2500.0,2.5,1828232.0,5661584.0,1658.624878,0.5888261128277711,0.4133029778204218,5
ETVZ:seis_pick_2/inf_pick_1 | NGZ:seis_pick_2/inf_pick_1 | NOVZ:seis_pick_2/inf_pick_2 | OTVZ:seis_pick_2/inf_pick_2 | SNVZ:seis_pick_2/inf_pick_2,S2I1S2I1S2I2S2I2S2I2,3300.0,3.3,1828328.0,5662160.0,1795.425903,0.5893585652276822,-0.18205404694381305,5
ETVZ:seis_pick_1/inf_pick_1 | NGZ:seis_pick_1/inf_pick_1 | NOVZ:seis_pick_1/inf_pick_1 | OTVZ:seis_pick_1/inf_pick_2 | SNVZ:seis_pick_1/inf_pick_1,S1I1S1I1S1I1S1I2S1I1,3000.0,3.0,1828136.0,5661968.0,1868.978394,0.5905329426668039,0.022370614358773723,5
ETVZ:seis_pick_1/inf_pick_1 | NGZ:seis_pick_2/inf_pick_1 | NOVZ:seis_pick_1/inf_pick_1 | OTVZ:seis_pick_2/inf_pick_2 | SNVZ:seis_pick_2/inf_pick_1,S1I1S2I1S1I1S2I2S2I1,3300.0,3.3,1828232.0,5661776.0,1756.203979,0.5920076580511653,-0.6711660715672526,5
ETVZ:seis_pick_1/inf_pick_1 | NGZ:seis_pick_2/inf_pick_2 | NOVZ:seis_pick_2/inf_pick_1 | OTVZ:seis_pick_1/inf_pick_2 | SNVZ:seis_pick_2/inf_pick_2,S1I1S2I2S2I1S1I2S2I2,3300.0,3.3,1827752.0,5662256.0,2200.287842,0.5929837496099277,-0.6668378832348646,5
ETVZ:seis_pick_1/inf_pick_1 | NGZ:seis_pick_1/inf_pick_2 | NOVZ:seis_pick_2/inf_pick_2 | OTVZ:seis_pick_1/inf_pick_1 | SNVZ:seis_pick_1/inf_pick_1,S1I1S1I2S2I2S1I1S1I1,3000.0,3.0,1828232.0,5661776.0,1756.203979,0.5930873327818019,-0.4977335719379827,5
ETVZ:seis_pick_2/inf_pick_1 | NGZ:seis_pick_1/inf_pick_1 | NOVZ:seis_pick_1/inf_pick_2 | OTVZ:seis_pick_1/inf_pick_2 | SNVZ:seis_pick_2/inf_pick_1,S2I1S1I1S1I2S1I2S2I1,3000.0,3.0,1828328.0,5661680.0,1673.186646,0.5933796390484486,0.043272411911182654,5
ETVZ:seis_pick_2/inf_pick_1 | NGZ:seis_pick_1/inf_pick_1 | NOVZ:seis_pick_2/inf_pick_2 | OTVZ:seis_pick_2/inf_pick_2 | SNVZ:seis_pick_2/inf_pick_1,S2I1S1I1S2I2S2I2S2I1,3300.0,3.3,1828424.0,5661776.0,1675.246094,0.5947213290294943,-0.47378907338210097,5
ETVZ:seis_pick_1/inf_pick_1 | NGZ:seis_pick_2/inf_pick_1 | NOVZ:seis_pick_2/inf_pick_2 | OTVZ:seis_pick_1/inf_pick_2 | SNVZ:seis_pick_1/inf_pick_2,S1I1S2I1S2I2S1I2S1I2,3000.0,3.0,1828136.0,5662352.0,1970.850952,0.5949266177604315,0.37661133384549894,5
ETVZ:seis_pick_2/inf_pick_1 | NGZ:seis_pick_2/inf_pick_1 | NOVZ:seis_pick_2/inf_pick_1 | OTVZ:seis_pick_2/inf_pick_2 | SNVZ:seis_pick_2/inf_pick_1,S2I1S2I1S2I1S2I2S2I1,3300.0,3.3,1828232.0,5661968.0,1833.125488,0.5952131888532595,-0.9639338781876126,5
ETVZ:seis_pick_2/inf_pick_1 | NGZ:seis_pick_1/inf_pick_1 | NOVZ:seis_pick_1/inf_pick_1 | OTVZ:seis_pick_2/inf_pick_2 | SNVZ:seis_pick_2/inf_pick_2,S2I1S1I1S1I1S2I2S2I2,2500.0,2.5,1828424.0,5662256.0,1795.46814,0.5953584468132981,0.2890726362856258,5
ETVZ:seis_pick_1/inf_pick_2 | NGZ:seis_pick_1/inf_pick_2 | NOVZ:seis_pick_1/inf_pick_2 | OTVZ:seis_pick_1/inf_pick_2 | SNVZ:seis_pick_1/inf_pick_1,S1I2S1I2S1I2S1I2S1I1,2500.0,2.5,1827848.0,5661584.0,1803.133545,0.5955724050974727,0.48178038552244207,5
ETVZ:seis_pick_2/inf_pick_1 | NGZ:seis_pick_2/inf_pick_2 | NOVZ:seis_pick_2/inf_pick_1 | OTVZ:seis_pick_1/inf_pick_2 | SNVZ:seis_pick_2/inf_pick_2,S2I1S2I2S2I1S1I2S2I2,3000.0,3.0,1827848.0,5662352.0,2147.00293,0.5956262741632854,-0.6312096367183845,5
ETVZ:seis_pick_2/inf_pick_1 | NGZ:seis_pick_2/inf_pick_2 | NOVZ:seis_pick_2/inf_pick_1 | OTVZ:seis_pick_1/inf_pick_1 | SNVZ:seis_pick_1/inf_pick_1,S2I1S2I2S2I1S1I1S1I1,2500.0,2.5,1828040.0,5661968.0,1927.026855,0.5957415085720409,-0.8651575133739225,5
ETVZ:seis_pick_2/inf_pick_1 | NGZ:seis_pick_2/inf_pick_2 | NOVZ:seis_pick_2/inf_pick_1 | OTVZ:seis_pick_1/inf_pick_2 | SNVZ:seis_pick_2/inf_pick_2,S2I1S2I2S2I1S1I2S2I2,3300.0,3.3,1827848.0,5662352.0,2147.00293,0.5961987721322529,-0.7560556178714517,5
ETVZ:seis_pick_2/inf_pick_1 | NGZ:seis_pick_2/inf_pick_1 | NOVZ:seis_pick_1/inf_pick_1 | OTVZ:seis_pick_2/inf_pick_2 | SNVZ:seis_pick_2/inf_pick_2,S2I1S2I1S1I1S2I2S2I2,3000.0,3.0,1828232.0,5662256.0,1871.278687,0.5963988827024855,-0.21183771314576702,5
ETVZ:seis_pick_2/inf_pick_2 | NGZ:seis_pick_1/inf_pick_1 | NOVZ:seis_pick_1/inf_pick_2 | OTVZ:seis_pick_1/inf_pick_2 | SNVZ:seis_pick_1/inf_pick_2,S2I2S1I1S1I2S1I2S1I2,3300.0,3.3,1828136.0,5662256.0,1932.221924,0.5971513690988551,0.8244289128377625,5
ETVZ:seis_pick_2/inf_pick_2 | NGZ:seis_pick_2/inf_pick_1 | NOVZ:seis_pick_2/inf_pick_1 | OTVZ:seis_pick_1/inf_pick_2 | SNVZ:seis_pick_2/inf_pick_2,S2I2S2I1S2I1S1I2S2I2,3300.0,3.3,1827848.0,5662352.0,2147.00293,0.5974969597658057,-0.0946303661148665,5
ETVZ:seis_pick_1/inf_pick_1 | NGZ:seis_pick_2/inf_pick_1 | NOVZ:seis_pick_2/inf_pick_2 | OTVZ:seis_pick_1/inf_pick_1 | SNVZ:seis_pick_1/inf_pick_1,S1I1S2I1S2I2S1I1S1I1,3000.0,3.0,1828328.0,5661776.0,1708.478394,0.597721587997532,-0.3256975167436925,5
ETVZ:seis_pick_1/inf_pick_1 | NGZ:seis_pick_2/inf_pick_2 | NOVZ:seis_pick_2/inf_pick_1 | OTVZ:seis_pick_1/inf_pick_1 | SNVZ:seis_pick_2/inf_pick_1,S1I1S2I2S2I1S1I1S2I1,3000.0,3.0,1827944.0,5661776.0,1826.723999,0.5990732890690568,-1.173949217854734,5
ETVZ:seis_pick_1/inf_pick_1 | NGZ:seis_pick_2/inf_pick_2 | NOVZ:seis_pick_2/inf_pick_1 | OTVZ:seis_pick_1/inf_pick_2 | SNVZ:seis_pick_2/inf_pick_2,S1I1S2I2S2I1S1I2S2I2,3000.0,3.0,1827752.0,5662256.0,2200.287842,0.599662483408624,-0.5416267613701372,5
ETVZ:seis_pick_2/inf_pick_2 | NGZ:seis_pick_1/inf_pick_2 | NOVZ:seis_pick_1/inf_pick_1 | OTVZ:seis_pick_1/inf_pick_2 | SNVZ:seis_pick_2/inf_pick_2,S2I2S1I2S1I1S1I2S2I2,3300.0,3.3,1827848.0,5662160.0,2101.272461,0.5997023906697979,-0.034756796814576066,5
ETVZ:seis_pick_2/inf_pick_1 | NGZ:seis_pick_1/inf_pick_1 | NOVZ:seis_pick_1/inf_pick_1 | OTVZ:seis_pick_1/inf_pick_1 | SNVZ:seis_pick_2/inf_pick_2,S2I1S1I1S1I1S1I1S2I2,3300.0,3.3,1828424.0,5662352.0,1806.060791,0.6006137454202011,-0.20567856727163747,5
ETVZ:seis_pick_2/inf_pick_1 | NGZ:seis_pick_2/inf_pick_2 | NOVZ:seis_pick_2/inf_pick_1 | OTVZ:seis_pick_1/inf_pick_2 | SNVZ:seis_pick_2/inf_pick_2,S2I1S2I2S2I1S1I2S2I2,2500.0,2.5,1827848.0,5662256.0,2154.689941,0.6024756851707481,-0.3353069617155963,5
ETVZ:seis_pick_1/inf_pick_2 | NGZ:seis_pick_1/inf_pick_2 | NOVZ:seis_pick_2/inf_pick_2 | OTVZ:seis_pick_1/inf_pick_2 | SNVZ:seis_pick_2/inf_pick_1,S1I2S1I2S2I2S1I2S2I1,3300.0,3.3,1827848.0,5661584.0,1803.133545,0.602736655375131,-0.22804056279978405,5
ETVZ:seis_pick_2/inf_pick_1 | NGZ:seis_pick_1/inf_pick_1 | NOVZ:seis_pick_1/inf_pick_1 | OTVZ:seis_pick_1/inf_pick_1 | SNVZ:seis_pick_1/inf_pick_1,S2I1S1I1S1I1S1I1S1I1,3000.0,3.0,1828424.0,5661968.0,1733.215942,0.6030593999516766,-0.36185304844104615,5
ETVZ:seis_pick_1/inf_pick_2 | NGZ:seis_pick_1/inf_pick_2 | NOVZ:seis_pick_1/inf_pick_2 | OTVZ:seis_pick_1/inf_pick_2 | SNVZ:seis_pick_2/inf_pick_1,S1I2S1I2S1I2S1I2S2I1,2500.0,2.5,1827848.0,5661392.0,1695.539429,0.6035888905513898,0.3057213840221447,5
ETVZ:seis_pick_2/inf_pick_2 | NGZ:seis_pick_1/inf_pick_1 | NOVZ:seis_pick_1/inf_pick_1 | OTVZ:seis_pick_1/inf_pick_2 | SNVZ:seis_pick_2/inf_pick_2,S2I2S1I1S1I1S1I2S2I2,3000.0,3.0,1828040.0,5662256.0,2015.394897,0.6049528845311949,0.4850021881883052,5
ETVZ:seis_pick_1/inf_pick_1 | NGZ:seis_pick_2/inf_pick_1 | NOVZ:seis_pick_2/inf_pick_2 | OTVZ:seis_pick_2/inf_pick_2 | SNVZ:seis_pick_2/inf_pick_1,S1I1S2I1S2I2S2I2S2I1,2500.0,2.5,1828232.0,5661584.0,1658.624878,0.6054690349003243,-0.17801335574263888,5
ETVZ:seis_pick_2/inf_pick_1 | NGZ:seis_pick_1/inf_pick_1 | NOVZ:seis_pick_1/inf_pick_2 | OTVZ:seis_pick_1/inf_pick_2 | SNVZ:seis_pick_2/inf_pick_1,S2I1S1I1S1I2S1I2S2I1,3300.0,3.3,1828328.0,5661680.0,1673.186646,0.6054994057887091,-0.0774531598471416,5
ETVZ:seis_pick_2/inf_pick_1 | NGZ:seis_pick_2/inf_pick_1 | NOVZ:seis_pick_2/inf_pick_1 | OTVZ:seis_pick_2/inf_pick_2 | SNVZ:seis_pick_2/inf_pick_2,S2I1S2I1S2I1S2I2S2I2,3000.0,3.0,1828232.0,5662352.0,1933.467285,0.6061407918653047,-0.39497437935092317,5
ETVZ:seis_pick_1/inf_pick_2 | NGZ:seis_pick_2/inf_pick_2 | NOVZ:seis_pick_2/inf_pick_2 | OTVZ:seis_pick_1/inf_pick_2 | SNVZ:seis_pick_2/inf_pick_1,S1I2S2I2S2I2S1I2S2I1,2500.0,2.5,1827656.0,5661488.0,1804.369995,0.6067623481745381,-0.08881955925257615,5
ETVZ:seis_pick_2/inf_pick_1 | NGZ:seis_pick_2/inf_pick_1 | NOVZ:seis_pick_2/inf_pick_2 | OTVZ:seis_pick_2/inf_pick_2 | SNVZ:seis_pick_2/inf_pick_2,S2I1S2I1S2I2S2I2S2I2,3000.0,3.0,1828328.0,5662160.0,1795.425903,0.6070830353761669,-0.06049204535294148,5
ETVZ:seis_pick_2/inf_pick_1 | NGZ:seis_pick_1/inf_pick_1 | NOVZ:seis_pick_2/inf_pick_2 | OTVZ:seis_pick_1/inf_pick_1 | SNVZ:seis_pick_2/inf_pick_2,S2I1S1I1S2I2S1I1S2I2,3000.0,3.0,1828424.0,5662256.0,1795.46814,0.6081013266751044,0.03771872233013731,5
ETVZ:seis_pick_1/inf_pick_1 | NGZ:seis_pick_1/inf_pick_2 | NOVZ:seis_pick_2/inf_pick_1 | OTVZ:seis_pick_2/inf_pick_2 | SNVZ:seis_pick_2/inf_pick_1,S1I1S1I2S2I1S2I2S2I1,3000.0,3.0,1828040.0,5661872.0,1862.954834,0.6087348464471196,-0.9076976568067161,5
ETVZ:seis_pick_2/inf_pick_2 | NGZ:seis_pick_1/inf_pick_1 | NOVZ:seis_pick_1/inf_pick_2 | OTVZ:seis_pick_1/inf_pick_2 | SNVZ:seis_pick_1/inf_pick_1,S2I2S1I1S1I2S1I2S1I1,2500.0,2.5,1828136.0,5661680.0,1731.645752,0.6091558314018062,0.7796043727475389,5
ETVZ:seis_pick_2/inf_pick_2 | NGZ:seis_pick_1/inf_pick_2 | NOVZ:seis_pick_2/inf_pick_1 | OTVZ:seis_pick_1/inf_pick_2 | SNVZ:seis_pick_2/inf_pick_2,S2I2S1I2S2I1S1I2S2I2,3300.0,3.3,1827752.0,5662256.0,2200.287842,0.610166688340282,-0.27297444044661834,5
ETVZ:seis_pick_1/inf_pick_1 | NGZ:seis_pick_2/inf_pick_1 | NOVZ:seis_pick_2/inf_pick_2 | OTVZ:seis_pick_1/inf_pick_1 | SNVZ:seis_pick_2/inf_pick_1,S1I1S2I1S2I2S1I1S2I1,3000.0,3.0,1828328.0,5661680.0,1673.186646,0.6103737571910096,-0.5010627923436208,5
ETVZ:seis_pick_1/inf_pick_1 | NGZ:seis_pick_1/inf_pick_1 | NOVZ:seis_pick_1/inf_pick_2 | OTVZ:seis_pick_2/inf_pick_2 | SNVZ:seis_pick_2/inf_pick_2,S1I1S1I1S1I2S2I2S2I2,3000.0,3.0,1828424.0,5662064.0,1744.648804,0.61060079162901,0.42422911707075117,5
ETVZ:seis_pick_2/inf_pick_1 | NGZ:seis_pick_1/inf_pick_1 | NOVZ:seis_pick_1/inf_pick_1 | OTVZ:seis_pick_2/inf_pick_2 | SNVZ:seis_pick_1/inf_pick_1,S2I1S1I1S1I1S2I2S1I1,2500.0,2.5,1828328.0,5661968.0,1780.70813,0.6108955278654489,-0.045280530518616934,5
ETVZ:seis_pick_2/inf_pick_2 | NGZ:seis_pick_2/inf_pick_1 | NOVZ:seis_pick_2/inf_pick_2 | OTVZ:seis_pick_1/inf_pick_2 | SNVZ:seis_pick_2/inf_pick_1,S2I2S2I1S2I2S1I2S2I1,3300.0,3.3,1827944.0,5661680.0,1773.920288,0.6114272553020657,-0.16617658197776902,5
ETVZ:seis_pick_1/inf_pick_1 | NGZ:seis_pick_2/inf_pick_1 | NOVZ:seis_pick_1/inf_pick_2 | OTVZ:seis_pick_1/inf_pick_1 | SNVZ:seis_pick_1/inf_pick_1,S1I1S2I1S1I2S1I1S1I1,2500.0,2.5,1828328.0,5661680.0,1673.186646,0.6115512498715778,0.08293456821249467,5
ETVZ:seis_pick_1/inf_pick_1 | NGZ:seis_pick_1/inf_pick_2 | NOVZ:seis_pick_2/inf_pick_2 | OTVZ:seis_pick_1/inf_pick_1 | SNVZ:seis_pick_2/inf_pick_1,S1I1S1I2S2I2S1I1S2I1,2500.0,2.5,1828232.0,5661584.0,1658.624878,0.6121046454063045,-0.3985940354027207,5
ETVZ:seis_pick_2/inf_pick_1 | NGZ:seis_pick_2/inf_pick_2 | NOVZ:seis_pick_1/inf_pick_1 | OTVZ:seis_pick_1/inf_pick_1 | SNVZ:seis_pick_1/inf_pick_1,S2I1S2I2S1I1S1I1S1I1,2500.0,2.5,1828040.0,5661872.0,1862.954834,0.6122257115359521,-0.6992440699974887,5
ETVZ:seis_pick_1/inf_pick_1 | NGZ:seis_pick_2/inf_pick_1 | NOVZ:seis_pick_1/inf_pick_1 | OTVZ:seis_pick_1/inf_pick_1 | SNVZ:seis_pick_1/inf_pick_1,S1I1S2I1S1I1S1I1S1I1,3300.0,3.3,1828232.0,5661968.0,1833.125488,0.6128432381172075,-0.5985516461915543,5
ETVZ:seis_pick_1/inf_pick_2 | NGZ:seis_pick_2/inf_pick_2 | NOVZ:seis_pick_2/inf_pick_1 | OTVZ:seis_pick_1/inf_pick_2 | SNVZ:seis_pick_1/inf_pick_1,S1I2S2I2S2I1S1I2S1I1,3300.0,3.3,1827560.0,5661872.0,2020.235352,0.6128761108329775,-0.6385704361407697,5
ETVZ:seis_pick_2/inf_pick_1 | NGZ:seis_pick_1/inf_pick_1 | NOVZ:seis_pick_2/inf_pick_2 | OTVZ:seis_pick_2/inf_pick_2 | SNVZ:seis_pick_2/inf_pick_1,S2I1S1I1S2I2S2I2S2I1,3000.0,3.0,1828424.0,5661776.0,1675.246094,0.6130299309683793,-0.3532103099699606,5
ETVZ:seis_pick_1/inf_pick_2 | NGZ:seis_pick_1/inf_pick_2 | NOVZ:seis_pick_1/inf_pick_1 | OTVZ:seis_pick_1/inf_pick_2 | SNVZ:seis_pick_1/inf_pick_1,S1I2S1I2S1I1S1I2S1I1,3300.0,3.3,1827752.0,5661776.0,1918.936157,0.613163540714294,-0.20316666080843399,5
ETVZ:seis_pick_2/inf_pick_1 | NGZ:seis_pick_1/inf_pick_1 | NOVZ:seis_pick_2/inf_pick_2 | OTVZ:seis_pick_1/inf_pick_1 | SNVZ:seis_pick_2/inf_pick_1,S2I1S1I1S2I2S1I1S2I1,3300.0,3.3,1828424.0,5661776.0,1675.246094,0.613629606391238,-0.5484510484944207,5
ETVZ:seis_pick_1/inf_pick_1 | NGZ:seis_pick_1/inf_pick_1 | NOVZ:seis_pick_2/inf_pick_2 | OTVZ:seis_pick_2/inf_pick_2 | SNVZ:seis_pick_1/inf_pick_1,S1I1S1I1S2I2S2I2S1I1,3000.0,3.0,1828328.0,5661872.0,1752.691528,0.6136371704137713,-0.08305086736243546,5
ETVZ:seis_pick_1/inf_pick_1 | NGZ:seis_pick_1/inf_pick_2 | NOVZ:seis_pick_1/inf_pick_1 | OTVZ:seis_pick_1/inf_pick_1 | SNVZ:seis_pick_1/inf_pick_1,S1I1S1I2S1I1S1I1S1I1,3000.0,3.0,1828136.0,5661872.0,1836.069458,0.6136588525265749,-0.6336122963683124,5
ETVZ:seis_pick_2/inf_pick_2 | NGZ:seis_pick_1/inf_pick_2 | NOVZ:seis_pick_2/inf_pick_2 | OTVZ:seis_pick_1/inf_pick_2 | SNVZ:seis_pick_2/inf_pick_2,S2I2S1I2S2I2S1I2S2I2,3300.0,3.3,1827848.0,5662064.0,2029.3927,0.614645106352573,0.10547941052126841,5
ETVZ:seis_pick_2/inf_pick_1 | NGZ:seis_pick_2/inf_pick_2 | NOVZ:seis_pick_1/inf_pick_2 | OTVZ:seis_pick_2/inf_pick_2 | SNVZ:seis_pick_1/inf_pick_1,S2I1S2I2S1I2S2I2S1I1,2500.0,2.5,1828136.0,5661680.0,1731.645752,0.6147199329901709,-0.3366795971344775,5
ETVZ:seis_pick_1/inf_pick_2 | NGZ:seis_pick_2/inf_pick_1 | NOVZ:seis_pick_1/inf_pick_2 | OTVZ:seis_pick_1/inf_pick_2 | SNVZ:seis_pick_2/inf_pick_1,S1I2S2I1S1I2S1I2S2I1,3300.0,3.3,1827944.0,5661488.0,1710.052002,0.6150831202400744,0.09647390176375711,5
ETVZ:seis_pick_2/inf_pick_2 | NGZ:seis_pick_1/inf_pick_1 | NOVZ:seis_pick_2/inf_pick_2 | OTVZ:seis_pick_1/inf_pick_2 | SNVZ:seis_pick_1/inf_pick_2,S2I2S1I1S2I2S1I2S1I2,3300.0,3.3,1828136.0,5662352.0,1970.850952,0.6156074486204115,0.6473251367670055,5
ETVZ:seis_pick_2/inf_pick_2 | NGZ:seis_pick_2/inf_pick_1 | NOVZ:seis_pick_1/inf_pick_2 | OTVZ:seis_pick_1/inf_pick_2 | SNVZ:seis_pick_2/inf_pick_2,S2I2S2I1S1I2S1I2S2I2,2500.0,2.5,1828040.0,5661968.0,1927.026855,0.6157243203162298,0.886780850641777,5
ETVZ:seis_pick_2/inf_pick_1 | NGZ:seis_pick_1/inf_pick_2 | NOVZ:seis_pick_2/inf_pick_1 | OTVZ:seis_pick_1/inf_pick_2 | SNVZ:seis_pick_1/inf_pick_2,S2I1S1I2S2I1S1I2S1I2,3300.0,3.3,1827944.0,5662544.0,2111.566162,0.6158468272691964,-0.4112348680898636,5
ETVZ:seis_pick_1/inf_pick_1 | NGZ:seis_pick_1/inf_pick_1 | NOVZ:seis_pick_1/inf_pick_2 | OTVZ:seis_pick_1/inf_pick_1 | SNVZ:seis_pick_2/inf_pick_1,S1I1S1I1S1I2S1I1S2I1,3300.0,3.3,1828424.0,5661584.0,1603.305054,0.6165355616906312,-0.285519592560593,5
ETVZ:seis_pick_1/inf_pick_1 | NGZ:seis_pick_1/inf_pick_2 | NOVZ:seis_pick_1/inf_pick_2 | OTVZ:seis_pick_1/inf_pick_2 | SNVZ:seis_pick_2/inf_pick_2,S1I1S1I2S1I2S1I2S2I2,3300.0,3.3,1828040.0,5662064.0,1956.737061,0.6167371719795414,0.11275046308620133,5
ETVZ:seis_pick_1/inf_pick_1 | NGZ:seis_pick_2/inf_pick_2 | NOVZ:seis_pick_2/inf_pick_2 | OTVZ:seis_pick_1/inf_pick_1 | SNVZ:seis_pick_2/inf_pick_1,S1I1S2I2S2I2S1I1S2I1,2500.0,2.5,1828040.0,5661584.0,1704.531738,0.6175358754488487,-0.6275439932704747,5
ETVZ:seis_pick_2/inf_pick_1 | NGZ:seis_pick_2/inf_pick_1 | NOVZ:seis_pick_2/inf_pick_1 | OTVZ:seis_pick_2/inf_pick_2 | SNVZ:seis_pick_2/inf_pick_1,S2I1S2I1S2I1S2I2S2I1,3000.0,3.0,1828232.0,5661872.0,1779.748779,0.6183415225414671,-0.8190603693469157,5
ETVZ:seis_pick_1/inf_pick_1 | NGZ:seis_pick_1/inf_pick_2 | NOVZ:seis_pick_1/inf_pick_2 | OTVZ:seis_pick_1/inf_pick_2 | SNVZ:seis_pick_2/inf_pick_2,S1I1S1I2S1I2S1I2S2I2,3000.0,3.0,1828040.0,5662064.0,1956.737061,0.6187231874304407,0.2353292473431555,5
ETVZ:seis_pick_2/inf_pick_1 | NGZ:seis_pick_1/inf_pick_2 | NOVZ:seis_pick_2/inf_pick_1 | OTVZ:seis_pick_1/inf_pick_2 | SNVZ:seis_pick_1/inf_pick_2,S2I1S1I2S2I1S1I2S1I2,3000.0,3.0,1827944.0,5662544.0,2111.566162,0.6195232596223448,-0.28617418299019964,5
ETVZ:seis_pick_1/inf_pick_1 | NGZ:seis_pick_1/inf_pick_1 | NOVZ:seis_pick_2/inf_pick_2 | OTVZ:seis_pick_2/inf_pick_2 | SNVZ:seis_pick_2/inf_pick_2,S1I1S1I1S2I2S2I2S2I2,3300.0,3.3,1828328.0,5662160.0,1795.425903,0.6198740822847736,0.12153254472693628,5
ETVZ:seis_pick_1/inf_pick_1 | NGZ:seis_pick_1/inf_pick_1 | NOVZ:seis_pick_1/inf_pick_1 | OTVZ:seis_pick_1/inf_pick_2 | SNVZ:seis_pick_1/inf_pick_1,S1I1S1I1S1I1S1I2S1I1,2500.0,2.5,1828136.0,5661968.0,1868.978394,0.6202668184415583,0.29039880891677966,5
ETVZ:seis_pick_1/inf_pick_1 | NGZ:seis_pick_2/inf_pick_1 | NOVZ:seis_pick_1/inf_pick_1 | OTVZ:seis_pick_2/inf_pick_2 | SNVZ:seis_pick_2/inf_pick_1,S1I1S2I1S1I1S2I2S2I1,3000.0,3.0,1828232.0,5661776.0,1756.203979,0.6231721930754575,-0.5500681231531569,5
ETVZ:seis_pick_2/inf_pick_2 | NGZ:seis_pick_1/inf_pick_1 | NOVZ:seis_pick_1/inf_pick_2 | OTVZ:seis_pick_1/inf_pick_2 | SNVZ:seis_pick_1/inf_pick_2,S2I2S1I1S1I2S1I2S1I2,3000.0,3.0,1828136.0,5662160.0,1946.274292,0.6235516811434605,0.9649784296352518,5
ETVZ:seis_pick_1/inf_pick_1 | NGZ:seis_pick_2/inf_pick_2 | NOVZ:seis_pick_1/inf_pick_2 | OTVZ:seis_pick_2/inf_pick_2 | SNVZ:seis_pick_1/inf_pick_1,S1I1S2I2S1I2S2I2S1I1,3300.0,3.3,1828136.0,5661680.0,1731.645752,0.6241230616876454,-0.6030319519302217,5
ETVZ:seis_pick_2/inf_pick_2 | NGZ:seis_pick_1/inf_pick_2 | NOVZ:seis_pick_1/inf_pick_1 | OTVZ:seis_pick_1/inf_pick_2 | SNVZ:seis_pick_2/inf_pick_1,S2I2S1I2S1I1S1I2S2I1,2500.0,2.5,1827848.0,5661584.0,1803.133545,0.6250215213338369,-0.04923556521102039,5
ETVZ:seis_pick_2/inf_pick_2 | NGZ:seis_pick_2/inf_pick_1 | NOVZ:seis_pick_2/inf_pick_2 | OTVZ:seis_pick_1/inf_pick_2 | SNVZ:seis_pick_2/inf_pick_2,S2I2S2I1S2I2S1I2S2I2,2500.0,2.5,1827944.0,5662064.0,2013.466919,0.6259814700714811,0.6806710716840885,5
ETVZ:seis_pick_1/inf_pick_1 | NGZ:seis_pick_2/inf_pick_2 | NOVZ:seis_pick_2/inf_pick_1 | OTVZ:seis_pick_1/inf_pick_2 | SNVZ:seis_pick_2/inf_pick_2,S1I1S2I2S2I1S1I2S2I2,2500.0,2.5,1827752.0,5662256.0,2200.287842,0.6265814529071956,-0.26616229326773516,5
ETVZ:seis_pick_1/inf_pick_1 | NGZ:seis_pick_2/inf_pick_1 | NOVZ:seis_pick_2/inf_pick_2 | OTVZ:seis_pick_1/inf_pick_2 | SNVZ:seis_pick_1/inf_pick_2,S1I1S2I1S2I2S1I2S1I2,2500.0,2.5,1828136.0,5662256.0,1932.221924,0.6271699329571262,0.6867220151832731,5
ETVZ:seis_pick_2/inf_pick_1 | NGZ:seis_pick_2/inf_pick_1 | NOVZ:seis_pick_2/inf_pick_1 | OTVZ:seis_pick_1/inf_pick_1 | SNVZ:seis_pick_2/inf_pick_1,S2I1S2I1S2I1S1I1S2I1,3300.0,3.3,1828232.0,5661968.0,1833.125488,0.6272650642778372,-1.0385958532999324,5
ETVZ:seis_pick_1/inf_pick_2 | NGZ:seis_pick_2/inf_pick_2 | NOVZ:seis_pick_1/inf_pick_2 | OTVZ:seis_pick_1/inf_pick_2 | SNVZ:seis_pick_1/inf_pick_1,S1I2S2I2S1I2S1I2S1I1,2500.0,2.5,1827752.0,5661488.0,1783.807861,0.6272693202438804,0.26803782689739497,5
ETVZ:seis_pick_1/inf_pick_1 | NGZ:seis_pick_2/inf_pick_1 | NOVZ:seis_pick_2/inf_pick_1 | OTVZ:seis_pick_2/inf_pick_2 | SNVZ:seis_pick_1/inf_pick_1,S1I1S2I1S2I1S2I2S1I1,3300.0,3.3,1828136.0,5662064.0,1926.312866,0.6273067396055834,-0.7235563128410705,5
ETVZ:seis_pick_1/inf_pick_1 | NGZ:seis_pick_1/inf_pick_2 | NOVZ:seis_pick_1/inf_pick_2 | OTVZ:seis_pick_1/inf_pick_2 | SNVZ:seis_pick_2/inf_pick_2,S1I1S1I2S1I2S1I2S2I2,2500.0,2.5,1828040.0,5661968.0,1927.026855,0.6277084299708593,0.5289421905559412,5
ETVZ:seis_pick_1/inf_pick_1 | NGZ:seis_pick_2/inf_pick_2 | NOVZ:seis_pick_1/inf_pick_1 | OTVZ:seis_pick_2/inf_pick_2 | SNVZ:seis_pick_1/inf_pick_1,S1I1S2I2S1I1S2I2S1I1,2500.0,2.5,1827944.0,5661776.0,1826.723999,0.628746356751554,-0.5123433939542471,5
ETVZ:seis_pick_2/inf_pick_2 | NGZ:seis_pick_1/inf_pick_2 | NOVZ:seis_pick_1/inf_pick_1 | OTVZ:seis_pick_1/inf_pick_2 | SNVZ:seis_pick_2/inf_pick_2,S2I2S1I2S1I1S1I2S2I2,3000.0,3.0,1827848.0,5662160.0,2101.272461,0.6291956970246295,0.0893084096955695,5
ETVZ:seis_pick_1/inf_pick_2 | NGZ:seis_pick_1/inf_pick_1 | NOVZ:seis_pick_1/inf_pick_2 | OTVZ:seis_pick_1/inf_pick_2 | SNVZ:seis_pick_2/inf_pick_2,S1I2S1I1S1I2S1I2S2I2,3300.0,3.3,1828136.0,5661968.0,1868.978394,0.629282722720471,0.8405809676249645,5
ETVZ:seis_pick_2/inf_pick_1 | NGZ:seis_pick_2/inf_pick_2 | NOVZ:seis_pick_2/inf_pick_2 | OTVZ:seis_pick_1/inf_pick_1 | SNVZ:seis_pick_1/inf_pick_1,S2I1S2I2S2I2S1I1S1I1,2500.0,2.5,1828136.0,5661776.0,1782.875366,0.6299134486442238,-0.5599245107524192,5
ETVZ:seis_pick_1/inf_pick_1 | NGZ:seis_pick_2/inf_pick_1 | NOVZ:seis_pick_1/inf_pick_1 | OTVZ:seis_pick_2/inf_pick_2 | SNVZ:seis_pick_1/inf_pick_1,S1I1S2I1S1I1S2I2S1I1,2500.0,2.5,1828232.0,5661872.0,1779.748779,0.6310614621961237,-0.11232777476758268,5
ETVZ:seis_pick_1/inf_pick_1 | NGZ:seis_pick_2/inf_pick_2 | NOVZ:seis_pick_1/inf_pick_2 | OTVZ:seis_pick_1/inf_pick_1 | SNVZ:seis_pick_2/inf_pick_1,S1I1S2I2S1I2S1I1S2I1,2500.0,2.5,1828136.0,5661488.0,1647.28064,0.631930012247694,-0.4680943510510394,5
ETVZ:seis_pick_1/inf_pick_1 | NGZ:seis_pick_2/inf_pick_2 | NOVZ:seis_pick_1/inf_pick_1 | OTVZ:seis_pick_1/inf_pick_1 | SNVZ:seis_pick_2/inf_pick_1,S1I1S2I2S1I1S1I1S2I1,2500.0,2.5,1828040.0,5661680.0,1747.83252,0.6323381555489573,-0.7241259776878483,5
ETVZ:seis_pick_2/inf_pick_1 | NGZ:seis_pick_1/inf_pick_1 | NOVZ:seis_pick_1/inf_pick_1 | OTVZ:seis_pick_1/inf_pick_1 | SNVZ:seis_pick_2/inf_pick_2,S2I1S1I1S1I1S1I1S2I2,3000.0,3.0,1828424.0,5662256.0,1795.46814,0.6341062806906126,-0.05325302129494709,5
ETVZ:seis_pick_2/inf_pick_2 | NGZ:seis_pick_1/inf_pick_1 | NOVZ:seis_pick_2/inf_pick_2 | OTVZ:seis_pick_1/inf_pick_2 | SNVZ:seis_pick_2/inf_pick_2,S2I2S1I1S2I2S1I2S2I2,2500.0,2.5,1828040.0,5662160.0,2012.584229,0.6350590874506968,0.8700621828402942,5
ETVZ:seis_pick_2/inf_pick_2 | NGZ:seis_pick_2/inf_pick_1 | NOVZ:seis_pick_2/inf_pick_1 | OTVZ:seis_pick_1/inf_pick_2 | SNVZ:seis_pick_2/inf_pick_2,S2I2S2I1S2I1S1I2S2I2,3000.0,3.0,1827848.0,5662352.0,2147.00293,0.6359377399701923,0.03021561503820074,5
ETVZ:seis_pick_2/inf_pick_2 | NGZ:seis_pick_2/inf_pick_1 | NOVZ:seis_pick_2/inf_pick_2 | OTVZ:seis_pick_1/inf_pick_2 | SNVZ:seis_pick_2/inf_pick_1,S2I2S2I1S2I2S1I2S2I1,3000.0,3.0,1827944.0,5661680.0,1773.920288,0.6366281175921855,-0.044281161375206504,5
ETVZ:seis_pick_2/inf_pick_2 | NGZ:seis_pick_1/inf_pick_2 | NOVZ:seis_pick_2/inf_pick_2 | OTVZ:seis_pick_1/inf_pick_2 | SNVZ:seis_pick_2/inf_pick_2,S2I2S1I2S2I2S1I2S2I2,3000.0,3.0,1827848.0,5662064.0,2029.3927,0.6373686738514093,0.22898985199839234,5
ETVZ:seis_pick_2/inf_pick_1 | NGZ:seis_pick_1/inf_pick_2 | NOVZ:seis_pick_2/inf_pick_1 | OTVZ:seis_pick_1/inf_pick_2 | SNVZ:seis_pick_1/inf_pick_2,S2I1S1I2S2I1S1I2S1I2,2500.0,2.5,1827944.0,5662544.0,2111.566162,0.6378299246643339,-0.011040675770937725,5
ETVZ:seis_pick_1/inf_pick_2 | NGZ:seis_pick_1/inf_pick_2 | NOVZ:seis_pick_2/inf_pick_2 | OTVZ:seis_pick_1/inf_pick_2 | SNVZ:seis_pick_2/inf_pick_1,S1I2S1I2S2I2S1I2S2I1,3000.0,3.0,1827848.0,5661584.0,1803.133545,0.6382821767484207,-0.10572186103902581,5
ETVZ:seis_pick_1/inf_pick_2 | NGZ:seis_pick_2/inf_pick_1 | NOVZ:seis_pick_2/inf_pick_2 | OTVZ:seis_pick_1/inf_pick_2 | SNVZ:seis_pick_1/inf_pick_1,S1I2S2I1S2I2S1I2S1I1,3300.0,3.3,1827944.0,5661776.0,1826.723999,0.6385120612375487,0.12236120161123942,5
ETVZ:seis_pick_2/inf_pick_1 | NGZ:seis_pick_1/inf_pick_1 | NOVZ:seis_pick_2/inf_pick_2 | OTVZ:seis_pick_1/inf_pick_1 | SNVZ:seis_pick_2/inf_pick_1,S2I1S1I1S2I2S1I1S2I1,3000.0,3.0,1828424.0,5661776.0,1675.246094,0.6389960764027854,-0.4278722850822804,5
ETVZ:seis_pick_2/inf_pick_2 | NGZ:seis_pick_1/inf_pick_1 | NOVZ:seis_pick_1/inf_pick_1 | OTVZ:seis_pick_1/inf_pick_2 | SNVZ:seis_pick_1/inf_pick_2,S2I2S1I1S1I1S1I2S1I2,3300.0,3.3,1828040.0,5662352.0,2016.082642,0.6391708880841035,0.5167442575964948,5
ETVZ:seis_pick_1/inf_pick_2 | NGZ:seis_pick_2/inf_pick_2 | NOVZ:seis_pick_2/inf_pick_2 | OTVZ:seis_pick_1/inf_pick_2 | SNVZ:seis_pick_1/inf_pick_1,S1I2S2I2S2I2S1I2S1I1,2500.0,2.5,1827656.0,5661680.0,1897.401855,0.640300870527332,0.07473721394842822,5
ETVZ:seis_pick_1/inf_pick_1 | NGZ:seis_pick_2/inf_pick_2 | NOVZ:seis_pick_1/inf_pick_1 | OTVZ:seis_pick_1/inf_pick_1 | SNVZ:seis_pick_1/inf_pick_1,S1I1S2I2S1I1S1I1S1I1,3300.0,3.3,1828040.0,5661872.0,1862.954834,0.6414553345942503,-0.9678570396198142,5
ETVZ:seis_pick_2/inf_pick_2 | NGZ:seis_pick_1/inf_pick_2 | NOVZ:seis_pick_2/inf_pick_1 | OTVZ:seis_pick_1/inf_pick_2 | SNVZ:seis_pick_2/inf_pick_2,S2I2S1I2S2I1S1I2S2I2,3000.0,3.0,1827752.0,5662256.0,2200.287842,0.6415188598854489,-0.14776331858189096,5
ETVZ:seis_pick_1/inf_pick_1 | NGZ:seis_pick_2/inf_pick_2 | NOVZ:seis_pick_2/inf_pick_2 | OTVZ:seis_pick_2/inf_pick_2 | SNVZ:seis_pick_1/inf_pick_1,S1I1S2I2S2I2S2I2S1I1,2500.0,2.5,1828040.0,5661680.0,1747.83252,0.6418885753293256,-0.3765487717002724,5
ETVZ:seis_pick_2/inf_pick_1 | NGZ:seis_pick_1/inf_pick_2 | NOVZ:seis_pick_1/inf_pick_2 | OTVZ:seis_pick_1/inf_pick_2 | SNVZ:seis_pick_2/inf_pick_2,S2I1S1I2S1I2S1I2S2I2,2500.0,2.5,1828136.0,5662064.0,1926.312866,0.6426562550190427,0.4157734222674348,5
ETVZ:seis_pick_1/inf_pick_1 | NGZ:seis_pick_2/inf_pick_2 | NOVZ:seis_pick_2/inf_pick_1 | OTVZ:seis_pick_2/inf_pick_2 | SNVZ:seis_pick_1/inf_pick_1,S1I1S2I2S2I1S2I2S1I1,2500.0,2.5,1827944.0,5661872.0,1879.445679,0.6428407033509693,-0.6692760372202452,5
ETVZ:seis_pick_2/inf_pick_1 | NGZ:seis_pick_1/inf_pick_1 | NOVZ:seis_pick_1/inf_pick_2 | OTVZ:seis_pick_1/inf_pick_1 | SNVZ:seis_pick_2/inf_pick_2,S2I1S1I1S1I2S1I1S2I2,2500.0,2.5,1828520.0,5662064.0,1695.895142,0.6431832219812526,0.5146135323636241,5
ETVZ:seis_pick_2/inf_pick_1 | NGZ:seis_pick_2/inf_pick_1 | NOVZ:seis_pick_2/inf_pick_1 | OTVZ:seis_pick_1/inf_pick_2 | SNVZ:seis_pick_2/inf_pick_1,S2I1S2I1S2I1S1I2S2I1,3000.0,3.0,1828040.0,5661968.0,1927.026855,0.643661224507791,-0.640719674867389,5
ETVZ:seis_pick_1/inf_pick_2 | NGZ:seis_pick_2/inf_pick_1 | NOVZ:seis_pick_1/inf_pick_2 | OTVZ:seis_pick_1/inf_pick_2 | SNVZ:seis_pick_1/inf_pick_1,S1I2S2I1S1I2S1I2S1I1,2500.0,2.5,1827944.0,5661584.0,1737.253296,0.6440643342840292,0.6694262426886034,5
ETVZ:seis_pick_2/inf_pick_1 | NGZ:seis_pick_2/inf_pick_1 | NOVZ:seis_pick_2/inf_pick_1 | OTVZ:seis_pick_1/inf_pick_1 | SNVZ:seis_pick_1/inf_pick_1,S2I1S2I1S2I1S1I1S1I1,2500.0,2.5,1828232.0,5662064.0,1861.719849,0.6445407047728382,-0.4897214341225887,5
ETVZ:seis_pick_2/inf_pick_1 | NGZ:seis_pick_2/inf_pick_1 | NOVZ:seis_pick_2/inf_pick_1 | OTVZ:seis_pick_1/inf_pick_2 | SNVZ:seis_pick_2/inf_pick_1,S2I1S2I1S2I1S1I2S2I1,3300.0,3.3,1828040.0,5661968.0,1927.026855,0.6446811158841835,-0.7630187985168462,5
ETVZ:seis_pick_1/inf_pick_2 | NGZ:seis_pick_2/inf_pick_1 | NOVZ:seis_pick_1/inf_pick_2 | OTVZ:seis_pick_1/inf_pick_2 | SNVZ:seis_pick_2/inf_pick_1,S1I2S2I1S1I2S1I2S2I1,3000.0,3.0,1827944.0,5661488.0,1710.052002,0.644782455045262,0.21831808766850996,5
ETVZ:seis_pick_1/inf_pick_1 | NGZ:seis_pick_2/inf_pick_2 | NOVZ:seis_pick_1/inf_pick_2 | OTVZ:seis_pick_2/inf_pick_2 | SNVZ:seis_pick_1/inf_pick_1,S1I1S2I2S1I2S2I2S1I1,3000.0,3.0,1828040.0,5661680.0,1747.83252,0.6456018251079149,-0.5074819447251169,5
ETVZ:seis_pick_1/inf_pick_2 | NGZ:seis_pick_1/inf_pick_2 | NOVZ:seis_pick_1/inf_pick_1 | OTVZ:seis_pick_1/inf_pick_2 | SNVZ:seis_pick_1/inf_pick_1,S1I2S1I2S1I1S1I2S1I1,3000.0,3.0,1827752.0,5661776.0,1918.936157,0.6464874055244044,-0.08010363406097162,5
ETVZ:seis_pick_1/inf_pick_1 | NGZ:seis_pick_2/inf_pick_1 | NOVZ:seis_pick_1/inf_pick_1 | OTVZ:seis_pick_1/inf_pick_1 | SNVZ:seis_pick_1/inf_pick_1,S1I1S2I1S1I1S1I1S1I1,3000.0,3.0,1828232.0,5661872.0,1779.748779,0.6467118898076872,-0.4536781373508575,5
ETVZ:seis_pick_1/inf_pick_1 | NGZ:seis_pick_1/inf_pick_1 | NOVZ:seis_pick_1/inf_pick_2 | OTVZ:seis_pick_1/inf_pick_1 | SNVZ:seis_pick_2/inf_pick_1,S1I1S1I1S1I2S1I1S2I1,3000.0,3.0,1828424.0,5661584.0,1603.305054,0.6467597248997967,-0.1649952278621841,5
ETVZ:seis_pick_1/inf_pick_1 | NGZ:seis_pick_2/inf_pick_2 | NOVZ:seis_pick_2/inf_pick_1 | OTVZ:seis_pick_1/inf_pick_1 | SNVZ:seis_pick_1/inf_pick_1,S1I1S2I2S2I1S1I1S1I1,3300.0,3.3,1827944.0,5661968.0,1945.640259,0.6469028402041418,-1.1673235482606892,5
ETVZ:seis_pick_2/inf_pick_2 | NGZ:seis_pick_1/inf_pick_2 | NOVZ:seis_pick_1/inf_pick_2 | OTVZ:seis_pick_2/inf_pick_2 | SNVZ:seis_pick_2/inf_pick_1,S2I2S1I2S1I2S2I2S2I1,3300.0,3.3,1828136.0,5661488.0,1647.28064,0.647458842589392,-0.38743177536637957,5
ETVZ:seis_pick_2/inf_pick_2 | NGZ:seis_pick_1/inf_pick_1 | NOVZ:seis_pick_2/inf_pick_2 | OTVZ:seis_pick_1/inf_pick_2 | SNVZ:seis_pick_1/inf_pick_2,S2I2S1I1S2I2S1I2S1I2,3000.0,3.0,1828136.0,5662256.0,1932.221924,0.64793833363748,0.8106632225786911,5
ETVZ:seis_pick_2/inf_pick_1 | NGZ:seis_pick_2/inf_pick_1 | NOVZ:seis_pick_1/inf_pick_2 | OTVZ:seis_pick_2/inf_pick_2 | SNVZ:seis_pick_2/inf_pick_2,S2I1S2I1S1I2S2I2S2I2,3300.0,3.3,1828424.0,5662064.0,1744.648804,0.6482531268564667,-0.0004106409226684704,5
ETVZ:seis_pick_1/inf_pick_1 | NGZ:seis_pick_1/inf_pick_2 | NOVZ:seis_pick_2/inf_pick_1 | OTVZ:seis_pick_1/inf_pick_2 | SNVZ:seis_pick_1/inf_pick_2,S1I1S1I2S2I1S1I2S1I2,3300.0,3.3,1827848.0,5662448.0,2169.476074,0.6497763712864104,-0.3111396871985358,5
ETVZ:seis_pick_1/inf_pick_2 | NGZ:seis_pick_2/inf_pick_2 | NOVZ:seis_pick_2/inf_pick_1 | OTVZ:seis_pick_1/inf_pick_2 | SNVZ:seis_pick_1/inf_pick_1,S1I2S2I2S2I1S1I2S1I1,3000.0,3.0,1827560.0,5661872.0,2020.235352,0.6498453086303575,-0.5141898472671009,5
ETVZ:seis_pick_1/inf_pick_1 | NGZ:seis_pick_1/inf_pick_1 | NOVZ:seis_pick_2/inf_pick_2 | OTVZ:seis_pick_2/inf_pick_2 | SNVZ:seis_pick_2/inf_pick_2,S1I1S1I1S2I2S2I2S2I2,3000.0,3.0,1828328.0,5662160.0,1795.425903,0.6508191187485068,0.24309454631780786,5
ETVZ:seis_pick_1/inf_pick_1 | NGZ:seis_pick_1/inf_pick_2 | NOVZ:seis_pick_2/inf_pick_1 | OTVZ:seis_pick_1/inf_pick_1 | SNVZ:seis_pick_1/inf_pick_1,S1I1S1I2S2I1S1I1S1I1,3300.0,3.3,1828136.0,5661968.0,1868.978394,0.6510192394202465,-0.9113573963907351,5
ETVZ:seis_pick_1/inf_pick_1 | NGZ:seis_pick_2/inf_pick_1 | NOVZ:seis_pick_1/inf_pick_1 | OTVZ:seis_pick_1/inf_pick_1 | SNVZ:seis_pick_2/inf_pick_1,S1I1S2I1S1I1S1I1S2I1,3300.0,3.3,1828232.0,5661776.0,1756.203979,0.6511799704291279,-0.7458280466795724,5
ETVZ:seis_pick_2/inf_pick_2 | NGZ:seis_pick_1/inf_pick_2 | NOVZ:seis_pick_2/inf_pick_1 | OTVZ:seis_pick_1/inf_pick_2 | SNVZ:seis_pick_1/inf_pick_1,S2I2S1I2S2I1S1I2S1I1,2500.0,2.5,1827752.0,5661872.0,1964.508057,0.6514301186784109,-0.08884375800052755,5
ETVZ:seis_pick_2/inf_pick_1 | NGZ:seis_pick_2/inf_pick_1 | NOVZ:seis_pick_2/inf_pick_1 | OTVZ:seis_pick_1/inf_pick_2 | SNVZ:seis_pick_2/inf_pick_1,S2I1S2I1S2I1S1I2S2I1,2500.0,2.5,1828040.0,5661872.0,1862.954834,0.6521326073470607,-0.34220577489977677,5
ETVZ:seis_pick_2/inf_pick_1 | NGZ:seis_pick_2/inf_pick_2 | NOVZ:seis_pick_1/inf_pick_2 | OTVZ:seis_pick_1/inf_pick_1 | SNVZ:seis_pick_1/inf_pick_1,S2I1S2I2S1I2S1I1S1I1,3300.0,3.3,1828232.0,5661680.0,1707.919678,0.6523428239661488,-0.7752476236369912,5
ETVZ:seis_pick_2/inf_pick_2 | NGZ:seis_pick_2/inf_pick_1 | NOVZ:seis_pick_1/inf_pick_1 | OTVZ:seis_pick_1/inf_pick_2 | SNVZ:seis_pick_2/inf_pick_2,S2I2S2I1S1I1S1I2S2I2,2500.0,2.5,1827944.0,5662160.0,2062.442139,0.6526766571853567,0.5524261320887603,5
ETVZ:seis_pick_1/inf_pick_1 | NGZ:seis_pick_1/inf_pick_1 | NOVZ:seis_pick_1/inf_pick_1 | OTVZ:seis_pick_2/inf_pick_2 | SNVZ:seis_pick_2/inf_pick_2,S1I1S1I1S1I1S2I2S2I2,3300.0,3.3,1828328.0,5662256.0,1832.388062,0.6529960133488235,-0.0023939985188285106,5
ETVZ:seis_pick_1/inf_pick_1 | NGZ:seis_pick_1/inf_pick_1 | NOVZ:seis_pick_1/inf_pick_2 | OTVZ:seis_pick_2/inf_pick_2 | SNVZ:seis_pick_2/inf_pick_1,S1I1S1I1S1I2S2I2S2I1,2500.0,2.5,1828424.0,5661488.0,1577.636108,0.6530665305131921,0.16800229635813418,5
ETVZ:seis_pick_2/inf_pick_1 | NGZ:seis_pick_1/inf_pick_1 | NOVZ:seis_pick_2/inf_pick_2 | OTVZ:seis_pick_2/inf_pick_2 | SNVZ:seis_pick_2/inf_pick_1,S2I1S1I1S2I2S2I2S2I1,2500.0,2.5,1828424.0,5661680.0,1639.828735,0.6531021541823341,-0.08284887083193607,5
ETVZ:seis_pick_2/inf_pick_1 | NGZ:seis_pick_1/inf_pick_1 | NOVZ:seis_pick_2/inf_pick_2 | OTVZ:seis_pick_2/inf_pick_2 | SNVZ:seis_pick_1/inf_pick_2,S2I1S1I1S2I2S2I2S1I2,3300.0,3.3,1828424.0,5662352.0,1806.060791,0.6532664255251385,0.14189863871593839,5
ETVZ:seis_pick_2/inf_pick_2 | NGZ:seis_pick_2/inf_pick_1 | NOVZ:seis_pick_1/inf_pick_1 | OTVZ:seis_pick_1/inf_pick_2 | SNVZ:seis_pick_1/inf_pick_1,S2I2S2I1S1I1S1I2S1I1,2500.0,2.5,1827944.0,5661872.0,1879.445679,0.6536352760180424,0.27987895642865135,5
ETVZ:seis_pick_2/inf_pick_1 | NGZ:seis_pick_2/inf_pick_1 | NOVZ:seis_pick_2/inf_pick_1 | OTVZ:seis_pick_1/inf_pick_1 | SNVZ:seis_pick_2/inf_pick_1,S2I1S2I1S2I1S1I1S2I1,3000.0,3.0,1828232.0,5661872.0,1779.748779,0.6537284541213796,-0.8937223444592355,5
ETVZ:seis_pick_2/inf_pick_1 | NGZ:seis_pick_1/inf_pick_1 | NOVZ:seis_pick_1/inf_pick_1 | OTVZ:seis_pick_2/inf_pick_2 | SNVZ:seis_pick_1/inf_pick_2,S2I1S1I1S1I1S2I2S1I2,3300.0,3.3,1828424.0,5662448.0,1810.776733,0.6542169896409037,0.017254792019007148,5
ETVZ:seis_pick_2/inf_pick_1 | NGZ:seis_pick_1/inf_pick_1 | NOVZ:seis_pick_2/inf_pick_1 | OTVZ:seis_pick_1/inf_pick_2 | SNVZ:seis_pick_1/inf_pick_1,S2I1S1I1S2I1S1I2S1I1,3300.0,3.3,1828136.0,5662160.0,1946.274292,0.6549116285992191,-0.4159525651458521,5
ETVZ:seis_pick_2/inf_pick_1 | NGZ:seis_pick_2/inf_pick_1 | NOVZ:seis_pick_1/inf_pick_1 | OTVZ:seis_pick_2/inf_pick_2 | SNVZ:seis_pick_2/inf_pick_2,S2I1S2I1S1I1S2I2S2I2,2500.0,2.5,1828232.0,5662256.0,1871.278687,0.655122469128391,0.057111435340800834,5
ETVZ:seis_pick_1/inf_pick_1 | NGZ:seis_pick_1/inf_pick_2 | NOVZ:seis_pick_2/inf_pick_1 | OTVZ:seis_pick_2/inf_pick_2 | SNVZ:seis_pick_1/inf_pick_1,S1I1S1I2S2I1S2I2S1I1,2500.0,2.5,1828040.0,5661968.0,1927.026855,0.6556770219093728,-0.4869089465908534,5
ETVZ:seis_pick_2/inf_pick_1 | NGZ:seis_pick_2/inf_pick_1 | NOVZ:seis_pick_2/inf_pick_2 | OTVZ:seis_pick_2/inf_pick_2 | SNVZ:seis_pick_2/inf_pick_2,S2I1S2I1S2I2S2I2S2I2,2500.0,2.5,1828328.0,5662160.0,1795.425903,0.6559967805238965,0.2069443581469775,5
ETVZ:seis_pick_2/inf_pick_1 | NGZ:seis_pick_1/inf_pick_2 | NOVZ:seis_pick_1/inf_pick_2 | OTVZ:seis_pick_1/inf_pick_2 | SNVZ:seis_pick_2/inf_pick_2,S2I1S1I2S1I2S1I2S2I2,3000.0,3.0,1828136.0,5662064.0,1926.312866,0.6566815912559776,0.14693314250302514,5
ETVZ:seis_pick_1/inf_pick_1 | NGZ:seis_pick_1/inf_pick_2 | NOVZ:seis_pick_2/inf_pick_1 | OTVZ:seis_pick_1/inf_pick_1 | SNVZ:seis_pick_2/inf_pick_1,S1I1S1I2S2I1S1I1S2I1,3300.0,3.3,1828040.0,5661872.0,1862.954834,0.6579587329325315,-1.104314655057443,5
ETVZ:seis_pick_2/inf_pick_1 | NGZ:seis_pick_1/inf_pick_1 | NOVZ:seis_pick_2/inf_pick_1 | OTVZ:seis_pick_1/inf_pick_2 | SNVZ:seis_pick_1/inf_pick_1,S2I1S1I1S2I1S1I2S1I1,3000.0,3.0,1828136.0,5662160.0,1946.274292,0.6580264778480337,-0.29346402384510634,5
ETVZ:seis_pick_1/inf_pick_1 | NGZ:seis_pick_1/inf_pick_1 | NOVZ:seis_pick_2/inf_pick_2 | OTVZ:seis_pick_1/inf_pick_1 | SNVZ:seis_pick_1/inf_pick_1,S1I1S1I1S2I2S1I1S1I1,3300.0,3.3,1828424.0,5661872.0,1701.829712,0.658762287827044,-0.25436399657867703,5
ETVZ:seis_pick_2/inf_pick_1 | NGZ:seis_pick_2/inf_pick_1 | NOVZ:seis_pick_1/inf_pick_2 | OTVZ:seis_pick_2/inf_pick_1 | SNVZ:seis_pick_2/inf_pick_1,S2I1S2I1S1I2S2I1S2I1,3300.0,3.3,1828520.0,5661584.0,1580.752686,0.6589075462836758,-0.8499332134143321,5
ETVZ:seis_pick_1/inf_pick_1 | NGZ:seis_pick_1/inf_pick_2 | NOVZ:seis_pick_2/inf_pick_1 | OTVZ:seis_pick_1/inf_pick_2 | SNVZ:seis_pick_1/inf_pick_2,S1I1S1I2S2I1S1I2S1I2,3000.0,3.0,1827848.0,5662448.0,2169.476074,0.6598666192899548,-0.18583635184739525,5
ETVZ:seis_pick_1/inf_pick_2 | NGZ:seis_pick_2/inf_pick_1 | NOVZ:seis_pick_1/inf_pick_2 | OTVZ:seis_pick_1/inf_pick_2 | SNVZ:seis_pick_2/inf_pick_2,S1I2S2I1S1I2S1I2S2I2,3300.0,3.3,1827944.0,5661968.0,1945.640259,0.6606300970827632,0.5846148157550104,5
ETVZ:seis_pick_1/inf_pick_1 | NGZ:seis_pick_1/inf_pick_2 | NOVZ:seis_pick_1/inf_pick_2 | OTVZ:seis_pick_1/inf_pick_1 | SNVZ:seis_pick_1/inf_pick_1,S1I1S1I2S1I2S1I1S1I1,2500.0,2.5,1828232.0,5661680.0,1707.919678,0.6609728786713825,-0.08453363610408608,5
ETVZ:seis_pick_2/inf_pick_1 | NGZ:seis_pick_2/inf_pick_1 | NOVZ:seis_pick_1/inf_pick_2 | OTVZ:seis_pick_2/inf_pick_2 | SNVZ:seis_pick_2/inf_pick_2,S2I1S2I1S1I2S2I2S2I2,3000.0,3.0,1828424.0,5662064.0,1744.648804,0.6610558972283244,0.12064252540000187,5
ETVZ:seis_pick_2/inf_pick_2 | NGZ:seis_pick_1/inf_pick_2 | NOVZ:seis_pick_1/inf_pick_2 | OTVZ:seis_pick_1/inf_pick_2 | SNVZ:seis_pick_2/inf_pick_2,S2I2S1I2S1I2S1I2S2I2,3300.0,3.3,1827944.0,5661968.0,1945.640259,0.6612601110452732,0.3170530067866714,5
ETVZ:seis_pick_1/inf_pick_1 | NGZ:seis_pick_2/inf_pick_2 | NOVZ:seis_pick_2/inf_pick_2 | OTVZ:seis_pick_1/inf_pick_1 | SNVZ:seis_pick_1/inf_pick_1,S1I1S2I2S2I2S1I1S1I1,3300.0,3.3,1828040.0,5661776.0,1817.950928,0.6619286264017555,-0.8583315376853757,5
ETVZ:seis_pick_1/inf_pick_1 | NGZ:seis_pick_1/inf_pick_1 | NOVZ:seis_pick_1/inf_pick_2 | OTVZ:seis_pick_1/inf_pick_1 | SNVZ:seis_pick_1/inf_pick_1,S1I1S1I1S1I2S1I1S1I1,2500.0,2.5,1828424.0,5661680.0,1639.828735,0.6623058033876047,0.2825333611641222,5
ETVZ:seis_pick_1/inf_pick_2 | NGZ:seis_pick_1/inf_pick_1 | NOVZ:seis_pick_1/inf_pick_2 | OTVZ:seis_pick_1/inf_pick_2 | SNVZ:seis_pick_2/inf_pick_2,S1I2S1I1S1I2S1I2S2I2,3000.0,3.0,1828136.0,5661968.0,1868.978394,0.6631279936840809,0.9624119651513308,5
ETVZ:seis_pick_1/inf_pick_1 | NGZ:seis_pick_1/inf_pick_2 | NOVZ:seis_pick_1/inf_pick_1 | OTVZ:seis_pick_1/inf_pick_1 | SNVZ:seis_pick_2/inf_pick_1,S1I1S1I2S1I1S1I1S2I1,2500.0,2.5,1828136.0,5661680.0,1731.645752,0.6634569230323482,-0.5171278268889334,5
ETVZ:seis_pick_1/inf_pick_1 | NGZ:seis_pick_2/inf_pick_1 | NOVZ:seis_pick_2/inf_pick_1 | OTVZ:seis_pick_2/inf_pick_2 | SNVZ:seis_pick_1/inf_pick_1,S1I1S2I1S2I1S2I2S1I1,3000.0,3.0,1828136.0,5662064.0,1926.312866,0.6637360221384793,-0.6013561856754304,5
ETVZ:seis_pick_2/inf_pick_1 | NGZ:seis_pick_1/inf_pick_1 | NOVZ:seis_pick_2/inf_pick_1 | OTVZ:seis_pick_2/inf_pick_2 | SNVZ:seis_pick_1/inf_pick_1,S2I1S1I1S2I1S2I2S1I1,3300.0,3.3,1828328.0,5662160.0,1795.425903,0.6647500243751684,-0.6065888505275469,5
ETVZ:seis_pick_2/inf_pick_1 | NGZ:seis_pick_2/inf_pick_2 | NOVZ:seis_pick_1/inf_pick_2 | OTVZ:seis_pick_1/inf_pick_1 | SNVZ:seis_pick_1/inf_pick_1,S2I1S2I2S1I2S1I1S1I1,3000.0,3.0,1828232.0,5661680.0,1707.919678,0.6650197155424084,-0.6542703124300674,5
ETVZ:seis_pick_1/inf_pick_2 | NGZ:seis_pick_2/inf_pick_2 | NOVZ:seis_pick_1/inf_pick_1 | OTVZ:seis_pick_1/inf_pick_2 | SNVZ:seis_pick_2/inf_pick_1,S1I2S2I2S1I1S1I2S2I1,2500.0,2.5,1827656.0,5661584.0,1848.386108,0.6655008758672225,-0.18561148751021897,5
ETVZ:seis_pick_1/inf_pick_1 | NGZ:seis_pick_2/inf_pick_1 | NOVZ:seis_pick_1/inf_pick_2 | OTVZ:seis_pick_1/inf_pick_2 | SNVZ:seis_pick_1/inf_pick_2,S1I1S2I1S1I2S1I2S1I2,3300.0,3.3,1828136.0,5662256.0,1932.221924,0.6661326834577672,0.4305654700495163,5
ETVZ:seis_pick_1/inf_pick_2 | NGZ:seis_pick_2/inf_pick_2 | NOVZ:seis_pick_2/inf_pick_1 | OTVZ:seis_pick_1/inf_pick_2 | SNVZ:seis_pick_2/inf_pick_1,S1I2S2I2S2I1S1I2S2I1,3300.0,3.3,1827560.0,5661776.0,1952.090332,0.6663245821539797,-0.7884855831320217,5
ETVZ:seis_pick_1/inf_pick_2 | NGZ:seis_pick_2/inf_pick_2 | NOVZ:seis_pick_1/inf_pick_1 | OTVZ:seis_pick_1/inf_pick_2 | SNVZ:seis_pick_1/inf_pick_1,S1I2S2I2S1I1S1I2S1I1,2500.0,2.5,1827656.0,5661680.0,1897.401855,0.6668263314538032,-0.016234529676656173,5
ETVZ:seis_pick_1/inf_pick_2 | NGZ:seis_pick_1/inf_pick_2 | NOVZ:seis_pick_2/inf_pick_2 | OTVZ:seis_pick_1/inf_pick_2 | SNVZ:seis_pick_1/inf_pick_1,S1I2S1I2S2I2S1I2S1I1,2500.0,2.5,1827848.0,5661680.0,1823.050049,0.6682973057740286,0.3421731253577766,5
ETVZ:seis_pick_2/inf_pick_1 | NGZ:seis_pick_1/inf_pick_2 | NOVZ:seis_pick_1/inf_pick_2 | OTVZ:seis_pick_1/inf_pick_2 | SNVZ:seis_pick_2/inf_pick_2,S2I1S1I2S1I2S1I2S2I2,3300.0,3.3,1828136.0,5662064.0,1926.312866,0.6684201791951496,0.024733015337385034,5
ETVZ:seis_pick_2/inf_pick_1 | NGZ:seis_pick_1/inf_pick_1 | NOVZ:seis_pick_2/inf_pick_1 | OTVZ:seis_pick_1/inf_pick_1 | SNVZ:seis_pick_2/inf_pick_2,S2I1S1I1S2I1S1I1S2I2,3300.0,3.3,1828328.0,5662448.0,1861.943481,0.6687529861805743,-0.40320101813388726,5
ETVZ:seis_pick_2/inf_pick_1 | NGZ:seis_pick_2/inf_pick_1 | NOVZ:seis_pick_2/inf_pick_1 | OTVZ:seis_pick_2/inf_pick_2 | SNVZ:seis_pick_2/inf_pick_1,S2I1S2I1S2I1S2I2S2I1,2500.0,2.5,1828232.0,5661872.0,1779.748779,0.6689163648357607,-0.5523719818759607,5
ETVZ:seis_pick_2/inf_pick_1 | NGZ:seis_pick_1/inf_pick_1 | NOVZ:seis_pick_2/inf_pick_1 | OTVZ:seis_pick_2/inf_pick_2 | SNVZ:seis_pick_2/inf_pick_2,S2I1S1I1S2I1S2I2S2I2,2500.0,2.5,1828328.0,5662448.0,1861.943481,0.6698893353803983,0.06409887198205784,5
ETVZ:seis_pick_2/inf_pick_1 | NGZ:seis_pick_1/inf_pick_2 | NOVZ:seis_pick_2/inf_pick_1 | OTVZ:seis_pick_2/inf_pick_2 | SNVZ:seis_pick_2/inf_pick_2,S2I1S1I2S2I1S2I2S2I2,3300.0,3.3,1828136.0,5662352.0,1970.850952,0.6702370622548309,-0.696388192177724,5
ETVZ:seis_pick_2/inf_pick_2 | NGZ:seis_pick_1/inf_pick_1 | NOVZ:seis_pick_1/inf_pick_1 | OTVZ:seis_pick_1/inf_pick_2 | SNVZ:seis_pick_1/inf_pick_2,S2I2S1I1S1I1S1I2S1I2,3000.0,3.0,1828040.0,5662352.0,2016.082642,0.6708233125298321,0.6403399342559579,5
ETVZ:seis_pick_1/inf_pick_1 | NGZ:seis_pick_2/inf_pick_1 | NOVZ:seis_pick_1/inf_pick_2 | OTVZ:seis_pick_1/inf_pick_2 | SNVZ:seis_pick_1/inf_pick_2,S1I1S2I1S1I2S1I2S1I2,3000.0,3.0,1828136.0,5662256.0,1932.221924,0.672302311227072,0.5532573952280743,5
ETVZ:seis_pick_2/inf_pick_1 | NGZ:seis_pick_2/inf_pick_1 | NOVZ:seis_pick_2/inf_pick_1 | OTVZ:seis_pick_2/inf_pick_2 | SNVZ:seis_pick_2/inf_pick_2,S2I1S2I1S2I1S2I2S2I2,2500.0,2.5,1828232.0,5662352.0,1933.467285,0.6724047712704042,-0.12485562824197291,5
ETVZ:seis_pick_2/inf_pick_1 | NGZ:seis_pick_1/inf_pick_1 | NOVZ:seis_pick_1/inf_pick_1 | OTVZ:seis_pick_1/inf_pick_1 | SNVZ:seis_pick_1/inf_pick_1,S2I1S1I1S1I1S1I1S1I1,2500.0,2.5,1828424.0,5661968.0,1733.215942,0.6727628162423166,-0.09595455233024079,5
ETVZ:seis_pick_1/inf_pick_1 | NGZ:seis_pick_1/inf_pick_1 | NOVZ:seis_pick_1/inf_pick_1 | OTVZ:seis_pick_2/inf_pick_2 | SNVZ:seis_pick_1/inf_pick_1,S1I1S1I1S1I1S2I2S1I1,3300.0,3.3,1828328.0,5661968.0,1780.70813,0.672847658903445,-0.3112955958127447,5
ETVZ:seis_pick_1/inf_pick_1 | NGZ:seis_pick_1/inf_pick_2 | NOVZ:seis_pick_2/inf_pick_2 | OTVZ:seis_pick_1/inf_pick_1 | SNVZ:seis_pick_1/inf_pick_1,S1I1S1I2S2I2S1I1S1I1,2500.0,2.5,1828232.0,5661776.0,1756.203979,0.673244042101974,-0.23131808542697402,5
ETVZ:seis_pick_2/inf_pick_2 | NGZ:seis_pick_1/inf_pick_1 | NOVZ:seis_pick_2/inf_pick_2 | OTVZ:seis_pick_1/inf_pick_2 | SNVZ:seis_pick_1/inf_pick_1,S2I2S1I1S2I2S1I2S1I1,3300.0,3.3,1828040.0,5661872.0,1862.954834,0.6737002467196699,0.19241754457902954,5
ETVZ:seis_pick_2/inf_pick_1 | NGZ:seis_pick_1/inf_pick_1 | NOVZ:seis_pick_1/inf_pick_2 | OTVZ:seis_pick_2/inf_pick_2 | SNVZ:seis_pick_1/inf_pick_2,S2I1S1I1S1I2S2I2S1I2,3300.0,3.3,1828520.0,5662256.0,1733.170288,0.6743518349896522,0.33445339744054314,5
ETVZ:seis_pick_1/inf_pick_2 | NGZ:seis_pick_2/inf_pick_1 | NOVZ:seis_pick_2/inf_pick_2 | OTVZ:seis_pick_1/inf_pick_2 | SNVZ:seis_pick_1/inf_pick_1,S1I2S2I1S2I2S1I2S1I1,3000.0,3.0,1827944.0,5661776.0,1826.723999,0.6750301314640789,0.24442608620231548,5
ETVZ:seis_pick_1/inf_pick_1 | NGZ:seis_pick_2/inf_pick_1 | NOVZ:seis_pick_2/inf_pick_2 | OTVZ:seis_pick_1/inf_pick_1 | SNVZ:seis_pick_1/inf_pick_1,S1I1S2I1S2I2S1I1S1I1,2500.0,2.5,1828328.0,5661776.0,1708.478394,0.6751830807694695,-0.059936433467187376,5
ETVZ:seis_pick_2/inf_pick_1 | NGZ:seis_pick_1/inf_pick_1 | NOVZ:seis_pick_2/inf_pick_2 | OTVZ:seis_pick_2/inf_pick_2 | SNVZ:seis_pick_1/inf_pick_2,S2I1S1I1S2I2S2I2S1I2,3000.0,3.0,1828424.0,5662352.0,1806.060791,0.6752312457329043,0.2639103386369769,5
ETVZ:seis_pick_1/inf_pick_1 | NGZ:seis_pick_2/inf_pick_2 | NOVZ:seis_pick_1/inf_pick_1 | OTVZ:seis_pick_1/inf_pick_1 | SNVZ:seis_pick_1/inf_pick_1,S1I1S2I2S1I1S1I1S1I1,3000.0,3.0,1828040.0,5661872.0,1862.954834,0.6752702602805276,-0.8459020164814073,5
ETVZ:seis_pick_2/inf_pick_1 | NGZ:seis_pick_1/inf_pick_1 | NOVZ:seis_pick_2/inf_pick_2 | OTVZ:seis_pick_1/inf_pick_1 | SNVZ:seis_pick_2/inf_pick_2,S2I1S1I1S2I2S1I1S2I2,2500.0,2.5,1828520.0,5662160.0,1702.077515,0.6755295240940251,0.35851051451199023,5
ETVZ:seis_pick_2/inf_pick_1 | NGZ:seis_pick_2/inf_pick_1 | NOVZ:seis_pick_1/inf_pick_1 | OTVZ:seis_pick_1/inf_pick_1 | SNVZ:seis_pick_2/inf_pick_2,S2I1S2I1S1I1S1I1S2I2,3300.0,3.3,1828328.0,5662256.0,1832.388062,0.6756758989981151,-0.38064256530189766,5
ETVZ:seis_pick_2/inf_pick_2 | NGZ:seis_pick_2/inf_pick_2 | NOVZ:seis_pick_1/inf_pick_2 | OTVZ:seis_pick_2/inf_pick_2 | SNVZ:seis_pick_2/inf_pick_1,S2I2S2I2S1I2S2I2S2I1,3300.0,3.3,1827944.0,5661488.0,1710.052002,0.6759475341032343,-0.6259466253300131,5
ETVZ:seis_pick_2/inf_pick_1 | NGZ:seis_pick_1/inf_pick_1 | NOVZ:seis_pick_2/inf_pick_1 | OTVZ:seis_pick_1/inf_pick_2 | SNVZ:seis_pick_1/inf_pick_1,S2I1S1I1S2I1S1I2S1I1,2500.0,2.5,1828136.0,5662160.0,1946.274292,0.6761945807040779,-0.023989232983465846,5
ETVZ:seis_pick_2/inf_pick_1 | NGZ:seis_pick_2/inf_pick_1 | NOVZ:seis_pick_1/inf_pick_2 | OTVZ:seis_pick_1/inf_pick_2 | SNVZ:seis_pick_1/inf_pick_2,S2I1S2I1S1I2S1I2S1I2,2500.0,2.5,1828232.0,5662256.0,1871.278687,0.6764681055241822,0.7393995125289452,5
ETVZ:seis_pick_2/inf_pick_2 | NGZ:seis_pick_1/inf_pick_1 | NOVZ:seis_pick_2/inf_pick_1 | OTVZ:seis_pick_1/inf_pick_2 | SNVZ:seis_pick_2/inf_pick_2,S2I2S1I1S2I1S1I2S2I2,3300.0,3.3,1827944.0,5662352.0,2080.786133,0.6771984749495797,0.1460492425536904,5
ETVZ:seis_pick_2/inf_pick_1 | NGZ:seis_pick_1/inf_pick_1 | NOVZ:seis_pick_1/inf_pick_1 | OTVZ:seis_pick_2/inf_pick_2 | SNVZ:seis_pick_1/inf_pick_2,S2I1S1I1S1I1S2I2S1I2,3000.0,3.0,1828424.0,5662448.0,1810.776733,0.6804297283214104,0.13964567206229894,5
ETVZ:seis_pick_2/inf_pick_2 | NGZ:seis_pick_1/inf_pick_2 | NOVZ:seis_pick_1/inf_pick_2 | OTVZ:seis_pick_1/inf_pick_2 | SNVZ:seis_pick_2/inf_pick_2,S2I2S1I2S1I2S1I2S2I2,3000.0,3.0,1827944.0,5661968.0,1945.640259,0.6805298819593526,0.43971757039472975,5
ETVZ:seis_pick_2/inf_pick_1 | NGZ:seis_pick_2/inf_pick_1 | NOVZ:seis_pick_1/inf_pick_2 | OTVZ:seis_pick_1/inf_pick_2 | SNVZ:seis_pick_1/inf_pick_2,S2I1S2I1S1I2S1I2S1I2,3000.0,3.0,1828232.0,5662256.0,1871.278687,0.6808816315824686,0.47045036404237733,5
ETVZ:seis_pick_2/inf_pick_2 | NGZ:seis_pick_1/inf_pick_2 | NOVZ:seis_pick_2/inf_pick_1 | OTVZ:seis_pick_1/inf_pick_2 | SNVZ:seis_pick_2/inf_pick_1,S2I2S1I2S2I1S1I2S2I1,3300.0,3.3,1827752.0,5661776.0,1918.936157,0.6810506642948978,-0.643210867916812,5
ETVZ:seis_pick_2/inf_pick_1 | NGZ:seis_pick_1/inf_pick_1 | NOVZ:seis_pick_2/inf_pick_1 | OTVZ:seis_pick_2/inf_pick_2 | SNVZ:seis_pick_1/inf_pick_2,S2I1S1I1S2I1S2I2S1I2,3300.0,3.3,1828328.0,5662544.0,1871.070679,0.6813772380932474,-0.1853946917684423,5
ETVZ:seis_pick_1/inf_pick_1 | NGZ:seis_pick_2/inf_pick_2 | NOVZ:seis_pick_2/inf_pick_1 | OTVZ:seis_pick_1/inf_pick_1 | SNVZ:seis_pick_1/inf_pick_1,S1I1S2I2S2I1S1I1S1I1,3000.0,3.0,1827944.0,5661968.0,1945.640259,0.6821551144953877,-1.0446589846526309,5
ETVZ:seis_pick_1/inf_pick_1 | NGZ:seis_pick_1/inf_pick_1 | NOVZ:seis_pick_1/inf_pick_2 | OTVZ:seis_pick_2/inf_pick_2 | SNVZ:seis_pick_2/inf_pick_2,S1I1S1I1S1I2S2I2S2I2,2500.0,2.5,1828424.0,5662064.0,1744.648804,0.6829186581558404,0.6905460829806233,5
ETVZ:seis_pick_1/inf_pick_1 | NGZ:seis_pick_2/inf_pick_2 | NOVZ:seis_pick_2/inf_pick_1 | OTVZ:seis_pick_1/inf_pick_1 | SNVZ:seis_pick_2/inf_pick_1,S1I1S2I2S2I1S1I1S2I1,2500.0,2.5,1827944.0,5661776.0,1826.723999,0.6830423154229734,-0.905406471754368,5
ETVZ:seis_pick_1/inf_pick_1 | NGZ:seis_pick_2/inf_pick_2 | NOVZ:seis_pick_1/inf_pick_1 | OTVZ:seis_pick_1/inf_pick_2 | SNVZ:seis_pick_2/inf_pick_2,S1I1S2I2S1I1S1I2S2I2,3300.0,3.3,1827848.0,5662160.0,2101.272461,0.6832050573487045,-0.4286202396028223,5
ETVZ:seis_pick_1/inf_pick_2 | NGZ:seis_pick_1/inf_pick_1 | NOVZ:seis_pick_1/inf_pick_2 | OTVZ:seis_pick_1/inf_pick_2 | SNVZ:seis_pick_1/inf_pick_1,S1I2S1I1S1I2S1I2S1I1,3300.0,3.3,1828136.0,5661680.0,1731.645752,0.6832114041501609,0.5132520179517946,5
ETVZ:seis_pick_1/inf_pick_1 | NGZ:seis_pick_1/inf_pick_2 | NOVZ:seis_pick_2/inf_pick_1 | OTVZ:seis_pick_2/inf_pick_2 | SNVZ:seis_pick_2/inf_pick_1,S1I1S1I2S2I1S2I2S2I1,2500.0,2.5,1828040.0,5661776.0,1817.950928,0.6834190943422115,-0.6215114334620871,5
ETVZ:seis_pick_1/inf_pick_2 | NGZ:seis_pick_2/inf_pick_1 | NOVZ:seis_pick_2/inf_pick_2 | OTVZ:seis_pick_1/inf_pick_2 | SNVZ:seis_pick_2/inf_pick_2,S1I2S2I1S2I2S1I2S2I2,3300.0,3.3,1827944.0,5662064.0,2013.466919,0.6840153777668602,0.40835323408590973,5
ETVZ:seis_pick_2/inf_pick_2 | NGZ:seis_pick_2/inf_pick_2 | NOVZ:seis_pick_2/inf_pick_2 | OTVZ:seis_pick_2/inf_pick_2 | SNVZ:seis_pick_2/inf_pick_1,S2I2S2I2S2I2S2I2S2I1,3300.0,3.3,1827944.0,5661584.0,1737.253296,0.6858315611341286,-0.761255382818381,5
ETVZ:seis_pick_1/inf_pick_1 | NGZ:seis_pick_2/inf_pick_1 | NOVZ:seis_pick_1/inf_pick_1 | OTVZ:seis_pick_1/inf_pick_1 | SNVZ:seis_pick_2/inf_pick_1,S1I1S2I1S1I1S1I1S2I1,3000.0,3.0,1828232.0,5661776.0,1756.203979,0.6861070336822654,-0.6247300982654768,5
ETVZ:seis_pick_2/inf_pick_1 | NGZ:seis_pick_1/inf_pick_2 | NOVZ:seis_pick_1/inf_pick_2 | OTVZ:seis_pick_2/inf_pick_1 | SNVZ:seis_pick_2/inf_pick_1,S2I1S1I2S1I2S2I1S2I1,3300.0,3.3,1828520.0,5661584.0,1580.752686,0.6861688830895528,-0.9958519179620942,5
ETVZ:seis_pick_2/inf_pick_2 | NGZ:seis_pick_2/inf_pick_1 | NOVZ:seis_pick_2/inf_pick_2 | OTVZ:seis_pick_1/inf_pick_2 | SNVZ:seis_pick_2/inf_pick_1,S2I2S2I1S2I2S1I2S2I1,2500.0,2.5,1827944.0,5661584.0,1737.253296,0.68636565756279,0.22938203558022535,5
ETVZ:seis_pick_1/inf_pick_1 | NGZ:seis_pick_1/inf_pick_2 | NOVZ:seis_pick_2/inf_pick_1 | OTVZ:seis_pick_1/inf_pick_1 | SNVZ:seis_pick_1/inf_pick_1,S1I1S1I2S2I1S1I1S1I1,3000.0,3.0,1828136.0,5661968.0,1868.978394,0.6865370949830312,-0.7895263988643688,5
ETVZ:seis_pick_1/inf_pick_1 | NGZ:seis_pick_2/inf_pick_2 | NOVZ:seis_pick_1/inf_pick_1 | OTVZ:seis_pick_1/inf_pick_2 | SNVZ:seis_pick_2/inf_pick_2,S1I1S2I2S1I1S1I2S2I2,3000.0,3.0,1827848.0,5662160.0,2101.272461,0.6866636960356305,-0.30455503309267673,5
ETVZ:seis_pick_1/inf_pick_1 | NGZ:seis_pick_2/inf_pick_1 | NOVZ:seis_pick_2/inf_pick_1 | OTVZ:seis_pick_1/inf_pick_2 | SNVZ:seis_pick_2/inf_pick_1,S1I1S2I1S2I1S1I2S2I1,3300.0,3.3,1827944.0,5661968.0,1945.640259,0.6868667384967853,-0.6738276377253477,5
ETVZ:seis_pick_1/inf_pick_1 | NGZ:seis_pick_1/inf_pick_1 | NOVZ:seis_pick_1/inf_pick_1 | OTVZ:seis_pick_2/inf_pick_2 | SNVZ:seis_pick_2/inf_pick_2,S1I1S1I1S1I1S2I2S2I2,3000.0,3.0,1828328.0,5662256.0,1832.388062,0.686908666034117,0.11953910567060415,5
ETVZ:seis_pick_2/inf_pick_2 | NGZ:seis_pick_1/inf_pick_1 | NOVZ:seis_pick_1/inf_pick_2 | OTVZ:seis_pick_1/inf_pick_2 | SNVZ:seis_pick_1/inf_pick_2,S2I2S1I1S1I2S1I2S1I2,2500.0,2.5,1828136.0,5662160.0,1946.274292,0.6871433111886752,1.2344532204968923,5
ETVZ:seis_pick_2/inf_pick_1 | NGZ:seis_pick_2/inf_pick_1 | NOVZ:seis_pick_1/inf_pick_2 | OTVZ:seis_pick_1/inf_pick_2 | SNVZ:seis_pick_1/inf_pick_2,S2I1S2I1S1I2S1I2S1I2,3300.0,3.3,1828232.0,5662256.0,1871.278687,0.6876691294497638,0.3482007510939372,5
ETVZ:seis_pick_1/inf_pick_1 | NGZ:seis_pick_2/inf_pick_1 | NOVZ:seis_pick_2/inf_pick_2 | OTVZ:seis_pick_1/inf_pick_1 | SNVZ:seis_pick_2/inf_pick_1,S1I1S2I1S2I2S1I1S2I1,2500.0,2.5,1828328.0,5661584.0,1637.31189,0.6877480413475476,-0.23442320966712735,5
ETVZ:seis_pick_2/inf_pick_2 | NGZ:seis_pick_1/inf_pick_2 | NOVZ:seis_pick_1/inf_pick_2 | OTVZ:seis_pick_2/inf_pick_2 | SNVZ:seis_pick_2/inf_pick_1,S2I2S1I2S1I2S2I2S2I1,3000.0,3.0,1828136.0,5661488.0,1647.28064,0.6886626808448156,-0.26622463717390926,5
ETVZ:seis_pick_1/inf_pick_1 | NGZ:seis_pick_2/inf_pick_1 | NOVZ:seis_pick_1/inf_pick_2 | OTVZ:seis_pick_1/inf_pick_2 | SNVZ:seis_pick_1/inf_pick_2,S1I1S2I1S1I2S1I2S1I2,2500.0,2.5,1828136.0,5662160.0,1946.274292,0.6891294582656924,0.8405897777086461,5
ETVZ:seis_pick_1/inf_pick_1 | NGZ:seis_pick_1/inf_pick_1 | NOVZ:seis_pick_2/inf_pick_2 | OTVZ:seis_pick_2/inf_pick_2 | SNVZ:seis_pick_1/inf_pick_1,S1I1S1I1S2I2S2I2S1I1,2500.0,2.5,1828328.0,5661872.0,1752.691528,0.6892102033942209,0.1830599716181755,5
ETVZ:seis_pick_2/inf_pick_1 | NGZ:seis_pick_2/inf_pick_1 | NOVZ:seis_pick_2/inf_pick_2 | OTVZ:seis_pick_1/inf_pick_1 | SNVZ:seis_pick_2/inf_pick_2,S2I1S2I1S2I2S1I1S2I2,3300.0,3.3,1828328.0,5662160.0,1795.425903,0.6897439046632067,-0.25671602205613286,5
ETVZ:seis_pick_1/inf_pick_1 | NGZ:seis_pick_2/inf_pick_2 | NOVZ:seis_pick_2/inf_pick_2 | OTVZ:seis_pick_1/inf_pick_1 | SNVZ:seis_pick_1/inf_pick_1,S1I1S2I2S2I2S1I1S1I1,3000.0,3.0,1828040.0,5661776.0,1817.950928,0.6898785831542611,-0.7365854476311011,5
ETVZ:seis_pick_2/inf_pick_2 | NGZ:seis_pick_1/inf_pick_1 | NOVZ:seis_pick_1/inf_pick_1 | OTVZ:seis_pick_1/inf_pick_2 | SNVZ:seis_pick_2/inf_pick_2,S2I2S1I1S1I1S1I2S2I2,2500.0,2.5,1828040.0,5662160.0,2012.584229,0.689985263863166,0.7790904392152098,5
ETVZ:seis_pick_1/inf_pick_1 | NGZ:seis_pick_2/inf_pick_1 | NOVZ:seis_pick_1/inf_pick_1 | OTVZ:seis_pick_2/inf_pick_2 | SNVZ:seis_pick_2/inf_pick_1,S1I1S2I1S1I1S2I2S2I1,2500.0,2.5,1828232.0,5661680.0,1707.919678,0.6905717250732338,-0.2733258027568898,5
ETVZ:seis_pick_1/inf_pick_1 | NGZ:seis_pick_1/inf_pick_2 | NOVZ:seis_pick_2/inf_pick_1 | OTVZ:seis_pick_1/inf_pick_2 | SNVZ:seis_pick_1/inf_pick_2,S1I1S1I2S2I1S1I2S1I2,2500.0,2.5,1827848.0,5662448.0,2169.476074,0.6916483001081464,0.08983098592511336,5
ETVZ:seis_pick_2/inf_pick_1 | NGZ:seis_pick_1/inf_pick_1 | NOVZ:seis_pick_1/inf_pick_2 | OTVZ:seis_pick_2/inf_pick_2 | SNVZ:seis_pick_1/inf_pick_2,S2I1S1I1S1I2S2I2S1I2,3000.0,3.0,1828520.0,5662256.0,1733.170288,0.6919675265974837,0.4558333898141157,5
ETVZ:seis_pick_2/inf_pick_1 | NGZ:seis_pick_2/inf_pick_1 | NOVZ:seis_pick_2/inf_pick_1 | OTVZ:seis_pick_1/inf_pick_1 | SNVZ:seis_pick_2/inf_pick_2,S2I1S2I1S2I1S1I1S2I2,3300.0,3.3,1828232.0,5662352.0,1933.467285,0.6920164433489419,-0.5924176049673102,5
ETVZ:seis_pick_2/inf_pick_1 | NGZ:seis_pick_1/inf_pick_1 | NOVZ:seis_pick_2/inf_pick_1 | OTVZ:seis_pick_2/inf_pick_2 | SNVZ:seis_pick_1/inf_pick_1,S2I1S1I1S2I1S2I2S1I1,3000.0,3.0,1828328.0,5662160.0,1795.425903,0.6920824809571482,-0.4850268489366753,5
ETVZ:seis_pick_1/inf_pick_2 | NGZ:seis_pick_2/inf_pick_1 | NOVZ:seis_pick_1/inf_pick_2 | OTVZ:seis_pick_1/inf_pick_2 | SNVZ:seis_pick_2/inf_pick_2,S1I2S2I1S1I2S1I2S2I2,3000.0,3.0,1827944.0,5661968.0,1945.640259,0.692434334995957,0.7072793793630687,5
ETVZ:seis_pick_2/inf_pick_2 | NGZ:seis_pick_2/inf_pick_1 | NOVZ:seis_pick_2/inf_pick_1 | OTVZ:seis_pick_1/inf_pick_2 | SNVZ:seis_pick_1/inf_pick_1,S2I2S2I1S2I1S1I2S1I1,3300.0,3.3,1827848.0,5661968.0,1976.512817,0.6926585695196223,-0.3201594488564755,5
ETVZ:seis_pick_1/inf_pick_1 | NGZ:seis_pick_1/inf_pick_1 | NOVZ:seis_pick_2/inf_pick_2 | OTVZ:seis_pick_1/inf_pick_1 | SNVZ:seis_pick_1/inf_pick_1,S1I1S1I1S2I2S1I1S1I1,3000.0,3.0,1828424.0,5661872.0,1701.829712,0.6927676546167612,-0.1336782592529106,5
ETVZ:seis_pick_2/inf_pick_1 | NGZ:seis_pick_1/inf_pick_1 | NOVZ:seis_pick_2/inf_pick_2 | OTVZ:seis_pick_1/inf_pick_1 | SNVZ:seis_pick_2/inf_pick_1,S2I1S1I1S2I2S1I1S2I1,2500.0,2.5,1828424.0,5661680.0,1639.828735,0.6929375219225135,-0.15751084594425588,5
ETVZ:seis_pick_2/inf_pick_1 | NGZ:seis_pick_1/inf_pick_1 | NOVZ:seis_pick_1/inf_pick_1 | OTVZ:seis_pick_2/inf_pick_2 | SNVZ:seis_pick_2/inf_pick_1,S2I1S1I1S1I1S2I2S2I1,3300.0,3.3,1828328.0,5661872.0,1752.691528,0.6935648618615392,-0.5985686749221821,5
ETVZ:seis_pick_2/inf_pick_1 | NGZ:seis_pick_1/inf_pick_2 | NOVZ:seis_pick_2/inf_pick_1 | OTVZ:seis_pick_2/inf_pick_2 | SNVZ:seis_pick_2/inf_pick_2,S2I1S1I2S2I1S2I2S2I2,3000.0,3.0,1828136.0,5662352.0,1970.850952,0.6935754269539686,-0.5732385523109844,5
ETVZ:seis_pick_1/inf_pick_1 | NGZ:seis_pick_1/inf_pick_2 | NOVZ:seis_pick_2/inf_pick_1 | OTVZ:seis_pick_1/inf_pick_1 | SNVZ:seis_pick_2/inf_pick_1,S1I1S1I2S2I1S1I1S2I1,3000.0,3.0,1828040.0,5661872.0,1862.954834,0.6946129993261676,-0.982359631919036,5
ETVZ:seis_pick_2/inf_pick_2 | NGZ:seis_pick_1/inf_pick_1 | NOVZ:seis_pick_1/inf_pick_2 | OTVZ:seis_pick_1/inf_pick_2 | SNVZ:seis_pick_2/inf_pick_1,S2I2S1I1S1I2S1I2S2I1,3300.0,3.3,1828136.0,5661584.0,1680.270508,0.6947320107242216,0.21583875935170518,5
ETVZ:seis_pick_1/inf_pick_1 | NGZ:seis_pick_2/inf_pick_2 | NOVZ:seis_pick_1/inf_pick_2 | OTVZ:seis_pick_2/inf_pick_2 | SNVZ:seis_pick_1/inf_pick_1,S1I1S2I2S1I2S2I2S1I1,2500.0,2.5,1828136.0,5661584.0,1680.270508,0.6958554128213236,-0.2090856160959012,5
ETVZ:seis_pick_2/inf_pick_1 | NGZ:seis_pick_1/inf_pick_1 | NOVZ:seis_pick_2/inf_pick_2 | OTVZ:seis_pick_1/inf_pick_2 | SNVZ:seis_pick_2/inf_pick_1,S2I1S1I1S2I2S1I2S2I1,2500.0,2.5,1828232.0,5661776.0,1756.203979,0.695962072437853,0.1405347206877904,5
ETVZ:seis_pick_1/inf_pick_2 | NGZ:seis_pick_1/inf_pick_2 | NOVZ:seis_pick_1/inf_pick_1 | OTVZ:seis_pick_1/inf_pick_2 | SNVZ:seis_pick_2/inf_pick_1,S1I2S1I2S1I1S1I2S2I1,3300.0,3.3,1827752.0,5661680.0,1892.618652,0.6962620256668336,-0.37427403234667744,5
ETVZ:seis_pick_2/inf_pick_2 | NGZ:seis_pick_1/inf_pick_2 | NOVZ:seis_pick_1/inf_pick_1 | OTVZ:seis_pick_1/inf_pick_2 | SNVZ:seis_pick_2/inf_pick_2,S2I2S1I2S1I1S1I2S2I2,2500.0,2.5,1827848.0,5662064.0,2029.3927,0.6963170297013975,0.409741079622982,5
ETVZ:seis_pick_2/inf_pick_2 | NGZ:seis_pick_1/inf_pick_2 | NOVZ:seis_pick_2/inf_pick_2 | OTVZ:seis_pick_1/inf_pick_2 | SNVZ:seis_pick_2/inf_pick_2,S2I2S1I2S2I2S1I2S2I2,2500.0,2.5,1827848.0,5662064.0,2029.3927,0.6967737541044675,0.5007128232480664,5
ETVZ:seis_pick_1/inf_pick_1 | NGZ:seis_pick_2/inf_pick_1 | NOVZ:seis_pick_2/inf_pick_2 | OTVZ:seis_pick_2/inf_pick_2 | SNVZ:seis_pick_2/inf_pick_2,S1I1S2I1S2I2S2I2S2I2,3300.0,3.3,1828232.0,5662160.0,1873.492554,0.6968399849812213,-0.09891619750572023,5
ETVZ:seis_pick_1/inf_pick_1 | NGZ:seis_pick_2/inf_pick_1 | NOVZ:seis_pick_2/inf_pick_1 | OTVZ:seis_pick_1/inf_pick_2 | SNVZ:seis_pick_2/inf_pick_1,S1I1S2I1S2I1S1I2S2I1,3000.0,3.0,1827944.0,5661872.0,1879.445679,0.6976263925709203,-0.5195110605241423,5
ETVZ:seis_pick_1/inf_pick_2 | NGZ:seis_pick_1/inf_pick_1 | NOVZ:seis_pick_2/inf_pick_2 | OTVZ:seis_pick_1/inf_pick_2 | SNVZ:seis_pick_2/inf_pick_2,S1I2S1I1S2I2S1I2S2I2,3300.0,3.3,1828040.0,5662160.0,2012.584229,0.6978352884598703,0.5980227532988174,5
ETVZ:seis_pick_1/inf_pick_1 | NGZ:seis_pick_2/inf_pick_1 | NOVZ:seis_pick_1/inf_pick_1 | OTVZ:seis_pick_2/inf_pick_2 | SNVZ:seis_pick_2/inf_pick_2,S1I1S2I1S1I1S2I2S2I2,3300.0,3.3,1828232.0,5662256.0,1871.278687,0.6979181183857753,-0.2124442216736302,5
ETVZ:seis_pick_2/inf_pick_1 | NGZ:seis_pick_2/inf_pick_1 | NOVZ:seis_pick_1/inf_pick_2 | OTVZ:seis_pick_2/inf_pick_1 | SNVZ:seis_pick_2/inf_pick_1,S2I1S2I1S1I2S2I1S2I1,3000.0,3.0,1828616.0,5661584.0,1545.224731,0.6988519622728899,-0.7202363979607448,5
ETVZ:seis_pick_1/inf_pick_1 | NGZ:seis_pick_1/inf_pick_2 | NOVZ:seis_pick_1/inf_pick_1 | OTVZ:seis_pick_1/inf_pick_1 | SNVZ:seis_pick_1/inf_pick_1,S1I1S1I2S1I1S1I1S1I1,2500.0,2.5,1828136.0,5661872.0,1836.069458,0.6989572308767964,-0.36607160868783933,5
ETVZ:seis_pick_2/inf_pick_2 | NGZ:seis_pick_1/inf_pick_1 | NOVZ:seis_pick_2/inf_pick_2 | OTVZ:seis_pick_1/inf_pick_2 | SNVZ:seis_pick_1/inf_pick_1,S2I2S1I1S2I2S1I2S1I1,3000.0,3.0,1828040.0,5661872.0,1862.954834,0.6994720218967406,0.31437256771743644,5
ETVZ:seis_pick_2/inf_pick_1 | NGZ:seis_pick_2/inf_pick_1 | NOVZ:seis_pick_1/inf_pick_2 | OTVZ:seis_pick_2/inf_pick_2 | SNVZ:seis_pick_2/inf_pick_2,S2I1S2I1S1I2S2I2S2I2,2500.0,2.5,1828424.0,5662064.0,1744.648804,0.6998396577832826,0.3869594913098739,5
ETVZ:seis_pick_1/inf_pick_2 | NGZ:seis_pick_2/inf_pick_2 | NOVZ:seis_pick_2/inf_pick_1 | OTVZ:seis_pick_1/inf_pick_2 | SNVZ:seis_pick_2/inf_pick_1,S1I2S2I2S2I1S1I2S2I1,3000.0,3.0,1827560.0,5661680.0,1891.784546,0.700006939147303,-0.6422438242125728,5
ETVZ:seis_pick_1/inf_pick_1 | NGZ:seis_pick_1/inf_pick_1 | NOVZ:seis_pick_1/inf_pick_2 | OTVZ:seis_pick_1/inf_pick_1 | SNVZ:seis_pick_2/inf_pick_2,S1I1S1I1S1I2S1I1S2I2,3300.0,3.3,1828424.0,5662064.0,1744.648804,0.7005141754190829,0.22851397563576104,5
ETVZ:seis_pick_2/inf_pick_1 | NGZ:seis_pick_2/inf_pick_2 | NOVZ:seis_pick_1/inf_pick_1 | OTVZ:seis_pick_1/inf_pick_2 | SNVZ:seis_pick_2/inf_pick_2,S2I1S2I2S1I1S1I2S2I2,2500.0,2.5,1827848.0,5662160.0,2101.272461,0.7010094915683671,-0.15325468319093433,5
ETVZ:seis_pick_2/inf_pick_2 | NGZ:seis_pick_2/inf_pick_1 | NOVZ:seis_pick_1/inf_pick_1 | OTVZ:seis_pick_1/inf_pick_2 | SNVZ:seis_pick_1/inf_pick_2,S2I2S2I1S1I1S1I2S1I2,3300.0,3.3,1827944.0,5662352.0,2080.786133,0.701727923346633,0.28250685799131914,5
ETVZ:seis_pick_2/inf_pick_1 | NGZ:seis_pick_1/inf_pick_1 | NOVZ:seis_pick_2/inf_pick_2 | OTVZ:seis_pick_1/inf_pick_2 | SNVZ:seis_pick_2/inf_pick_1,S2I1S1I1S2I2S1I2S2I1,3000.0,3.0,1828232.0,5661776.0,1756.203979,0.701951372611305,-0.12588076582321825,5
ETVZ:seis_pick_2/inf_pick_1 | NGZ:seis_pick_2/inf_pick_1 | NOVZ:seis_pick_1/inf_pick_1 | OTVZ:seis_pick_1/inf_pick_1 | SNVZ:seis_pick_2/inf_pick_2,S2I1S2I1S1I1S1I1S2I2,3000.0,3.0,1828328.0,5662256.0,1832.388062,0.702060940443141,-0.258709461112465,5
ETVZ:seis_pick_2/inf_pick_1 | NGZ:seis_pick_1/inf_pick_2 | NOVZ:seis_pick_2/inf_pick_2 | OTVZ:seis_pick_2/inf_pick_1 | SNVZ:seis_pick_2/inf_pick_1,S2I1S1I2S2I2S2I1S2I1,3300.0,3.3,1828424.0,5661680.0,1639.828735,0.7024826174437119,-1.1439501052835372,5
ETVZ:seis_pick_2/inf_pick_2 | NGZ:seis_pick_1/inf_pick_2 | NOVZ:seis_pick_2/inf_pick_1 | OTVZ:seis_pick_1/inf_pick_2 | SNVZ:seis_pick_2/inf_pick_1,S2I2S1I2S2I1S1I2S2I1,3000.0,3.0,1827752.0,5661776.0,1918.936157,0.7029503670165027,-0.5201478411693496,5
ETVZ:seis_pick_2/inf_pick_2 | NGZ:seis_pick_2/inf_pick_1 | NOVZ:seis_pick_1/inf_pick_2 | OTVZ:seis_pick_2/inf_pick_2 | SNVZ:seis_pick_2/inf_pick_1,S2I2S2I1S1I2S2I2S2I1,3300.0,3.3,1828232.0,5661488.0,1616.910156,0.703467878092543,-0.21932231654482112,5
ETVZ:seis_pick_1/inf_pick_1 | NGZ:seis_pick_1/inf_pick_1 | NOVZ:seis_pick_1/inf_pick_1 | OTVZ:seis_pick_2/inf_pick_2 | SNVZ:seis_pick_1/inf_pick_1,S1I1S1I1S1I1S2I2S1I1,3000.0,3.0,1828328.0,5661968.0,1780.70813,0.7037307607535286,-0.19015241777689978,5
ETVZ:seis_pick_2/inf_pick_1 | NGZ:seis_pick_1/inf_pick_1 | NOVZ:seis_pick_2/inf_pick_1 | OTVZ:seis_pick_1/inf_pick_1 | SNVZ:seis_pick_2/inf_pick_2,S2I1S1I1S2I1S1I1S2I2,3000.0,3.0,1828328.0,5662448.0,1861.943481,0.7050587813534285,-0.2805016696952549,5
ETVZ:seis_pick_2/inf_pick_2 | NGZ:seis_pick_2/inf_pick_1 | NOVZ:seis_pick_1/inf_pick_2 | OTVZ:seis_pick_2/inf_pick_2 | SNVZ:seis_pick_1/inf_pick_1,S2I2S2I1S1I2S2I2S1I1,3300.0,3.3,1828232.0,5661680.0,1707.919678,0.705174325810824,-0.03916039676808616,5
ETVZ:seis_pick_2/inf_pick_1 | NGZ:seis_pick_1/inf_pick_1 | NOVZ:seis_pick_1/inf_pick_1 | OTVZ:seis_pick_1/inf_pick_1 | SNVZ:seis_pick_2/inf_pick_2,S2I1S1I1S1I1S1I1S2I2,2500.0,2.5,1828424.0,5662256.0,1795.46814,0.7053277477897575,0.21441066117330596,5
ETVZ:seis_pick_1/inf_pick_1 | NGZ:seis_pick_2/inf_pick_2 | NOVZ:seis_pick_1/inf_pick_1 | OTVZ:seis_pick_1/inf_pick_2 | SNVZ:seis_pick_2/inf_pick_2,S1I1S2I2S1I1S1I2S2I2,2500.0,2.5,1827848.0,5662160.0,2101.272461,0.7055593094497921,-0.03161157877035734,5
ETVZ:seis_pick_2/inf_pick_1 | NGZ:seis_pick_2/inf_pick_2 | NOVZ:seis_pick_1/inf_pick_2 | OTVZ:seis_pick_1/inf_pick_1 | SNVZ:seis_pick_1/inf_pick_1,S2I1S2I2S1I2S1I1S1I1,2500.0,2.5,1828232.0,5661680.0,1707.919678,0.7058810144277053,-0.3881202277748354,5
ETVZ:seis_pick_2/inf_pick_2 | NGZ:seis_pick_1/inf_pick_1 | NOVZ:seis_pick_2/inf_pick_1 | OTVZ:seis_pick_1/inf_pick_2 | SNVZ:seis_pick_1/inf_pick_2,S2I2S1I1S2I1S1I2S1I2,3300.0,3.3,1827944.0,5662544.0,2111.566162,0.7064514768531239,0.2501903836667216,5
ETVZ:seis_pick_2/inf_pick_2 | NGZ:seis_pick_2/inf_pick_1 | NOVZ:seis_pick_1/inf_pick_1 | OTVZ:seis_pick_1/inf_pick_2 | SNVZ:seis_pick_2/inf_pick_1,S2I2S2I1S1I1S1I2S2I1,3300.0,3.3,1827944.0,5661776.0,1826.723999,0.709715906153819,-0.2721971336845936,5
ETVZ:seis_pick_1/inf_pick_1 | NGZ:seis_pick_1/inf_pick_2 | NOVZ:seis_pick_1/inf_pick_1 | OTVZ:seis_pick_1/inf_pick_2 | SNVZ:seis_pick_1/inf_pick_2,S1I1S1I2S1I1S1I2S1I2,3300.0,3.3,1827944.0,5662352.0,2080.786133,0.7099678255774676,-0.07533180209451676,5
ETVZ:seis_pick_2/inf_pick_1 | NGZ:seis_pick_1/inf_pick_1 | NOVZ:seis_pick_2/inf_pick_1 | OTVZ:seis_pick_2/inf_pick_2 | SNVZ:seis_pick_1/inf_pick_2,S2I1S1I1S2I1S2I2S1I2,3000.0,3.0,1828328.0,5662544.0,1871.070679,0.7102817983319164,-0.06225842790759142,5
ETVZ:seis_pick_2/inf_pick_1 | NGZ:seis_pick_1/inf_pick_1 | NOVZ:seis_pick_2/inf_pick_2 | OTVZ:seis_pick_1/inf_pick_2 | SNVZ:seis_pick_2/inf_pick_1,S2I1S1I1S2I2S1I2S2I1,3300.0,3.3,1828232.0,5661776.0,1756.203979,0.7105623190747202,-0.24697871423731393,5
ETVZ:seis_pick_2/inf_pick_2 | NGZ:seis_pick_2/inf_pick_2 | NOVZ:seis_pick_2/inf_pick_1 | OTVZ:seis_pick_1/inf_pick_2 | SNVZ:seis_pick_2/inf_pick_2,S2I2S2I2S2I1S1I2S2I2,3300.0,3.3,1827656.0,5662160.0,2165.010986,0.7107995920684171,-0.4499784214896859,5
ETVZ:seis_pick_2/inf_pick_2 | NGZ:seis_pick_1/inf_pick_1 | NOVZ:seis_pick_2/inf_pick_1 | OTVZ:seis_pick_1/inf_pick_2 | SNVZ:seis_pick_2/inf_pick_2,S2I2S1I1S2I1S1I2S2I2,3000.0,3.0,1827944.0,5662352.0,2080.786133,0.7110973778268305,0.27023379873866027,5
ETVZ:seis_pick_2/inf_pick_1 | NGZ:seis_pick_2/inf_pick_1 | NOVZ:seis_pick_2/inf_pick_2 | OTVZ:seis_pick_1/inf_pick_1 | SNVZ:seis_pick_2/inf_pick_2,S2I1S2I1S2I2S1I1S2I2,3000.0,3.0,1828328.0,5662160.0,1795.425903,0.7113818460239336,-0.13515402046526132,5
ETVZ:seis_pick_2/inf_pick_1 | NGZ:seis_pick_1/inf_pick_1 | NOVZ:seis_pick_2/inf_pick_1 | OTVZ:seis_pick_1/inf_pick_1 | SNVZ:seis_pick_1/inf_pick_1,S2I1S1I1S2I1S1I1S1I1,3300.0,3.3,1828328.0,5662160.0,1795.425903,0.7119708678314282,-0.6812508256398667,5
ETVZ:seis_pick_2/inf_pick_1 | NGZ:seis_pick_1/inf_pick_2 | NOVZ:seis_pick_1/inf_pick_1 | OTVZ:seis_pick_2/inf_pick_2 | SNVZ:seis_pick_2/inf_pick_2,S2I1S1I2S1I1S2I2S2I2,3300.0,3.3,1828136.0,5662256.0,1932.221924,0.7122820395619569,-0.5192844161069671,5
ETVZ:seis_pick_1/inf_pick_2 | NGZ:seis_pick_2/inf_pick_1 | NOVZ:seis_pick_1/inf_pick_1 | OTVZ:seis_pick_1/inf_pick_2 | SNVZ:seis_pick_2/inf_pick_2,S1I2S2I1S1I1S1I2S2I2,3300.0,3.3,1827848.0,5662160.0,2101.272461,0.7123799171549876,0.2328050121537629,5
ETVZ:seis_pick_2/inf_pick_1 | NGZ:seis_pick_1/inf_pick_2 | NOVZ:seis_pick_1/inf_pick_1 | OTVZ:seis_pick_1/inf_pick_2 | SNVZ:seis_pick_1/inf_pick_2,S2I1S1I2S1I1S1I2S1I2,3300.0,3.3,1828040.0,5662448.0,2043.867798,0.7124319825205537,-0.18649615518576343,5
ETVZ:seis_pick_2/inf_pick_1 | NGZ:seis_pick_1/inf_pick_2 | NOVZ:seis_pick_1/inf_pick_1 | OTVZ:seis_pick_1/inf_pick_2 | SNVZ:seis_pick_1/inf_pick_2,S2I1S1I2S1I1S1I2S1I2,3000.0,3.0,1828040.0,5662448.0,2043.867798,0.7130848397226269,-0.0624295997743598,5
ETVZ:seis_pick_2/inf_pick_1 | NGZ:seis_pick_1/inf_pick_1 | NOVZ:seis_pick_1/inf_pick_1 | OTVZ:seis_pick_2/inf_pick_2 | SNVZ:seis_pick_2/inf_pick_1,S2I1S1I1S1I1S2I2S2I1,3000.0,3.0,1828328.0,5661872.0,1752.691528,0.7131184619865593,-0.47760920265826845,5
ETVZ:seis_pick_2/inf_pick_2 | NGZ:seis_pick_2/inf_pick_1 | NOVZ:seis_pick_2/inf_pick_1 | OTVZ:seis_pick_1/inf_pick_2 | SNVZ:seis_pick_2/inf_pick_2,S2I2S2I1S2I1S1I2S2I2,2500.0,2.5,1827848.0,5662256.0,2154.689941,0.7131345070356417,0.32611829004098886,5
ETVZ:seis_pick_1/inf_pick_2 | NGZ:seis_pick_1/inf_pick_1 | NOVZ:seis_pick_1/inf_pick_2 | OTVZ:seis_pick_1/inf_pick_2 | SNVZ:seis_pick_1/inf_pick_1,S1I2S1I1S1I2S1I2S1I1,3000.0,3.0,1828136.0,5661680.0,1731.645752,0.7141325120867048,0.6345005989568951,5
ETVZ:seis_pick_2/inf_pick_1 | NGZ:seis_pick_1/inf_pick_1 | NOVZ:seis_pick_1/inf_pick_1 | OTVZ:seis_pick_1/inf_pick_1 | SNVZ:seis_pick_2/inf_pick_1,S2I1S1I1S1I1S1I1S2I1,3300.0,3.3,1828424.0,5661872.0,1701.829712,0.71440356645744,-0.6489223318745101,5
ETVZ:seis_pick_1/inf_pick_1 | NGZ:seis_pick_2/inf_pick_2 | NOVZ:seis_pick_1/inf_pick_2 | OTVZ:seis_pick_1/inf_pick_1 | SNVZ:seis_pick_1/inf_pick_1,S1I1S2I2S1I2S1I1S1I1,3300.0,3.3,1828136.0,5661680.0,1731.645752,0.7146026854604459,-0.6776939270425416,5
ETVZ:seis_pick_2/inf_pick_2 | NGZ:seis_pick_2/inf_pick_1 | NOVZ:seis_pick_2/inf_pick_2 | OTVZ:seis_pick_1/inf_pick_2 | SNVZ:seis_pick_1/inf_pick_2,S2I2S2I1S2I2S1I2S1I2,3300.0,3.3,1827944.0,5662256.0,2088.119141,0.7146515176676181,0.396440714725183,5
ETVZ:seis_pick_2/inf_pick_2 | NGZ:seis_pick_1/inf_pick_1 | NOVZ:seis_pick_1/inf_pick_2 | OTVZ:seis_pick_1/inf_pick_2 | SNVZ:seis_pick_2/inf_pick_1,S2I2S1I1S1I2S1I2S2I1,3000.0,3.0,1828136.0,5661584.0,1680.270508,0.7146774391809635,0.3370178227153495,5
ETVZ:seis_pick_2/inf_pick_1 | NGZ:seis_pick_2/inf_pick_2 | NOVZ:seis_pick_1/inf_pick_1 | OTVZ:seis_pick_1/inf_pick_2 | SNVZ:seis_pick_2/inf_pick_2,S2I1S2I2S1I1S1I2S2I2,3000.0,3.0,1827848.0,5662256.0,2154.689941,0.7146950747141307,-0.47296459326503354,5
ETVZ:seis_pick_1/inf_pick_1 | NGZ:seis_pick_1/inf_pick_1 | NOVZ:seis_pick_2/inf_pick_2 | OTVZ:seis_pick_2/inf_pick_2 | SNVZ:seis_pick_2/inf_pick_1,S1I1S1I1S2I2S2I2S2I1,3300.0,3.3,1828328.0,5661776.0,1708.478394,0.7147172967767992,-0.3718360340297835,5
ETVZ:seis_pick_1/inf_pick_2 | NGZ:seis_pick_1/inf_pick_2 | NOVZ:seis_pick_2/inf_pick_2 | OTVZ:seis_pick_1/inf_pick_2 | SNVZ:seis_pick_2/inf_pick_1,S1I2S1I2S2I2S1I2S2I1,2500.0,2.5,1827848.0,5661488.0,1754.805298,0.7152267896058542,0.16830277575339955,5
ETVZ:seis_pick_2/inf_pick_2 | NGZ:seis_pick_2/inf_pick_2 | NOVZ:seis_pick_1/inf_pick_2 | OTVZ:seis_pick_2/inf_pick_2 | SNVZ:seis_pick_2/inf_pick_1,S2I2S2I2S1I2S2I2S2I1,3000.0,3.0,1827944.0,5661488.0,1710.052002,0.7153790314654712,-0.5041024394252602,5
ETVZ:seis_pick_2/inf_pick_1 | NGZ:seis_pick_2/inf_pick_1 | NOVZ:seis_pick_2/inf_pick_1 | OTVZ:seis_pick_1/inf_pick_1 | SNVZ:seis_pick_2/inf_pick_1,S2I1S2I1S2I1S1I1S2I1,2500.0,2.5,1828232.0,5661872.0,1779.748779,0.7154552226102202,-0.6270339569882806,5
ETVZ:seis_pick_2/inf_pick_1 | NGZ:seis_pick_1/inf_pick_2 | NOVZ:seis_pick_1/inf_pick_1 | OTVZ:seis_pick_1/inf_pick_2 | SNVZ:seis_pick_1/inf_pick_2,S2I1S1I2S1I1S1I2S1I2,2500.0,2.5,1828040.0,5662352.0,2016.082642,0.7155357663562413,0.25082517115019076,5
ETVZ:seis_pick_2/inf_pick_2 | NGZ:seis_pick_1/inf_pick_2 | NOVZ:seis_pick_2/inf_pick_1 | OTVZ:seis_pick_1/inf_pick_2 | SNVZ:seis_pick_2/inf_pick_2,S2I2S1I2S2I1S1I2S2I2,2500.0,2.5,1827752.0,5662256.0,2200.287842,0.7164960544323518,0.12770114952051106,5
ETVZ:seis_pick_1/inf_pick_1 | NGZ:seis_pick_1/inf_pick_2 | NOVZ:seis_pick_1/inf_pick_1 | OTVZ:seis_pick_1/inf_pick_2 | SNVZ:seis_pick_1/inf_pick_2,S1I1S1I2S1I1S1I2S1I2,3000.0,3.0,1827944.0,5662352.0,2080.786133,0.7168205300658107,0.04885275409045313,5
ETVZ:seis_pick_2/inf_pick_2 | NGZ:seis_pick_2/inf_pick_1 | NOVZ:seis_pick_2/inf_pick_1 | OTVZ:seis_pick_1/inf_pick_2 | SNVZ:seis_pick_1/inf_pick_2,S2I2S2I1S2I1S1I2S1I2,3300.0,3.3,1827848.0,5662448.0,2169.476074,0.716907744517476,0.04669897288730009,5
ETVZ:seis_pick_2/inf_pick_2 | NGZ:seis_pick_1/inf_pick_1 | NOVZ:seis_pick_2/inf_pick_2 | OTVZ:seis_pick_1/inf_pick_2 | SNVZ:seis_pick_1/inf_pick_2,S2I2S1I1S2I2S1I2S1I2,2500.0,2.5,1828136.0,5662256.0,1932.221924,0.717188666648847,1.0805854579715193,5
ETVZ:seis_pick_1/inf_pick_2 | NGZ:seis_pick_2/inf_pick_1 | NOVZ:seis_pick_1/inf_pick_2 | OTVZ:seis_pick_1/inf_pick_2 | SNVZ:seis_pick_2/inf_pick_1,S1I2S2I1S1I2S1I2S2I1,2500.0,2.5,1827944.0,5661392.0,1666.013062,0.7174673959336134,0.4830278185722122,5
ETVZ:seis_pick_2/inf_pick_2 | NGZ:seis_pick_1/inf_pick_2 | NOVZ:seis_pick_1/inf_pick_2 | OTVZ:seis_pick_2/inf_pick_2 | SNVZ:seis_pick_1/inf_pick_1,S2I2S1I2S1I2S2I2S1I1,3300.0,3.3,1828136.0,5661680.0,1731.645752,0.7178282388402966,-0.20916850914197554,5
ETVZ:seis_pick_1/inf_pick_1 | NGZ:seis_pick_1/inf_pick_1 | NOVZ:seis_pick_2/inf_pick_1 | OTVZ:seis_pick_1/inf_pick_2 | SNVZ:seis_pick_1/inf_pick_1,S1I1S1I1S2I1S1I2S1I1,3300.0,3.3,1828040.0,5662160.0,2012.584229,0.7180971898440365,-0.34201859749373964,5
ETVZ:seis_pick_2/inf_pick_2 | NGZ:seis_pick_2/inf_pick_1 | NOVZ:seis_pick_2/inf_pick_1 | OTVZ:seis_pick_1/inf_pick_2 | SNVZ:seis_pick_1/inf_pick_1,S2I2S2I1S2I1S1I2S1I1,3000.0,3.0,1827848.0,5661968.0,1976.512817,0.7181858307324019,-0.19704224820158361,5
ETVZ:seis_pick_1/inf_pick_2 | NGZ:seis_pick_2/inf_pick_1 | NOVZ:seis_pick_2/inf_pick_2 | OTVZ:seis_pick_1/inf_pick_2 | SNVZ:seis_pick_2/inf_pick_2,S1I2S2I1S2I2S1I2S2I2,3000.0,3.0,1827944.0,5662064.0,2013.466919,0.7189804301061679,0.53146602846677,5
ETVZ:seis_pick_1/inf_pick_1 | NGZ:seis_pick_2/inf_pick_1 | NOVZ:seis_pick_2/inf_pick_1 | OTVZ:seis_pick_1/inf_pick_2 | SNVZ:seis_pick_2/inf_pick_1,S1I1S2I1S2I1S1I2S2I1,2500.0,2.5,1827944.0,5661872.0,1879.445679,0.7195608299429169,-0.2504421017972236,5
ETVZ:seis_pick_1/inf_pick_1 | NGZ:seis_pick_2/inf_pick_1 | NOVZ:seis_pick_2/inf_pick_1 | OTVZ:seis_pick_1/inf_pick_1 | SNVZ:seis_pick_1/inf_pick_1,S1I1S2I1S2I1S1I1S1I1,3300.0,3.3,1828136.0,5662064.0,1926.312866,0.7195966164794254,-0.7982182879533903,5
ETVZ:seis_pick_2/inf_pick_1 | NGZ:seis_pick_2/inf_pick_2 | NOVZ:seis_pick_1/inf_pick_1 | OTVZ:seis_pick_1/inf_pick_2 | SNVZ:seis_pick_2/inf_pick_2,S2I1S2I2S1I1S1I2S2I2,3300.0,3.3,1827848.0,5662256.0,2154.689941,0.7197036121912163,-0.5975624328046096,5
ETVZ:seis_pick_2/inf_pick_2 | NGZ:seis_pick_1/inf_pick_2 | NOVZ:seis_pick_2/inf_pick_2 | OTVZ:seis_pick_2/inf_pick_2 | SNVZ:seis_pick_2/inf_pick_1,S2I2S1I2S2I2S2I2S2I1,3300.0,3.3,1828040.0,5661584.0,1704.531738,0.7203080106890054,-0.5477409085559172,5
ETVZ:seis_pick_2/inf_pick_1 | NGZ:seis_pick_2/inf_pick_1 | NOVZ:seis_pick_2/inf_pick_1 | OTVZ:seis_pick_1/inf_pick_1 | SNVZ:seis_pick_2/inf_pick_2,S2I1S2I1S2I1S1I1S2I2,3000.0,3.0,1828232.0,5662352.0,1933.467285,0.7209055605568901,-0.469636354463243,5
ETVZ:seis_pick_1/inf_pick_1 | NGZ:seis_pick_2/inf_pick_1 | NOVZ:seis_pick_1/inf_pick_2 | OTVZ:seis_pick_2/inf_pick_2 | SNVZ:seis_pick_2/inf_pick_2,S1I1S2I1S1I2S2I2S2I2,3300.0,3.3,1828328.0,5662064.0,1806.550293,0.7220239913903052,0.09236487929773815,5
ETVZ:seis_pick_1/inf_pick_1 | NGZ:seis_pick_1/inf_pick_1 | NOVZ:seis_pick_1/inf_pick_2 | OTVZ:seis_pick_1/inf_pick_1 | SNVZ:seis_pick_2/inf_pick_1,S1I1S1I1S1I2S1I1S2I1,2500.0,2.5,1828520.0,5661488.0,1549.203247,0.7220595147223818,0.10395350237008696,5
ETVZ:seis_pick_2/inf_pick_1 | NGZ:seis_pick_2/inf_pick_1 | NOVZ:seis_pick_2/inf_pick_2 | OTVZ:seis_pick_2/inf_pick_1 | SNVZ:seis_pick_2/inf_pick_1,S2I1S2I1S2I2S2I1S2I1,3300.0,3.3,1828520.0,5661680.0,1602.574463,0.722519365387477,-0.9831032434630108,5
ETVZ:seis_pick_1/inf_pick_2 | NGZ:seis_pick_2/inf_pick_1 | NOVZ:seis_pick_1/inf_pick_1 | OTVZ:seis_pick_1/inf_pick_2 | SNVZ:seis_pick_1/inf_pick_1,S1I2S2I1S1I1S1I2S1I1,3300.0,3.3,1827848.0,5661872.0,1910.128296,0.722599702767619,-0.028591270334929676,5
ETVZ:seis_pick_2/inf_pick_2 | NGZ:seis_pick_2/inf_pick_2 | NOVZ:seis_pick_1/inf_pick_1 | OTVZ:seis_pick_2/inf_pick_2 | SNVZ:seis_pick_2/inf_pick_1,S2I2S2I2S1I1S2I2S2I1,3300.0,3.3,1827848.0,5661680.0,1823.050049,0.7226715428503548,-0.8987815141314819,5
ETVZ:seis_pick_1/inf_pick_1 | NGZ:seis_pick_1/inf_pick_1 | NOVZ:seis_pick_2/inf_pick_2 | OTVZ:seis_pick_1/inf_pick_2 | SNVZ:seis_pick_2/inf_pick_1,S1I1S1I1S2I2S1I2S2I1,3300.0,3.3,1828232.0,5661776.0,1756.203979,0.7232244015165261,-0.12533560981673694,5
ETVZ:seis_pick_2/inf_pick_1 | NGZ:seis_pick_1/inf_pick_1 | NOVZ:seis_pick_1/inf_pick_2 | OTVZ:seis_pick_2/inf_pick_1 | SNVZ:seis_pick_2/inf_pick_1,S2I1S1I1S1I2S2I1S2I1,3300.0,3.3,1828712.0,5661584.0,1530.365601,0.7234889577184634,-0.6535590809716838,5
ETVZ:seis_pick_1/inf_pick_1 | NGZ:seis_pick_2/inf_pick_1 | NOVZ:seis_pick_2/inf_pick_1 | OTVZ:seis_pick_2/inf_pick_2 | SNVZ:seis_pick_2/inf_pick_2,S1I1S2I1S2I1S2I2S2I2,3300.0,3.3,1828136.0,5662352.0,1970.850952,0.7236600992425651,-0.42882638320938504,5
ETVZ:seis_pick_2/inf_pick_1 | NGZ:seis_pick_1/inf_pick_2 | NOVZ:seis_pick_1/inf_pick_2 | OTVZ:seis_pick_2/inf_pick_1 | SNVZ:seis_pick_2/inf_pick_1,S2I1S1I2S1I2S2I1S2I1,3000.0,3.0,1828520.0,5661488.0,1549.203247,0.7242335424700933,-0.8835230914555995,5
ETVZ:seis_pick_1/inf_pick_1 | NGZ:seis_pick_2/inf_pick_1 | NOVZ:seis_pick_2/inf_pick_2 | OTVZ:seis_pick_2/inf_pick_2 | SNVZ:seis_pick_2/inf_pick_2,S1I1S2I1S2I2S2I2S2I2,3000.0,3.0,1828232.0,5662160.0,1873.492554,0.7245226131188232,0.023079410125749433,5
ETVZ:seis_pick_1/inf_pick_1 | NGZ:seis_pick_1/inf_pick_1 | NOVZ:seis_pick_2/inf_pick_2 | OTVZ:seis_pick_2/inf_pick_2 | SNVZ:seis_pick_2/inf_pick_2,S1I1S1I1S2I2S2I2S2I2,2500.0,2.5,1828328.0,5662160.0,1795.425903,0.7247077123625116,0.5105309498177268,5
ETVZ:seis_pick_2/inf_pick_1 | NGZ:seis_pick_1/inf_pick_1 | NOVZ:seis_pick_1/inf_pick_2 | OTVZ:seis_pick_2/inf_pick_1 | SNVZ:seis_pick_1/inf_pick_1,S2I1S1I1S1I2S2I1S1I1,3300.0,3.3,1828712.0,5661776.0,1573.915161,0.7259784620583158,-0.4655906398673492,5
ETVZ:seis_pick_1/inf_pick_2 | NGZ:seis_pick_1/inf_pick_2 | NOVZ:seis_pick_2/inf_pick_1 | OTVZ:seis_pick_1/inf_pick_2 | SNVZ:seis_pick_1/inf_pick_1,S1I2S1I2S2I1S1I2S1I1,3300.0,3.3,1827752.0,5661968.0,2023.887207,0.7266339354565011,-0.3948769765121384,5
ETVZ:seis_pick_2/inf_pick_1 | NGZ:seis_pick_2/inf_pick_1 | NOVZ:seis_pick_1/inf_pick_2 | OTVZ:seis_pick_1/inf_pick_1 | SNVZ:seis_pick_2/inf_pick_2,S2I1S2I1S1I2S1I1S2I2,3300.0,3.3,1828424.0,5662064.0,1744.648804,0.7266897465449326,-0.0750726160349883,5
ETVZ:seis_pick_1/inf_pick_1 | NGZ:seis_pick_2/inf_pick_1 | NOVZ:seis_pick_1/inf_pick_1 | OTVZ:seis_pick_1/inf_pick_1 | SNVZ:seis_pick_1/inf_pick_1,S1I1S2I1S1I1S1I1S1I1,2500.0,2.5,1828232.0,5661872.0,1779.748779,0.7268939267617751,-0.18698974987990252,5
ETVZ:seis_pick_2/inf_pick_2 | NGZ:seis_pick_2/inf_pick_2 | NOVZ:seis_pick_2/inf_pick_2 | OTVZ:seis_pick_2/inf_pick_2 | SNVZ:seis_pick_2/inf_pick_1,S2I2S2I2S2I2S2I2S2I1,3000.0,3.0,1827944.0,5661584.0,1737.253296,0.7277011753048628,-0.6394241341541891,5
ETVZ:seis_pick_1/inf_pick_2 | NGZ:seis_pick_1/inf_pick_2 | NOVZ:seis_pick_1/inf_pick_1 | OTVZ:seis_pick_1/inf_pick_2 | SNVZ:seis_pick_1/inf_pick_1,S1I2S1I2S1I1S1I2S1I1,2500.0,2.5,1827752.0,5661776.0,1918.936157,0.727898417643725,0.19063502478344657,5
ETVZ:seis_pick_1/inf_pick_1 | NGZ:seis_pick_2/inf_pick_1 | NOVZ:seis_pick_2/inf_pick_1 | OTVZ:seis_pick_2/inf_pick_2 | SNVZ:seis_pick_2/inf_pick_1,S1I1S2I1S2I1S2I2S2I1,3300.0,3.3,1828136.0,5661872.0,1836.069458,0.728624245314208,-0.8530421228871556,5
ETVZ:seis_pick_1/inf_pick_1 | NGZ:seis_pick_1/inf_pick_1 | NOVZ:seis_pick_2/inf_pick_2 | OTVZ:seis_pick_1/inf_pick_2 | SNVZ:seis_pick_2/inf_pick_1,S1I1S1I1S2I2S1I2S2I1,3000.0,3.0,1828232.0,5661776.0,1756.203979,0.7287126029507232,-0.00423766140264128,5
ETVZ:seis_pick_1/inf_pick_2 | NGZ:seis_pick_1/inf_pick_2 | NOVZ:seis_pick_1/inf_pick_1 | OTVZ:seis_pick_1/inf_pick_2 | SNVZ:seis_pick_2/inf_pick_1,S1I2S1I2S1I1S1I2S2I1,3000.0,3.0,1827752.0,5661680.0,1892.618652,0.7294655337286783,-0.2513330306379132,5
ETVZ:seis_pick_1/inf_pick_1 | NGZ:seis_pick_2/inf_pick_1 | NOVZ:seis_pick_1/inf_pick_1 | OTVZ:seis_pick_2/inf_pick_2 | SNVZ:seis_pick_2/inf_pick_2,S1I1S2I1S1I1S2I2S2I2,3000.0,3.0,1828232.0,5662256.0,1871.278687,0.7296866317608272,-0.09019460872519006,5
ETVZ:seis_pick_2/inf_pick_2 | NGZ:seis_pick_2/inf_pick_1 | NOVZ:seis_pick_1/inf_pick_1 | OTVZ:seis_pick_1/inf_pick_2 | SNVZ:seis_pick_2/inf_pick_1,S2I2S2I1S1I1S1I2S2I1,3000.0,3.0,1827944.0,5661680.0,1773.920288,0.7301176448057499,-0.1352529050002909,5
ETVZ:seis_pick_1/inf_pick_1 | NGZ:seis_pick_1/inf_pick_1 | NOVZ:seis_pick_2/inf_pick_2 | OTVZ:seis_pick_1/inf_pick_1 | SNVZ:seis_pick_2/inf_pick_2,S1I1S1I1S2I2S1I1S2I2,3300.0,3.3,1828424.0,5662160.0,1740.991333,0.730134071389551,0.07359821826543253,5
ETVZ:seis_pick_2/inf_pick_1 | NGZ:seis_pick_1/inf_pick_2 | NOVZ:seis_pick_1/inf_pick_1 | OTVZ:seis_pick_2/inf_pick_2 | SNVZ:seis_pick_2/inf_pick_2,S2I1S1I2S1I1S2I2S2I2,3000.0,3.0,1828136.0,5662256.0,1932.221924,0.7305065442016757,-0.3965924909284091,5
ETVZ:seis_pick_2/inf_pick_1 | NGZ:seis_pick_1/inf_pick_1 | NOVZ:seis_pick_2/inf_pick_2 | OTVZ:seis_pick_2/inf_pick_2 | SNVZ:seis_pick_1/inf_pick_2,S2I1S1I1S2I2S2I2S1I2,2500.0,2.5,1828424.0,5662352.0,1806.060791,0.7306601096306069,0.5323360784632649,5
ETVZ:seis_pick_2/inf_pick_2 | NGZ:seis_pick_2/inf_pick_1 | NOVZ:seis_pick_1/inf_pick_1 | OTVZ:seis_pick_1/inf_pick_2 | SNVZ:seis_pick_1/inf_pick_2,S2I2S2I1S1I1S1I2S1I2,3000.0,3.0,1827944.0,5662352.0,2080.786133,0.730844827856668,0.406691414176289,5
ETVZ:seis_pick_1/inf_pick_1 | NGZ:seis_pick_1/inf_pick_1 | NOVZ:seis_pick_1/inf_pick_2 | OTVZ:seis_pick_1/inf_pick_1 | SNVZ:seis_pick_2/inf_pick_2,S1I1S1I1S1I2S1I1S2I2,3000.0,3.0,1828424.0,5662064.0,1744.648804,0.7318361036725959,0.34956714195843136,5
ETVZ:seis_pick_2/inf_pick_2 | NGZ:seis_pick_1/inf_pick_2 | NOVZ:seis_pick_1/inf_pick_2 | OTVZ:seis_pick_1/inf_pick_2 | SNVZ:seis_pick_2/inf_pick_2,S2I2S1I2S1I2S1I2S2I2,2500.0,2.5,1827944.0,5661872.0,1879.445679,0.7320400885010708,0.7404385427147956,5
ETVZ:seis_pick_2/inf_pick_2 | NGZ:seis_pick_2/inf_pick_2 | NOVZ:seis_pick_2/inf_pick_1 | OTVZ:seis_pick_1/inf_pick_2 | SNVZ:seis_pick_2/inf_pick_2,S2I2S2I2S2I1S1I2S2I2,3000.0,3.0,1827656.0,5662160.0,2165.010986,0.732677361622455,-0.3248229231945189,5
ETVZ:seis_pick_1/inf_pick_1 | NGZ:seis_pick_1/inf_pick_1 | NOVZ:seis_pick_2/inf_pick_1 | OTVZ:seis_pick_1/inf_pick_2 | SNVZ:seis_pick_1/inf_pick_1,S1I1S1I1S2I1S1I2S1I1,3000.0,3.0,1828040.0,5662160.0,2012.584229,0.7330724933936705,-0.21899280563059786,5
ETVZ:seis_pick_1/inf_pick_1 | NGZ:seis_pick_1/inf_pick_1 | NOVZ:seis_pick_2/inf_pick_1 | OTVZ:seis_pick_2/inf_pick_2 | SNVZ:seis_pick_2/inf_pick_2,S1I1S1I1S2I1S2I2S2I2,3300.0,3.3,1828232.0,5662448.0,1918.638916,0.7359511732677068,-0.240718166414794,5
ETVZ:seis_pick_1/inf_pick_2 | NGZ:seis_pick_1/inf_pick_1 | NOVZ:seis_pick_2/inf_pick_2 | OTVZ:seis_pick_1/inf_pick_2 | SNVZ:seis_pick_2/inf_pick_2,S1I2S1I1S2I2S1I2S2I2,3000.0,3.0,1828040.0,5662064.0,1956.737061,0.736047587270549,0.7602968836621112,5
ETVZ:seis_pick_1/inf_pick_1 | NGZ:seis_pick_1/inf_pick_1 | NOVZ:seis_pick_2/inf_pick_2 | OTVZ:seis_pick_2/inf_pick_2 | SNVZ:seis_pick_2/inf_pick_1,S1I1S1I1S2I2S2I2S2I1,3000.0,3.0,1828328.0,5661680.0,1673.186646,0.7365920309362461,-0.2444573299811287,5
ETVZ:seis_pick_2/inf_pick_1 | NGZ:seis_pick_1/inf_pick_1 | NOVZ:seis_pick_1/inf_pick_1 | OTVZ:seis_pick_1/inf_pick_1 | SNVZ:seis_pick_2/inf_pick_1,S2I1S1I1S1I1S1I1S2I1,3000.0,3.0,1828424.0,5661776.0,1675.246094,0.7366768518443829,-0.5188440287073648,5
ETVZ:seis_pick_1/inf_pick_2 | NGZ:seis_pick_2/inf_pick_2 | NOVZ:seis_pick_2/inf_pick_1 | OTVZ:seis_pick_1/inf_pick_2 | SNVZ:seis_pick_1/inf_pick_1,S1I2S2I2S2I1S1I2S1I1,2500.0,2.5,1827560.0,5661872.0,2020.235352,0.7379068366854862,-0.2405525517450288,5
ETVZ:seis_pick_1/inf_pick_1 | NGZ:seis_pick_1/inf_pick_1 | NOVZ:seis_pick_2/inf_pick_2 | OTVZ:seis_pick_1/inf_pick_2 | SNVZ:seis_pick_2/inf_pick_1,S1I1S1I1S2I2S1I2S2I1,2500.0,2.5,1828232.0,5661680.0,1707.919678,0.7379686909233206,0.27250465899362586,5
ETVZ:seis_pick_1/inf_pick_2 | NGZ:seis_pick_1/inf_pick_2 | NOVZ:seis_pick_2/inf_pick_2 | OTVZ:seis_pick_1/inf_pick_2 | SNVZ:seis_pick_2/inf_pick_2,S1I2S1I2S2I2S1I2S2I2,3300.0,3.3,1827848.0,5662064.0,2029.3927,0.7384904383476065,0.22712251494184538,5
ETVZ:seis_pick_2/inf_pick_2 | NGZ:seis_pick_2/inf_pick_1 | NOVZ:seis_pick_2/inf_pick_2 | OTVZ:seis_pick_1/inf_pick_2 | SNVZ:seis_pick_1/inf_pick_2,S2I2S2I1S2I2S1I2S1I2,3000.0,3.0,1827944.0,5662256.0,2088.119141,0.738612704129396,0.5203666955298998,5
ETVZ:seis_pick_1/inf_pick_1 | NGZ:seis_pick_2/inf_pick_1 | NOVZ:seis_pick_2/inf_pick_1 | OTVZ:seis_pick_2/inf_pick_2 | SNVZ:seis_pick_1/inf_pick_1,S1I1S2I1S2I1S2I2S1I1,2500.0,2.5,1828136.0,5661968.0,1868.978394,0.7387714424429731,-0.300917524646281,5
ETVZ:seis_pick_2/inf_pick_1 | NGZ:seis_pick_1/inf_pick_1 | NOVZ:seis_pick_1/inf_pick_2 | OTVZ:seis_pick_2/inf_pick_2 | SNVZ:seis_pick_1/inf_pick_2,S2I1S1I1S1I2S2I2S1I2,2500.0,2.5,1828520.0,5662256.0,1733.170288,0.7391071929361063,0.7228693730359765,5
ETVZ:seis_pick_1/inf_pick_1 | NGZ:seis_pick_2/inf_pick_2 | NOVZ:seis_pick_1/inf_pick_2 | OTVZ:seis_pick_1/inf_pick_1 | SNVZ:seis_pick_1/inf_pick_1,S1I1S2I2S1I2S1I1S1I1,3000.0,3.0,1828136.0,5661680.0,1731.645752,0.7393508848888787,-0.5564453460374411,5
ETVZ:seis_pick_2/inf_pick_2 | NGZ:seis_pick_2/inf_pick_1 | NOVZ:seis_pick_1/inf_pick_2 | OTVZ:seis_pick_2/inf_pick_2 | SNVZ:seis_pick_2/inf_pick_1,S2I2S2I1S1I2S2I2S2I1,3000.0,3.0,1828232.0,5661488.0,1616.910156,0.7404591429675117,-0.09836506749353173,5
ETVZ:seis_pick_1/inf_pick_1 | NGZ:seis_pick_1/inf_pick_1 | NOVZ:seis_pick_1/inf_pick_1 | OTVZ:seis_pick_1/inf_pick_1 | SNVZ:seis_pick_1/inf_pick_1,S1I1S1I1S1I1S1I1S1I1,3300.0,3.3,1828328.0,5661968.0,1780.70813,0.740491736292853,-0.38595757092506455,5
ETVZ:seis_pick_1/inf_pick_2 | NGZ:seis_pick_1/inf_pick_1 | NOVZ:seis_pick_1/inf_pick_2 | OTVZ:seis_pick_1/inf_pick_2 | SNVZ:seis_pick_1/inf_pick_2,S1I2S1I1S1I2S1I2S1I2,3300.0,3.3,1828136.0,5662160.0,1946.274292,0.7411205613783237,0.964132992755083,5
ETVZ:seis_pick_1/inf_pick_1 | NGZ:seis_pick_1/inf_pick_2 | NOVZ:seis_pick_1/inf_pick_1 | OTVZ:seis_pick_1/inf_pick_2 | SNVZ:seis_pick_1/inf_pick_2,S1I1S1I2S1I1S1I2S1I2,2500.0,2.5,1827944.0,5662352.0,2080.786133,0.7413356022716717,0.32205877769739005,5
ETVZ:seis_pick_2/inf_pick_1 | NGZ:seis_pick_1/inf_pick_2 | NOVZ:seis_pick_2/inf_pick_2 | OTVZ:seis_pick_2/inf_pick_1 | SNVZ:seis_pick_2/inf_pick_1,S2I1S1I2S2I2S2I1S2I1,3000.0,3.0,1828424.0,5661680.0,1639.828735,0.7422595576167489,-1.0234307813253856,5
ETVZ:seis_pick_2/inf_pick_2 | NGZ:seis_pick_1/inf_pick_1 | NOVZ:seis_pick_2/inf_pick_1 | OTVZ:seis_pick_1/inf_pick_2 | SNVZ:seis_pick_1/inf_pick_2,S2I2S1I1S2I1S1I2S1I2,3000.0,3.0,1827944.0,5662544.0,2111.566162,0.742749644399426,0.3752510687663856,5
ETVZ:seis_pick_2/inf_pick_1 | NGZ:seis_pick_1/inf_pick_1 | NOVZ:seis_pick_2/inf_pick_1 | OTVZ:seis_pick_1/inf_pick_1 | SNVZ:seis_pick_1/inf_pick_1,S2I1S1I1S2I1S1I1S1I1,3000.0,3.0,1828328.0,5662064.0,1806.550293,0.7429565311352944,-0.5435543762945116,5
ETVZ:seis_pick_1/inf_pick_2 | NGZ:seis_pick_1/inf_pick_1 | NOVZ:seis_pick_1/inf_pick_2 | OTVZ:seis_pick_1/inf_pick_2 | SNVZ:seis_pick_2/inf_pick_2,S1I2S1I1S1I2S1I2S2I2,2500.0,2.5,1828040.0,5661968.0,1927.026855,0.7431431394433013,1.1903674423125263,5
ETVZ:seis_pick_2/inf_pick_1 | NGZ:seis_pick_1/inf_pick_2 | NOVZ:seis_pick_1/inf_pick_1 | OTVZ:seis_pick_2/inf_pick_1 | SNVZ:seis_pick_2/inf_pick_1,S2I1S1I2S1I1S2I1S2I1,3300.0,3.3,1828328.0,5661776.0,1708.478394,0.7433480433967147,-1.259890279860958,5
ETVZ:seis_pick_2/inf_pick_1 | NGZ:seis_pick_1/inf_pick_1 | NOVZ:seis_pick_1/inf_pick_1 | OTVZ:seis_pick_2/inf_pick_2 | SNVZ:seis_pick_1/inf_pick_2,S2I1S1I1S1I1S2I2S1I2,2500.0,2.5,1828424.0,5662448.0,1810.776733,0.7436577812343056,0.40890560815754,5
ETVZ:seis_pick_1/inf_pick_1 | NGZ:seis_pick_2/inf_pick_2 | NOVZ:seis_pick_1/inf_pick_1 | OTVZ:seis_pick_1/inf_pick_1 | SNVZ:seis_pick_1/inf_pick_1,S1I1S2I2S1I1S1I1S1I1,2500.0,2.5,1828040.0,5661776.0,1817.950928,0.7437598570664132,-0.5597157931367782,5
ETVZ:seis_pick_1/inf_pick_2 | NGZ:seis_pick_1/inf_pick_2 | NOVZ:seis_pick_1/inf_pick_1 | OTVZ:seis_pick_1/inf_pick_2 | SNVZ:seis_pick_2/inf_pick_2,S1I2S1I2S1I1S1I2S2I2,3300.0,3.3,1827752.0,5662160.0,2131.72583,0.7438074763749853,0.04100407751097439,5
ETVZ:seis_pick_2/inf_pick_1 | NGZ:seis_pick_2/inf_pick_1 | NOVZ:seis_pick_1/inf_pick_2 | OTVZ:seis_pick_1/inf_pick_1 | SNVZ:seis_pick_2/inf_pick_2,S2I1S2I1S1I2S1I1S2I2,3000.0,3.0,1828424.0,5662064.0,1744.648804,0.7445890853736352,0.04598055028768204,5
ETVZ:seis_pick_2/inf_pick_2 | NGZ:seis_pick_1/inf_pick_1 | NOVZ:seis_pick_1/inf_pick_1 | OTVZ:seis_pick_1/inf_pick_2 | SNVZ:seis_pick_1/inf_pick_2,S2I2S1I1S1I1S1I2S1I2,2500.0,2.5,1828040.0,5662352.0,2016.082642,0.7451492435665087,0.9122504229067759,5
ETVZ:seis_pick_2/inf_pick_2 | NGZ:seis_pick_2/inf_pick_1 | NOVZ:seis_pick_1/inf_pick_2 | OTVZ:seis_pick_2/inf_pick_2 | SNVZ:seis_pick_1/inf_pick_1,S2I2S2I1S1I2S2I2S1I1,3000.0,3.0,1828232.0,5661680.0,1707.919678,0.7456344206398569,0.08181691443883761,5
ETVZ:seis_pick_2/inf_pick_1 | NGZ:seis_pick_2/inf_pick_1 | NOVZ:seis_pick_1/inf_pick_2 | OTVZ:seis_pick_2/inf_pick_1 | SNVZ:seis_pick_1/inf_pick_1,S2I1S2I1S1I2S2I1S1I1,3300.0,3.3,1828616.0,5661680.0,1581.337891,0.7458092119649165,-0.6548320494615286,5
ETVZ:seis_pick_2/inf_pick_2 | NGZ:seis_pick_2/inf_pick_1 | NOVZ:seis_pick_1/inf_pick_2 | OTVZ:seis_pick_1/inf_pick_2 | SNVZ:seis_pick_1/inf_pick_2,S2I2S2I1S1I2S1I2S1I2,3300.0,3.3,1828040.0,5662160.0,2012.584229,0.7458736634238987,0.6128372643158692,5
ETVZ:seis_pick_1/inf_pick_1 | NGZ:seis_pick_2/inf_pick_1 | NOVZ:seis_pick_1/inf_pick_2 | OTVZ:seis_pick_2/inf_pick_2 | SNVZ:seis_pick_2/inf_pick_2,S1I1S2I1S1I2S2I2S2I2,3000.0,3.0,1828328.0,5662064.0,1806.550293,0.7463089184890571,0.21374312225974848,5
ETVZ:seis_pick_2/inf_pick_1 | NGZ:seis_pick_1/inf_pick_1 | NOVZ:seis_pick_2/inf_pick_1 | OTVZ:seis_pick_2/inf_pick_2 | SNVZ:seis_pick_1/inf_pick_1,S2I1S1I1S2I1S2I2S1I1,2500.0,2.5,1828328.0,5662064.0,1806.550293,0.7474309600648551,-0.20186026666576762,5
ETVZ:seis_pick_2/inf_pick_2 | NGZ:seis_pick_2/inf_pick_1 | NOVZ:seis_pick_2/inf_pick_1 | OTVZ:seis_pick_1/inf_pick_2 | SNVZ:seis_pick_1/inf_pick_2,S2I2S2I1S2I1S1I2S1I2,3000.0,3.0,1827848.0,5662448.0,2169.476074,0.7476908780514356,0.17200230823844062,5
ETVZ:seis_pick_2/inf_pick_2 | NGZ:seis_pick_1/inf_pick_2 | NOVZ:seis_pick_2/inf_pick_2 | OTVZ:seis_pick_2/inf_pick_2 | SNVZ:seis_pick_1/inf_pick_1,S2I2S1I2S2I2S2I2S1I1,3300.0,3.3,1828040.0,5661776.0,1817.950928,0.7477780185868527,-0.3898061197848097,5
ETVZ:seis_pick_2/inf_pick_1 | NGZ:seis_pick_1/inf_pick_2 | NOVZ:seis_pick_2/inf_pick_2 | OTVZ:seis_pick_2/inf_pick_2 | SNVZ:seis_pick_2/inf_pick_2,S2I1S1I2S2I2S2I2S2I2,3300.0,3.3,1828232.0,5662160.0,1873.492554,0.7481578316077782,-0.3664780064740592,5
ETVZ:seis_pick_1/inf_pick_2 | NGZ:seis_pick_2/inf_pick_1 | NOVZ:seis_pick_1/inf_pick_1 | OTVZ:seis_pick_1/inf_pick_2 | SNVZ:seis_pick_2/inf_pick_2,S1I2S2I1S1I1S1I2S2I2,3000.0,3.0,1827848.0,5662160.0,2101.272461,0.7487341844321027,0.35687021866390845,5
ETVZ:seis_pick_2/inf_pick_1 | NGZ:seis_pick_1/inf_pick_2 | NOVZ:seis_pick_2/inf_pick_1 | OTVZ:seis_pick_2/inf_pick_2 | SNVZ:seis_pick_2/inf_pick_2,S2I1S1I2S2I1S2I2S2I2,2500.0,2.5,1828136.0,5662352.0,1970.850952,0.7516155400281054,-0.3023093446041575,5
ETVZ:seis_pick_2/inf_pick_2 | NGZ:seis_pick_2/inf_pick_2 | NOVZ:seis_pick_1/inf_pick_1 | OTVZ:seis_pick_1/inf_pick_2 | SNVZ:seis_pick_2/inf_pick_2,S2I2S2I2S1I1S1I2S2I2,3300.0,3.3,1827752.0,5662064.0,2083.736328,0.7528409981292878,-0.22252358107546008,5
ETVZ:seis_pick_1/inf_pick_2 | NGZ:seis_pick_2/inf_pick_1 | NOVZ:seis_pick_2/inf_pick_2 | OTVZ:seis_pick_1/inf_pick_2 | SNVZ:seis_pick_2/inf_pick_1,S1I2S2I1S2I2S1I2S2I1,3300.0,3.3,1827944.0,5661584.0,1737.253296,0.7535684079041678,-0.03883485572461076,5
ETVZ:seis_pick_1/inf_pick_1 | NGZ:seis_pick_2/inf_pick_2 | NOVZ:seis_pick_2/inf_pick_2 | OTVZ:seis_pick_1/inf_pick_2 | SNVZ:seis_pick_2/inf_pick_2,S1I1S2I2S2I2S1I2S2I2,3000.0,3.0,1827848.0,5662064.0,2029.3927,0.7540384605107192,-0.1648735907898539,5
ETVZ:seis_pick_1/inf_pick_2 | NGZ:seis_pick_2/inf_pick_1 | NOVZ:seis_pick_2/inf_pick_2 | OTVZ:seis_pick_1/inf_pick_2 | SNVZ:seis_pick_1/inf_pick_1,S1I2S2I1S2I2S1I2S1I1,2500.0,2.5,1827944.0,5661680.0,1773.920288,0.7542019693697924,0.5274753556211793,5
ETVZ:seis_pick_2/inf_pick_1 | NGZ:seis_pick_1/inf_pick_1 | NOVZ:seis_pick_1/inf_pick_1 | OTVZ:seis_pick_2/inf_pick_2 | SNVZ:seis_pick_2/inf_pick_1,S2I1S1I1S1I1S2I2S2I1,2500.0,2.5,1828328.0,5661776.0,1708.478394,0.7554727763767786,-0.1978893064005282,5
ETVZ:seis_pick_2/inf_pick_2 | NGZ:seis_pick_1/inf_pick_2 | NOVZ:seis_pick_1/inf_pick_2 | OTVZ:seis_pick_2/inf_pick_2 | SNVZ:seis_pick_1/inf_pick_1,S2I2S1I2S1I2S2I2S1I1,3000.0,3.0,1828136.0,5661584.0,1680.270508,0.755823520921955,-0.08181611270767206,5
ETVZ:seis_pick_2/inf_pick_2 | NGZ:seis_pick_1/inf_pick_1 | NOVZ:seis_pick_1/inf_pick_2 | OTVZ:seis_pick_1/inf_pick_2 | SNVZ:seis_pick_2/inf_pick_1,S2I2S1I1S1I2S1I2S2I1,2500.0,2.5,1828136.0,5661488.0,1647.28064,0.755971915352023,0.6012084895227199,5
ETVZ:seis_pick_1/inf_pick_1 | NGZ:seis_pick_2/inf_pick_1 | NOVZ:seis_pick_2/inf_pick_1 | OTVZ:seis_pick_2/inf_pick_2 | SNVZ:seis_pick_2/inf_pick_1,S1I1S2I1S2I1S2I2S2I1,3000.0,3.0,1828136.0,5661872.0,1836.069458,0.755997140657089,-0.7314327193960317,5
ETVZ:seis_pick_2/inf_pick_2 | NGZ:seis_pick_1/inf_pick_1 | NOVZ:seis_pick_2/inf_pick_2 | OTVZ:seis_pick_1/inf_pick_2 | SNVZ:seis_pick_1/inf_pick_1,S2I2S1I1S2I2S1I2S1I1,2500.0,2.5,1828040.0,5661776.0,1817.950928,0.7560392472380856,0.6005587910620654,5
ETVZ:seis_pick_1/inf_pick_1 | NGZ:seis_pick_2/inf_pick_2 | NOVZ:seis_pick_2/inf_pick_2 | OTVZ:seis_pick_1/inf_pick_2 | SNVZ:seis_pick_2/inf_pick_2,S1I1S2I2S2I2S1I2S2I2,3300.0,3.3,1827848.0,5662064.0,2029.3927,0.7561756579224549,-0.28838403226697784,5
ETVZ:seis_pick_1/inf_pick_1 | NGZ:seis_pick_2/inf_pick_1 | NOVZ:seis_pick_2/inf_pick_1 | OTVZ:seis_pick_2/inf_pick_2 | SNVZ:seis_pick_2/inf_pick_2,S1I1S2I1S2I1S2I2S2I2,3000.0,3.0,1828136.0,5662352.0,1970.850952,0.7570472704327063,-0.30567674334264544,5
ETVZ:seis_pick_1/inf_pick_1 | NGZ:seis_pick_2/inf_pick_1 | NOVZ:seis_pick_2/inf_pick_1 | OTVZ:seis_pick_1/inf_pick_1 | SNVZ:seis_pick_1/inf_pick_1,S1I1S2I1S2I1S1I1S1I1,3000.0,3.0,1828136.0,5662064.0,1926.312866,0.7570951808989062,-0.6760181607877502,5
ETVZ:seis_pick_1/inf_pick_1 | NGZ:seis_pick_2/inf_pick_2 | NOVZ:seis_pick_2/inf_pick_2 | OTVZ:seis_pick_1/inf_pick_1 | SNVZ:seis_pick_1/inf_pick_1,S1I1S2I2S2I2S1I1S1I1,2500.0,2.5,1828040.0,5661680.0,1747.83252,0.7574052936274599,-0.4512107468125922,5
ETVZ:seis_pick_1/inf_pick_2 | NGZ:seis_pick_2/inf_pick_1 | NOVZ:seis_pick_1/inf_pick_1 | OTVZ:seis_pick_1/inf_pick_2 | SNVZ:seis_pick_1/inf_pick_1,S1I2S2I1S1I1S1I2S1I1,3000.0,3.0,1827848.0,5661872.0,1910.128296,0.7575197469649617,0.09414905468970111,5
ETVZ:seis_pick_1/inf_pick_2 | NGZ:seis_pick_1/inf_pick_2 | NOVZ:seis_pick_1/inf_pick_2 | OTVZ:seis_pick_1/inf_pick_2 | SNVZ:seis_pick_2/inf_pick_2,S1I2S1I2S1I2S1I2S2I2,3300.0,3.3,1827848.0,5661968.0,1976.512817,0.7579238309115803,0.3985008572878751,5
ETVZ:seis_pick_1/inf_pick_1 | NGZ:seis_pick_1/inf_pick_1 | NOVZ:seis_pick_2/inf_pick_2 | OTVZ:seis_pick_1/inf_pick_1 | SNVZ:seis_pick_2/inf_pick_1,S1I1S1I1S2I2S1I1S2I1,3300.0,3.3,1828424.0,5661680.0,1639.828735,0.7580983626425106,-0.42152957818976694,5
ETVZ:seis_pick_2/inf_pick_2 | NGZ:seis_pick_1/inf_pick_2 | NOVZ:seis_pick_2/inf_pick_2 | OTVZ:seis_pick_2/inf_pick_2 | SNVZ:seis_pick_2/inf_pick_1,S2I2S1I2S2I2S2I2S2I1,3000.0,3.0,1828040.0,5661584.0,1704.531738,0.75837480147679,-0.42626517943528963,5
ETVZ:seis_pick_2/inf_pick_2 | NGZ:seis_pick_1/inf_pick_2 | NOVZ:seis_pick_1/inf_pick_2 | OTVZ:seis_pick_1/inf_pick_1 | SNVZ:seis_pick_2/inf_pick_1,S2I2S1I2S1I2S1I1S2I1,3300.0,3.3,1828136.0,5661488.0,1647.28064,0.7584224554367672,-0.4620937504786994,5
ETVZ:seis_pick_1/inf_pick_1 | NGZ:seis_pick_2/inf_pick_2 | NOVZ:seis_pick_2/inf_pick_1 | OTVZ:seis_pick_1/inf_pick_1 | SNVZ:seis_pick_1/inf_pick_1,S1I1S2I2S2I1S1I1S1I1,2500.0,2.5,1827944.0,5661872.0,1879.445679,0.7589607092514454,-0.743938012332565,5
ETVZ:seis_pick_2/inf_pick_1 | NGZ:seis_pick_1/inf_pick_1 | NOVZ:seis_pick_1/inf_pick_2 | OTVZ:seis_pick_2/inf_pick_1 | SNVZ:seis_pick_2/inf_pick_1,S2I1S1I1S1I2S2I1S2I1,3000.0,3.0,1828712.0,5661584.0,1530.365601,0.7593517219699021,-0.533333343881484,5
ETVZ:seis_pick_1/inf_pick_1 | NGZ:seis_pick_2/inf_pick_2 | NOVZ:seis_pick_2/inf_pick_2 | OTVZ:seis_pick_1/inf_pick_2 | SNVZ:seis_pick_2/inf_pick_2,S1I1S2I2S2I2S1I2S2I2,2500.0,2.5,1827848.0,5662064.0,2029.3927,0.7603535875914956,0.10684938045982015,5
ETVZ:seis_pick_1/inf_pick_1 | NGZ:seis_pick_2/inf_pick_1 | NOVZ:seis_pick_1/inf_pick_1 | OTVZ:seis_pick_1/inf_pick_1 | SNVZ:seis_pick_2/inf_pick_1,S1I1S2I1S1I1S1I1S2I1,2500.0,2.5,1828232.0,5661680.0,1707.919678,0.7605259290541883,-0.3479877778692096,5
ETVZ:seis_pick_2/inf_pick_1 | NGZ:seis_pick_2/inf_pick_1 | NOVZ:seis_pick_2/inf_pick_2 | OTVZ:seis_pick_2/inf_pick_1 | SNVZ:seis_pick_2/inf_pick_1,S2I1S2I1S2I2S2I1S2I1,3000.0,3.0,1828520.0,5661680.0,1602.574463,0.7605981358665787,-0.8627520248497371,5
ETVZ:seis_pick_2/inf_pick_1 | NGZ:seis_pick_1/inf_pick_1 | NOVZ:seis_pick_2/inf_pick_2 | OTVZ:seis_pick_1/inf_pick_1 | SNVZ:seis_pick_1/inf_pick_2,S2I1S1I1S2I2S1I1S1I2,3300.0,3.3,1828520.0,5662352.0,1747.839355,0.7608930935276966,0.09180660454737524,5
ETVZ:seis_pick_2/inf_pick_2 | NGZ:seis_pick_1/inf_pick_2 | NOVZ:seis_pick_2/inf_pick_1 | OTVZ:seis_pick_1/inf_pick_2 | SNVZ:seis_pick_2/inf_pick_1,S2I2S1I2S2I1S1I2S2I1,2500.0,2.5,1827752.0,5661776.0,1918.936157,0.7618145841876491,-0.2494091823249315,5
ETVZ:seis_pick_1/inf_pick_2 | NGZ:seis_pick_1/inf_pick_2 | NOVZ:seis_pick_2/inf_pick_1 | OTVZ:seis_pick_1/inf_pick_2 | SNVZ:seis_pick_1/inf_pick_1,S1I2S1I2S2I1S1I2S1I1,3000.0,3.0,1827752.0,5661872.0,1964.508057,0.7621950859058177,-0.23848873324748326,5
ETVZ:seis_pick_2/inf_pick_1 | NGZ:seis_pick_1/inf_pick_2 | NOVZ:seis_pick_2/inf_pick_2 | OTVZ:seis_pick_2/inf_pick_2 | SNVZ:seis_pick_2/inf_pick_2,S2I1S1I2S2I2S2I2S2I2,3000.0,3.0,1828232.0,5662160.0,1873.492554,0.7623493939169806,-0.24448239884258954,5
ETVZ:seis_pick_1/inf_pick_1 | NGZ:seis_pick_1/inf_pick_1 | NOVZ:seis_pick_2/inf_pick_2 | OTVZ:seis_pick_1/inf_pick_1 | SNVZ:seis_pick_2/inf_pick_2,S1I1S1I1S2I2S1I1S2I2,3000.0,3.0,1828424.0,5662160.0,1740.991333,0.7625600253407876,0.19485924094027637,5
ETVZ:seis_pick_2/inf_pick_2 | NGZ:seis_pick_2/inf_pick_2 | NOVZ:seis_pick_1/inf_pick_1 | OTVZ:seis_pick_2/inf_pick_2 | SNVZ:seis_pick_2/inf_pick_1,S2I2S2I2S1I1S2I2S2I1,3000.0,3.0,1827848.0,5661584.0,1803.133545,0.7635587491554079,-0.7731954272101185,5
ETVZ:seis_pick_2/inf_pick_1 | NGZ:seis_pick_1/inf_pick_1 | NOVZ:seis_pick_1/inf_pick_1 | OTVZ:seis_pick_1/inf_pick_1 | SNVZ:seis_pick_1/inf_pick_2,S2I1S1I1S1I1S1I1S1I2,3300.0,3.3,1828424.0,5662448.0,1810.776733,0.7638323281852071,-0.05740718309331268,5
ETVZ:seis_pick_2/inf_pick_1 | NGZ:seis_pick_1/inf_pick_1 | NOVZ:seis_pick_1/inf_pick_2 | OTVZ:seis_pick_2/inf_pick_1 | SNVZ:seis_pick_1/inf_pick_1,S2I1S1I1S1I2S2I1S1I1,3000.0,3.0,1828712.0,5661776.0,1573.915161,0.7649023351532648,-0.34543274952655345,5
ETVZ:seis_pick_1/inf_pick_2 | NGZ:seis_pick_1/inf_pick_1 | NOVZ:seis_pick_1/inf_pick_1 | OTVZ:seis_pick_1/inf_pick_2 | SNVZ:seis_pick_2/inf_pick_2,S1I2S1I1S1I1S1I2S2I2,3300.0,3.3,1827944.0,5662256.0,2088.119141,0.7652254994386896,0.42711207552067626,5
ETVZ:seis_pick_2/inf_pick_2 | NGZ:seis_pick_1/inf_pick_1 | NOVZ:seis_pick_1/inf_pick_1 | OTVZ:seis_pick_1/inf_pick_2 | SNVZ:seis_pick_1/inf_pick_1,S2I2S1I1S1I1S1I2S1I1,3300.0,3.3,1828040.0,5661968.0,1927.026855,0.7652996753298303,0.07088885137977811,5
ETVZ:seis_pick_1/inf_pick_1 | NGZ:seis_pick_1/inf_pick_1 | NOVZ:seis_pick_1/inf_pick_1 | OTVZ:seis_pick_2/inf_pick_2 | SNVZ:seis_pick_2/inf_pick_2,S1I1S1I1S1I1S2I2S2I2,2500.0,2.5,1828328.0,5662256.0,1832.388062,0.7656450741118813,0.387791934887357,5
ETVZ:seis_pick_2/inf_pick_1 | NGZ:seis_pick_2/inf_pick_1 | NOVZ:seis_pick_1/inf_pick_1 | OTVZ:seis_pick_1/inf_pick_1 | SNVZ:seis_pick_2/inf_pick_2,S2I1S2I1S1I1S1I1S2I2,2500.0,2.5,1828328.0,5662256.0,1832.388062,0.76633194871637,0.009543368104287886,5
ETVZ:seis_pick_2/inf_pick_1 | NGZ:seis_pick_2/inf_pick_1 | NOVZ:seis_pick_2/inf_pick_2 | OTVZ:seis_pick_1/inf_pick_1 | SNVZ:seis_pick_2/inf_pick_2,S2I1S2I1S2I2S1I1S2I2,2500.0,2.5,1828328.0,5662160.0,1795.425903,0.7667403071081755,0.1322823830346577,5
ETVZ:seis_pick_2/inf_pick_2 | NGZ:seis_pick_2/inf_pick_1 | NOVZ:seis_pick_1/inf_pick_2 | OTVZ:seis_pick_1/inf_pick_2 | SNVZ:seis_pick_1/inf_pick_2,S2I2S2I1S1I2S1I2S1I2,3000.0,3.0,1828040.0,5662160.0,2012.584229,0.7668207742052847,0.7358630561790109,5
ETVZ:seis_pick_1/inf_pick_1 | NGZ:seis_pick_1/inf_pick_1 | NOVZ:seis_pick_2/inf_pick_1 | OTVZ:seis_pick_1/inf_pick_2 | SNVZ:seis_pick_1/inf_pick_1,S1I1S1I1S2I1S1I2S1I1,2500.0,2.5,1828040.0,5662064.0,1956.737061,0.7669873280980267,0.08992885823485448,5
ETVZ:seis_pick_1/inf_pick_2 | NGZ:seis_pick_2/inf_pick_1 | NOVZ:seis_pick_1/inf_pick_2 | OTVZ:seis_pick_1/inf_pick_2 | SNVZ:seis_pick_2/inf_pick_2,S1I2S2I1S1I2S1I2S2I2,2500.0,2.5,1827944.0,5661872.0,1879.445679,0.767274237235786,1.0080003516831346,5
ETVZ:seis_pick_1/inf_pick_1 | NGZ:seis_pick_1/inf_pick_2 | NOVZ:seis_pick_2/inf_pick_1 | OTVZ:seis_pick_1/inf_pick_1 | SNVZ:seis_pick_1/inf_pick_1,S1I1S1I2S2I1S1I1S1I1,2500.0,2.5,1828040.0,5661968.0,1927.026855,0.7677908954526477,-0.5615709217031732,5
ETVZ:seis_pick_2/inf_pick_2 | NGZ:seis_pick_2/inf_pick_2 | NOVZ:seis_pick_1/inf_pick_1 | OTVZ:seis_pick_1/inf_pick_2 | SNVZ:seis_pick_2/inf_pick_2,S2I2S2I2S1I1S1I2S2I2,3000.0,3.0,1827656.0,5662064.0,2108.138184,0.7694580381152317,-0.14386936975195147,5
ETVZ:seis_pick_2/inf_pick_1 | NGZ:seis_pick_1/inf_pick_1 | NOVZ:seis_pick_1/inf_pick_2 | OTVZ:seis_pick_1/inf_pick_1 | SNVZ:seis_pick_1/inf_pick_2,S2I1S1I1S1I2S1I1S1I2,3300.0,3.3,1828520.0,5662256.0,1733.170288,0.7696427528761146,0.2597914223282233,5
ETVZ:seis_pick_1/inf_pick_1 | NGZ:seis_pick_1/inf_pick_1 | NOVZ:seis_pick_2/inf_pick_2 | OTVZ:seis_pick_1/inf_pick_1 | SNVZ:seis_pick_1/inf_pick_1,S1I1S1I1S2I2S1I1S1I1,2500.0,2.5,1828424.0,5661776.0,1675.246094,0.7698518828799393,0.14098758609517664,5
ETVZ:seis_pick_1/inf_pick_1 | NGZ:seis_pick_1/inf_pick_1 | NOVZ:seis_pick_1/inf_pick_1 | OTVZ:seis_pick_1/inf_pick_1 | SNVZ:seis_pick_2/inf_pick_2,S1I1S1I1S1I1S1I1S2I2,3300.0,3.3,1828328.0,5662256.0,1832.388062,0.7700002652598751,-0.07705597363114833,5
ETVZ:seis_pick_1/inf_pick_1 | NGZ:seis_pick_1/inf_pick_1 | NOVZ:seis_pick_2/inf_pick_1 | OTVZ:seis_pick_2/inf_pick_2 | SNVZ:seis_pick_2/inf_pick_2,S1I1S1I1S2I1S2I2S2I2,3000.0,3.0,1828232.0,5662352.0,1933.467285,0.7707796426207485,-0.09138778768017382,5
ETVZ:seis_pick_1/inf_pick_2 | NGZ:seis_pick_1/inf_pick_2 | NOVZ:seis_pick_2/inf_pick_2 | OTVZ:seis_pick_1/inf_pick_2 | SNVZ:seis_pick_2/inf_pick_2,S1I2S1I2S2I2S1I2S2I2,3000.0,3.0,1827848.0,5662064.0,2029.3927,0.771546470776529,0.3506329564189693,5
ETVZ:seis_pick_1/inf_pick_1 | NGZ:seis_pick_1/inf_pick_2 | NOVZ:seis_pick_2/inf_pick_1 | OTVZ:seis_pick_1/inf_pick_1 | SNVZ:seis_pick_2/inf_pick_1,S1I1S1I2S2I1S1I1S2I1,2500.0,2.5,1828040.0,5661776.0,1817.950928,0.7715593593777166,-0.6961734085744069,5
ETVZ:seis_pick_1/inf_pick_2 | NGZ:seis_pick_1/inf_pick_1 | NOVZ:seis_pick_2/inf_pick_2 | OTVZ:seis_pick_1/inf_pick_2 | SNVZ:seis_pick_1/inf_pick_2,S1I2S1I1S2I2S1I2S1I2,3300.0,3.3,1828040.0,5662256.0,2015.394897,0.7719310466465636,0.7562678652231941,5
ETVZ:seis_pick_2/inf_pick_1 | NGZ:seis_pick_2/inf_pick_2 | NOVZ:seis_pick_1/inf_pick_1 | OTVZ:seis_pick_2/inf_pick_1 | SNVZ:seis_pick_2/inf_pick_1,S2I1S2I2S1I1S2I1S2I1,3300.0,3.3,1828232.0,5661680.0,1707.919678,0.7730899347565032,-1.4575357008251355,5
ETVZ:seis_pick_1/inf_pick_2 | NGZ:seis_pick_1/inf_pick_2 | NOVZ:seis_pick_1/inf_pick_1 | OTVZ:seis_pick_1/inf_pick_2 | SNVZ:seis_pick_2/inf_pick_2,S1I2S1I2S1I1S1I2S2I2,3000.0,3.0,1827752.0,5662064.0,2083.736328,0.7734308460657476,0.20519379300568924,5
ETVZ:seis_pick_1/inf_pick_2 | NGZ:seis_pick_2/inf_pick_2 | NOVZ:seis_pick_2/inf_pick_1 | OTVZ:seis_pick_1/inf_pick_2 | SNVZ:seis_pick_2/inf_pick_1,S1I2S2I2S2I1S1I2S2I1,2500.0,2.5,1827560.0,5661680.0,1891.784546,0.7736688664485311,-0.3699567984910841,5
ETVZ:seis_pick_1/inf_pick_1 | NGZ:seis_pick_1/inf_pick_1 | NOVZ:seis_pick_1/inf_pick_1 | OTVZ:seis_pick_2/inf_pick_2 | SNVZ:seis_pick_1/inf_pick_1,S1I1S1I1S1I1S2I2S1I1,2500.0,2.5,1828328.0,5661872.0,1752.691528,0.7739922025785527,0.0920882279930911,5
ETVZ:seis_pick_2/inf_pick_1 | NGZ:seis_pick_2/inf_pick_1 | NOVZ:seis_pick_2/inf_pick_2 | OTVZ:seis_pick_2/inf_pick_1 | SNVZ:seis_pick_1/inf_pick_1,S2I1S2I1S2I2S2I1S1I1,3300.0,3.3,1828520.0,5661872.0,1667.41626,0.7743155997279134,-0.8136085338114144,5
ETVZ:seis_pick_1/inf_pick_2 | NGZ:seis_pick_1/inf_pick_1 | NOVZ:seis_pick_1/inf_pick_2 | OTVZ:seis_pick_1/inf_pick_2 | SNVZ:seis_pick_1/inf_pick_2,S1I2S1I1S1I2S1I2S1I2,3000.0,3.0,1828136.0,5662160.0,1946.274292,0.774366735484796,1.0866215340558287,5
ETVZ:seis_pick_1/inf_pick_1 | NGZ:seis_pick_1/inf_pick_1 | NOVZ:seis_pick_1/inf_pick_1 | OTVZ:seis_pick_1/inf_pick_1 | SNVZ:seis_pick_1/inf_pick_1,S1I1S1I1S1I1S1I1S1I1,3000.0,3.0,1828328.0,5661968.0,1780.70813,0.7746235806306939,-0.2648143928892196,5
ETVZ:seis_pick_2/inf_pick_1 | NGZ:seis_pick_2/inf_pick_2 | NOVZ:seis_pick_2/inf_pick_2 | OTVZ:seis_pick_2/inf_pick_1 | SNVZ:seis_pick_2/inf_pick_1,S2I1S2I2S2I2S2I1S2I1,3300.0,3.3,1828328.0,5661680.0,1673.186646,0.7749205269942667,-1.3442088911957153,5
ETVZ:seis_pick_1/inf_pick_1 | NGZ:seis_pick_1/inf_pick_2 | NOVZ:seis_pick_2/inf_pick_2 | OTVZ:seis_pick_1/inf_pick_2 | SNVZ:seis_pick_1/inf_pick_2,S1I1S1I2S2I2S1I2S1I2,3300.0,3.3,1828040.0,5662256.0,2015.394897,0.7749396284009232,0.09484261346660894,5
ETVZ:seis_pick_1/inf_pick_1 | NGZ:seis_pick_1/inf_pick_1 | NOVZ:seis_pick_1/inf_pick_2 | OTVZ:seis_pick_2/inf_pick_2 | SNVZ:seis_pick_1/inf_pick_2,S1I1S1I1S1I2S2I2S1I2,3300.0,3.3,1828424.0,5662256.0,1795.46814,0.7756563874127352,0.43075959433799316,5
ETVZ:seis_pick_1/inf_pick_2 | NGZ:seis_pick_1/inf_pick_2 | NOVZ:seis_pick_2/inf_pick_1 | OTVZ:seis_pick_1/inf_pick_2 | SNVZ:seis_pick_2/inf_pick_2,S1I2S1I2S2I1S1I2S2I2,3300.0,3.3,1827656.0,5662256.0,2225.325684,0.7758492267348859,-0.19899039096705168,5
ETVZ:seis_pick_2/inf_pick_2 | NGZ:seis_pick_1/inf_pick_1 | NOVZ:seis_pick_1/inf_pick_2 | OTVZ:seis_pick_2/inf_pick_2 | SNVZ:seis_pick_1/inf_pick_1,S2I2S1I1S1I2S2I2S1I1,3300.0,3.3,1828328.0,5661680.0,1673.186646,0.7768454853308692,0.165138156486422,5
ETVZ:seis_pick_2/inf_pick_1 | NGZ:seis_pick_1/inf_pick_2 | NOVZ:seis_pick_1/inf_pick_1 | OTVZ:seis_pick_2/inf_pick_2 | SNVZ:seis_pick_2/inf_pick_2,S2I1S1I2S1I1S2I2S2I2,2500.0,2.5,1828136.0,5662160.0,1946.274292,0.7774810684074284,-0.10926010844783729,5
ETVZ:seis_pick_2/inf_pick_1 | NGZ:seis_pick_2/inf_pick_1 | NOVZ:seis_pick_1/inf_pick_2 | OTVZ:seis_pick_2/inf_pick_1 | SNVZ:seis_pick_1/inf_pick_1,S2I1S2I1S1I2S2I1S1I1,3000.0,3.0,1828616.0,5661680.0,1581.337891,0.7775104866032412,-0.5345919775272427,5
ETVZ:seis_pick_2/inf_pick_2 | NGZ:seis_pick_2/inf_pick_1 | NOVZ:seis_pick_2/inf_pick_2 | OTVZ:seis_pick_2/inf_pick_2 | SNVZ:seis_pick_1/inf_pick_1,S2I2S2I1S2I2S2I2S1I1,3300.0,3.3,1828136.0,5661776.0,1782.875366,0.7779593076246769,-0.21228601352203177,5
ETVZ:seis_pick_2/inf_pick_1 | NGZ:seis_pick_1/inf_pick_1 | NOVZ:seis_pick_2/inf_pick_1 | OTVZ:seis_pick_2/inf_pick_2 | SNVZ:seis_pick_1/inf_pick_2,S2I1S1I1S2I1S2I2S1I2,2500.0,2.5,1828328.0,5662544.0,1871.070679,0.7781058256970063,0.20864135258628344,5
ETVZ:seis_pick_2/inf_pick_1 | NGZ:seis_pick_1/inf_pick_2 | NOVZ:seis_pick_2/inf_pick_1 | OTVZ:seis_pick_1/inf_pick_1 | SNVZ:seis_pick_2/inf_pick_2,S2I1S1I2S2I1S1I1S2I2,3300.0,3.3,1828136.0,5662352.0,1970.850952,0.7781716958232764,-0.7710501672900438,5
ETVZ:seis_pick_1/inf_pick_1 | NGZ:seis_pick_1/inf_pick_2 | NOVZ:seis_pick_2/inf_pick_2 | OTVZ:seis_pick_1/inf_pick_2 | SNVZ:seis_pick_1/inf_pick_2,S1I1S1I2S2I2S1I2S1I2,3000.0,3.0,1828040.0,5662256.0,2015.394897,0.7783471503829369,0.218135271727553,5
ETVZ:seis_pick_2/inf_pick_1 | NGZ:seis_pick_2/inf_pick_1 | NOVZ:seis_pick_2/inf_pick_1 | OTVZ:seis_pick_2/inf_pick_2 | SNVZ:seis_pick_1/inf_pick_2,S2I1S2I1S2I1S2I2S1I2,3300.0,3.3,1828232.0,5662544.0,1937.370361,0.7786436664254807,-0.4041687286809184,5
ETVZ:seis_pick_2/inf_pick_2 | NGZ:seis_pick_1/inf_pick_2 | NOVZ:seis_pick_1/inf_pick_2 | OTVZ:seis_pick_2/inf_pick_2 | SNVZ:seis_pick_2/inf_pick_1,S2I2S1I2S1I2S2I2S2I1,2500.0,2.5,1828136.0,5661392.0,1605.433472,0.7787879006732183,-0.006239369705753894,5
ETVZ:seis_pick_2/inf_pick_1 | NGZ:seis_pick_2/inf_pick_2 | NOVZ:seis_pick_2/inf_pick_2 | OTVZ:seis_pick_1/inf_pick_2 | SNVZ:seis_pick_2/inf_pick_2,S2I1S2I2S2I2S1I2S2I2,2500.0,2.5,1827944.0,5662064.0,2013.466919,0.778813657882549,0.019245819927503228,5
ETVZ:seis_pick_2/inf_pick_1 | NGZ:seis_pick_1/inf_pick_2 | NOVZ:seis_pick_2/inf_pick_2 | OTVZ:seis_pick_1/inf_pick_2 | SNVZ:seis_pick_1/inf_pick_2,S2I1S1I2S2I2S1I2S1I2,3000.0,3.0,1828040.0,5662352.0,2016.082642,0.7807070743622618,0.06988642612445713,5
ETVZ:seis_pick_1/inf_pick_2 | NGZ:seis_pick_2/inf_pick_1 | NOVZ:seis_pick_2/inf_pick_2 | OTVZ:seis_pick_1/inf_pick_2 | SNVZ:seis_pick_2/inf_pick_1,S1I2S2I1S2I2S1I2S2I1,3000.0,3.0,1827944.0,5661584.0,1737.253296,0.7809237423250289,0.08299639293958112,5
ETVZ:seis_pick_1/inf_pick_1 | NGZ:seis_pick_1/inf_pick_1 | NOVZ:seis_pick_2/inf_pick_2 | OTVZ:seis_pick_2/inf_pick_2 | SNVZ:seis_pick_1/inf_pick_2,S1I1S1I1S2I2S2I2S1I2,3300.0,3.3,1828328.0,5662352.0,1871.990356,0.7809824415876896,0.2315231761056749,5
ETVZ:seis_pick_2/inf_pick_1 | NGZ:seis_pick_2/inf_pick_1 | NOVZ:seis_pick_1/inf_pick_2 | OTVZ:seis_pick_2/inf_pick_1 | SNVZ:seis_pick_2/inf_pick_1,S2I1S2I1S1I2S2I1S2I1,2500.0,2.5,1828616.0,5661488.0,1532.461182,0.7809941530044009,-0.46581047262708475,5
ETVZ:seis_pick_2/inf_pick_1 | NGZ:seis_pick_1/inf_pick_2 | NOVZ:seis_pick_2/inf_pick_2 | OTVZ:seis_pick_1/inf_pick_2 | SNVZ:seis_pick_1/inf_pick_2,S2I1S1I2S2I2S1I2S1I2,2500.0,2.5,1828040.0,5662352.0,2016.082642,0.7815388297429949,0.3417969147752752,5
ETVZ:seis_pick_2/inf_pick_2 | NGZ:seis_pick_2/inf_pick_1 | NOVZ:seis_pick_1/inf_pick_1 | OTVZ:seis_pick_1/inf_pick_2 | SNVZ:seis_pick_2/inf_pick_1,S2I2S2I1S1I1S1I2S2I1,2500.0,2.5,1827944.0,5661680.0,1773.920288,0.7824468346852723,0.13291702032534633,5
ETVZ:seis_pick_2/inf_pick_2 | NGZ:seis_pick_2/inf_pick_1 | NOVZ:seis_pick_2/inf_pick_1 | OTVZ:seis_pick_1/inf_pick_2 | SNVZ:seis_pick_1/inf_pick_1,S2I2S2I1S2I1S1I2S1I1,2500.0,2.5,1827848.0,5661968.0,1976.512817,0.7826216512287304,0.07381559323917948,5
ETVZ:seis_pick_2/inf_pick_1 | NGZ:seis_pick_1/inf_pick_1 | NOVZ:seis_pick_2/inf_pick_1 | OTVZ:seis_pick_1/inf_pick_1 | SNVZ:seis_pick_2/inf_pick_2,S2I1S1I1S2I1S1I1S2I2,2500.0,2.5,1828328.0,5662352.0,1871.990356,0.7834629671373766,0.01743648112126337,5
ETVZ:seis_pick_2/inf_pick_1 | NGZ:seis_pick_1/inf_pick_1 | NOVZ:seis_pick_1/inf_pick_1 | OTVZ:seis_pick_1/inf_pick_2 | SNVZ:seis_pick_2/inf_pick_1,S2I1S1I1S1I1S1I2S2I1,3000.0,3.0,1828232.0,5661872.0,1779.748779,0.7834929878054032,-0.22774403578385502,5
ETVZ:seis_pick_1/inf_pick_2 | NGZ:seis_pick_2/inf_pick_1 | NOVZ:seis_pick_2/inf_pick_1 | OTVZ:seis_pick_1/inf_pick_2 | SNVZ:seis_pick_2/inf_pick_2,S1I2S2I1S2I1S1I2S2I2,3300.0,3.3,1827848.0,5662256.0,2154.689941,0.783573400379406,0.049048307934923055,5
ETVZ:seis_pick_1/inf_pick_1 | NGZ:seis_pick_1/inf_pick_1 | NOVZ:seis_pick_2/inf_pick_2 | OTVZ:seis_pick_1/inf_pick_1 | SNVZ:seis_pick_2/inf_pick_1,S1I1S1I1S2I2S1I1S2I1,3000.0,3.0,1828424.0,5661680.0,1639.828735,0.7840564327914041,-0.30101025423161526,5
ETVZ:seis_pick_2/inf_pick_1 | NGZ:seis_pick_1/inf_pick_1 | NOVZ:seis_pick_1/inf_pick_1 | OTVZ:seis_pick_1/inf_pick_2 | SNVZ:seis_pick_2/inf_pick_1,S2I1S1I1S1I1S1I2S2I1,2500.0,2.5,1828232.0,5661776.0,1756.203979,0.7840926793603681,0.049562977062706,5
ETVZ:seis_pick_2/inf_pick_1 | NGZ:seis_pick_1/inf_pick_2 | NOVZ:seis_pick_1/inf_pick_1 | OTVZ:seis_pick_2/inf_pick_1 | SNVZ:seis_pick_2/inf_pick_1,S2I1S1I2S1I1S2I1S2I1,3000.0,3.0,1828328.0,5661776.0,1708.478394,0.7842129802412102,-1.1390897874625465,5
ETVZ:seis_pick_2/inf_pick_1 | NGZ:seis_pick_1/inf_pick_2 | NOVZ:seis_pick_2/inf_pick_2 | OTVZ:seis_pick_1/inf_pick_2 | SNVZ:seis_pick_1/inf_pick_2,S2I1S1I2S2I2S1I2S1I2,3300.0,3.3,1828040.0,5662352.0,2016.082642,0.7844019052806739,-0.05370925053500599,5
ETVZ:seis_pick_1/inf_pick_2 | NGZ:seis_pick_1/inf_pick_2 | NOVZ:seis_pick_1/inf_pick_2 | OTVZ:seis_pick_1/inf_pick_2 | SNVZ:seis_pick_2/inf_pick_2,S1I2S1I2S1I2S1I2S2I2,3000.0,3.0,1827848.0,5661872.0,1910.128296,0.7848143766023008,0.5547086409758453,5
ETVZ:seis_pick_2/inf_pick_1 | NGZ:seis_pick_1/inf_pick_1 | NOVZ:seis_pick_2/inf_pick_2 | OTVZ:seis_pick_1/inf_pick_1 | SNVZ:seis_pick_1/inf_pick_2,S2I1S1I1S2I2S1I1S1I2,3000.0,3.0,1828520.0,5662352.0,1747.839355,0.7852168588639655,0.21354162340721317,5
ETVZ:seis_pick_2/inf_pick_1 | NGZ:seis_pick_2/inf_pick_1 | NOVZ:seis_pick_1/inf_pick_1 | OTVZ:seis_pick_2/inf_pick_1 | SNVZ:seis_pick_2/inf_pick_1,S2I1S2I1S1I1S2I1S2I1,3300.0,3.3,1828424.0,5661776.0,1675.246094,0.7860043649240759,-1.0942815102449364,5
ETVZ:seis_pick_2/inf_pick_2 | NGZ:seis_pick_1/inf_pick_2 | NOVZ:seis_pick_1/inf_pick_1 | OTVZ:seis_pick_2/inf_pick_2 | SNVZ:seis_pick_2/inf_pick_1,S2I2S1I2S1I1S2I2S2I1,3300.0,3.3,1828040.0,5661680.0,1747.83252,0.7863037498372965,-0.6445326157326988,5
ETVZ:seis_pick_2/inf_pick_1 | NGZ:seis_pick_1/inf_pick_1 | NOVZ:seis_pick_1/inf_pick_1 | OTVZ:seis_pick_1/inf_pick_1 | SNVZ:seis_pick_2/inf_pick_1,S2I1S1I1S1I1S1I1S2I1,2500.0,2.5,1828424.0,5661776.0,1675.246094,0.7865250155704763,-0.25357074920065636,5
ETVZ:seis_pick_1/inf_pick_2 | NGZ:seis_pick_1/inf_pick_1 | NOVZ:seis_pick_1/inf_pick_2 | OTVZ:seis_pick_1/inf_pick_2 | SNVZ:seis_pick_1/inf_pick_1,S1I2S1I1S1I2S1I2S1I1,2500.0,2.5,1828136.0,5661584.0,1680.270508,0.7866570551182402,0.9071983537861152,5
ETVZ:seis_pick_2/inf_pick_1 | NGZ:seis_pick_1/inf_pick_1 | NOVZ:seis_pick_1/inf_pick_1 | OTVZ:seis_pick_1/inf_pick_2 | SNVZ:seis_pick_2/inf_pick_1,S2I1S1I1S1I1S1I2S2I1,3300.0,3.3,1828232.0,5661872.0,1779.748779,0.787378993820978,-0.3489660300888341,5
ETVZ:seis_pick_2/inf_pick_2 | NGZ:seis_pick_1/inf_pick_2 | NOVZ:seis_pick_2/inf_pick_2 | OTVZ:seis_pick_2/inf_pick_2 | SNVZ:seis_pick_1/inf_pick_1,S2I2S1I2S2I2S2I2S1I1,3000.0,3.0,1828040.0,5661776.0,1817.950928,0.7882229820163578,-0.268060029730535,5
ETVZ:seis_pick_2/inf_pick_1 | NGZ:seis_pick_2/inf_pick_2 | NOVZ:seis_pick_2/inf_pick_2 | OTVZ:seis_pick_1/inf_pick_2 | SNVZ:seis_pick_2/inf_pick_2,S2I1S2I2S2I2S1I2S2I2,3000.0,3.0,1827944.0,5662160.0,2062.442139,0.7883215381811516,-0.28983345284761397,5
ETVZ:seis_pick_1/inf_pick_1 | NGZ:seis_pick_2/inf_pick_1 | NOVZ:seis_pick_2/inf_pick_1 | OTVZ:seis_pick_1/inf_pick_1 | SNVZ:seis_pick_2/inf_pick_1,S1I1S2I1S2I1S1I1S2I1,3300.0,3.3,1828136.0,5661872.0,1836.069458,0.7883256424266658,-0.9277040979994755,5
ETVZ:seis_pick_2/inf_pick_2 | NGZ:seis_pick_2/inf_pick_2 | NOVZ:seis_pick_2/inf_pick_2 | OTVZ:seis_pick_1/inf_pick_2 | SNVZ:seis_pick_2/inf_pick_2,S2I2S2I2S2I2S1I2S2I2,3300.0,3.3,1827752.0,5662064.0,2083.736328,0.7889012490851716,-0.13155183745037569,5
ETVZ:seis_pick_2/inf_pick_2 | NGZ:seis_pick_2/inf_pick_2 | NOVZ:seis_pick_2/inf_pick_1 | OTVZ:seis_pick_1/inf_pick_2 | SNVZ:seis_pick_2/inf_pick_2,S2I2S2I2S2I1S1I2S2I2,2500.0,2.5,1827656.0,5662160.0,2165.010986,0.7892457978156606,-0.049480826945150366,5
ETVZ:seis_pick_2/inf_pick_1 | NGZ:seis_pick_2/inf_pick_1 | NOVZ:seis_pick_2/inf_pick_1 | OTVZ:seis_pick_1/inf_pick_1 | SNVZ:seis_pick_2/inf_pick_2,S2I1S2I1S2I1S1I1S2I2,2500.0,2.5,1828232.0,5662352.0,1933.467285,0.789461583957053,-0.19951760335429275,5
ETVZ:seis_pick_2/inf_pick_2 | NGZ:seis_pick_1/inf_pick_1 | NOVZ:seis_pick_2/inf_pick_1 | OTVZ:seis_pick_1/inf_pick_2 | SNVZ:seis_pick_2/inf_pick_2,S2I2S1I1S2I1S1I2S2I2,2500.0,2.5,1827944.0,5662352.0,2080.786133,0.7895770055572939,0.5434398223455972,5
ETVZ:seis_pick_1/inf_pick_1 | NGZ:seis_pick_1/inf_pick_2 | NOVZ:seis_pick_2/inf_pick_1 | OTVZ:seis_pick_2/inf_pick_2 | SNVZ:seis_pick_2/inf_pick_2,S1I1S1I2S2I1S2I2S2I2,3300.0,3.3,1828040.0,5662352.0,2016.082642,0.7897050275547381,-0.6143542233025734,5
ETVZ:seis_pick_2/inf_pick_2 | NGZ:seis_pick_2/inf_pick_2 | NOVZ:seis_pick_1/inf_pick_2 | OTVZ:seis_pick_1/inf_pick_1 | SNVZ:seis_pick_2/inf_pick_1,S2I2S2I2S1I2S1I1S2I1,3300.0,3.3,1828040.0,5661488.0,1663.414795,0.7902600347991515,-0.668128488030816,5
ETVZ:seis_pick_2/inf_pick_2 | NGZ:seis_pick_2/inf_pick_2 | NOVZ:seis_pick_2/inf_pick_2 | OTVZ:seis_pick_2/inf_pick_2 | SNVZ:seis_pick_1/inf_pick_1,S2I2S2I2S2I2S2I2S1I1,3300.0,3.3,1827944.0,5661680.0,1773.920288,0.7903149136170353,-0.5850105174007906,5
ETVZ:seis_pick_2/inf_pick_2 | NGZ:seis_pick_2/inf_pick_2 | NOVZ:seis_pick_2/inf_pick_1 | OTVZ:seis_pick_2/inf_pick_2 | SNVZ:seis_pick_2/inf_pick_1,S2I2S2I2S2I1S2I2S2I1,3300.0,3.3,1827848.0,5661776.0,1864.244263,0.7910520229652622,-1.0489223029623589,5
ETVZ:seis_pick_1/inf_pick_1 | NGZ:seis_pick_1/inf_pick_1 | NOVZ:seis_pick_1/inf_pick_1 | OTVZ:seis_pick_2/inf_pick_2 | SNVZ:seis_pick_1/inf_pick_2,S1I1S1I1S1I1S2I2S1I2,3300.0,3.3,1828328.0,5662448.0,1861.943481,0.7913571419407573,0.11150516408681063,5
ETVZ:seis_pick_2/inf_pick_1 | NGZ:seis_pick_1/inf_pick_1 | NOVZ:seis_pick_1/inf_pick_2 | OTVZ:seis_pick_1/inf_pick_1 | SNVZ:seis_pick_1/inf_pick_2,S2I1S1I1S1I2S1I1S1I2,3000.0,3.0,1828520.0,5662256.0,1733.170288,0.791370706482914,0.3811714147017959,5
ETVZ:seis_pick_1/inf_pick_1 | NGZ:seis_pick_2/inf_pick_1 | NOVZ:seis_pick_2/inf_pick_2 | OTVZ:seis_pick_2/inf_pick_2 | SNVZ:seis_pick_2/inf_pick_2,S1I1S2I1S2I2S2I2S2I2,2500.0,2.5,1828232.0,5662160.0,1873.492554,0.7916138800044736,0.2914697469149859,5
ETVZ:seis_pick_2/inf_pick_2 | NGZ:seis_pick_1/inf_pick_1 | NOVZ:seis_pick_1/inf_pick_1 | OTVZ:seis_pick_1/inf_pick_2 | SNVZ:seis_pick_1/inf_pick_1,S2I2S1I1S1I1S1I2S1I1,3000.0,3.0,1828040.0,5661872.0,1862.954834,0.7917870408577138,0.22340082409235204,5
ETVZ:seis_pick_2/inf_pick_1 | NGZ:seis_pick_1/inf_pick_1 | NOVZ:seis_pick_1/inf_pick_1 | OTVZ:seis_pick_1/inf_pick_1 | SNVZ:seis_pick_1/inf_pick_2,S2I1S1I1S1I1S1I1S1I2,3000.0,3.0,1828424.0,5662448.0,1810.776733,0.792269025943586,0.06498369694997912,5
ETVZ:seis_pick_2/inf_pick_1 | NGZ:seis_pick_2/inf_pick_1 | NOVZ:seis_pick_1/inf_pick_2 | OTVZ:seis_pick_1/inf_pick_1 | SNVZ:seis_pick_2/inf_pick_2,S2I1S2I1S1I2S1I1S2I2,2500.0,2.5,1828424.0,5662064.0,1744.648804,0.7926236506676366,0.3122975161975541,5
ETVZ:seis_pick_1/inf_pick_1 | NGZ:seis_pick_1/inf_pick_1 | NOVZ:seis_pick_2/inf_pick_2 | OTVZ:seis_pick_2/inf_pick_2 | SNVZ:seis_pick_2/inf_pick_1,S1I1S1I1S2I2S2I2S2I1,2500.0,2.5,1828328.0,5661680.0,1673.186646,0.7930766859356431,0.021138927887185764,5
ETVZ:seis_pick_1/inf_pick_1 | NGZ:seis_pick_1/inf_pick_2 | NOVZ:seis_pick_2/inf_pick_2 | OTVZ:seis_pick_1/inf_pick_2 | SNVZ:seis_pick_1/inf_pick_2,S1I1S1I2S2I2S1I2S1I2,2500.0,2.5,1827944.0,5662256.0,2088.119141,0.7945724021594951,0.43516519321444225,5
ETVZ:seis_pick_2/inf_pick_1 | NGZ:seis_pick_2/inf_pick_2 | NOVZ:seis_pick_2/inf_pick_2 | OTVZ:seis_pick_1/inf_pick_2 | SNVZ:seis_pick_2/inf_pick_2,S2I1S2I2S2I2S1I2S2I2,3300.0,3.3,1827944.0,5662160.0,2062.442139,0.7952020061423838,-0.4133816695771021,5
ETVZ:seis_pick_2/inf_pick_2 | NGZ:seis_pick_2/inf_pick_2 | NOVZ:seis_pick_1/inf_pick_2 | OTVZ:seis_pick_2/inf_pick_2 | SNVZ:seis_pick_2/inf_pick_1,S2I2S2I2S1I2S2I2S2I1,2500.0,2.5,1827944.0,5661392.0,1666.013062,0.7953729856372024,-0.239392708521558,5
ETVZ:seis_pick_2/inf_pick_2 | NGZ:seis_pick_1/inf_pick_2 | NOVZ:seis_pick_1/inf_pick_1 | OTVZ:seis_pick_2/inf_pick_2 | SNVZ:seis_pick_1/inf_pick_1,S2I2S1I2S1I1S2I2S1I1,3300.0,3.3,1828040.0,5661872.0,1862.954834,0.7954933704691283,-0.4993316217192481,5
ETVZ:seis_pick_1/inf_pick_1 | NGZ:seis_pick_2/inf_pick_2 | NOVZ:seis_pick_1/inf_pick_2 | OTVZ:seis_pick_1/inf_pick_1 | SNVZ:seis_pick_1/inf_pick_1,S1I1S2I2S1I2S1I1S1I1,2500.0,2.5,1828136.0,5661584.0,1680.270508,0.7957590881658259,-0.283747591208221,5
ETVZ:seis_pick_2/inf_pick_2 | NGZ:seis_pick_1/inf_pick_2 | NOVZ:seis_pick_2/inf_pick_1 | OTVZ:seis_pick_1/inf_pick_2 | SNVZ:seis_pick_1/inf_pick_2,S2I2S1I2S2I1S1I2S1I2,3300.0,3.3,1827752.0,5662448.0,2233.151855,0.7957701125585785,-0.16290916814865816,5
ETVZ:seis_pick_2/inf_pick_2 | NGZ:seis_pick_2/inf_pick_2 | NOVZ:seis_pick_1/inf_pick_1 | OTVZ:seis_pick_2/inf_pick_2 | SNVZ:seis_pick_1/inf_pick_1,S2I2S2I2S1I1S2I2S1I1,3300.0,3.3,1827848.0,5661776.0,1864.244263,0.7960968357391645,-0.7305212002745579,5
ETVZ:seis_pick_1/inf_pick_1 | NGZ:seis_pick_2/inf_pick_1 | NOVZ:seis_pick_1/inf_pick_1 | OTVZ:seis_pick_2/inf_pick_2 | SNVZ:seis_pick_2/inf_pick_2,S1I1S2I1S1I1S2I2S2I2,2500.0,2.5,1828232.0,5662160.0,1873.492554,0.797854115357146,0.20049800328990147,5
ETVZ:seis_pick_2/inf_pick_2 | NGZ:seis_pick_2/inf_pick_1 | NOVZ:seis_pick_1/inf_pick_2 | OTVZ:seis_pick_1/inf_pick_1 | SNVZ:seis_pick_2/inf_pick_1,S2I2S2I1S1I2S1I1S2I1,3300.0,3.3,1828232.0,5661488.0,1616.910156,0.7981293502571641,-0.29398429165714096,5
ETVZ:seis_pick_2/inf_pick_2 | NGZ:seis_pick_2/inf_pick_1 | NOVZ:seis_pick_2/inf_pick_2 | OTVZ:seis_pick_1/inf_pick_2 | SNVZ:seis_pick_1/inf_pick_2,S2I2S2I1S2I2S1I2S1I2,2500.0,2.5,1827944.0,5662256.0,2088.119141,0.7981528071671433,0.7930038533002781,5
ETVZ:seis_pick_1/inf_pick_2 | NGZ:seis_pick_1/inf_pick_2 | NOVZ:seis_pick_1/inf_pick_1 | OTVZ:seis_pick_1/inf_pick_2 | SNVZ:seis_pick_2/inf_pick_1,S1I2S1I2S1I1S1I2S2I1,2500.0,2.5,1827752.0,5661584.0,1850.710449,0.7984767040511419,0.029545913689844737,5
ETVZ:seis_pick_1/inf_pick_2 | NGZ:seis_pick_2/inf_pick_1 | NOVZ:seis_pick_2/inf_pick_2 | OTVZ:seis_pick_1/inf_pick_2 | SNVZ:seis_pick_2/inf_pick_2,S1I2S2I1S2I2S1I2S2I2,2500.0,2.5,1827848.0,5662064.0,2029.3927,0.7988334239901104,0.7682746322164054,5
ETVZ:seis_pick_2/inf_pick_2 | NGZ:seis_pick_2/inf_pick_1 | NOVZ:seis_pick_1/inf_pick_1 | OTVZ:seis_pick_1/inf_pick_2 | SNVZ:seis_pick_1/inf_pick_2,S2I2S2I1S1I1S1I2S1I2,2500.0,2.5,1827944.0,5662256.0,2088.119141,0.7991030683027203,0.7020321096751937,5
ETVZ:seis_pick_2/inf_pick_1 | NGZ:seis_pick_2/inf_pick_2 | NOVZ:seis_pick_2/inf_pick_1 | OTVZ:seis_pick_2/inf_pick_1 | SNVZ:seis_pick_2/inf_pick_1,S2I1S2I2S2I1S2I1S2I1,3300.0,3.3,1828232.0,5661776.0,1756.203979,0.7991300686038973,-1.604706189210972,5
ETVZ:seis_pick_2/inf_pick_2 | NGZ:seis_pick_1/inf_pick_2 | NOVZ:seis_pick_1/inf_pick_2 | OTVZ:seis_pick_1/inf_pick_1 | SNVZ:seis_pick_2/inf_pick_1,S2I2S1I2S1I2S1I1S2I1,3000.0,3.0,1828136.0,5661488.0,1647.28064,0.7991620705443997,-0.3408866122862291,5
ETVZ:seis_pick_1/inf_pick_2 | NGZ:seis_pick_1/inf_pick_1 | NOVZ:seis_pick_1/inf_pick_1 | OTVZ:seis_pick_1/inf_pick_2 | SNVZ:seis_pick_2/inf_pick_2,S1I2S1I1S1I1S1I2S2I2,3000.0,3.0,1827944.0,5662160.0,2062.442139,0.7992950241431359,0.5842066469546362,5
ETVZ:seis_pick_1/inf_pick_1 | NGZ:seis_pick_2/inf_pick_1 | NOVZ:seis_pick_1/inf_pick_2 | OTVZ:seis_pick_2/inf_pick_2 | SNVZ:seis_pick_2/inf_pick_2,S1I1S2I1S1I2S2I2S2I2,2500.0,2.5,1828328.0,5661968.0,1780.70813,0.8001445749541544,0.5008973774856939,5
ETVZ:seis_pick_2/inf_pick_1 | NGZ:seis_pick_1/inf_pick_2 | NOVZ:seis_pick_1/inf_pick_2 | OTVZ:seis_pick_2/inf_pick_1 | SNVZ:seis_pick_2/inf_pick_1,S2I1S1I2S1I2S2I1S2I1,2500.0,2.5,1828520.0,5661488.0,1549.203247,0.8016195164253124,-0.6184670247236832,5
ETVZ:seis_pick_2/inf_pick_1 | NGZ:seis_pick_1/inf_pick_1 | NOVZ:seis_pick_2/inf_pick_1 | OTVZ:seis_pick_1/inf_pick_1 | SNVZ:seis_pick_1/inf_pick_2,S2I1S1I1S2I1S1I1S1I2,3300.0,3.3,1828328.0,5662544.0,1871.070679,0.8018109498226903,-0.2600566668807621,5
ETVZ:seis_pick_2/inf_pick_1 | NGZ:seis_pick_1/inf_pick_2 | NOVZ:seis_pick_2/inf_pick_2 | OTVZ:seis_pick_2/inf_pick_2 | SNVZ:seis_pick_2/inf_pick_2,S2I1S1I2S2I2S2I2S2I2,2500.0,2.5,1828232.0,5662160.0,1873.492554,0.8021800345605685,0.023907937946646918,5
ETVZ:seis_pick_2/inf_pick_1 | NGZ:seis_pick_1/inf_pick_2 | NOVZ:seis_pick_1/inf_pick_1 | OTVZ:seis_pick_1/inf_pick_1 | SNVZ:seis_pick_2/inf_pick_2,S2I1S1I2S1I1S1I1S2I2,3300.0,3.3,1828232.0,5662256.0,1871.278687,0.8022481075314416,-0.554668005754289,5
ETVZ:seis_pick_1/inf_pick_1 | NGZ:seis_pick_1/inf_pick_1 | NOVZ:seis_pick_1/inf_pick_2 | OTVZ:seis_pick_2/inf_pick_2 | SNVZ:seis_pick_1/inf_pick_2,S1I1S1I1S1I2S2I2S1I2,3000.0,3.0,1828424.0,5662256.0,1795.46814,0.8023978606814501,0.5524249045508351,5
ETVZ:seis_pick_2/inf_pick_1 | NGZ:seis_pick_2/inf_pick_1 | NOVZ:seis_pick_2/inf_pick_1 | OTVZ:seis_pick_2/inf_pick_2 | SNVZ:seis_pick_1/inf_pick_2,S2I1S2I1S2I1S2I2S1I2,3000.0,3.0,1828232.0,5662544.0,1937.370361,0.8031681529374775,-0.28061771756493475,5
ETVZ:seis_pick_2/inf_pick_1 | NGZ:seis_pick_1/inf_pick_2 | NOVZ:seis_pick_2/inf_pick_1 | OTVZ:seis_pick_1/inf_pick_1 | SNVZ:seis_pick_2/inf_pick_2,S2I1S1I2S2I1S1I1S2I2,3000.0,3.0,1828136.0,5662352.0,1970.850952,0.8034607683790947,-0.6479005274233043,5
ETVZ:seis_pick_2/inf_pick_2 | NGZ:seis_pick_2/inf_pick_2 | NOVZ:seis_pick_2/inf_pick_2 | OTVZ:seis_pick_1/inf_pick_1 | SNVZ:seis_pick_2/inf_pick_1,S2I2S2I2S2I2S1I1S2I1,3300.0,3.3,1827944.0,5661584.0,1737.253296,0.8041052311312206,-0.8359173579307008,5
ETVZ:seis_pick_1/inf_pick_1 | NGZ:seis_pick_1/inf_pick_2 | NOVZ:seis_pick_1/inf_pick_1 | OTVZ:seis_pick_2/inf_pick_2 | SNVZ:seis_pick_2/inf_pick_2,S1I1S1I2S1I1S2I2S2I2,3300.0,3.3,1828136.0,5662160.0,1946.274292,0.8041079593129025,-0.3795803361896466,5
ETVZ:seis_pick_1/inf_pick_1 | NGZ:seis_pick_1/inf_pick_1 | NOVZ:seis_pick_1/inf_pick_1 | OTVZ:seis_pick_1/inf_pick_1 | SNVZ:seis_pick_2/inf_pick_2,S1I1S1I1S1I1S1I1S2I2,3000.0,3.0,1828328.0,5662256.0,1832.388062,0.8045991941667161,0.04487713055828433,5
ETVZ:seis_pick_2/inf_pick_1 | NGZ:seis_pick_2/inf_pick_1 | NOVZ:seis_pick_1/inf_pick_1 | OTVZ:seis_pick_2/inf_pick_2 | SNVZ:seis_pick_1/inf_pick_2,S2I1S2I1S1I1S2I2S1I2,3300.0,3.3,1828328.0,5662448.0,1861.943481,0.8051038151704548,-0.1920814275839387,5
ETVZ:seis_pick_1/inf_pick_1 | NGZ:seis_pick_1/inf_pick_1 | NOVZ:seis_pick_1/inf_pick_2 | OTVZ:seis_pick_1/inf_pick_1 | SNVZ:seis_pick_2/inf_pick_2,S1I1S1I1S1I2S1I1S2I2,2500.0,2.5,1828520.0,5662064.0,1695.895142,0.8054975768393102,0.6362566367842011,5
ETVZ:seis_pick_2/inf_pick_1 | NGZ:seis_pick_1/inf_pick_1 | NOVZ:seis_pick_2/inf_pick_1 | OTVZ:seis_pick_1/inf_pick_1 | SNVZ:seis_pick_1/inf_pick_1,S2I1S1I1S2I1S1I1S1I1,2500.0,2.5,1828328.0,5662064.0,1806.550293,0.8055028354037141,-0.27652224177808743,5
ETVZ:seis_pick_1/inf_pick_2 | NGZ:seis_pick_1/inf_pick_1 | NOVZ:seis_pick_2/inf_pick_2 | OTVZ:seis_pick_1/inf_pick_2 | SNVZ:seis_pick_1/inf_pick_2,S1I2S1I1S2I2S1I2S1I2,3000.0,3.0,1828040.0,5662256.0,2015.394897,0.8062274853322977,0.8795605234841382,5
ETVZ:seis_pick_2/inf_pick_1 | NGZ:seis_pick_2/inf_pick_2 | NOVZ:seis_pick_1/inf_pick_1 | OTVZ:seis_pick_2/inf_pick_1 | SNVZ:seis_pick_2/inf_pick_1,S2I1S2I2S1I1S2I1S2I1,3000.0,3.0,1828232.0,5661680.0,1707.919678,0.8062962666553567,-1.3365583896182118,5
ETVZ:seis_pick_2/inf_pick_2 | NGZ:seis_pick_2/inf_pick_2 | NOVZ:seis_pick_2/inf_pick_2 | OTVZ:seis_pick_1/inf_pick_2 | SNVZ:seis_pick_2/inf_pick_2,S2I2S2I2S2I2S1I2S2I2,3000.0,3.0,1827752.0,5661968.0,2023.887207,0.8068792319044334,0.03169994770896203,5
ETVZ:seis_pick_1/inf_pick_1 | NGZ:seis_pick_1/inf_pick_1 | NOVZ:seis_pick_1/inf_pick_1 | OTVZ:seis_pick_1/inf_pick_2 | SNVZ:seis_pick_2/inf_pick_1,S1I1S1I1S1I1S1I2S2I1,3300.0,3.3,1828136.0,5661872.0,1836.069458,0.8073829823849344,-0.261725789324095,5
ETVZ:seis_pick_2/inf_pick_1 | NGZ:seis_pick_2/inf_pick_2 | NOVZ:seis_pick_2/inf_pick_2 | OTVZ:seis_pick_2/inf_pick_1 | SNVZ:seis_pick_2/inf_pick_1,S2I1S2I2S2I2S2I1S2I1,3000.0,3.0,1828328.0,5661584.0,1637.31189,0.808074117722065,-1.2224131809568566,5
ETVZ:seis_pick_2/inf_pick_1 | NGZ:seis_pick_1/inf_pick_1 | NOVZ:seis_pick_2/inf_pick_2 | OTVZ:seis_pick_2/inf_pick_1 | SNVZ:seis_pick_1/inf_pick_1,S2I1S1I1S2I2S2I1S1I1,3300.0,3.3,1828616.0,5661872.0,1613.847656,0.8085614809715232,-0.6158645216966037,5
ETVZ:seis_pick_1/inf_pick_1 | NGZ:seis_pick_2/inf_pick_1 | NOVZ:seis_pick_2/inf_pick_2 | OTVZ:seis_pick_1/inf_pick_1 | SNVZ:seis_pick_2/inf_pick_2,S1I1S2I1S2I2S1I1S2I2,3300.0,3.3,1828328.0,5662160.0,1795.425903,0.8086601464698319,-0.1350729176355559,5
ETVZ:seis_pick_2/inf_pick_1 | NGZ:seis_pick_2/inf_pick_2 | NOVZ:seis_pick_1/inf_pick_2 | OTVZ:seis_pick_2/inf_pick_1 | SNVZ:seis_pick_2/inf_pick_1,S2I1S2I2S1I2S2I1S2I1,3300.0,3.3,1828328.0,5661584.0,1637.31189,0.8100951078403542,-1.2066689492446625,5
ETVZ:seis_pick_1/inf_pick_1 | NGZ:seis_pick_1/inf_pick_1 | NOVZ:seis_pick_2/inf_pick_2 | OTVZ:seis_pick_2/inf_pick_2 | SNVZ:seis_pick_1/inf_pick_2,S1I1S1I1S2I2S2I2S1I2,3000.0,3.0,1828328.0,5662352.0,1871.990356,0.8101828852191394,0.3538954357498529,5
ETVZ:seis_pick_1/inf_pick_1 | NGZ:seis_pick_1/inf_pick_1 | NOVZ:seis_pick_2/inf_pick_1 | OTVZ:seis_pick_2/inf_pick_2 | SNVZ:seis_pick_1/inf_pick_1,S1I1S1I1S2I1S2I2S1I1,3300.0,3.3,1828232.0,5662064.0,1861.719849,0.810278357441581,-0.5010516496979449,5
ETVZ:seis_pick_2/inf_pick_2 | NGZ:seis_pick_2/inf_pick_2 | NOVZ:seis_pick_1/inf_pick_2 | OTVZ:seis_pick_2/inf_pick_2 | SNVZ:seis_pick_1/inf_pick_1,S2I2S2I2S1I2S2I2S1I1,3300.0,3.3,1827944.0,5661584.0,1737.253296,0.8107223533919069,-0.44285428013057987,5
ETVZ:seis_pick_1/inf_pick_2 | NGZ:seis_pick_1/inf_pick_2 | NOVZ:seis_pick_2/inf_pick_1 | OTVZ:seis_pick_1/inf_pick_2 | SNVZ:seis_pick_2/inf_pick_2,S1I2S1I2S2I1S1I2S2I2,3000.0,3.0,1827656.0,5662256.0,2225.325684,0.8109146475996792,-0.07324258250925855,5
ETVZ:seis_pick_1/inf_pick_1 | NGZ:seis_pick_1/inf_pick_1 | NOVZ:seis_pick_1/inf_pick_1 | OTVZ:seis_pick_2/inf_pick_2 | SNVZ:seis_pick_2/inf_pick_1,S1I1S1I1S1I1S2I2S2I1,3300.0,3.3,1828328.0,5661776.0,1708.478394,0.8112219760409639,-0.4628077776548679,5
ETVZ:seis_pick_1/inf_pick_2 | NGZ:seis_pick_1/inf_pick_1 | NOVZ:seis_pick_1/inf_pick_1 | OTVZ:seis_pick_1/inf_pick_2 | SNVZ:seis_pick_1/inf_pick_2,S1I2S1I1S1I1S1I2S1I2,3300.0,3.3,1827944.0,5662352.0,2080.786133,0.8120349758841213,0.5860934496620684,5
ETVZ:seis_pick_2/inf_pick_2 | NGZ:seis_pick_1/inf_pick_1 | NOVZ:seis_pick_1/inf_pick_2 | OTVZ:seis_pick_2/inf_pick_2 | SNVZ:seis_pick_1/inf_pick_1,S2I2S1I1S1I2S2I2S1I1,3000.0,3.0,1828328.0,5661680.0,1673.186646,0.8126641311726364,0.28586372824474626,5
ETVZ:seis_pick_2/inf_pick_2 | NGZ:seis_pick_2/inf_pick_1 | NOVZ:seis_pick_2/inf_pick_2 | OTVZ:seis_pick_2/inf_pick_2 | SNVZ:seis_pick_2/inf_pick_1,S2I2S2I1S2I2S2I2S2I1,3300.0,3.3,1828136.0,5661584.0,1680.270508,0.8129342852767221,-0.3754775742113555,5
ETVZ:seis_pick_2/inf_pick_2 | NGZ:seis_pick_2/inf_pick_2 | NOVZ:seis_pick_1/inf_pick_1 | OTVZ:seis_pick_1/inf_pick_2 | SNVZ:seis_pick_2/inf_pick_2,S2I2S2I2S1I1S1I2S2I2,2500.0,2.5,1827656.0,5662064.0,2108.138184,0.813294773933392,0.13035782452489997,5
ETVZ:seis_pick_2/inf_pick_1 | NGZ:seis_pick_2/inf_pick_1 | NOVZ:seis_pick_2/inf_pick_2 | OTVZ:seis_pick_2/inf_pick_1 | SNVZ:seis_pick_1/inf_pick_1,S2I1S2I1S2I2S2I1S1I1,3000.0,3.0,1828520.0,5661872.0,1667.41626,0.8133805861402177,-0.6931171300424455,5
ETVZ:seis_pick_1/inf_pick_1 | NGZ:seis_pick_2/inf_pick_1 | NOVZ:seis_pick_1/inf_pick_1 | OTVZ:seis_pick_1/inf_pick_1 | SNVZ:seis_pick_2/inf_pick_2,S1I1S2I1S1I1S1I1S2I2,3300.0,3.3,1828232.0,5662256.0,1871.278687,0.81340356096958,-0.28710619678595,5
ETVZ:seis_pick_2/inf_pick_1 | NGZ:seis_pick_1/inf_pick_2 | NOVZ:seis_pick_2/inf_pick_1 | OTVZ:seis_pick_2/inf_pick_1 | SNVZ:seis_pick_2/inf_pick_1,S2I1S1I2S2I1S2I1S2I1,3300.0,3.3,1828328.0,5661872.0,1752.691528,0.8136064863722314,-1.4104656881453246,5
ETVZ:seis_pick_2/inf_pick_2 | NGZ:seis_pick_2/inf_pick_2 | NOVZ:seis_pick_2/inf_pick_2 | OTVZ:seis_pick_2/inf_pick_2 | SNVZ:seis_pick_2/inf_pick_1,S2I2S2I2S2I2S2I2S2I1,2500.0,2.5,1827944.0,5661488.0,1710.052002,0.8136883073250553,-0.37250284587243243,5
ETVZ:seis_pick_1/inf_pick_2 | NGZ:seis_pick_1/inf_pick_1 | NOVZ:seis_pick_2/inf_pick_2 | OTVZ:seis_pick_1/inf_pick_2 | SNVZ:seis_pick_2/inf_pick_2,S1I2S1I1S2I2S1I2S2I2,2500.0,2.5,1828040.0,5662064.0,1956.737061,0.8137464122554525,1.0299702090274114,5
ETVZ:seis_pick_2/inf_pick_2 | NGZ:seis_pick_2/inf_pick_1 | NOVZ:seis_pick_1/inf_pick_2 | OTVZ:seis_pick_1/inf_pick_1 | SNVZ:seis_pick_1/inf_pick_1,S2I2S2I1S1I2S1I1S1I1,3300.0,3.3,1828232.0,5661680.0,1707.919678,0.8144104512130735,-0.11382237188040598,5
ETVZ:seis_pick_1/inf_pick_1 | NGZ:seis_pick_1/inf_pick_1 | NOVZ:seis_pick_1/inf_pick_1 | OTVZ:seis_pick_1/inf_pick_2 | SNVZ:seis_pick_2/inf_pick_1,S1I1S1I1S1I1S1I2S2I1,3000.0,3.0,1828136.0,5661872.0,1836.069458,0.8153004539053866,-0.14011638583297098,5
ETVZ:seis_pick_2/inf_pick_2 | NGZ:seis_pick_2/inf_pick_1 | NOVZ:seis_pick_1/inf_pick_2 | OTVZ:seis_pick_1/inf_pick_2 | SNVZ:seis_pick_1/inf_pick_2,S2I2S2I1S1I2S1I2S1I2,2500.0,2.5,1828040.0,5662064.0,1956.737061,0.8158223624539006,1.0447847200444633,5
ETVZ:seis_pick_2/inf_pick_2 | NGZ:seis_pick_2/inf_pick_1 | NOVZ:seis_pick_2/inf_pick_2 | OTVZ:seis_pick_2/inf_pick_2 | SNVZ:seis_pick_1/inf_pick_1,S2I2S2I1S2I2S2I2S1I1,3000.0,3.0,1828136.0,5661776.0,1782.875366,0.8161964005219422,-0.09089578550999544,5
ETVZ:seis_pick_2/inf_pick_2 | NGZ:seis_pick_1/inf_pick_1 | NOVZ:seis_pick_2/inf_pick_1 | OTVZ:seis_pick_1/inf_pick_2 | SNVZ:seis_pick_1/inf_pick_2,S2I2S1I1S2I1S1I2S1I2,2500.0,2.5,1827944.0,5662448.0,2106.905762,0.8173876937455336,0.6851126221490775,5
ETVZ:seis_pick_2/inf_pick_1 | NGZ:seis_pick_1/inf_pick_2 | NOVZ:seis_pick_2/inf_pick_2 | OTVZ:seis_pick_2/inf_pick_1 | SNVZ:seis_pick_1/inf_pick_1,S2I1S1I2S2I2S2I1S1I1,3300.0,3.3,1828424.0,5661776.0,1675.246094,0.8174803864029148,-0.9672849839174423,5
ETVZ:seis_pick_2/inf_pick_2 | NGZ:seis_pick_1/inf_pick_2 | NOVZ:seis_pick_1/inf_pick_1 | OTVZ:seis_pick_1/inf_pick_2 | SNVZ:seis_pick_1/inf_pick_2,S2I2S1I2S1I1S1I2S1I2,3300.0,3.3,1827848.0,5662256.0,2154.689941,0.8179688898322263,0.09988760165438518,5
ETVZ:seis_pick_1/inf_pick_1 | NGZ:seis_pick_2/inf_pick_1 | NOVZ:seis_pick_2/inf_pick_1 | OTVZ:seis_pick_1/inf_pick_1 | SNVZ:seis_pick_2/inf_pick_1,S1I1S2I1S2I1S1I1S2I1,3000.0,3.0,1828136.0,5661872.0,1836.069458,0.8188478390590187,-0.8060946945083515,5
ETVZ:seis_pick_1/inf_pick_1 | NGZ:seis_pick_1/inf_pick_2 | NOVZ:seis_pick_2/inf_pick_1 | OTVZ:seis_pick_2/inf_pick_2 | SNVZ:seis_pick_2/inf_pick_2,S1I1S1I2S2I1S2I2S2I2,3000.0,3.0,1828040.0,5662256.0,2015.394897,0.8189376681691873,-0.46415280546059134,5
ETVZ:seis_pick_1/inf_pick_2 | NGZ:seis_pick_1/inf_pick_1 | NOVZ:seis_pick_2/inf_pick_2 | OTVZ:seis_pick_1/inf_pick_2 | SNVZ:seis_pick_1/inf_pick_1,S1I2S1I1S2I2S1I2S1I1,3300.0,3.3,1828040.0,5661776.0,1817.950928,0.8192183064415995,0.33261440730896047,5
ETVZ:seis_pick_2/inf_pick_1 | NGZ:seis_pick_2/inf_pick_1 | NOVZ:seis_pick_1/inf_pick_1 | OTVZ:seis_pick_2/inf_pick_1 | SNVZ:seis_pick_1/inf_pick_1,S2I1S2I1S1I1S2I1S1I1,3300.0,3.3,1828424.0,5661968.0,1733.215942,0.819649088131137,-0.9375747193441155,5
ETVZ:seis_pick_2/inf_pick_2 | NGZ:seis_pick_2/inf_pick_1 | NOVZ:seis_pick_2/inf_pick_1 | OTVZ:seis_pick_1/inf_pick_2 | SNVZ:seis_pick_1/inf_pick_2,S2I2S2I1S2I1S1I2S1I2,2500.0,2.5,1827848.0,5662448.0,2169.476074,0.8198230005270906,0.4476696460109492,5
ETVZ:seis_pick_1/inf_pick_2 | NGZ:seis_pick_2/inf_pick_1 | NOVZ:seis_pick_2/inf_pick_1 | OTVZ:seis_pick_1/inf_pick_2 | SNVZ:seis_pick_2/inf_pick_2,S1I2S2I1S2I1S1I2S2I2,3000.0,3.0,1827752.0,5662256.0,2200.287842,0.8204909089626433,0.119798490386448,5
ETVZ:seis_pick_2/inf_pick_2 | NGZ:seis_pick_1/inf_pick_2 | NOVZ:seis_pick_2/inf_pick_1 | OTVZ:seis_pick_1/inf_pick_2 | SNVZ:seis_pick_1/inf_pick_2,S2I2S1I2S2I1S1I2S1I2,3000.0,3.0,1827752.0,5662352.0,2219.299072,0.8214569288739928,-0.0007951917220948346,5
ETVZ:seis_pick_1/inf_pick_2 | NGZ:seis_pick_1/inf_pick_1 | NOVZ:seis_pick_1/inf_pick_2 | OTVZ:seis_pick_1/inf_pick_2 | SNVZ:seis_pick_2/inf_pick_1,S1I2S1I1S1I2S1I2S2I1,3300.0,3.3,1828136.0,5661488.0,1647.28064,0.8222126676740947,0.3349887517273906,5
ETVZ:seis_pick_2/inf_pick_2 | NGZ:seis_pick_2/inf_pick_2 | NOVZ:seis_pick_2/inf_pick_2 | OTVZ:seis_pick_2/inf_pick_2 | SNVZ:seis_pick_1/inf_pick_1,S2I2S2I2S2I2S2I2S1I1,3000.0,3.0,1827944.0,5661680.0,1773.920288,0.823289447348064,-0.4631150967982281,5
ETVZ:seis_pick_1/inf_pick_1 | NGZ:seis_pick_1/inf_pick_1 | NOVZ:seis_pick_1/inf_pick_1 | OTVZ:seis_pick_2/inf_pick_2 | SNVZ:seis_pick_1/inf_pick_2,S1I1S1I1S1I1S2I2S1I2,3000.0,3.0,1828328.0,5662448.0,1861.943481,0.8236692074888325,0.23420451252544297,5
ETVZ:seis_pick_1/inf_pick_1 | NGZ:seis_pick_2/inf_pick_1 | NOVZ:seis_pick_2/inf_pick_1 | OTVZ:seis_pick_2/inf_pick_2 | SNVZ:seis_pick_2/inf_pick_1,S1I1S2I1S2I1S2I2S2I1,2500.0,2.5,1828136.0,5661872.0,1836.069458,0.8237533106868359,-0.4638920317155586,5
ETVZ:seis_pick_2/inf_pick_1 | NGZ:seis_pick_1/inf_pick_2 | NOVZ:seis_pick_1/inf_pick_2 | OTVZ:seis_pick_2/inf_pick_1 | SNVZ:seis_pick_1/inf_pick_1,S2I1S1I2S1I2S2I1S1I1,3300.0,3.3,1828520.0,5661680.0,1602.574463,0.8240391523237248,-0.8106208453229717,5
ETVZ:seis_pick_2/inf_pick_1 | NGZ:seis_pick_1/inf_pick_2 | NOVZ:seis_pick_1/inf_pick_1 | OTVZ:seis_pick_1/inf_pick_1 | SNVZ:seis_pick_2/inf_pick_2,S2I1S1I2S1I1S1I1S2I2,3000.0,3.0,1828232.0,5662256.0,1871.278687,0.824455863676234,-0.4324183928058488,5
ETVZ:seis_pick_2/inf_pick_1 | NGZ:seis_pick_2/inf_pick_1 | NOVZ:seis_pick_1/inf_pick_1 | OTVZ:seis_pick_2/inf_pick_1 | SNVZ:seis_pick_2/inf_pick_1,S2I1S2I1S1I1S2I1S2I1,3000.0,3.0,1828424.0,5661776.0,1675.246094,0.8244593005580748,-0.9737027468327961,5
ETVZ:seis_pick_1/inf_pick_2 | NGZ:seis_pick_2/inf_pick_2 | NOVZ:seis_pick_2/inf_pick_1 | OTVZ:seis_pick_1/inf_pick_2 | SNVZ:seis_pick_2/inf_pick_2,S1I2S2I2S2I1S1I2S2I2,3300.0,3.3,1827560.0,5662160.0,2193.737305,0.8248763305806336,-0.380711730846002,5
ETVZ:seis_pick_2/inf_pick_2 | NGZ:seis_pick_1/inf_pick_2 | NOVZ:seis_pick_1/inf_pick_1 | OTVZ:seis_pick_2/inf_pick_2 | SNVZ:seis_pick_2/inf_pick_1,S2I2S1I2S1I1S2I2S2I1,3000.0,3.0,1828040.0,5661680.0,1747.83252,0.8253939072823804,-0.5229913482497561,5
ETVZ:seis_pick_2/inf_pick_1 | NGZ:seis_pick_2/inf_pick_1 | NOVZ:seis_pick_1/inf_pick_1 | OTVZ:seis_pick_2/inf_pick_2 | SNVZ:seis_pick_1/inf_pick_2,S2I1S2I1S1I1S2I2S1I2,3000.0,3.0,1828328.0,5662448.0,1861.943481,0.8259666915694417,-0.06938207914530636,5
ETVZ:seis_pick_1/inf_pick_1 | NGZ:seis_pick_1/inf_pick_2 | NOVZ:seis_pick_1/inf_pick_1 | OTVZ:seis_pick_2/inf_pick_2 | SNVZ:seis_pick_2/inf_pick_2,S1I1S1I2S1I1S2I2S2I2,3000.0,3.0,1828136.0,5662160.0,1946.274292,0.8265983504225233,-0.25709179488890077,5
ETVZ:seis_pick_2/inf_pick_1 | NGZ:seis_pick_1/inf_pick_2 | NOVZ:seis_pick_2/inf_pick_2 | OTVZ:seis_pick_2/inf_pick_1 | SNVZ:seis_pick_2/inf_pick_1,S2I1S1I2S2I2S2I1S2I1,2500.0,2.5,1828424.0,5661584.0,1603.305054,0.8269306351459484,-0.7587197680570824,5
ETVZ:seis_pick_1/inf_pick_1 | NGZ:seis_pick_1/inf_pick_2 | NOVZ:seis_pick_2/inf_pick_2 | OTVZ:seis_pick_2/inf_pick_2 | SNVZ:seis_pick_2/inf_pick_2,S1I1S1I2S2I2S2I2S2I2,3300.0,3.3,1828136.0,5662160.0,1946.274292,0.8269586915506031,-0.28860859256456217,5
ETVZ:seis_pick_2/inf_pick_2 | NGZ:seis_pick_1/inf_pick_2 | NOVZ:seis_pick_2/inf_pick_2 | OTVZ:seis_pick_1/inf_pick_1 | SNVZ:seis_pick_2/inf_pick_1,S2I2S1I2S2I2S1I1S2I1,3300.0,3.3,1828136.0,5661584.0,1680.270508,0.827098859554153,-0.5960582538714373,5
ETVZ:seis_pick_1/inf_pick_1 | NGZ:seis_pick_2/inf_pick_1 | NOVZ:seis_pick_1/inf_pick_2 | OTVZ:seis_pick_1/inf_pick_1 | SNVZ:seis_pick_2/inf_pick_2,S1I1S2I1S1I2S1I1S2I2,3300.0,3.3,1828328.0,5662064.0,1806.550293,0.8271212366678781,0.017702904185418332,5
ETVZ:seis_pick_2/inf_pick_1 | NGZ:seis_pick_2/inf_pick_1 | NOVZ:seis_pick_2/inf_pick_2 | OTVZ:seis_pick_2/inf_pick_2 | SNVZ:seis_pick_1/inf_pick_2,S2I1S2I1S2I2S2I2S1I2,3300.0,3.3,1828328.0,5662352.0,1871.990356,0.8279651992572855,-0.07206341556507442,5
ETVZ:seis_pick_1/inf_pick_2 | NGZ:seis_pick_2/inf_pick_1 | NOVZ:seis_pick_1/inf_pick_1 | OTVZ:seis_pick_1/inf_pick_2 | SNVZ:seis_pick_2/inf_pick_2,S1I2S2I1S1I1S1I2S2I2,2500.0,2.5,1827848.0,5662064.0,2029.3927,0.828359649732995,0.6773028885913209,5
ETVZ:seis_pick_2/inf_pick_2 | NGZ:seis_pick_2/inf_pick_1 | NOVZ:seis_pick_1/inf_pick_2 | OTVZ:seis_pick_2/inf_pick_2 | SNVZ:seis_pick_2/inf_pick_1,S2I2S2I1S1I2S2I2S2I1,2500.0,2.5,1828232.0,5661488.0,1616.910156,0.8288108534217217,0.16774088041930407,5
ETVZ:seis_pick_1/inf_pick_2 | NGZ:seis_pick_2/inf_pick_1 | NOVZ:seis_pick_1/inf_pick_1 | OTVZ:seis_pick_1/inf_pick_2 | SNVZ:seis_pick_1/inf_pick_1,S1I2S2I1S1I1S1I2S1I1,2500.0,2.5,1827848.0,5661776.0,1864.244263,0.8304360152122002,0.38392998691696645,5
ETVZ:seis_pick_1/inf_pick_1 | NGZ:seis_pick_1/inf_pick_1 | NOVZ:seis_pick_1/inf_pick_1 | OTVZ:seis_pick_1/inf_pick_2 | SNVZ:seis_pick_2/inf_pick_1,S1I1S1I1S1I1S1I2S2I1,2500.0,2.5,1828136.0,5661776.0,1782.875366,0.8306029529476222,0.14618624782858713,5
ETVZ:seis_pick_2/inf_pick_2 | NGZ:seis_pick_2/inf_pick_1 | NOVZ:seis_pick_1/inf_pick_2 | OTVZ:seis_pick_2/inf_pick_2 | SNVZ:seis_pick_1/inf_pick_1,S2I2S2I1S1I2S2I2S1I1,2500.0,2.5,1828232.0,5661584.0,1658.624878,0.8306263149257203,0.35230770248323606,5
ETVZ:seis_pick_1/inf_pick_2 | NGZ:seis_pick_1/inf_pick_2 | NOVZ:seis_pick_2/inf_pick_1 | OTVZ:seis_pick_1/inf_pick_2 | SNVZ:seis_pick_2/inf_pick_1,S1I2S1I2S2I1S1I2S2I1,3300.0,3.3,1827752.0,5661776.0,1918.936157,0.8309332935318656,-0.521567763496235,5
ETVZ:seis_pick_2/inf_pick_2 | NGZ:seis_pick_2/inf_pick_2 | NOVZ:seis_pick_1/inf_pick_2 | OTVZ:seis_pick_1/inf_pick_1 | SNVZ:seis_pick_2/inf_pick_1,S2I2S2I2S1I2S1I1S2I1,3000.0,3.0,1828040.0,5661488.0,1663.414795,0.8310041752022901,-0.5466500592921276,5
ETVZ:seis_pick_2/inf_pick_2 | NGZ:seis_pick_2/inf_pick_2 | NOVZ:seis_pick_1/inf_pick_1 | OTVZ:seis_pick_2/inf_pick_2 | SNVZ:seis_pick_1/inf_pick_1,S2I2S2I2S1I1S2I2S1I1,3000.0,3.0,1827848.0,5661776.0,1864.244263,0.8311472596128725,-0.6080116189940101,5
ETVZ:seis_pick_2/inf_pick_2 | NGZ:seis_pick_2/inf_pick_2 | NOVZ:seis_pick_2/inf_pick_1 | OTVZ:seis_pick_2/inf_pick_2 | SNVZ:seis_pick_1/inf_pick_1,S2I2S2I2S2I1S2I2S1I1,3300.0,3.3,1827848.0,5661872.0,1910.128296,0.831557761225993,-0.8874694128663293,5
ETVZ:seis_pick_2/inf_pick_2 | NGZ:seis_pick_1/inf_pick_2 | NOVZ:seis_pick_1/inf_pick_1 | OTVZ:seis_pick_2/inf_pick_2 | SNVZ:seis_pick_1/inf_pick_1,S2I2S1I2S1I1S2I2S1I1,3000.0,3.0,1828040.0,5661776.0,1817.950928,0.831563714258428,-0.3590317733556194,5
ETVZ:seis_pick_2/inf_pick_1 | NGZ:seis_pick_1/inf_pick_1 | NOVZ:seis_pick_2/inf_pick_1 | OTVZ:seis_pick_1/inf_pick_1 | SNVZ:seis_pick_1/inf_pick_2,S2I1S1I1S2I1S1I1S1I2,3000.0,3.0,1828328.0,5662544.0,1871.070679,0.831805973059265,-0.13692040301991124,5
ETVZ:seis_pick_1/inf_pick_1 | NGZ:seis_pick_2/inf_pick_1 | NOVZ:seis_pick_2/inf_pick_1 | OTVZ:seis_pick_1/inf_pick_1 | SNVZ:seis_pick_1/inf_pick_1,S1I1S2I1S2I1S1I1S1I1,2500.0,2.5,1828136.0,5661968.0,1868.978394,0.8323323310407411,-0.37557949975860083,5
ETVZ:seis_pick_2/inf_pick_1 | NGZ:seis_pick_1/inf_pick_2 | NOVZ:seis_pick_1/inf_pick_1 | OTVZ:seis_pick_2/inf_pick_1 | SNVZ:seis_pick_1/inf_pick_1,S2I1S1I2S1I1S2I1S1I1,3300.0,3.3,1828424.0,5661872.0,1701.829712,0.8326607510474822,-1.0677562672975316,5
ETVZ:seis_pick_2/inf_pick_1 | NGZ:seis_pick_1/inf_pick_2 | NOVZ:seis_pick_1/inf_pick_2 | OTVZ:seis_pick_2/inf_pick_2 | SNVZ:seis_pick_2/inf_pick_2,S2I1S1I2S1I2S2I2S2I2,3300.0,3.3,1828328.0,5662064.0,1806.550293,0.8327574577515665,-0.1751969296706008,5
ETVZ:seis_pick_2/inf_pick_2 | NGZ:seis_pick_2/inf_pick_2 | NOVZ:seis_pick_2/inf_pick_1 | OTVZ:seis_pick_2/inf_pick_2 | SNVZ:seis_pick_2/inf_pick_1,S2I2S2I2S2I1S2I2S2I1,3000.0,3.0,1827848.0,5661776.0,1864.244263,0.8328204112506353,-0.9264127216818112,5
ETVZ:seis_pick_1/inf_pick_1 | NGZ:seis_pick_2/inf_pick_1 | NOVZ:seis_pick_2/inf_pick_1 | OTVZ:seis_pick_2/inf_pick_2 | SNVZ:seis_pick_2/inf_pick_2,S1I1S2I1S2I1S2I2S2I2,2500.0,2.5,1828136.0,5662256.0,1932.221924,0.8328735707519876,0.004433937995128723,5
ETVZ:seis_pick_2/inf_pick_2 | NGZ:seis_pick_2/inf_pick_2 | NOVZ:seis_pick_1/inf_pick_1 | OTVZ:seis_pick_1/inf_pick_1 | SNVZ:seis_pick_2/inf_pick_1,S2I2S2I2S1I1S1I1S2I1,3300.0,3.3,1827944.0,5661680.0,1773.920288,0.8330204894272764,-0.9325877233883665,5
ETVZ:seis_pick_1/inf_pick_1 | NGZ:seis_pick_1/inf_pick_1 | NOVZ:seis_pick_1/inf_pick_1 | OTVZ:seis_pick_2/inf_pick_2 | SNVZ:seis_pick_2/inf_pick_1,S1I1S1I1S1I1S2I2S2I1,3000.0,3.0,1828328.0,5661776.0,1708.478394,0.8332491116827783,-0.3420072852564564,5
ETVZ:seis_pick_2/inf_pick_1 | NGZ:seis_pick_2/inf_pick_2 | NOVZ:seis_pick_2/inf_pick_1 | OTVZ:seis_pick_2/inf_pick_1 | SNVZ:seis_pick_2/inf_pick_1,S2I1S2I2S2I1S2I1S2I1,3000.0,3.0,1828232.0,5661776.0,1756.203979,0.8334618718716581,-1.4836082407968765,5
ETVZ:seis_pick_2/inf_pick_2 | NGZ:seis_pick_1/inf_pick_2 | NOVZ:seis_pick_1/inf_pick_2 | OTVZ:seis_pick_1/inf_pick_1 | SNVZ:seis_pick_1/inf_pick_1,S2I2S1I2S1I2S1I1S1I1,3300.0,3.3,1828136.0,5661680.0,1731.645752,0.8337973540013788,-0.28383048425429536,5
ETVZ:seis_pick_2/inf_pick_1 | NGZ:seis_pick_1/inf_pick_1 | NOVZ:seis_pick_2/inf_pick_2 | OTVZ:seis_pick_2/inf_pick_1 | SNVZ:seis_pick_2/inf_pick_1,S2I1S1I1S2I2S2I1S2I1,3300.0,3.3,1828616.0,5661680.0,1581.337891,0.8356614785821627,-0.7912896648991573,5
ETVZ:seis_pick_2/inf_pick_2 | NGZ:seis_pick_1/inf_pick_2 | NOVZ:seis_pick_1/inf_pick_2 | OTVZ:seis_pick_2/inf_pick_2 | SNVZ:seis_pick_1/inf_pick_1,S2I2S1I2S1I2S2I2S1I1,2500.0,2.5,1828136.0,5661584.0,1680.270508,0.8356772668997671,0.18477782669234505,5
ETVZ:seis_pick_1/inf_pick_1 | NGZ:seis_pick_1/inf_pick_1 | NOVZ:seis_pick_2/inf_pick_1 | OTVZ:seis_pick_2/inf_pick_2 | SNVZ:seis_pick_1/inf_pick_2,S1I1S1I1S2I1S2I2S1I2,3300.0,3.3,1828232.0,5662544.0,1937.370361,0.836047012406992,-0.10058213701016908,5
ETVZ:seis_pick_2/inf_pick_2 | NGZ:seis_pick_2/inf_pick_1 | NOVZ:seis_pick_1/inf_pick_2 | OTVZ:seis_pick_1/inf_pick_1 | SNVZ:seis_pick_2/inf_pick_1,S2I2S2I1S1I2S1I1S2I1,3000.0,3.0,1828232.0,5661488.0,1616.910156,0.8361977216417258,-0.17302704260585156,5
ETVZ:seis_pick_1/inf_pick_2 | NGZ:seis_pick_1/inf_pick_2 | NOVZ:seis_pick_2/inf_pick_2 | OTVZ:seis_pick_1/inf_pick_2 | SNVZ:seis_pick_2/inf_pick_2,S1I2S1I2S2I2S1I2S2I2,2500.0,2.5,1827752.0,5661968.0,2023.887207,0.8380376127283976,0.6073940345071878,5
ETVZ:seis_pick_1/inf_pick_1 | NGZ:seis_pick_2/inf_pick_1 | NOVZ:seis_pick_2/inf_pick_2 | OTVZ:seis_pick_1/inf_pick_1 | SNVZ:seis_pick_2/inf_pick_2,S1I1S2I1S2I2S1I1S2I2,3000.0,3.0,1828328.0,5662160.0,1795.425903,0.8381479591412948,-0.013510916044684329,5
ETVZ:seis_pick_2/inf_pick_2 | NGZ:seis_pick_1/inf_pick_2 | NOVZ:seis_pick_1/inf_pick_1 | OTVZ:seis_pick_1/inf_pick_2 | SNVZ:seis_pick_1/inf_pick_2,S2I2S1I2S1I1S1I2S1I2,3000.0,3.0,1827848.0,5662256.0,2154.689941,0.8382222465919706,0.22448544119396133,5
ETVZ:seis_pick_1/inf_pick_1 | NGZ:seis_pick_1/inf_pick_1 | NOVZ:seis_pick_2/inf_pick_1 | OTVZ:seis_pick_2/inf_pick_2 | SNVZ:seis_pick_1/inf_pick_1,S1I1S1I1S2I1S2I2S1I1,3000.0,3.0,1828232.0,5662064.0,1861.719849,0.8382781699225518,-0.37930828021093727,5
ETVZ:seis_pick_2/inf_pick_1 | NGZ:seis_pick_1/inf_pick_2 | NOVZ:seis_pick_2/inf_pick_2 | OTVZ:seis_pick_1/inf_pick_1 | SNVZ:seis_pick_2/inf_pick_2,S2I1S1I2S2I2S1I1S2I2,3300.0,3.3,1828232.0,5662160.0,1873.492554,0.8383724821696572,-0.441139981586379,5
ETVZ:seis_pick_1/inf_pick_1 | NGZ:seis_pick_1/inf_pick_1 | NOVZ:seis_pick_2/inf_pick_2 | OTVZ:seis_pick_1/inf_pick_1 | SNVZ:seis_pick_2/inf_pick_2,S1I1S1I1S2I2S1I1S2I2,2500.0,2.5,1828424.0,5662160.0,1740.991333,0.8385316419071652,0.4616334908249359,5
ETVZ:seis_pick_2/inf_pick_1 | NGZ:seis_pick_1/inf_pick_1 | NOVZ:seis_pick_2/inf_pick_1 | OTVZ:seis_pick_2/inf_pick_2 | SNVZ:seis_pick_2/inf_pick_1,S2I1S1I1S2I1S2I2S2I1,3300.0,3.3,1828328.0,5661968.0,1780.70813,0.8386974573980763,-0.7513398029211228,5
ETVZ:seis_pick_1/inf_pick_2 | NGZ:seis_pick_2/inf_pick_2 | NOVZ:seis_pick_1/inf_pick_1 | OTVZ:seis_pick_1/inf_pick_2 | SNVZ:seis_pick_2/inf_pick_2,S1I2S2I2S1I1S1I2S2I2,3300.0,3.3,1827656.0,5662064.0,2108.138184,0.8396241514023147,-0.14687499000266993,5
ETVZ:seis_pick_1/inf_pick_2 | NGZ:seis_pick_1/inf_pick_2 | NOVZ:seis_pick_2/inf_pick_1 | OTVZ:seis_pick_1/inf_pick_2 | SNVZ:seis_pick_1/inf_pick_1,S1I2S1I2S2I1S1I2S1I1,2500.0,2.5,1827656.0,5661872.0,2014.556152,0.839759969107895,-0.019492171473291364,5
ETVZ:seis_pick_2/inf_pick_2 | NGZ:seis_pick_2/inf_pick_2 | NOVZ:seis_pick_1/inf_pick_2 | OTVZ:seis_pick_2/inf_pick_2 | SNVZ:seis_pick_1/inf_pick_1,S2I2S2I2S1I2S2I2S1I1,3000.0,3.0,1827944.0,5661584.0,1737.253296,0.8399483162317561,-0.321023031466388,5
ETVZ:seis_pick_1/inf_pick_2 | NGZ:seis_pick_2/inf_pick_1 | NOVZ:seis_pick_2/inf_pick_2 | OTVZ:seis_pick_1/inf_pick_2 | SNVZ:seis_pick_1/inf_pick_2,S1I2S2I1S2I2S1I2S1I2,3300.0,3.3,1827944.0,5662256.0,2088.119141,0.8405912693153554,0.51808381914576,5
ETVZ:seis_pick_2/inf_pick_1 | NGZ:seis_pick_2/inf_pick_2 | NOVZ:seis_pick_1/inf_pick_2 | OTVZ:seis_pick_2/inf_pick_1 | SNVZ:seis_pick_2/inf_pick_1,S2I1S2I2S1I2S2I1S2I1,3000.0,3.0,1828424.0,5661488.0,1577.636108,0.8406883761637376,-1.0763525208715579,5
ETVZ:seis_pick_1/inf_pick_2 | NGZ:seis_pick_1/inf_pick_2 | NOVZ:seis_pick_1/inf_pick_2 | OTVZ:seis_pick_1/inf_pick_2 | SNVZ:seis_pick_2/inf_pick_2,S1I2S1I2S1I2S1I2S2I2,2500.0,2.5,1827848.0,5661872.0,1910.128296,0.8407796495686836,0.8247373560300332,5
ETVZ:seis_pick_2/inf_pick_1 | NGZ:seis_pick_1/inf_pick_1 | NOVZ:seis_pick_1/inf_pick_2 | OTVZ:seis_pick_2/inf_pick_1 | SNVZ:seis_pick_2/inf_pick_1,S2I1S1I1S1I2S2I1S2I1,2500.0,2.5,1828712.0,5661488.0,1499.048706,0.8422503952162068,-0.28002918469858057,5
ETVZ:seis_pick_1/inf_pick_2 | NGZ:seis_pick_1/inf_pick_2 | NOVZ:seis_pick_1/inf_pick_2 | OTVZ:seis_pick_2/inf_pick_2 | SNVZ:seis_pick_2/inf_pick_1,S1I2S1I2S1I2S2I2S2I1,3300.0,3.3,1828040.0,5661488.0,1663.414795,0.8424140867421335,-0.28987992124774686,5
ETVZ:seis_pick_2/inf_pick_1 | NGZ:seis_pick_1/inf_pick_2 | NOVZ:seis_pick_1/inf_pick_2 | OTVZ:seis_pick_2/inf_pick_2 | SNVZ:seis_pick_2/inf_pick_2,S2I1S1I2S1I2S2I2S2I2,3000.0,3.0,1828328.0,5662064.0,1806.550293,0.8431792986366647,-0.05381868670859049,5
ETVZ:seis_pick_1/inf_pick_2 | NGZ:seis_pick_1/inf_pick_2 | NOVZ:seis_pick_1/inf_pick_1 | OTVZ:seis_pick_1/inf_pick_2 | SNVZ:seis_pick_2/inf_pick_2,S1I2S1I2S1I1S1I2S2I2,2500.0,2.5,1827752.0,5662064.0,2083.736328,0.84360855425561,0.47828151430857113,5
ETVZ:seis_pick_2/inf_pick_1 | NGZ:seis_pick_1/inf_pick_1 | NOVZ:seis_pick_1/inf_pick_2 | OTVZ:seis_pick_2/inf_pick_1 | SNVZ:seis_pick_1/inf_pick_1,S2I1S1I1S1I2S2I1S1I1,2500.0,2.5,1828712.0,5661680.0,1556.454346,0.8436211326411558,-0.08142203158481358,5
ETVZ:seis_pick_2/inf_pick_1 | NGZ:seis_pick_1/inf_pick_1 | NOVZ:seis_pick_2/inf_pick_2 | OTVZ:seis_pick_1/inf_pick_1 | SNVZ:seis_pick_1/inf_pick_2,S2I1S1I1S2I2S1I1S1I2,2500.0,2.5,1828520.0,5662352.0,1747.839355,0.8444609607960144,0.48135866489885865,5
ETVZ:seis_pick_2/inf_pick_2 | NGZ:seis_pick_2/inf_pick_2 | NOVZ:seis_pick_2/inf_pick_2 | OTVZ:seis_pick_1/inf_pick_1 | SNVZ:seis_pick_2/inf_pick_1,S2I2S2I2S2I2S1I1S2I1,3000.0,3.0,1827944.0,5661584.0,1737.253296,0.8446349919834403,-0.714086109266509,5
ETVZ:seis_pick_2/inf_pick_2 | NGZ:seis_pick_2/inf_pick_2 | NOVZ:seis_pick_2/inf_pick_2 | OTVZ:seis_pick_1/inf_pick_2 | SNVZ:seis_pick_2/inf_pick_2,S2I2S2I2S2I2S1I2S2I2,2500.0,2.5,1827752.0,5661968.0,2023.887207,0.8446537885359849,0.3038074428364384,5
ETVZ:seis_pick_1/inf_pick_2 | NGZ:seis_pick_1/inf_pick_1 | NOVZ:seis_pick_1/inf_pick_2 | OTVZ:seis_pick_1/inf_pick_2 | SNVZ:seis_pick_2/inf_pick_1,S1I2S1I1S1I2S1I2S2I1,3000.0,3.0,1828136.0,5661488.0,1647.28064,0.8447616354836539,0.45619588991986093,5
ETVZ:seis_pick_2/inf_pick_1 | NGZ:seis_pick_2/inf_pick_1 | NOVZ:seis_pick_2/inf_pick_2 | OTVZ:seis_pick_2/inf_pick_2 | SNVZ:seis_pick_1/inf_pick_2,S2I1S2I1S2I2S2I2S1I2,3000.0,3.0,1828328.0,5662352.0,1871.990356,0.844897024206571,0.05030884407910356,5
ETVZ:seis_pick_2/inf_pick_2 | NGZ:seis_pick_1/inf_pick_1 | NOVZ:seis_pick_1/inf_pick_1 | OTVZ:seis_pick_1/inf_pick_2 | SNVZ:seis_pick_1/inf_pick_1,S2I2S1I1S1I1S1I2S1I1,2500.0,2.5,1828040.0,5661872.0,1862.954834,0.8450589095937876,0.49170187499684753,5
ETVZ:seis_pick_2/inf_pick_2 | NGZ:seis_pick_2/inf_pick_2 | NOVZ:seis_pick_1/inf_pick_1 | OTVZ:seis_pick_2/inf_pick_2 | SNVZ:seis_pick_2/inf_pick_1,S2I2S2I2S1I1S2I2S2I1,2500.0,2.5,1827848.0,5661584.0,1803.133545,0.8457800650264586,-0.5040942833364517,5
ETVZ:seis_pick_2/inf_pick_1 | NGZ:seis_pick_1/inf_pick_1 | NOVZ:seis_pick_2/inf_pick_2 | OTVZ:seis_pick_2/inf_pick_1 | SNVZ:seis_pick_1/inf_pick_1,S2I1S1I1S2I2S2I1S1I1,3000.0,3.0,1828616.0,5661872.0,1613.847656,0.8457967469211561,-0.49555104696690633,5
ETVZ:seis_pick_2/inf_pick_1 | NGZ:seis_pick_1/inf_pick_1 | NOVZ:seis_pick_1/inf_pick_2 | OTVZ:seis_pick_1/inf_pick_1 | SNVZ:seis_pick_1/inf_pick_2,S2I1S1I1S1I2S1I1S1I2,2500.0,2.5,1828520.0,5662256.0,1733.170288,0.8458106811765553,0.6482073979236567,5
ETVZ:seis_pick_1/inf_pick_1 | NGZ:seis_pick_2/inf_pick_1 | NOVZ:seis_pick_1/inf_pick_1 | OTVZ:seis_pick_1/inf_pick_1 | SNVZ:seis_pick_2/inf_pick_2,S1I1S2I1S1I1S1I1S2I2,3000.0,3.0,1828232.0,5662256.0,1871.278687,0.8459441444386941,-0.16485658383750987,5
ETVZ:seis_pick_2/inf_pick_2 | NGZ:seis_pick_2/inf_pick_1 | NOVZ:seis_pick_2/inf_pick_2 | OTVZ:seis_pick_2/inf_pick_2 | SNVZ:seis_pick_2/inf_pick_1,S2I2S2I1S2I2S2I2S2I1,3000.0,3.0,1828136.0,5661584.0,1680.270508,0.8460209569841824,-0.25429851084771116,5
ETVZ:seis_pick_1/inf_pick_1 | NGZ:seis_pick_1/inf_pick_1 | NOVZ:seis_pick_2/inf_pick_1 | OTVZ:seis_pick_1/inf_pick_1 | SNVZ:seis_pick_2/inf_pick_2,S1I1S1I1S2I1S1I1S2I2,3300.0,3.3,1828328.0,5662352.0,1871.990356,0.8460801509174031,-0.2525116453195304,5
ETVZ:seis_pick_2/inf_pick_2 | NGZ:seis_pick_2/inf_pick_1 | NOVZ:seis_pick_1/inf_pick_1 | OTVZ:seis_pick_2/inf_pick_2 | SNVZ:seis_pick_1/inf_pick_1,S2I2S2I1S1I1S2I2S1I1,3300.0,3.3,1828136.0,5661872.0,1836.069458,0.8463059747740304,-0.3227210646612807,5
ETVZ:seis_pick_1/inf_pick_2 | NGZ:seis_pick_2/inf_pick_2 | NOVZ:seis_pick_1/inf_pick_2 | OTVZ:seis_pick_2/inf_pick_2 | SNVZ:seis_pick_2/inf_pick_1,S1I2S2I2S1I2S2I2S2I1,3300.0,3.3,1827944.0,5661392.0,1666.013062,0.8464207548667404,-0.5077761348624403,5
ETVZ:seis_pick_1/inf_pick_2 | NGZ:seis_pick_1/inf_pick_1 | NOVZ:seis_pick_2/inf_pick_2 | OTVZ:seis_pick_1/inf_pick_2 | SNVZ:seis_pick_1/inf_pick_1,S1I2S1I1S2I2S1I2S1I1,3000.0,3.0,1828040.0,5661776.0,1817.950928,0.8465629434943358,0.4543604973632352,5
ETVZ:seis_pick_2/inf_pick_2 | NGZ:seis_pick_1/inf_pick_1 | NOVZ:seis_pick_1/inf_pick_2 | OTVZ:seis_pick_2/inf_pick_2 | SNVZ:seis_pick_2/inf_pick_1,S2I2S1I1S1I2S2I2S2I1,3300.0,3.3,1828328.0,5661584.0,1637.31189,0.8467219352146633,-0.015723004250326335,5
ETVZ:seis_pick_1/inf_pick_2 | NGZ:seis_pick_1/inf_pick_1 | NOVZ:seis_pick_1/inf_pick_1 | OTVZ:seis_pick_1/inf_pick_2 | SNVZ:seis_pick_1/inf_pick_2,S1I2S1I1S1I1S1I2S1I2,3000.0,3.0,1827944.0,5662352.0,2080.786133,0.8470914522175925,0.7102780058470384,5
ETVZ:seis_pick_1/inf_pick_1 | NGZ:seis_pick_2/inf_pick_1 | NOVZ:seis_pick_1/inf_pick_2 | OTVZ:seis_pick_2/inf_pick_1 | SNVZ:seis_pick_2/inf_pick_1,S1I1S2I1S1I2S2I1S2I1,3300.0,3.3,1828520.0,5661584.0,1580.752686,0.8472426938923432,-0.7282901089937551,5
ETVZ:seis_pick_1/inf_pick_1 | NGZ:seis_pick_1/inf_pick_1 | NOVZ:seis_pick_2/inf_pick_1 | OTVZ:seis_pick_2/inf_pick_2 | SNVZ:seis_pick_2/inf_pick_2,S1I1S1I1S2I1S2I2S2I2,2500.0,2.5,1828232.0,5662352.0,1933.467285,0.8472513891048317,0.17873096342877642,5
ETVZ:seis_pick_1/inf_pick_1 | NGZ:seis_pick_2/inf_pick_1 | NOVZ:seis_pick_2/inf_pick_1 | OTVZ:seis_pick_1/inf_pick_1 | SNVZ:seis_pick_2/inf_pick_2,S1I1S2I1S2I1S1I1S2I2,3300.0,3.3,1828232.0,5662352.0,1933.467285,0.8476681111981678,-0.47077450054673325,5
ETVZ:seis_pick_2/inf_pick_2 | NGZ:seis_pick_1/inf_pick_2 | NOVZ:seis_pick_2/inf_pick_2 | OTVZ:seis_pick_1/inf_pick_2 | SNVZ:seis_pick_1/inf_pick_2,S2I2S1I2S2I2S1I2S1I2,3300.0,3.3,1827848.0,5662256.0,2154.689941,0.8480366337955361,0.19085934527946957,5
ETVZ:seis_pick_2/inf_pick_2 | NGZ:seis_pick_1/inf_pick_2 | NOVZ:seis_pick_2/inf_pick_2 | OTVZ:seis_pick_2/inf_pick_2 | SNVZ:seis_pick_2/inf_pick_1,S2I2S1I2S2I2S2I2S2I1,2500.0,2.5,1828040.0,5661584.0,1704.531738,0.8482294703752895,-0.1590185753699087,5
ETVZ:seis_pick_2/inf_pick_1 | NGZ:seis_pick_2/inf_pick_1 | NOVZ:seis_pick_2/inf_pick_2 | OTVZ:seis_pick_2/inf_pick_1 | SNVZ:seis_pick_2/inf_pick_1,S2I1S2I1S2I2S2I1S2I1,2500.0,2.5,1828520.0,5661584.0,1580.752686,0.8482960239897036,-0.6011484609393947,5
ETVZ:seis_pick_1/inf_pick_2 | NGZ:seis_pick_2/inf_pick_1 | NOVZ:seis_pick_1/inf_pick_1 | OTVZ:seis_pick_1/inf_pick_2 | SNVZ:seis_pick_1/inf_pick_2,S1I2S2I1S1I1S1I2S1I2,3300.0,3.3,1827848.0,5662256.0,2154.689941,0.8483783251566697,0.3674494106227241,5
ETVZ:seis_pick_2/inf_pick_1 | NGZ:seis_pick_1/inf_pick_2 | NOVZ:seis_pick_2/inf_pick_2 | OTVZ:seis_pick_2/inf_pick_1 | SNVZ:seis_pick_1/inf_pick_1,S2I1S1I2S2I2S2I1S1I1,3000.0,3.0,1828424.0,5661776.0,1675.246094,0.8488809788228905,-0.846706220505302,5
ETVZ:seis_pick_1/inf_pick_1 | NGZ:seis_pick_1/inf_pick_1 | NOVZ:seis_pick_1/inf_pick_1 | OTVZ:seis_pick_1/inf_pick_1 | SNVZ:seis_pick_1/inf_pick_1,S1I1S1I1S1I1S1I1S1I1,2500.0,2.5,1828328.0,5661872.0,1752.691528,0.8494557505729956,0.017426252880771285,5
ETVZ:seis_pick_1/inf_pick_1 | NGZ:seis_pick_1/inf_pick_1 | NOVZ:seis_pick_2/inf_pick_2 | OTVZ:seis_pick_1/inf_pick_1 | SNVZ:seis_pick_2/inf_pick_1,S1I1S1I1S2I2S1I1S2I1,2500.0,2.5,1828424.0,5661680.0,1639.828735,0.8497168653889434,-0.03586774152367891,5
ETVZ:seis_pick_1/inf_pick_1 | NGZ:seis_pick_1/inf_pick_1 | NOVZ:seis_pick_1/inf_pick_1 | OTVZ:seis_pick_1/inf_pick_1 | SNVZ:seis_pick_2/inf_pick_1,S1I1S1I1S1I1S1I1S2I1,3300.0,3.3,1828328.0,5661776.0,1708.478394,0.8498592047278071,-0.5374697527671877,5
ETVZ:seis_pick_1/inf_pick_2 | NGZ:seis_pick_1/inf_pick_1 | NOVZ:seis_pick_1/inf_pick_2 | OTVZ:seis_pick_1/inf_pick_2 | SNVZ:seis_pick_1/inf_pick_2,S1I2S1I1S1I2S1I2S1I2,2500.0,2.5,1828136.0,5662064.0,1926.312866,0.8499597052472615,1.3807852656947686,5
ETVZ:seis_pick_1/inf_pick_2 | NGZ:seis_pick_2/inf_pick_1 | NOVZ:seis_pick_2/inf_pick_2 | OTVZ:seis_pick_1/inf_pick_2 | SNVZ:seis_pick_2/inf_pick_1,S1I2S2I1S2I2S1I2S2I1,2500.0,2.5,1827944.0,5661584.0,1737.253296,0.8502736415817547,0.3510251400008023,5
ETVZ:seis_pick_1/inf_pick_1 | NGZ:seis_pick_1/inf_pick_2 | NOVZ:seis_pick_2/inf_pick_2 | OTVZ:seis_pick_2/inf_pick_2 | SNVZ:seis_pick_2/inf_pick_2,S1I1S1I2S2I2S2I2S2I2,3000.0,3.0,1828136.0,5662160.0,1946.274292,0.8504456138510185,-0.1661200512638164,5
ETVZ:seis_pick_2/inf_pick_2 | NGZ:seis_pick_1/inf_pick_1 | NOVZ:seis_pick_2/inf_pick_2 | OTVZ:seis_pick_1/inf_pick_2 | SNVZ:seis_pick_2/inf_pick_1,S2I2S1I1S2I2S1I2S2I1,3300.0,3.3,1828136.0,5661680.0,1731.645752,0.8508477279122076,0.07320781084341661,5
ETVZ:seis_pick_1/inf_pick_2 | NGZ:seis_pick_2/inf_pick_1 | NOVZ:seis_pick_1/inf_pick_1 | OTVZ:seis_pick_1/inf_pick_2 | SNVZ:seis_pick_2/inf_pick_1,S1I2S2I1S1I1S1I2S2I1,3300.0,3.3,1827848.0,5661680.0,1823.050049,0.8516668238065882,-0.1763609870377117,5
ETVZ:seis_pick_1/inf_pick_2 | NGZ:seis_pick_2/inf_pick_1 | NOVZ:seis_pick_1/inf_pick_2 | OTVZ:seis_pick_1/inf_pick_2 | SNVZ:seis_pick_1/inf_pick_2,S1I2S2I1S1I2S1I2S1I2,3300.0,3.3,1827944.0,5662064.0,2013.466919,0.8520766139149023,0.7267543367737108,5
ETVZ:seis_pick_2/inf_pick_1 | NGZ:seis_pick_1/inf_pick_2 | NOVZ:seis_pick_2/inf_pick_1 | OTVZ:seis_pick_2/inf_pick_1 | SNVZ:seis_pick_2/inf_pick_1,S2I1S1I2S2I1S2I1S2I1,3000.0,3.0,1828328.0,5661872.0,1752.691528,0.8528122742773909,-1.289506215881411,5
ETVZ:seis_pick_2/inf_pick_1 | NGZ:seis_pick_1/inf_pick_2 | NOVZ:seis_pick_1/inf_pick_2 | OTVZ:seis_pick_2/inf_pick_1 | SNVZ:seis_pick_1/inf_pick_1,S2I1S1I2S1I2S2I1S1I1,3000.0,3.0,1828520.0,5661680.0,1602.574463,0.8535071500984845,-0.6902696267096979,5
ETVZ:seis_pick_1/inf_pick_2 | NGZ:seis_pick_2/inf_pick_2 | NOVZ:seis_pick_2/inf_pick_1 | OTVZ:seis_pick_1/inf_pick_2 | SNVZ:seis_pick_2/inf_pick_2,S1I2S2I2S2I1S1I2S2I2,3000.0,3.0,1827560.0,5662160.0,2193.737305,0.8537538242199143,-0.25496642398031993,5
ETVZ:seis_pick_1/inf_pick_1 | NGZ:seis_pick_2/inf_pick_1 | NOVZ:seis_pick_1/inf_pick_2 | OTVZ:seis_pick_1/inf_pick_1 | SNVZ:seis_pick_2/inf_pick_2,S1I1S2I1S1I2S1I1S2I2,3000.0,3.0,1828328.0,5662064.0,1806.550293,0.8537831230259344,0.13908114714742864,5
ETVZ:seis_pick_2/inf_pick_1 | NGZ:seis_pick_2/inf_pick_1 | NOVZ:seis_pick_1/inf_pick_2 | OTVZ:seis_pick_2/inf_pick_1 | SNVZ:seis_pick_1/inf_pick_1,S2I1S2I1S1I2S2I1S1I1,2500.0,2.5,1828616.0,5661680.0,1581.337891,0.8544842785830666,-0.2700638192718131,5
ETVZ:seis_pick_2/inf_pick_2 | NGZ:seis_pick_2/inf_pick_1 | NOVZ:seis_pick_1/inf_pick_2 | OTVZ:seis_pick_1/inf_pick_1 | SNVZ:seis_pick_1/inf_pick_1,S2I2S2I1S1I2S1I1S1I1,3000.0,3.0,1828232.0,5661680.0,1707.919678,0.854871390083429,0.007154939326517784,5
ETVZ:seis_pick_1/inf_pick_2 | NGZ:seis_pick_2/inf_pick_1 | NOVZ:seis_pick_2/inf_pick_1 | OTVZ:seis_pick_1/inf_pick_2 | SNVZ:seis_pick_1/inf_pick_1,S1I2S2I1S2I1S1I2S1I1,3300.0,3.3,1827848.0,5661968.0,1976.512817,0.8549401050345845,-0.19851634443589852,5
ETVZ:seis_pick_2/inf_pick_2 | NGZ:seis_pick_2/inf_pick_1 | NOVZ:seis_pick_2/inf_pick_1 | OTVZ:seis_pick_1/inf_pick_2 | SNVZ:seis_pick_2/inf_pick_1,S2I2S2I1S2I1S1I2S2I1,3300.0,3.3,1827848.0,5661872.0,1910.128296,0.856115176708582,-0.46863547744330775,5
ETVZ:seis_pick_2/inf_pick_1 | NGZ:seis_pick_1/inf_pick_2 | NOVZ:seis_pick_2/inf_pick_2 | OTVZ:seis_pick_1/inf_pick_1 | SNVZ:seis_pick_2/inf_pick_2,S2I1S1I2S2I2S1I1S2I2,3000.0,3.0,1828232.0,5662160.0,1873.492554,0.8561570379842787,-0.31914437395490936,5
ETVZ:seis_pick_2/inf_pick_1 | NGZ:seis_pick_2/inf_pick_1 | NOVZ:seis_pick_1/inf_pick_1 | OTVZ:seis_pick_2/inf_pick_1 | SNVZ:seis_pick_1/inf_pick_1,S2I1S2I1S1I1S2I1S1I1,3000.0,3.0,1828424.0,5661872.0,1701.829712,0.8562909916151883,-0.8011518254240032,5
ETVZ:seis_pick_2/inf_pick_1 | NGZ:seis_pick_1/inf_pick_1 | NOVZ:seis_pick_2/inf_pick_1 | OTVZ:seis_pick_1/inf_pick_1 | SNVZ:seis_pick_2/inf_pick_1,S2I1S1I1S2I1S1I1S2I1,3300.0,3.3,1828328.0,5661968.0,1780.70813,0.8563342368452073,-0.8260017780334425,5
ETVZ:seis_pick_1/inf_pick_1 | NGZ:seis_pick_2/inf_pick_2 | NOVZ:seis_pick_2/inf_pick_1 | OTVZ:seis_pick_1/inf_pick_2 | SNVZ:seis_pick_1/inf_pick_2,S1I1S2I2S2I1S1I2S1I2,3300.0,3.3,1827752.0,5662448.0,2233.151855,0.8565246065195935,-0.5567726109369044,5
ETVZ:seis_pick_1/inf_pick_1 | NGZ:seis_pick_1/inf_pick_1 | NOVZ:seis_pick_1/inf_pick_2 | OTVZ:seis_pick_2/inf_pick_2 | SNVZ:seis_pick_1/inf_pick_2,S1I1S1I1S1I2S2I2S1I2,2500.0,2.5,1828424.0,5662160.0,1740.991333,0.8565608485309175,0.8546965686250567,5
ETVZ:seis_pick_2/inf_pick_1 | NGZ:seis_pick_1/inf_pick_1 | NOVZ:seis_pick_2/inf_pick_1 | OTVZ:seis_pick_2/inf_pick_2 | SNVZ:seis_pick_2/inf_pick_1,S2I1S1I1S2I1S2I2S2I1,3000.0,3.0,1828328.0,5661968.0,1780.70813,0.8568742863763038,-0.6301966248852778,5
ETVZ:seis_pick_2/inf_pick_1 | NGZ:seis_pick_2/inf_pick_2 | NOVZ:seis_pick_2/inf_pick_1 | OTVZ:seis_pick_2/inf_pick_2 | SNVZ:seis_pick_2/inf_pick_2,S2I1S2I2S2I1S2I2S2I2,3300.0,3.3,1828040.0,5662352.0,2016.082642,0.8588314941610353,-0.9179408149733227,5
ETVZ:seis_pick_1/inf_pick_2 | NGZ:seis_pick_1/inf_pick_1 | NOVZ:seis_pick_2/inf_pick_1 | OTVZ:seis_pick_1/inf_pick_2 | SNVZ:seis_pick_2/inf_pick_2,S1I2S1I1S2I1S1I2S2I2,3300.0,3.3,1827944.0,5662352.0,2080.786133,0.858918660340813,0.26769234697426736,5
ETVZ:seis_pick_1/inf_pick_1 | NGZ:seis_pick_1/inf_pick_2 | NOVZ:seis_pick_1/inf_pick_2 | OTVZ:seis_pick_2/inf_pick_1 | SNVZ:seis_pick_2/inf_pick_1,S1I1S1I2S1I2S2I1S2I1,3300.0,3.3,1828424.0,5661488.0,1577.636108,0.8591121608053627,-0.8933699418250935,5
ETVZ:seis_pick_2/inf_pick_1 | NGZ:seis_pick_2/inf_pick_2 | NOVZ:seis_pick_2/inf_pick_1 | OTVZ:seis_pick_1/inf_pick_2 | SNVZ:seis_pick_1/inf_pick_2,S2I1S2I2S2I1S1I2S1I2,3000.0,3.0,1827848.0,5662448.0,2169.476074,0.8591262608232513,-0.4894229435181446,5
ETVZ:seis_pick_2/inf_pick_1 | NGZ:seis_pick_1/inf_pick_1 | NOVZ:seis_pick_1/inf_pick_1 | OTVZ:seis_pick_1/inf_pick_1 | SNVZ:seis_pick_1/inf_pick_2,S2I1S1I1S1I1S1I1S1I2,2500.0,2.5,1828424.0,5662448.0,1810.776733,0.8591372963644572,0.3342436330452202,5
ETVZ:seis_pick_2/inf_pick_1 | NGZ:seis_pick_2/inf_pick_1 | NOVZ:seis_pick_2/inf_pick_1 | OTVZ:seis_pick_2/inf_pick_2 | SNVZ:seis_pick_1/inf_pick_2,S2I1S2I1S2I1S2I2S1I2,2500.0,2.5,1828232.0,5662448.0,1918.638916,0.8594347934561417,0.03149543031415334,5
ETVZ:seis_pick_2/inf_pick_1 | NGZ:seis_pick_2/inf_pick_2 | NOVZ:seis_pick_2/inf_pick_1 | OTVZ:seis_pick_1/inf_pick_2 | SNVZ:seis_pick_1/inf_pick_2,S2I1S2I2S2I1S1I2S1I2,3300.0,3.3,1827848.0,5662448.0,2169.476074,0.8607979122301118,-0.6147262788692851,5
ETVZ:seis_pick_2/inf_pick_1 | NGZ:seis_pick_1/inf_pick_2 | NOVZ:seis_pick_2/inf_pick_1 | OTVZ:seis_pick_1/inf_pick_1 | SNVZ:seis_pick_2/inf_pick_2,S2I1S1I2S2I1S1I1S2I2,2500.0,2.5,1828136.0,5662256.0,1932.221924,0.8612612957062988,-0.3377898460855301,5
ETVZ:seis_pick_1/inf_pick_2 | NGZ:seis_pick_1/inf_pick_2 | NOVZ:seis_pick_2/inf_pick_1 | OTVZ:seis_pick_1/inf_pick_2 | SNVZ:seis_pick_2/inf_pick_1,S1I2S1I2S2I1S1I2S2I1,3000.0,3.0,1827752.0,5661776.0,1918.936157,0.8623920764141452,-0.39850473674877274,5
ETVZ:seis_pick_2/inf_pick_1 | NGZ:seis_pick_2/inf_pick_2 | NOVZ:seis_pick_2/inf_pick_1 | OTVZ:seis_pick_1/inf_pick_2 | SNVZ:seis_pick_1/inf_pick_2,S2I1S2I2S2I1S1I2S1I2,2500.0,2.5,1827848.0,5662448.0,2169.476074,0.8635125523751014,-0.21375560574563596,5
ETVZ:seis_pick_1/inf_pick_1 | NGZ:seis_pick_2/inf_pick_2 | NOVZ:seis_pick_2/inf_pick_1 | OTVZ:seis_pick_1/inf_pick_2 | SNVZ:seis_pick_1/inf_pick_2,S1I1S2I2S2I1S1I2S1I2,3000.0,3.0,1827752.0,5662448.0,2233.151855,0.8643217019377717,-0.4307520715470904,5
ETVZ:seis_pick_2/inf_pick_1 | NGZ:seis_pick_1/inf_pick_2 | NOVZ:seis_pick_1/inf_pick_1 | OTVZ:seis_pick_2/inf_pick_1 | SNVZ:seis_pick_2/inf_pick_1,S2I1S1I2S1I1S2I1S2I1,2500.0,2.5,1828424.0,5661680.0,1639.828735,0.864624860550161,-0.8492600122425336,5
ETVZ:seis_pick_2/inf_pick_2 | NGZ:seis_pick_1/inf_pick_2 | NOVZ:seis_pick_2/inf_pick_2 | OTVZ:seis_pick_1/inf_pick_2 | SNVZ:seis_pick_1/inf_pick_2,S2I2S1I2S2I2S1I2S1I2,3000.0,3.0,1827848.0,5662160.0,2101.272461,0.8661281651378572,0.36222364057082557,5
ETVZ:seis_pick_2/inf_pick_2 | NGZ:seis_pick_1/inf_pick_2 | NOVZ:seis_pick_2/inf_pick_2 | OTVZ:seis_pick_1/inf_pick_1 | SNVZ:seis_pick_2/inf_pick_1,S2I2S1I2S2I2S1I1S2I1,3000.0,3.0,1828136.0,5661584.0,1680.270508,0.8665286343136768,-0.474879190507793,5
ETVZ:seis_pick_1/inf_pick_2 | NGZ:seis_pick_2/inf_pick_2 | NOVZ:seis_pick_2/inf_pick_2 | OTVZ:seis_pick_1/inf_pick_2 | SNVZ:seis_pick_2/inf_pick_2,S1I2S2I2S2I2S1I2S2I2,3300.0,3.3,1827656.0,5661968.0,2063.714111,0.8665385245791342,-0.022088187114377968,5
ETVZ:seis_pick_2/inf_pick_1 | NGZ:seis_pick_1/inf_pick_2 | NOVZ:seis_pick_1/inf_pick_1 | OTVZ:seis_pick_2/inf_pick_1 | SNVZ:seis_pick_1/inf_pick_1,S2I1S1I2S1I1S2I1S1I1,3000.0,3.0,1828424.0,5661872.0,1701.829712,0.8665821706201694,-0.9470705299717652,5
ETVZ:seis_pick_1/inf_pick_2 | NGZ:seis_pick_2/inf_pick_2 | NOVZ:seis_pick_1/inf_pick_1 | OTVZ:seis_pick_1/inf_pick_2 | SNVZ:seis_pick_2/inf_pick_2,S1I2S2I2S1I1S1I2S2I2,3000.0,3.0,1827656.0,5662064.0,2108.138184,0.8666981071862114,-0.022226265331374506,5
ETVZ:seis_pick_2/inf_pick_2 | NGZ:seis_pick_1/inf_pick_2 | NOVZ:seis_pick_2/inf_pick_1 | OTVZ:seis_pick_2/inf_pick_2 | SNVZ:seis_pick_1/inf_pick_1,S2I2S1I2S2I1S2I2S1I1,3300.0,3.3,1827944.0,5661968.0,1945.640259,0.8681712171137921,-0.6987981303601231,5
ETVZ:seis_pick_2/inf_pick_1 | NGZ:seis_pick_1/inf_pick_1 | NOVZ:seis_pick_2/inf_pick_2 | OTVZ:seis_pick_2/inf_pick_1 | SNVZ:seis_pick_2/inf_pick_1,S2I1S1I1S2I2S2I1S2I1,3000.0,3.0,1828616.0,5661680.0,1581.337891,0.8683500339198039,-0.6710495929648715,5
ETVZ:seis_pick_2/inf_pick_2 | NGZ:seis_pick_2/inf_pick_2 | NOVZ:seis_pick_2/inf_pick_1 | OTVZ:seis_pick_2/inf_pick_2 | SNVZ:seis_pick_1/inf_pick_1,S2I2S2I2S2I1S2I2S1I1,3000.0,3.0,1827848.0,5661872.0,1910.128296,0.8686021754366429,-0.7647290878416986,5
ETVZ:seis_pick_2/inf_pick_2 | NGZ:seis_pick_1/inf_pick_2 | NOVZ:seis_pick_2/inf_pick_2 | OTVZ:seis_pick_1/inf_pick_1 | SNVZ:seis_pick_1/inf_pick_1,S2I2S1I2S2I2S1I1S1I1,3300.0,3.3,1828040.0,5661776.0,1817.950928,0.8686039681518561,-0.46446809489712954,5
ETVZ:seis_pick_2/inf_pick_2 | NGZ:seis_pick_1/inf_pick_1 | NOVZ:seis_pick_1/inf_pick_2 | OTVZ:seis_pick_2/inf_pick_2 | SNVZ:seis_pick_2/inf_pick_2,S2I2S1I1S1I2S2I2S2I2,3300.0,3.3,1828328.0,5662064.0,1806.550293,0.8688767208568633,0.4862283220859844,5
ETVZ:seis_pick_1/inf_pick_1 | NGZ:seis_pick_2/inf_pick_2 | NOVZ:seis_pick_1/inf_pick_2 | OTVZ:seis_pick_1/inf_pick_2 | SNVZ:seis_pick_2/inf_pick_2,S1I1S2I2S1I2S1I2S2I2,3000.0,3.0,1827944.0,5661968.0,1945.640259,0.8689350104806195,0.04585412760648353,5
ETVZ:seis_pick_1/inf_pick_1 | NGZ:seis_pick_1/inf_pick_1 | NOVZ:seis_pick_2/inf_pick_1 | OTVZ:seis_pick_2/inf_pick_2 | SNVZ:seis_pick_1/inf_pick_2,S1I1S1I1S2I1S2I2S1I2,3000.0,3.0,1828232.0,5662544.0,1937.370361,0.8692329129386916,0.022968874105814586,5
ETVZ:seis_pick_2/inf_pick_2 | NGZ:seis_pick_1/inf_pick_1 | NOVZ:seis_pick_2/inf_pick_2 | OTVZ:seis_pick_1/inf_pick_2 | SNVZ:seis_pick_2/inf_pick_1,S2I2S1I1S2I2S1I2S2I1,3000.0,3.0,1828136.0,5661680.0,1731.645752,0.8692433760228108,0.1944563918485171,5
ETVZ:seis_pick_2/inf_pick_1 | NGZ:seis_pick_2/inf_pick_1 | NOVZ:seis_pick_1/inf_pick_1 | OTVZ:seis_pick_2/inf_pick_2 | SNVZ:seis_pick_1/inf_pick_2,S2I1S2I1S1I1S2I2S1I2,2500.0,2.5,1828328.0,5662352.0,1871.990356,0.8701734779398688,0.22855607167121192,5
ETVZ:seis_pick_2/inf_pick_2 | NGZ:seis_pick_1/inf_pick_2 | NOVZ:seis_pick_2/inf_pick_2 | OTVZ:seis_pick_2/inf_pick_2 | SNVZ:seis_pick_1/inf_pick_1,S2I2S1I2S2I2S2I2S1I1,2500.0,2.5,1828040.0,5661680.0,1747.83252,0.8703692995496346,0.01731467108797382,5
ETVZ:seis_pick_1/inf_pick_1 | NGZ:seis_pick_1/inf_pick_2 | NOVZ:seis_pick_1/inf_pick_2 | OTVZ:seis_pick_1/inf_pick_2 | SNVZ:seis_pick_1/inf_pick_2,S1I1S1I2S1I2S1I2S1I2,3000.0,3.0,1828040.0,5662160.0,2012.584229,0.870942881901165,0.37802439609317506,5
ETVZ:seis_pick_2/inf_pick_1 | NGZ:seis_pick_1/inf_pick_2 | NOVZ:seis_pick_1/inf_pick_2 | OTVZ:seis_pick_2/inf_pick_2 | SNVZ:seis_pick_2/inf_pick_2,S2I1S1I2S1I2S2I2S2I2,2500.0,2.5,1828328.0,5661968.0,1780.70813,0.8710531789153878,0.2333355685173549,5
ETVZ:seis_pick_1/inf_pick_1 | NGZ:seis_pick_2/inf_pick_2 | NOVZ:seis_pick_1/inf_pick_2 | OTVZ:seis_pick_1/inf_pick_2 | SNVZ:seis_pick_2/inf_pick_2,S1I1S2I2S1I2S1I2S2I2,2500.0,2.5,1827944.0,5661968.0,1945.640259,0.8711344954315772,0.3157161675442136,5
ETVZ:seis_pick_1/inf_pick_1 | NGZ:seis_pick_1/inf_pick_2 | NOVZ:seis_pick_1/inf_pick_2 | OTVZ:seis_pick_1/inf_pick_2 | SNVZ:seis_pick_1/inf_pick_2,S1I1S1I2S1I2S1I2S1I2,3300.0,3.3,1828040.0,5662160.0,2012.584229,0.8712687735824933,0.2549986042300333,5
ETVZ:seis_pick_2/inf_pick_2 | NGZ:seis_pick_2/inf_pick_2 | NOVZ:seis_pick_1/inf_pick_1 | OTVZ:seis_pick_1/inf_pick_1 | SNVZ:seis_pick_2/inf_pick_1,S2I2S2I2S1I1S1I1S2I1,3000.0,3.0,1827944.0,5661584.0,1737.253296,0.8714065020071486,-0.8050578528915933,5
ETVZ:seis_pick_1/inf_pick_2 | NGZ:seis_pick_2/inf_pick_1 | NOVZ:seis_pick_2/inf_pick_2 | OTVZ:seis_pick_1/inf_pick_2 | SNVZ:seis_pick_1/inf_pick_2,S1I2S2I1S2I2S1I2S1I2,3000.0,3.0,1827944.0,5662160.0,2062.442139,0.8714281059201762,0.6751783905797198,5
ETVZ:seis_pick_2/inf_pick_2 | NGZ:seis_pick_1/inf_pick_1 | NOVZ:seis_pick_1/inf_pick_2 | OTVZ:seis_pick_1/inf_pick_1 | SNVZ:seis_pick_1/inf_pick_1,S2I2S1I1S1I2S1I1S1I1,3300.0,3.3,1828328.0,5661680.0,1673.186646,0.8719535092120884,0.09047618137410218,5
ETVZ:seis_pick_2/inf_pick_2 | NGZ:seis_pick_1/inf_pick_2 | NOVZ:seis_pick_1/inf_pick_2 | OTVZ:seis_pick_1/inf_pick_1 | SNVZ:seis_pick_1/inf_pick_1,S2I2S1I2S1I2S1I1S1I1,3000.0,3.0,1828136.0,5661584.0,1680.270508,0.8721000392937319,-0.1564780878199919,5
ETVZ:seis_pick_1/inf_pick_1 | NGZ:seis_pick_2/inf_pick_2 | NOVZ:seis_pick_1/inf_pick_2 | OTVZ:seis_pick_1/inf_pick_2 | SNVZ:seis_pick_2/inf_pick_2,S1I1S2I2S1I2S1I2S2I2,3300.0,3.3,1827944.0,5661968.0,1945.640259,0.8724228451285977,-0.0768104360015748,5
ETVZ:seis_pick_2/inf_pick_1 | NGZ:seis_pick_1/inf_pick_2 | NOVZ:seis_pick_2/inf_pick_1 | OTVZ:seis_pick_2/inf_pick_1 | SNVZ:seis_pick_1/inf_pick_1,S2I1S1I2S2I1S2I1S1I1,3300.0,3.3,1828328.0,5661968.0,1780.70813,0.872841533322764,-1.2448357134564643,5
ETVZ:seis_pick_2/inf_pick_1 | NGZ:seis_pick_1/inf_pick_2 | NOVZ:seis_pick_1/inf_pick_1 | OTVZ:seis_pick_1/inf_pick_1 | SNVZ:seis_pick_2/inf_pick_2,S2I1S1I2S1I1S1I1S2I2,2500.0,2.5,1828232.0,5662160.0,1873.492554,0.872991605423328,-0.14172578079075732,5
ETVZ:seis_pick_2/inf_pick_1 | NGZ:seis_pick_2/inf_pick_2 | NOVZ:seis_pick_2/inf_pick_1 | OTVZ:seis_pick_2/inf_pick_2 | SNVZ:seis_pick_2/inf_pick_2,S2I1S2I2S2I1S2I2S2I2,3000.0,3.0,1828040.0,5662256.0,2015.394897,0.8730256256685113,-0.7677393971313407,5
ETVZ:seis_pick_2/inf_pick_2 | NGZ:seis_pick_2/inf_pick_2 | NOVZ:seis_pick_1/inf_pick_2 | OTVZ:seis_pick_1/inf_pick_2 | SNVZ:seis_pick_2/inf_pick_2,S2I2S2I2S1I2S1I2S2I2,3300.0,3.3,1827848.0,5661968.0,1976.512817,0.873624215341821,0.09491426561712579,5
ETVZ:seis_pick_1/inf_pick_2 | NGZ:seis_pick_2/inf_pick_1 | NOVZ:seis_pick_1/inf_pick_2 | OTVZ:seis_pick_1/inf_pick_2 | SNVZ:seis_pick_1/inf_pick_2,S1I2S2I1S1I2S1I2S1I2,3000.0,3.0,1827944.0,5662064.0,2013.466919,0.8750068368276568,0.8498671311545711,5
ETVZ:seis_pick_1/inf_pick_1 | NGZ:seis_pick_1/inf_pick_1 | NOVZ:seis_pick_2/inf_pick_1 | OTVZ:seis_pick_1/inf_pick_1 | SNVZ:seis_pick_1/inf_pick_1,S1I1S1I1S2I1S1I1S1I1,3300.0,3.3,1828328.0,5662064.0,1806.550293,0.875999767929191,-0.5432895148359449,5
ETVZ:seis_pick_1/inf_pick_1 | NGZ:seis_pick_1/inf_pick_1 | NOVZ:seis_pick_2/inf_pick_2 | OTVZ:seis_pick_2/inf_pick_2 | SNVZ:seis_pick_1/inf_pick_2,S1I1S1I1S2I2S2I2S1I2,2500.0,2.5,1828328.0,5662256.0,1832.388062,0.8761410391553833,0.6607071657626131,5
ETVZ:seis_pick_1/inf_pick_1 | NGZ:seis_pick_1/inf_pick_1 | NOVZ:seis_pick_1/inf_pick_1 | OTVZ:seis_pick_1/inf_pick_1 | SNVZ:seis_pick_2/inf_pick_1,S1I1S1I1S1I1S1I1S2I1,3000.0,3.0,1828328.0,5661776.0,1708.478394,0.8762033155640029,-0.4166692603687762,5
ETVZ:seis_pick_1/inf_pick_2 | NGZ:seis_pick_1/inf_pick_1 | NOVZ:seis_pick_1/inf_pick_1 | OTVZ:seis_pick_1/inf_pick_2 | SNVZ:seis_pick_2/inf_pick_2,S1I2S1I1S1I1S1I2S2I2,2500.0,2.5,1827944.0,5662160.0,2062.442139,0.8769441538450485,0.8560127237595097,5
ETVZ:seis_pick_2/inf_pick_2 | NGZ:seis_pick_1/inf_pick_1 | NOVZ:seis_pick_1/inf_pick_2 | OTVZ:seis_pick_2/inf_pick_2 | SNVZ:seis_pick_2/inf_pick_1,S2I2S1I1S1I2S2I2S2I1,3000.0,3.0,1828328.0,5661488.0,1598.106201,0.8773770348852072,0.10071812356265805,5
ETVZ:seis_pick_1/inf_pick_2 | NGZ:seis_pick_2/inf_pick_1 | NOVZ:seis_pick_1/inf_pick_1 | OTVZ:seis_pick_1/inf_pick_2 | SNVZ:seis_pick_1/inf_pick_2,S1I2S2I1S1I1S1I2S1I2,3000.0,3.0,1827848.0,5662256.0,2154.689941,0.8775878912287588,0.4920472501623003,5
ETVZ:seis_pick_2/inf_pick_2 | NGZ:seis_pick_1/inf_pick_2 | NOVZ:seis_pick_2/inf_pick_1 | OTVZ:seis_pick_1/inf_pick_2 | SNVZ:seis_pick_1/inf_pick_2,S2I2S1I2S2I1S1I2S1I2,2500.0,2.5,1827752.0,5662352.0,2219.299072,0.8777427758437238,0.27554562824605194,5
ETVZ:seis_pick_1/inf_pick_2 | NGZ:seis_pick_2/inf_pick_1 | NOVZ:seis_pick_1/inf_pick_1 | OTVZ:seis_pick_1/inf_pick_2 | SNVZ:seis_pick_2/inf_pick_1,S1I2S2I1S1I1S1I2S2I1,3000.0,3.0,1827848.0,5661680.0,1823.050049,0.878025718418759,-0.054005491391463246,5
ETVZ:seis_pick_1/inf_pick_2 | NGZ:seis_pick_2/inf_pick_1 | NOVZ:seis_pick_2/inf_pick_1 | OTVZ:seis_pick_1/inf_pick_2 | SNVZ:seis_pick_1/inf_pick_2,S1I2S2I1S2I1S1I2S1I2,3300.0,3.3,1827848.0,5662448.0,2169.476074,0.8785294910427751,0.16834207730787706,5
ETVZ:seis_pick_1/inf_pick_2 | NGZ:seis_pick_2/inf_pick_2 | NOVZ:seis_pick_2/inf_pick_2 | OTVZ:seis_pick_2/inf_pick_2 | SNVZ:seis_pick_2/inf_pick_1,S1I2S2I2S2I2S2I2S2I1,3300.0,3.3,1827848.0,5661584.0,1803.133545,0.878757113013988,-0.6828992809252152,5
ETVZ:seis_pick_2/inf_pick_2 | NGZ:seis_pick_1/inf_pick_2 | NOVZ:seis_pick_1/inf_pick_1 | OTVZ:seis_pick_1/inf_pick_1 | SNVZ:seis_pick_2/inf_pick_1,S2I2S1I2S1I1S1I1S2I1,3300.0,3.3,1828040.0,5661680.0,1747.83252,0.8787717123910258,-0.7191945908450187,5
ETVZ:seis_pick_1/inf_pick_1 | NGZ:seis_pick_1/inf_pick_2 | NOVZ:seis_pick_1/inf_pick_2 | OTVZ:seis_pick_1/inf_pick_2 | SNVZ:seis_pick_1/inf_pick_2,S1I1S1I2S1I2S1I2S1I2,2500.0,2.5,1828040.0,5662160.0,2012.584229,0.8790240050876154,0.6486811381920872,5
ETVZ:seis_pick_2/inf_pick_2 | NGZ:seis_pick_2/inf_pick_1 | NOVZ:seis_pick_2/inf_pick_1 | OTVZ:seis_pick_1/inf_pick_2 | SNVZ:seis_pick_2/inf_pick_1,S2I2S2I1S2I1S1I2S2I1,3000.0,3.0,1827848.0,5661872.0,1910.128296,0.8792119934551001,-0.34589515241867697,5
ETVZ:seis_pick_2/inf_pick_1 | NGZ:seis_pick_1/inf_pick_1 | NOVZ:seis_pick_2/inf_pick_1 | OTVZ:seis_pick_1/inf_pick_1 | SNVZ:seis_pick_2/inf_pick_1,S2I1S1I1S2I1S1I1S2I1,3000.0,3.0,1828328.0,5661968.0,1780.70813,0.8793913300757421,-0.7048585999975977,5
ETVZ:seis_pick_1/inf_pick_2 | NGZ:seis_pick_1/inf_pick_1 | NOVZ:seis_pick_2/inf_pick_1 | OTVZ:seis_pick_1/inf_pick_2 | SNVZ:seis_pick_1/inf_pick_2,S1I2S1I1S2I1S1I2S1I2,3300.0,3.3,1827944.0,5662448.0,2106.905762,0.8794936944421529,0.4078597426414031,5
ETVZ:seis_pick_1/inf_pick_1 | NGZ:seis_pick_1/inf_pick_2 | NOVZ:seis_pick_2/inf_pick_1 | OTVZ:seis_pick_2/inf_pick_2 | SNVZ:seis_pick_2/inf_pick_2,S1I1S1I2S2I1S2I2S2I2,2500.0,2.5,1828040.0,5662256.0,2015.394897,0.8800148197773805,-0.19290895728651378,5
ETVZ:seis_pick_1/inf_pick_1 | NGZ:seis_pick_1/inf_pick_1 | NOVZ:seis_pick_2/inf_pick_1 | OTVZ:seis_pick_1/inf_pick_1 | SNVZ:seis_pick_2/inf_pick_2,S1I1S1I1S2I1S1I1S2I2,3000.0,3.0,1828328.0,5662352.0,1871.990356,0.8803837950472783,-0.1301393856753524,5
ETVZ:seis_pick_1/inf_pick_2 | NGZ:seis_pick_1/inf_pick_2 | NOVZ:seis_pick_2/inf_pick_1 | OTVZ:seis_pick_1/inf_pick_2 | SNVZ:seis_pick_2/inf_pick_2,S1I2S1I2S2I1S1I2S2I2,2500.0,2.5,1827656.0,5662160.0,2165.010986,0.8812405975596384,0.254105764725599,5
ETVZ:seis_pick_1/inf_pick_1 | NGZ:seis_pick_2/inf_pick_1 | NOVZ:seis_pick_2/inf_pick_1 | OTVZ:seis_pick_1/inf_pick_1 | SNVZ:seis_pick_2/inf_pick_2,S1I1S2I1S2I1S1I1S2I2,3000.0,3.0,1828232.0,5662352.0,1933.467285,0.8817785730946189,-0.347993250042666,5
ETVZ:seis_pick_2/inf_pick_1 | NGZ:seis_pick_2/inf_pick_2 | NOVZ:seis_pick_2/inf_pick_2 | OTVZ:seis_pick_2/inf_pick_1 | SNVZ:seis_pick_2/inf_pick_1,S2I1S2I2S2I2S2I1S2I1,2500.0,2.5,1828328.0,5661584.0,1637.31189,0.8818378070128827,-0.9568437367608975,5
ETVZ:seis_pick_2/inf_pick_1 | NGZ:seis_pick_1/inf_pick_1 | NOVZ:seis_pick_1/inf_pick_1 | OTVZ:seis_pick_2/inf_pick_1 | SNVZ:seis_pick_1/inf_pick_1,S2I1S1I1S1I1S2I1S1I1,3300.0,3.3,1828520.0,5661968.0,1675.416504,0.8824347778171673,-0.7335309671622865,5
ETVZ:seis_pick_1/inf_pick_1 | NGZ:seis_pick_1/inf_pick_2 | NOVZ:seis_pick_1/inf_pick_1 | OTVZ:seis_pick_2/inf_pick_2 | SNVZ:seis_pick_2/inf_pick_2,S1I1S1I2S1I1S2I2S2I2,2500.0,2.5,1828136.0,5662160.0,1946.274292,0.882719354529797,0.012382995972739685,5
ETVZ:seis_pick_1/inf_pick_1 | NGZ:seis_pick_1/inf_pick_2 | NOVZ:seis_pick_1/inf_pick_2 | OTVZ:seis_pick_2/inf_pick_2 | SNVZ:seis_pick_2/inf_pick_2,S1I1S1I2S1I2S2I2S2I2,3300.0,3.3,1828232.0,5662064.0,1861.719849,0.8829832083958207,-0.08597793522434358,5
ETVZ:seis_pick_1/inf_pick_2 | NGZ:seis_pick_2/inf_pick_2 | NOVZ:seis_pick_1/inf_pick_2 | OTVZ:seis_pick_2/inf_pick_2 | SNVZ:seis_pick_2/inf_pick_1,S1I2S2I2S1I2S2I2S2I1,3000.0,3.0,1827944.0,5661392.0,1666.013062,0.8840049984676411,-0.3858928439994845,5
ETVZ:seis_pick_1/inf_pick_1 | NGZ:seis_pick_1/inf_pick_1 | NOVZ:seis_pick_1/inf_pick_1 | OTVZ:seis_pick_1/inf_pick_1 | SNVZ:seis_pick_2/inf_pick_2,S1I1S1I1S1I1S1I1S2I2,2500.0,2.5,1828328.0,5662256.0,1832.388062,0.8841018828726954,0.3131299597750372,5
ETVZ:seis_pick_1/inf_pick_1 | NGZ:seis_pick_2/inf_pick_2 | NOVZ:seis_pick_2/inf_pick_1 | OTVZ:seis_pick_1/inf_pick_2 | SNVZ:seis_pick_1/inf_pick_2,S1I1S2I2S2I1S1I2S1I2,2500.0,2.5,1827752.0,5662352.0,2219.299072,0.8843315753263123,-0.11831781454219428,5
ETVZ:seis_pick_2/inf_pick_2 | NGZ:seis_pick_2/inf_pick_2 | NOVZ:seis_pick_1/inf_pick_2 | OTVZ:seis_pick_1/inf_pick_2 | SNVZ:seis_pick_2/inf_pick_2,S2I2S2I2S1I2S1I2S2I2,3000.0,3.0,1827848.0,5661872.0,1910.128296,0.8846011306267711,0.25112204930509596,5
ETVZ:seis_pick_2/inf_pick_2 | NGZ:seis_pick_2/inf_pick_1 | NOVZ:seis_pick_1/inf_pick_1 | OTVZ:seis_pick_2/inf_pick_2 | SNVZ:seis_pick_1/inf_pick_1,S2I2S2I1S1I1S2I2S1I1,3000.0,3.0,1828136.0,5661872.0,1836.069458,0.8852130161034987,-0.20111166117015672,5
ETVZ:seis_pick_1/inf_pick_2 | NGZ:seis_pick_1/inf_pick_1 | NOVZ:seis_pick_2/inf_pick_2 | OTVZ:seis_pick_1/inf_pick_2 | SNVZ:seis_pick_1/inf_pick_2,S1I2S1I1S2I2S1I2S1I2,2500.0,2.5,1828040.0,5662256.0,2015.394897,0.8853047349663052,1.1508043716582157,5
ETVZ:seis_pick_1/inf_pick_2 | NGZ:seis_pick_1/inf_pick_2 | NOVZ:seis_pick_1/inf_pick_2 | OTVZ:seis_pick_2/inf_pick_2 | SNVZ:seis_pick_2/inf_pick_1,S1I2S1I2S1I2S2I2S2I1,3000.0,3.0,1828040.0,5661488.0,1663.414795,0.8855242332898092,-0.1684014925090585,5
ETVZ:seis_pick_2/inf_pick_1 | NGZ:seis_pick_2/inf_pick_1 | NOVZ:seis_pick_2/inf_pick_2 | OTVZ:seis_pick_2/inf_pick_2 | SNVZ:seis_pick_1/inf_pick_2,S2I1S2I1S2I2S2I2S1I2,2500.0,2.5,1828328.0,5662256.0,1832.388062,0.8856021654406001,0.35712057409186376,5
ETVZ:seis_pick_2/inf_pick_1 | NGZ:seis_pick_2/inf_pick_2 | NOVZ:seis_pick_1/inf_pick_1 | OTVZ:seis_pick_2/inf_pick_1 | SNVZ:seis_pick_2/inf_pick_1,S2I1S2I2S1I1S2I1S2I1,2500.0,2.5,1828232.0,5661680.0,1707.919678,0.8858728389543362,-1.0704083049629798,5
ETVZ:seis_pick_1/inf_pick_1 | NGZ:seis_pick_2/inf_pick_1 | NOVZ:seis_pick_1/inf_pick_2 | OTVZ:seis_pick_2/inf_pick_1 | SNVZ:seis_pick_2/inf_pick_1,S1I1S2I1S1I2S2I1S2I1,3000.0,3.0,1828520.0,5661488.0,1549.203247,0.8866268834883186,-0.6159612824872605,5
ETVZ:seis_pick_2/inf_pick_2 | NGZ:seis_pick_2/inf_pick_1 | NOVZ:seis_pick_2/inf_pick_2 | OTVZ:seis_pick_1/inf_pick_1 | SNVZ:seis_pick_1/inf_pick_1,S2I2S2I1S2I2S1I1S1I1,3300.0,3.3,1828136.0,5661776.0,1782.875366,0.8870831452197969,-0.2869479886343516,5
ETVZ:seis_pick_2/inf_pick_1 | NGZ:seis_pick_1/inf_pick_2 | NOVZ:seis_pick_1/inf_pick_2 | OTVZ:seis_pick_1/inf_pick_2 | SNVZ:seis_pick_1/inf_pick_2,S2I1S1I2S1I2S1I2S1I2,2500.0,2.5,1828136.0,5662160.0,1946.274292,0.8872681517291177,0.573027968740307,5
ETVZ:seis_pick_1/inf_pick_1 | NGZ:seis_pick_1/inf_pick_1 | NOVZ:seis_pick_1/inf_pick_2 | OTVZ:seis_pick_1/inf_pick_1 | SNVZ:seis_pick_1/inf_pick_2,S1I1S1I1S1I2S1I1S1I2,3300.0,3.3,1828520.0,5662256.0,1733.170288,0.8876892317047931,0.3814345267488003,5
ETVZ:seis_pick_1/inf_pick_2 | NGZ:seis_pick_2/inf_pick_1 | NOVZ:seis_pick_2/inf_pick_1 | OTVZ:seis_pick_1/inf_pick_2 | SNVZ:seis_pick_1/inf_pick_1,S1I2S2I1S2I1S1I2S1I1,3000.0,3.0,1827848.0,5661968.0,1976.512817,0.8881012922286671,-0.07539914378100665,5
ETVZ:seis_pick_1/inf_pick_2 | NGZ:seis_pick_2/inf_pick_2 | NOVZ:seis_pick_2/inf_pick_2 | OTVZ:seis_pick_1/inf_pick_2 | SNVZ:seis_pick_2/inf_pick_2,S1I2S2I2S2I2S1I2S2I2,3000.0,3.0,1827656.0,5661968.0,2063.714111,0.8881430156844423,0.10217974761106827,5
ETVZ:seis_pick_2/inf_pick_2 | NGZ:seis_pick_1/inf_pick_2 | NOVZ:seis_pick_1/inf_pick_1 | OTVZ:seis_pick_1/inf_pick_2 | SNVZ:seis_pick_1/inf_pick_2,S2I2S1I2S1I1S1I2S1I2,2500.0,2.5,1827848.0,5662256.0,2154.689941,0.889699977269628,0.498600688181028,5
ETVZ:seis_pick_1/inf_pick_1 | NGZ:seis_pick_1/inf_pick_1 | NOVZ:seis_pick_2/inf_pick_2 | OTVZ:seis_pick_1/inf_pick_1 | SNVZ:seis_pick_1/inf_pick_2,S1I1S1I1S2I2S1I1S1I2,3300.0,3.3,1828424.0,5662352.0,1806.060791,0.8897204568702094,0.18887976802419554,5
ETVZ:seis_pick_2/inf_pick_1 | NGZ:seis_pick_2/inf_pick_1 | NOVZ:seis_pick_2/inf_pick_1 | OTVZ:seis_pick_1/inf_pick_1 | SNVZ:seis_pick_1/inf_pick_2,S2I1S2I1S2I1S1I1S1I2,3300.0,3.3,1828232.0,5662544.0,1937.370361,0.8900836451850945,-0.4788307037932382,5
ETVZ:seis_pick_1/inf_pick_1 | NGZ:seis_pick_1/inf_pick_1 | NOVZ:seis_pick_1/inf_pick_1 | OTVZ:seis_pick_2/inf_pick_2 | SNVZ:seis_pick_2/inf_pick_1,S1I1S1I1S1I1S2I2S2I1,2500.0,2.5,1828328.0,5661776.0,1708.478394,0.8901281076944506,-0.07624620197995124,5
ETVZ:seis_pick_2/inf_pick_2 | NGZ:seis_pick_1/inf_pick_2 | NOVZ:seis_pick_1/inf_pick_2 | OTVZ:seis_pick_1/inf_pick_1 | SNVZ:seis_pick_2/inf_pick_1,S2I2S1I2S1I2S1I1S2I1,2500.0,2.5,1828136.0,5661392.0,1605.433472,0.8903194140165053,-0.08090134481807372,5
ETVZ:seis_pick_2/inf_pick_1 | NGZ:seis_pick_2/inf_pick_1 | NOVZ:seis_pick_2/inf_pick_2 | OTVZ:seis_pick_2/inf_pick_1 | SNVZ:seis_pick_1/inf_pick_1,S2I1S2I1S2I2S2I1S1I1,2500.0,2.5,1828520.0,5661776.0,1637.771729,0.89119381054349,-0.4195553834189255,5
ETVZ:seis_pick_1/inf_pick_1 | NGZ:seis_pick_1/inf_pick_1 | NOVZ:seis_pick_1/inf_pick_1 | OTVZ:seis_pick_2/inf_pick_2 | SNVZ:seis_pick_1/inf_pick_2,S1I1S1I1S1I1S2I2S1I2,2500.0,2.5,1828328.0,5662352.0,1871.990356,0.8915641769910555,0.5321426633419613,5
ETVZ:seis_pick_2/inf_pick_1 | NGZ:seis_pick_2/inf_pick_1 | NOVZ:seis_pick_1/inf_pick_2 | OTVZ:seis_pick_2/inf_pick_2 | SNVZ:seis_pick_1/inf_pick_2,S2I1S2I1S1I2S2I2S1I2,3300.0,3.3,1828424.0,5662256.0,1795.46814,0.8915718603419859,0.12717300266724382,5
ETVZ:seis_pick_2/inf_pick_1 | NGZ:seis_pick_2/inf_pick_1 | NOVZ:seis_pick_2/inf_pick_1 | OTVZ:seis_pick_2/inf_pick_1 | SNVZ:seis_pick_2/inf_pick_1,S2I1S2I1S2I1S2I1S2I1,3300.0,3.3,1828424.0,5661872.0,1701.829712,0.8919959824113566,-1.2402386654375708,5
ETVZ:seis_pick_1/inf_pick_1 | NGZ:seis_pick_2/inf_pick_1 | NOVZ:seis_pick_2/inf_pick_1 | OTVZ:seis_pick_1/inf_pick_1 | SNVZ:seis_pick_2/inf_pick_1,S1I1S2I1S2I1S1I1S2I1,2500.0,2.5,1828136.0,5661872.0,1836.069458,0.892224746329265,-0.5385540068278785,5
ETVZ:seis_pick_1/inf_pick_2 | NGZ:seis_pick_1/inf_pick_2 | NOVZ:seis_pick_1/inf_pick_2 | OTVZ:seis_pick_2/inf_pick_2 | SNVZ:seis_pick_1/inf_pick_1,S1I2S1I2S1I2S2I2S1I1,3300.0,3.3,1828040.0,5661584.0,1704.531738,0.8923128630513428,-0.10769670144753914,5
ETVZ:seis_pick_2/inf_pick_2 | NGZ:seis_pick_1/inf_pick_2 | NOVZ:seis_pick_2/inf_pick_1 | OTVZ:seis_pick_2/inf_pick_2 | SNVZ:seis_pick_2/inf_pick_1,S2I2S1I2S2I1S2I2S2I1,3300.0,3.3,1827944.0,5661776.0,1826.723999,0.8929938518976915,-0.8274886845452439,5
ETVZ:seis_pick_2/inf_pick_2 | NGZ:seis_pick_1/inf_pick_1 | NOVZ:seis_pick_2/inf_pick_2 | OTVZ:seis_pick_2/inf_pick_2 | SNVZ:seis_pick_1/inf_pick_1,S2I2S1I1S2I2S2I2S1I1,3300.0,3.3,1828232.0,5661776.0,1756.203979,0.8934933014107229,-0.004387397903750312,5
ETVZ:seis_pick_1/inf_pick_1 | NGZ:seis_pick_1/inf_pick_2 | NOVZ:seis_pick_2/inf_pick_2 | OTVZ:seis_pick_2/inf_pick_1 | SNVZ:seis_pick_2/inf_pick_1,S1I1S1I2S2I2S2I1S2I1,3300.0,3.3,1828328.0,5661680.0,1673.186646,0.8938928598947669,-1.040622299524966,5
ETVZ:seis_pick_2/inf_pick_2 | NGZ:seis_pick_2/inf_pick_1 | NOVZ:seis_pick_1/inf_pick_1 | OTVZ:seis_pick_2/inf_pick_2 | SNVZ:seis_pick_2/inf_pick_1,S2I2S2I1S1I1S2I2S2I1,3300.0,3.3,1828136.0,5661680.0,1731.645752,0.893995769641369,-0.47262265090709904,5
ETVZ:seis_pick_2/inf_pick_1 | NGZ:seis_pick_2/inf_pick_1 | NOVZ:seis_pick_2/inf_pick_1 | OTVZ:seis_pick_2/inf_pick_1 | SNVZ:seis_pick_1/inf_pick_1,S2I1S2I1S2I1S2I1S1I1,3300.0,3.3,1828424.0,5662064.0,1744.648804,0.8947892350794918,-1.0909237531817828,5
ETVZ:seis_pick_1/inf_pick_2 | NGZ:seis_pick_2/inf_pick_1 | NOVZ:seis_pick_1/inf_pick_2 | OTVZ:seis_pick_2/inf_pick_2 | SNVZ:seis_pick_2/inf_pick_1,S1I2S2I1S1I2S2I2S2I1,3300.0,3.3,1828136.0,5661488.0,1647.28064,0.8948269660711383,-0.11986996639804062,5
ETVZ:seis_pick_2/inf_pick_1 | NGZ:seis_pick_1/inf_pick_2 | NOVZ:seis_pick_1/inf_pick_2 | OTVZ:seis_pick_1/inf_pick_2 | SNVZ:seis_pick_1/inf_pick_2,S2I1S1I2S1I2S1I2S1I2,3000.0,3.0,1828136.0,5662256.0,1932.221924,0.8950092677836008,0.2856955862597353,5
ETVZ:seis_pick_2/inf_pick_2 | NGZ:seis_pick_2/inf_pick_2 | NOVZ:seis_pick_2/inf_pick_1 | OTVZ:seis_pick_1/inf_pick_1 | SNVZ:seis_pick_2/inf_pick_1,S2I2S2I2S2I1S1I1S2I1,3300.0,3.3,1827848.0,5661776.0,1864.244263,0.8953500076510554,-1.1235842780746788,5
ETVZ:seis_pick_1/inf_pick_1 | NGZ:seis_pick_1/inf_pick_2 | NOVZ:seis_pick_1/inf_pick_2 | OTVZ:seis_pick_2/inf_pick_1 | SNVZ:seis_pick_2/inf_pick_1,S1I1S1I2S1I2S2I1S2I1,3000.0,3.0,1828424.0,5661488.0,1577.636108,0.8956018651758605,-0.7727659292008084,5
ETVZ:seis_pick_1/inf_pick_2 | NGZ:seis_pick_1/inf_pick_1 | NOVZ:seis_pick_2/inf_pick_1 | OTVZ:seis_pick_1/inf_pick_2 | SNVZ:seis_pick_2/inf_pick_2,S1I2S1I1S2I1S1I2S2I2,3000.0,3.0,1827944.0,5662352.0,2080.786133,0.8970714097871626,0.39187690315923723,5
ETVZ:seis_pick_2/inf_pick_2 | NGZ:seis_pick_1/inf_pick_1 | NOVZ:seis_pick_1/inf_pick_2 | OTVZ:seis_pick_2/inf_pick_2 | SNVZ:seis_pick_1/inf_pick_1,S2I2S1I1S1I2S2I2S1I1,2500.0,2.5,1828328.0,5661680.0,1673.186646,0.8971560329218364,0.5514599861130607,5
ETVZ:seis_pick_1/inf_pick_2 | NGZ:seis_pick_2/inf_pick_1 | NOVZ:seis_pick_1/inf_pick_2 | OTVZ:seis_pick_2/inf_pick_2 | SNVZ:seis_pick_1/inf_pick_1,S1I2S2I1S1I2S2I2S1I1,3300.0,3.3,1828136.0,5661680.0,1731.645752,0.8971853421353475,0.05839329982636343,5
ETVZ:seis_pick_1/inf_pick_1 | NGZ:seis_pick_1/inf_pick_2 | NOVZ:seis_pick_2/inf_pick_2 | OTVZ:seis_pick_2/inf_pick_2 | SNVZ:seis_pick_2/inf_pick_2,S1I1S1I2S2I2S2I2S2I2,2500.0,2.5,1828136.0,5662064.0,1926.312866,0.8975938313198807,0.12804368037512343,5
ETVZ:seis_pick_1/inf_pick_1 | NGZ:seis_pick_1/inf_pick_2 | NOVZ:seis_pick_1/inf_pick_2 | OTVZ:seis_pick_2/inf_pick_2 | SNVZ:seis_pick_2/inf_pick_2,S1I1S1I2S1I2S2I2S2I2,3000.0,3.0,1828232.0,5661968.0,1833.125488,0.898224836545184,0.05815824821232507,5
ETVZ:seis_pick_2/inf_pick_1 | NGZ:seis_pick_1/inf_pick_2 | NOVZ:seis_pick_1/inf_pick_2 | OTVZ:seis_pick_1/inf_pick_2 | SNVZ:seis_pick_1/inf_pick_2,S2I1S1I2S1I2S1I2S1I2,3300.0,3.3,1828136.0,5662256.0,1932.221924,0.9002363736897872,0.1630036610811773,5
ETVZ:seis_pick_1/inf_pick_1 | NGZ:seis_pick_2/inf_pick_1 | NOVZ:seis_pick_2/inf_pick_1 | OTVZ:seis_pick_2/inf_pick_2 | SNVZ:seis_pick_1/inf_pick_2,S1I1S2I1S2I1S2I2S1I2,3300.0,3.3,1828136.0,5662448.0,1978.485596,0.9005520054899503,-0.28073408607813094,5
ETVZ:seis_pick_2/inf_pick_1 | NGZ:seis_pick_2/inf_pick_1 | NOVZ:seis_pick_1/inf_pick_1 | OTVZ:seis_pick_1/inf_pick_1 | SNVZ:seis_pick_1/inf_pick_2,S2I1S2I1S1I1S1I1S1I2,3300.0,3.3,1828328.0,5662448.0,1861.943481,0.9007364095158633,-0.2667434026962585,5
ETVZ:seis_pick_1/inf_pick_2 | NGZ:seis_pick_2/inf_pick_1 | NOVZ:seis_pick_2/inf_pick_1 | OTVZ:seis_pick_1/inf_pick_2 | SNVZ:seis_pick_2/inf_pick_2,S1I2S2I1S2I1S1I2S2I2,2500.0,2.5,1827752.0,5662256.0,2200.287842,0.9008594331539197,0.39526295848885,5
ETVZ:seis_pick_1/inf_pick_1 | NGZ:seis_pick_2/inf_pick_1 | NOVZ:seis_pick_1/inf_pick_1 | OTVZ:seis_pick_2/inf_pick_2 | SNVZ:seis_pick_1/inf_pick_2,S1I1S2I1S1I1S2I2S1I2,3300.0,3.3,1828232.0,5662352.0,1933.467285,0.901053663398556,-0.07771142274661233,5
ETVZ:seis_pick_2/inf_pick_1 | NGZ:seis_pick_1/inf_pick_1 | NOVZ:seis_pick_2/inf_pick_1 | OTVZ:seis_pick_1/inf_pick_1 | SNVZ:seis_pick_1/inf_pick_2,S2I1S1I1S2I1S1I1S1I2,2500.0,2.5,1828328.0,5662544.0,1871.070679,0.9011963199016602,0.13397937747396363,5
ETVZ:seis_pick_2/inf_pick_2 | NGZ:seis_pick_1/inf_pick_1 | NOVZ:seis_pick_1/inf_pick_2 | OTVZ:seis_pick_2/inf_pick_2 | SNVZ:seis_pick_2/inf_pick_2,S2I2S1I1S1I2S2I2S2I2,3000.0,3.0,1828328.0,5661968.0,1780.70813,0.9015043540814376,0.6282458285950803,5
ETVZ:seis_pick_2/inf_pick_1 | NGZ:seis_pick_1/inf_pick_1 | NOVZ:seis_pick_2/inf_pick_1 | OTVZ:seis_pick_1/inf_pick_2 | SNVZ:seis_pick_2/inf_pick_1,S2I1S1I1S2I1S1I2S2I1,3300.0,3.3,1828136.0,5662064.0,1926.312866,0.9016139434322757,-0.5722841863863879,5
ETVZ:seis_pick_2/inf_pick_2 | NGZ:seis_pick_2/inf_pick_1 | NOVZ:seis_pick_2/inf_pick_2 | OTVZ:seis_pick_1/inf_pick_1 | SNVZ:seis_pick_2/inf_pick_1,S2I2S2I1S2I2S1I1S2I1,3300.0,3.3,1828232.0,5661584.0,1658.624878,0.9018975620294957,-0.4277205064338624,5
ETVZ:seis_pick_2/inf_pick_1 | NGZ:seis_pick_1/inf_pick_1 | NOVZ:seis_pick_2/inf_pick_1 | OTVZ:seis_pick_2/inf_pick_2 | SNVZ:seis_pick_2/inf_pick_1,S2I1S1I1S2I1S2I2S2I1,2500.0,2.5,1828328.0,5661872.0,1752.691528,0.9021621590185365,-0.347955979115287,5
ETVZ:seis_pick_2/inf_pick_1 | NGZ:seis_pick_1/inf_pick_2 | NOVZ:seis_pick_2/inf_pick_2 | OTVZ:seis_pick_1/inf_pick_1 | SNVZ:seis_pick_2/inf_pick_2,S2I1S1I2S2I2S1I1S2I2,2500.0,2.5,1828232.0,5662160.0,1873.492554,0.9024749733142667,-0.05075403716567291,5
ETVZ:seis_pick_2/inf_pick_2 | NGZ:seis_pick_2/inf_pick_2 | NOVZ:seis_pick_2/inf_pick_2 | OTVZ:seis_pick_2/inf_pick_2 | SNVZ:seis_pick_1/inf_pick_1,S2I2S2I2S2I2S2I2S1I1,2500.0,2.5,1827944.0,5661680.0,1773.920288,0.902603566366472,-0.19494517147259086,5
ETVZ:seis_pick_2/inf_pick_2 | NGZ:seis_pick_1/inf_pick_2 | NOVZ:seis_pick_1/inf_pick_1 | OTVZ:seis_pick_1/inf_pick_1 | SNVZ:seis_pick_1/inf_pick_1,S2I2S1I2S1I1S1I1S1I1,3300.0,3.3,1828040.0,5661776.0,1817.950928,0.9030030685026729,-0.5554398385222139,5
ETVZ:seis_pick_2/inf_pick_1 | NGZ:seis_pick_2/inf_pick_2 | NOVZ:seis_pick_1/inf_pick_2 | OTVZ:seis_pick_1/inf_pick_2 | SNVZ:seis_pick_2/inf_pick_2,S2I1S2I2S1I2S1I2S2I2,2500.0,2.5,1827944.0,5661968.0,1945.640259,0.9030441264956823,0.19407306312363665,5
ETVZ:seis_pick_2/inf_pick_1 | NGZ:seis_pick_1/inf_pick_2 | NOVZ:seis_pick_1/inf_pick_2 | OTVZ:seis_pick_1/inf_pick_1 | SNVZ:seis_pick_2/inf_pick_2,S2I1S1I2S1I2S1I1S2I2,3300.0,3.3,1828328.0,5662064.0,1806.550293,0.9035167365357784,-0.24985890478292064,5
ETVZ:seis_pick_2/inf_pick_1 | NGZ:seis_pick_1/inf_pick_1 | NOVZ:seis_pick_2/inf_pick_1 | OTVZ:seis_pick_1/inf_pick_2 | SNVZ:seis_pick_2/inf_pick_1,S2I1S1I1S2I1S1I2S2I1,3000.0,3.0,1828136.0,5661968.0,1868.978394,0.9037237223059554,-0.41767359274960436,5
ETVZ:seis_pick_2/inf_pick_2 | NGZ:seis_pick_2/inf_pick_1 | NOVZ:seis_pick_2/inf_pick_2 | OTVZ:seis_pick_2/inf_pick_2 | SNVZ:seis_pick_1/inf_pick_1,S2I2S2I1S2I2S2I2S1I1,2500.0,2.5,1828136.0,5661680.0,1731.645752,0.9039752914985051,0.18828803918447826,5
ETVZ:seis_pick_1/inf_pick_2 | NGZ:seis_pick_1/inf_pick_1 | NOVZ:seis_pick_1/inf_pick_2 | OTVZ:seis_pick_1/inf_pick_2 | SNVZ:seis_pick_2/inf_pick_1,S1I2S1I1S1I2S1I2S2I1,2500.0,2.5,1828136.0,5661488.0,1647.28064,0.9042166330983114,0.7228515939432969,5
ETVZ:seis_pick_2/inf_pick_1 | NGZ:seis_pick_2/inf_pick_1 | NOVZ:seis_pick_1/inf_pick_2 | OTVZ:seis_pick_2/inf_pick_2 | SNVZ:seis_pick_1/inf_pick_2,S2I1S2I1S1I2S2I2S1I2,3000.0,3.0,1828424.0,5662256.0,1795.46814,0.9047484431720196,0.24883831288008587,5
ETVZ:seis_pick_1/inf_pick_1 | NGZ:seis_pick_2/inf_pick_1 | NOVZ:seis_pick_2/inf_pick_2 | OTVZ:seis_pick_1/inf_pick_1 | SNVZ:seis_pick_2/inf_pick_2,S1I1S2I1S2I2S1I1S2I2,2500.0,2.5,1828328.0,5662064.0,1806.550293,0.9047746084984889,0.2696556662262234,5
ETVZ:seis_pick_1/inf_pick_1 | NGZ:seis_pick_1/inf_pick_2 | NOVZ:seis_pick_2/inf_pick_1 | OTVZ:seis_pick_1/inf_pick_1 | SNVZ:seis_pick_2/inf_pick_2,S1I1S1I2S2I1S1I1S2I2,3300.0,3.3,1828136.0,5662256.0,1932.221924,0.905491922105198,-0.6087609022363394,5
ETVZ:seis_pick_1/inf_pick_1 | NGZ:seis_pick_1/inf_pick_1 | NOVZ:seis_pick_2/inf_pick_1 | OTVZ:seis_pick_2/inf_pick_2 | SNVZ:seis_pick_1/inf_pick_1,S1I1S1I1S2I1S2I2S1I1,2500.0,2.5,1828232.0,5662064.0,1861.719849,0.9056312442690977,-0.11147286733951951,5
ETVZ:seis_pick_2/inf_pick_2 | NGZ:seis_pick_1/inf_pick_2 | NOVZ:seis_pick_2/inf_pick_2 | OTVZ:seis_pick_1/inf_pick_2 | SNVZ:seis_pick_1/inf_pick_2,S2I2S1I2S2I2S1I2S1I2,2500.0,2.5,1827848.0,5662160.0,2101.272461,0.9068455454063301,0.6351670948931449,5
ETVZ:seis_pick_2/inf_pick_2 | NGZ:seis_pick_1/inf_pick_2 | NOVZ:seis_pick_1/inf_pick_2 | OTVZ:seis_pick_1/inf_pick_2 | SNVZ:seis_pick_1/inf_pick_2,S2I2S1I2S1I2S1I2S1I2,3300.0,3.3,1827944.0,5662064.0,2013.466919,0.9070225380778114,0.45919252780537184,5
ETVZ:seis_pick_1/inf_pick_1 | NGZ:seis_pick_1/inf_pick_1 | NOVZ:seis_pick_2/inf_pick_1 | OTVZ:seis_pick_1/inf_pick_1 | SNVZ:seis_pick_1/inf_pick_1,S1I1S1I1S2I1S1I1S1I1,3000.0,3.0,1828328.0,5662064.0,1806.550293,0.9070590874690372,-0.4219112718739346,5
ETVZ:seis_pick_2/inf_pick_1 | NGZ:seis_pick_1/inf_pick_2 | NOVZ:seis_pick_2/inf_pick_1 | OTVZ:seis_pick_2/inf_pick_1 | SNVZ:seis_pick_1/inf_pick_1,S2I1S1I2S2I1S2I1S1I1,3000.0,3.0,1828328.0,5661968.0,1780.70813,0.9073266233406615,-1.1236925354206193,5
ETVZ:seis_pick_2/inf_pick_2 | NGZ:seis_pick_1/inf_pick_2 | NOVZ:seis_pick_2/inf_pick_2 | OTVZ:seis_pick_1/inf_pick_1 | SNVZ:seis_pick_1/inf_pick_1,S2I2S1I2S2I2S1I1S1I1,3000.0,3.0,1828040.0,5661776.0,1817.950928,0.9080927021887016,-0.34272200484285487,5
ETVZ:seis_pick_2/inf_pick_2 | NGZ:seis_pick_1/inf_pick_2 | NOVZ:seis_pick_2/inf_pick_1 | OTVZ:seis_pick_2/inf_pick_2 | SNVZ:seis_pick_1/inf_pick_1,S2I2S1I2S2I1S2I2S1I1,3000.0,3.0,1827944.0,5661968.0,1945.640259,0.9082409989499464,-0.5761335667520647,5
ETVZ:seis_pick_2/inf_pick_2 | NGZ:seis_pick_1/inf_pick_1 | NOVZ:seis_pick_1/inf_pick_2 | OTVZ:seis_pick_1/inf_pick_1 | SNVZ:seis_pick_1/inf_pick_1,S2I2S1I1S1I2S1I1S1I1,3000.0,3.0,1828328.0,5661680.0,1673.186646,0.9091133973674582,0.21120175313242645,5
ETVZ:seis_pick_2/inf_pick_1 | NGZ:seis_pick_2/inf_pick_1 | NOVZ:seis_pick_1/inf_pick_1 | OTVZ:seis_pick_2/inf_pick_1 | SNVZ:seis_pick_2/inf_pick_1,S2I1S2I1S1I1S2I1S2I1,2500.0,2.5,1828520.0,5661680.0,1602.574463,0.9091387053285621,-0.6889510875256193,5
ETVZ:seis_pick_2/inf_pick_2 | NGZ:seis_pick_2/inf_pick_2 | NOVZ:seis_pick_2/inf_pick_2 | OTVZ:seis_pick_1/inf_pick_1 | SNVZ:seis_pick_1/inf_pick_1,S2I2S2I2S2I2S1I1S1I1,3300.0,3.3,1827944.0,5661680.0,1773.920288,0.9093643211315653,-0.6596724925131104,5
ETVZ:seis_pick_2/inf_pick_2 | NGZ:seis_pick_1/inf_pick_2 | NOVZ:seis_pick_1/inf_pick_1 | OTVZ:seis_pick_2/inf_pick_2 | SNVZ:seis_pick_2/inf_pick_1,S2I2S1I2S1I1S2I2S2I1,2500.0,2.5,1828040.0,5661584.0,1704.531738,0.9095294457710787,-0.2499903189949931,5
ETVZ:seis_pick_2/inf_pick_1 | NGZ:seis_pick_1/inf_pick_1 | NOVZ:seis_pick_2/inf_pick_1 | OTVZ:seis_pick_1/inf_pick_2 | SNVZ:seis_pick_2/inf_pick_1,S2I1S1I1S2I1S1I2S2I1,2500.0,2.5,1828136.0,5661968.0,1868.978394,0.9095463519930137,-0.1496453981915984,5
ETVZ:seis_pick_2/inf_pick_1 | NGZ:seis_pick_2/inf_pick_2 | NOVZ:seis_pick_1/inf_pick_2 | OTVZ:seis_pick_2/inf_pick_1 | SNVZ:seis_pick_2/inf_pick_1,S2I1S2I2S1I2S2I1S2I1,2500.0,2.5,1828328.0,5661488.0,1598.106201,0.9096045217611344,-0.8245513304634191,5
ETVZ:seis_pick_1/inf_pick_1 | NGZ:seis_pick_1/inf_pick_1 | NOVZ:seis_pick_1/inf_pick_2 | OTVZ:seis_pick_2/inf_pick_1 | SNVZ:seis_pick_2/inf_pick_1,S1I1S1I1S1I2S2I1S2I1,3300.0,3.3,1828616.0,5661584.0,1545.224731,0.9097469482196434,-0.5369320289329778,5
ETVZ:seis_pick_1/inf_pick_1 | NGZ:seis_pick_2/inf_pick_1 | NOVZ:seis_pick_1/inf_pick_2 | OTVZ:seis_pick_1/inf_pick_1 | SNVZ:seis_pick_2/inf_pick_2,S1I1S2I1S1I2S1I1S2I2,2500.0,2.5,1828328.0,5661968.0,1780.70813,0.9103135359274771,0.42623540237337404,5
ETVZ:seis_pick_2/inf_pick_2 | NGZ:seis_pick_1/inf_pick_1 | NOVZ:seis_pick_2/inf_pick_1 | OTVZ:seis_pick_1/inf_pick_2 | SNVZ:seis_pick_1/inf_pick_1,S2I2S1I1S2I1S1I2S1I1,3300.0,3.3,1827944.0,5662064.0,2013.466919,0.9103543225671653,-0.13782467391840109,5
ETVZ:seis_pick_2/inf_pick_1 | NGZ:seis_pick_2/inf_pick_2 | NOVZ:seis_pick_2/inf_pick_1 | OTVZ:seis_pick_2/inf_pick_2 | SNVZ:seis_pick_2/inf_pick_2,S2I1S2I2S2I1S2I2S2I2,2500.0,2.5,1828040.0,5662256.0,2015.394897,0.9104473471144807,-0.4964955489572631,5
ETVZ:seis_pick_1/inf_pick_1 | NGZ:seis_pick_1/inf_pick_2 | NOVZ:seis_pick_1/inf_pick_1 | OTVZ:seis_pick_1/inf_pick_1 | SNVZ:seis_pick_2/inf_pick_2,S1I1S1I2S1I1S1I1S2I2,3300.0,3.3,1828136.0,5662160.0,1946.274292,0.9112476938477049,-0.4542423113019664,5
ETVZ:seis_pick_1/inf_pick_1 | NGZ:seis_pick_1/inf_pick_1 | NOVZ:seis_pick_1/inf_pick_2 | OTVZ:seis_pick_1/inf_pick_1 | SNVZ:seis_pick_1/inf_pick_2,S1I1S1I1S1I2S1I1S1I2,3000.0,3.0,1828520.0,5662160.0,1702.077515,0.9115307316774967,0.532256443018254,5
ETVZ:seis_pick_2/inf_pick_1 | NGZ:seis_pick_1/inf_pick_2 | NOVZ:seis_pick_2/inf_pick_1 | OTVZ:seis_pick_2/inf_pick_2 | SNVZ:seis_pick_1/inf_pick_2,S2I1S1I2S2I1S2I2S1I2,3300.0,3.3,1828136.0,5662448.0,1978.485596,0.9118454023786634,-0.5482958950464699,5
ETVZ:seis_pick_1/inf_pick_2 | NGZ:seis_pick_2/inf_pick_2 | NOVZ:seis_pick_1/inf_pick_1 | OTVZ:seis_pick_2/inf_pick_2 | SNVZ:seis_pick_2/inf_pick_1,S1I2S2I2S1I1S2I2S2I1,3300.0,3.3,1827848.0,5661584.0,1803.133545,0.9119075605823916,-0.7738710245502997,5
ETVZ:seis_pick_2/inf_pick_2 | NGZ:seis_pick_2/inf_pick_2 | NOVZ:seis_pick_1/inf_pick_2 | OTVZ:seis_pick_1/inf_pick_1 | SNVZ:seis_pick_2/inf_pick_1,S2I2S2I2S1I2S1I1S2I1,2500.0,2.5,1828040.0,5661392.0,1631.406128,0.9119274273460444,-0.2860134357296381,5
ETVZ:seis_pick_2/inf_pick_2 | NGZ:seis_pick_2/inf_pick_2 | NOVZ:seis_pick_1/inf_pick_2 | OTVZ:seis_pick_2/inf_pick_2 | SNVZ:seis_pick_1/inf_pick_1,S2I2S2I2S1I2S2I2S1I1,2500.0,2.5,1827944.0,5661584.0,1737.253296,0.9123713686632914,-0.05299428440516678,5
ETVZ:seis_pick_1/inf_pick_2 | NGZ:seis_pick_2/inf_pick_1 | NOVZ:seis_pick_2/inf_pick_1 | OTVZ:seis_pick_1/inf_pick_2 | SNVZ:seis_pick_1/inf_pick_2,S1I2S2I1S2I1S1I2S1I2,3000.0,3.0,1827848.0,5662352.0,2147.00293,0.9125366926860311,0.33380220670894933,5
ETVZ:seis_pick_2/inf_pick_2 | NGZ:seis_pick_1/inf_pick_1 | NOVZ:seis_pick_2/inf_pick_2 | OTVZ:seis_pick_1/inf_pick_2 | SNVZ:seis_pick_2/inf_pick_1,S2I2S1I1S2I2S1I2S2I1,2500.0,2.5,1828136.0,5661584.0,1680.270508,0.9129502916053526,0.4671541466777372,5
ETVZ:seis_pick_1/inf_pick_1 | NGZ:seis_pick_2/inf_pick_1 | NOVZ:seis_pick_1/inf_pick_2 | OTVZ:seis_pick_2/inf_pick_1 | SNVZ:seis_pick_1/inf_pick_1,S1I1S2I1S1I2S2I1S1I1,3300.0,3.3,1828520.0,5661680.0,1602.574463,0.9130287285877635,-0.5430590363546328,5
ETVZ:seis_pick_1/inf_pick_1 | NGZ:seis_pick_2/inf_pick_1 | NOVZ:seis_pick_1/inf_pick_1 | OTVZ:seis_pick_1/inf_pick_1 | SNVZ:seis_pick_2/inf_pick_2,S1I1S2I1S1I1S1I1S2I2,2500.0,2.5,1828232.0,5662160.0,1873.492554,0.9131859532049363,0.12583602817758166,5
ETVZ:seis_pick_2/inf_pick_2 | NGZ:seis_pick_2/inf_pick_2 | NOVZ:seis_pick_1/inf_pick_1 | OTVZ:seis_pick_1/inf_pick_1 | SNVZ:seis_pick_1/inf_pick_1,S2I2S2I2S1I1S1I1S1I1,3300.0,3.3,1827944.0,5661776.0,1826.723999,0.9134459385569645,-0.765693044219935,5
ETVZ:seis_pick_1/inf_pick_1 | NGZ:seis_pick_1/inf_pick_1 | NOVZ:seis_pick_1/inf_pick_1 | OTVZ:seis_pick_1/inf_pick_1 | SNVZ:seis_pick_1/inf_pick_2,S1I1S1I1S1I1S1I1S1I2,3300.0,3.3,1828328.0,5662448.0,1861.943481,0.9136261825438579,0.03684318897449081,5
ETVZ:seis_pick_2/inf_pick_2 | NGZ:seis_pick_2/inf_pick_2 | NOVZ:seis_pick_1/inf_pick_1 | OTVZ:seis_pick_2/inf_pick_2 | SNVZ:seis_pick_1/inf_pick_1,S2I2S2I2S1I1S2I2S1I1,2500.0,2.5,1827848.0,5661776.0,1864.244263,0.914051455127867,-0.33849054017680374,5
ETVZ:seis_pick_1/inf_pick_2 | NGZ:seis_pick_1/inf_pick_1 | NOVZ:seis_pick_2/inf_pick_2 | OTVZ:seis_pick_1/inf_pick_2 | SNVZ:seis_pick_1/inf_pick_1,S1I2S1I1S2I2S1I2S1I1,2500.0,2.5,1828040.0,5661776.0,1817.950928,0.9140877705131646,0.7222018954826425,5
ETVZ:seis_pick_2/inf_pick_1 | NGZ:seis_pick_2/inf_pick_2 | NOVZ:seis_pick_2/inf_pick_1 | OTVZ:seis_pick_2/inf_pick_1 | SNVZ:seis_pick_2/inf_pick_1,S2I1S2I2S2I1S2I1S2I1,2500.0,2.5,1828232.0,5661776.0,1756.203979,0.9145242259413688,-1.2171927542858678,5
ETVZ:seis_pick_2/inf_pick_2 | NGZ:seis_pick_1/inf_pick_2 | NOVZ:seis_pick_1/inf_pick_1 | OTVZ:seis_pick_2/inf_pick_2 | SNVZ:seis_pick_1/inf_pick_1,S2I2S1I2S1I1S2I2S1I1,2500.0,2.5,1827944.0,5661776.0,1826.723999,0.9146059847941828,-0.11847995116600085,5
ETVZ:seis_pick_2/inf_pick_2 | NGZ:seis_pick_2/inf_pick_2 | NOVZ:seis_pick_1/inf_pick_2 | OTVZ:seis_pick_1/inf_pick_2 | SNVZ:seis_pick_2/inf_pick_2,S2I2S2I2S1I2S1I2S2I2,2500.0,2.5,1827752.0,5661872.0,1964.508057,0.9147472687519607,0.47214866102083575,5
ETVZ:seis_pick_1/inf_pick_1 | NGZ:seis_pick_2/inf_pick_1 | NOVZ:seis_pick_2/inf_pick_2 | OTVZ:seis_pick_2/inf_pick_2 | SNVZ:seis_pick_1/inf_pick_2,S1I1S2I1S2I2S2I2S1I2,3300.0,3.3,1828232.0,5662256.0,1871.278687,0.9154271995175788,0.06047100920162585,5
ETVZ:seis_pick_1/inf_pick_2 | NGZ:seis_pick_1/inf_pick_1 | NOVZ:seis_pick_2/inf_pick_1 | OTVZ:seis_pick_1/inf_pick_2 | SNVZ:seis_pick_1/inf_pick_2,S1I2S1I1S2I1S1I2S1I2,3000.0,3.0,1827944.0,5662448.0,2106.905762,0.9156349092469102,0.5325147376189807,5
ETVZ:seis_pick_1/inf_pick_1 | NGZ:seis_pick_1/inf_pick_1 | NOVZ:seis_pick_1/inf_pick_2 | OTVZ:seis_pick_2/inf_pick_1 | SNVZ:seis_pick_1/inf_pick_1,S1I1S1I1S1I2S2I1S1I1,3300.0,3.3,1828616.0,5661680.0,1581.337891,0.9157246685401831,-0.35124545779077926,5
ETVZ:seis_pick_1/inf_pick_2 | NGZ:seis_pick_2/inf_pick_2 | NOVZ:seis_pick_2/inf_pick_2 | OTVZ:seis_pick_2/inf_pick_2 | SNVZ:seis_pick_2/inf_pick_1,S1I2S2I2S2I2S2I2S2I1,3000.0,3.0,1827848.0,5661488.0,1754.805298,0.9157437575511287,-0.5555305514169164,5
ETVZ:seis_pick_1/inf_pick_2 | NGZ:seis_pick_1/inf_pick_1 | NOVZ:seis_pick_1/inf_pick_1 | OTVZ:seis_pick_1/inf_pick_2 | SNVZ:seis_pick_1/inf_pick_1,S1I2S1I1S1I1S1I2S1I1,3300.0,3.3,1827944.0,5661872.0,1879.445679,0.9160596492547087,0.19209251722388246,5
ETVZ:seis_pick_2/inf_pick_1 | NGZ:seis_pick_2/inf_pick_1 | NOVZ:seis_pick_2/inf_pick_1 | OTVZ:seis_pick_1/inf_pick_1 | SNVZ:seis_pick_1/inf_pick_2,S2I1S2I1S2I1S1I1S1I2,3000.0,3.0,1828232.0,5662544.0,1937.370361,0.9162033273764787,-0.35527969267725457,5
ETVZ:seis_pick_2/inf_pick_2 | NGZ:seis_pick_2/inf_pick_2 | NOVZ:seis_pick_2/inf_pick_1 | OTVZ:seis_pick_2/inf_pick_2 | SNVZ:seis_pick_2/inf_pick_1,S2I2S2I2S2I1S2I2S2I1,2500.0,2.5,1827848.0,5661680.0,1823.050049,0.9163329889997138,-0.6437015435011171,5
ETVZ:seis_pick_1/inf_pick_1 | NGZ:seis_pick_2/inf_pick_1 | NOVZ:seis_pick_2/inf_pick_2 | OTVZ:seis_pick_2/inf_pick_1 | SNVZ:seis_pick_2/inf_pick_1,S1I1S2I1S2I2S2I1S2I1,3300.0,3.3,1828424.0,5661680.0,1639.828735,0.9164653029298159,-0.8763882963151982,5
ETVZ:seis_pick_2/inf_pick_1 | NGZ:seis_pick_1/inf_pick_2 | NOVZ:seis_pick_1/inf_pick_2 | OTVZ:seis_pick_1/inf_pick_1 | SNVZ:seis_pick_2/inf_pick_2,S2I1S1I2S1I2S1I1S2I2,3000.0,3.0,1828328.0,5662064.0,1806.550293,0.9181321052836711,-0.1284806618209103,5
ETVZ:seis_pick_2/inf_pick_2 | NGZ:seis_pick_1/inf_pick_2 | NOVZ:seis_pick_1/inf_pick_1 | OTVZ:seis_pick_1/inf_pick_1 | SNVZ:seis_pick_2/inf_pick_1,S2I2S1I2S1I1S1I1S2I1,3000.0,3.0,1828040.0,5661680.0,1747.83252,0.9183048454733485,-0.597653323362076,5
ETVZ:seis_pick_2/inf_pick_2 | NGZ:seis_pick_1/inf_pick_2 | NOVZ:seis_pick_1/inf_pick_2 | OTVZ:seis_pick_1/inf_pick_2 | SNVZ:seis_pick_1/inf_pick_2,S2I2S1I2S1I2S1I2S1I2,3000.0,3.0,1827944.0,5662064.0,2013.466919,0.919310847694251,0.5823053221862322,5
ETVZ:seis_pick_2/inf_pick_2 | NGZ:seis_pick_1/inf_pick_1 | NOVZ:seis_pick_2/inf_pick_2 | OTVZ:seis_pick_2/inf_pick_2 | SNVZ:seis_pick_2/inf_pick_2,S2I2S1I1S2I2S2I2S2I2,3300.0,3.3,1828232.0,5662160.0,1873.492554,0.9198244495751675,0.294947245282526,5
ETVZ:seis_pick_1/inf_pick_2 | NGZ:seis_pick_1/inf_pick_2 | NOVZ:seis_pick_2/inf_pick_2 | OTVZ:seis_pick_2/inf_pick_2 | SNVZ:seis_pick_2/inf_pick_1,S1I2S1I2S2I2S2I2S2I1,3300.0,3.3,1827944.0,5661584.0,1737.253296,0.9200461169301786,-0.45766879114763165,5
ETVZ:seis_pick_2/inf_pick_1 | NGZ:seis_pick_1/inf_pick_1 | NOVZ:seis_pick_1/inf_pick_1 | OTVZ:seis_pick_2/inf_pick_1 | SNVZ:seis_pick_1/inf_pick_1,S2I1S1I1S1I1S2I1S1I1,3000.0,3.0,1828520.0,5661968.0,1675.416504,0.9200522343888737,-0.6129168845291912,5
ETVZ:seis_pick_2/inf_pick_1 | NGZ:seis_pick_2/inf_pick_2 | NOVZ:seis_pick_2/inf_pick_1 | OTVZ:seis_pick_2/inf_pick_1 | SNVZ:seis_pick_1/inf_pick_1,S2I1S2I2S2I1S2I1S1I1,3300.0,3.3,1828232.0,5661968.0,1833.125488,0.9201956153516628,-1.457429788722954,5
ETVZ:seis_pick_1/inf_pick_1 | NGZ:seis_pick_1/inf_pick_1 | NOVZ:seis_pick_2/inf_pick_2 | OTVZ:seis_pick_1/inf_pick_1 | SNVZ:seis_pick_1/inf_pick_2,S1I1S1I1S2I2S1I1S1I2,3000.0,3.0,1828424.0,5662352.0,1806.060791,0.9203782432409318,0.31089146794523403,5
ETVZ:seis_pick_2/inf_pick_2 | NGZ:seis_pick_1/inf_pick_1 | NOVZ:seis_pick_1/inf_pick_2 | OTVZ:seis_pick_1/inf_pick_1 | SNVZ:seis_pick_2/inf_pick_1,S2I2S1I1S1I2S1I1S2I1,3300.0,3.3,1828328.0,5661584.0,1637.31189,0.9207399469408767,-0.09038497936264615,5
ETVZ:seis_pick_1/inf_pick_2 | NGZ:seis_pick_2/inf_pick_2 | NOVZ:seis_pick_1/inf_pick_2 | OTVZ:seis_pick_1/inf_pick_2 | SNVZ:seis_pick_2/inf_pick_2,S1I2S2I2S1I2S1I2S2I2,3300.0,3.3,1827752.0,5661872.0,1964.508057,0.9215407205350667,0.19919092228863738,5
ETVZ:seis_pick_2/inf_pick_1 | NGZ:seis_pick_1/inf_pick_1 | NOVZ:seis_pick_1/inf_pick_1 | OTVZ:seis_pick_2/inf_pick_1 | SNVZ:seis_pick_2/inf_pick_1,S2I1S1I1S1I1S2I1S2I1,3300.0,3.3,1828520.0,5661776.0,1637.771729,0.9216183836618209,-0.8957825940191935,5
ETVZ:seis_pick_2/inf_pick_1 | NGZ:seis_pick_2/inf_pick_2 | NOVZ:seis_pick_1/inf_pick_1 | OTVZ:seis_pick_2/inf_pick_1 | SNVZ:seis_pick_1/inf_pick_1,S2I1S2I2S1I1S2I1S1I1,3300.0,3.3,1828232.0,5661872.0,1779.748779,0.9217096099752324,-1.2973206587496067,5
ETVZ:seis_pick_2/inf_pick_2 | NGZ:seis_pick_2/inf_pick_2 | NOVZ:seis_pick_1/inf_pick_2 | OTVZ:seis_pick_1/inf_pick_1 | SNVZ:seis_pick_1/inf_pick_1,S2I2S2I2S1I2S1I1S1I1,3300.0,3.3,1828040.0,5661584.0,1704.531738,0.9221701771053641,-0.4859452682306083,5
ETVZ:seis_pick_2/inf_pick_1 | NGZ:seis_pick_2/inf_pick_1 | NOVZ:seis_pick_1/inf_pick_1 | OTVZ:seis_pick_1/inf_pick_1 | SNVZ:seis_pick_1/inf_pick_2,S2I1S2I1S1I1S1I1S1I2,3000.0,3.0,1828328.0,5662352.0,1871.990356,0.9227018456183774,-0.11532487465830066,5
ETVZ:seis_pick_2/inf_pick_1 | NGZ:seis_pick_2/inf_pick_2 | NOVZ:seis_pick_1/inf_pick_2 | OTVZ:seis_pick_1/inf_pick_2 | SNVZ:seis_pick_2/inf_pick_2,S2I1S2I2S1I2S1I2S2I2,3000.0,3.0,1828040.0,5662064.0,1956.737061,0.9227813590053502,-0.06825734432759382,5
ETVZ:seis_pick_1/inf_pick_2 | NGZ:seis_pick_1/inf_pick_2 | NOVZ:seis_pick_1/inf_pick_1 | OTVZ:seis_pick_1/inf_pick_2 | SNVZ:seis_pick_1/inf_pick_2,S1I2S1I2S1I1S1I2S1I2,3300.0,3.3,1827752.0,5662256.0,2200.287842,0.922793135568796,0.1670697666617597,5
ETVZ:seis_pick_1/inf_pick_2 | NGZ:seis_pick_2/inf_pick_2 | NOVZ:seis_pick_2/inf_pick_1 | OTVZ:seis_pick_1/inf_pick_2 | SNVZ:seis_pick_2/inf_pick_2,S1I2S2I2S2I1S1I2S2I2,2500.0,2.5,1827560.0,5662160.0,2193.737305,0.9233666849286198,0.02167325112418208,5
ETVZ:seis_pick_2/inf_pick_1 | NGZ:seis_pick_1/inf_pick_2 | NOVZ:seis_pick_2/inf_pick_2 | OTVZ:seis_pick_2/inf_pick_1 | SNVZ:seis_pick_1/inf_pick_1,S2I1S1I2S2I2S2I1S1I1,2500.0,2.5,1828424.0,5661776.0,1675.246094,0.9241496906996314,-0.5814329409985936,5
ETVZ:seis_pick_1/inf_pick_2 | NGZ:seis_pick_1/inf_pick_2 | NOVZ:seis_pick_2/inf_pick_1 | OTVZ:seis_pick_1/inf_pick_2 | SNVZ:seis_pick_1/inf_pick_2,S1I2S1I2S2I1S1I2S1I2,3300.0,3.3,1827752.0,5662352.0,2219.299072,0.9242455538080344,-0.004761550923402957,5
ETVZ:seis_pick_2/inf_pick_1 | NGZ:seis_pick_2/inf_pick_1 | NOVZ:seis_pick_2/inf_pick_2 | OTVZ:seis_pick_1/inf_pick_1 | SNVZ:seis_pick_1/inf_pick_2,S2I1S2I1S2I2S1I1S1I2,3300.0,3.3,1828328.0,5662352.0,1871.990356,0.9246554121870658,-0.14672539067739426,5
ETVZ:seis_pick_1/inf_pick_1 | NGZ:seis_pick_2/inf_pick_1 | NOVZ:seis_pick_1/inf_pick_1 | OTVZ:seis_pick_2/inf_pick_2 | SNVZ:seis_pick_1/inf_pick_2,S1I1S2I1S1I1S2I2S1I2,3000.0,3.0,1828232.0,5662352.0,1933.467285,0.9248774332662753,0.04506982775745492,5
ETVZ:seis_pick_2/inf_pick_2 | NGZ:seis_pick_2/inf_pick_1 | NOVZ:seis_pick_2/inf_pick_2 | OTVZ:seis_pick_1/inf_pick_1 | SNVZ:seis_pick_1/inf_pick_1,S2I2S2I1S2I2S1I1S1I1,3000.0,3.0,1828136.0,5661776.0,1782.875366,0.9253685521284565,-0.16555776062231525,5
ETVZ:seis_pick_2/inf_pick_1 | NGZ:seis_pick_1/inf_pick_2 | NOVZ:seis_pick_1/inf_pick_2 | OTVZ:seis_pick_2/inf_pick_1 | SNVZ:seis_pick_1/inf_pick_1,S2I1S1I2S1I2S2I1S1I1,2500.0,2.5,1828520.0,5661680.0,1602.574463,0.9254671429241393,-0.42549694576049574,5
ETVZ:seis_pick_2/inf_pick_2 | NGZ:seis_pick_2/inf_pick_1 | NOVZ:seis_pick_2/inf_pick_2 | OTVZ:seis_pick_2/inf_pick_2 | SNVZ:seis_pick_2/inf_pick_1,S2I2S2I1S2I2S2I2S2I1,2500.0,2.5,1828136.0,5661584.0,1680.270508,0.9256562324839973,0.012295428552305943,5
ETVZ:seis_pick_2/inf_pick_2 | NGZ:seis_pick_2/inf_pick_1 | NOVZ:seis_pick_1/inf_pick_2 | OTVZ:seis_pick_1/inf_pick_1 | SNVZ:seis_pick_2/inf_pick_1,S2I2S2I1S1I2S1I1S2I1,2500.0,2.5,1828232.0,5661488.0,1616.910156,0.9258736310716946,0.09307890530698426,5
ETVZ:seis_pick_2/inf_pick_2 | NGZ:seis_pick_1/inf_pick_1 | NOVZ:seis_pick_2/inf_pick_2 | OTVZ:seis_pick_2/inf_pick_2 | SNVZ:seis_pick_1/inf_pick_1,S2I2S1I1S2I2S2I2S1I1,3000.0,3.0,1828232.0,5661776.0,1756.203979,0.926142490678072,0.11671055051034536,5
ETVZ:seis_pick_2/inf_pick_1 | NGZ:seis_pick_2/inf_pick_2 | NOVZ:seis_pick_1/inf_pick_1 | OTVZ:seis_pick_2/inf_pick_2 | SNVZ:seis_pick_2/inf_pick_2,S2I1S2I2S1I1S2I2S2I2,3300.0,3.3,1828040.0,5662160.0,2012.584229,0.9262979200244658,-0.7308760646288605,5
ETVZ:seis_pick_1/inf_pick_1 | NGZ:seis_pick_2/inf_pick_1 | NOVZ:seis_pick_2/inf_pick_1 | OTVZ:seis_pick_2/inf_pick_2 | SNVZ:seis_pick_1/inf_pick_2,S1I1S2I1S2I1S2I2S1I2,3000.0,3.0,1828136.0,5662448.0,1978.485596,0.9266824849089613,-0.1572032493975108,5
ETVZ:seis_pick_1/inf_pick_2 | NGZ:seis_pick_1/inf_pick_1 | NOVZ:seis_pick_1/inf_pick_1 | OTVZ:seis_pick_1/inf_pick_2 | SNVZ:seis_pick_1/inf_pick_2,S1I2S1I1S1I1S1I2S1I2,2500.0,2.5,1827944.0,5662352.0,2080.786133,0.9272321281938823,0.9834840294539753,5
ETVZ:seis_pick_2/inf_pick_1 | NGZ:seis_pick_2/inf_pick_1 | NOVZ:seis_pick_2/inf_pick_1 | OTVZ:seis_pick_2/inf_pick_1 | SNVZ:seis_pick_2/inf_pick_1,S2I1S2I1S2I1S2I1S2I1,3000.0,3.0,1828424.0,5661872.0,1701.829712,0.9273779249737515,-1.1195529281118044,5
ETVZ:seis_pick_2/inf_pick_2 | NGZ:seis_pick_2/inf_pick_1 | NOVZ:seis_pick_1/inf_pick_1 | OTVZ:seis_pick_2/inf_pick_2 | SNVZ:seis_pick_2/inf_pick_1,S2I2S2I1S1I1S2I2S2I1,3000.0,3.0,1828136.0,5661680.0,1731.645752,0.9276780486861569,-0.35137406990199854,5
ETVZ:seis_pick_2/inf_pick_1 | NGZ:seis_pick_1/inf_pick_2 | NOVZ:seis_pick_2/inf_pick_1 | OTVZ:seis_pick_2/inf_pick_2 | SNVZ:seis_pick_1/inf_pick_2,S2I1S1I2S2I1S2I2S1I2,3000.0,3.0,1828136.0,5662448.0,1978.485596,0.9282394166078348,-0.42476505836584977,5
ETVZ:seis_pick_2/inf_pick_2 | NGZ:seis_pick_1/inf_pick_2 | NOVZ:seis_pick_2/inf_pick_1 | OTVZ:seis_pick_2/inf_pick_2 | SNVZ:seis_pick_2/inf_pick_1,S2I2S1I2S2I1S2I2S2I1,3000.0,3.0,1827944.0,5661776.0,1826.723999,0.9286576763258877,-0.7054237999541678,5
ETVZ:seis_pick_1/inf_pick_1 | NGZ:seis_pick_1/inf_pick_2 | NOVZ:seis_pick_2/inf_pick_2 | OTVZ:seis_pick_1/inf_pick_1 | SNVZ:seis_pick_2/inf_pick_2,S1I1S1I2S2I2S1I1S2I2,3300.0,3.3,1828232.0,5662160.0,1873.492554,0.9292368852258235,-0.31949687716580205,5
ETVZ:seis_pick_1/inf_pick_1 | NGZ:seis_pick_1/inf_pick_2 | NOVZ:seis_pick_1/inf_pick_1 | OTVZ:seis_pick_2/inf_pick_1 | SNVZ:seis_pick_2/inf_pick_1,S1I1S1I2S1I1S2I1S2I1,3300.0,3.3,1828328.0,5661680.0,1673.186646,0.92930627980876,-1.1315940431500504,5
ETVZ:seis_pick_1/inf_pick_2 | NGZ:seis_pick_1/inf_pick_2 | NOVZ:seis_pick_1/inf_pick_2 | OTVZ:seis_pick_2/inf_pick_2 | SNVZ:seis_pick_1/inf_pick_1,S1I2S1I2S1I2S2I2S1I1,3000.0,3.0,1828040.0,5661584.0,1704.531738,0.9295218189236443,0.013779027673088428,5
ETVZ:seis_pick_2/inf_pick_1 | NGZ:seis_pick_1/inf_pick_1 | NOVZ:seis_pick_2/inf_pick_2 | OTVZ:seis_pick_2/inf_pick_1 | SNVZ:seis_pick_1/inf_pick_1,S2I1S1I1S2I2S2I1S1I1,2500.0,2.5,1828616.0,5661776.0,1611.386475,0.9295613366911738,-0.22642084645545085,5
ETVZ:seis_pick_2/inf_pick_2 | NGZ:seis_pick_2/inf_pick_2 | NOVZ:seis_pick_2/inf_pick_2 | OTVZ:seis_pick_1/inf_pick_1 | SNVZ:seis_pick_2/inf_pick_1,S2I2S2I2S2I2S1I1S2I1,2500.0,2.5,1827944.0,5661488.0,1710.052002,0.9299666144817115,-0.44716482098475224,5
ETVZ:seis_pick_2/inf_pick_2 | NGZ:seis_pick_2/inf_pick_1 | NOVZ:seis_pick_2/inf_pick_1 | OTVZ:seis_pick_1/inf_pick_2 | SNVZ:seis_pick_2/inf_pick_1,S2I2S2I1S2I1S1I2S2I1,2500.0,2.5,1827848.0,5661776.0,1864.244263,0.9299675936026051,-0.05611422019141159,5
ETVZ:seis_pick_1/inf_pick_1 | NGZ:seis_pick_2/inf_pick_2 | NOVZ:seis_pick_2/inf_pick_1 | OTVZ:seis_pick_2/inf_pick_2 | SNVZ:seis_pick_2/inf_pick_2,S1I1S2I2S2I1S2I2S2I2,3300.0,3.3,1827944.0,5662256.0,2088.119141,0.9302367867716794,-0.8256295097989697,5
ETVZ:seis_pick_2/inf_pick_1 | NGZ:seis_pick_2/inf_pick_2 | NOVZ:seis_pick_1/inf_pick_2 | OTVZ:seis_pick_1/inf_pick_2 | SNVZ:seis_pick_2/inf_pick_2,S2I1S2I2S1I2S1I2S2I2,3300.0,3.3,1828040.0,5662064.0,1956.737061,0.930480701178488,-0.190836128584548,5
ETVZ:seis_pick_1/inf_pick_2 | NGZ:seis_pick_2/inf_pick_2 | NOVZ:seis_pick_1/inf_pick_1 | OTVZ:seis_pick_1/inf_pick_2 | SNVZ:seis_pick_2/inf_pick_2,S1I2S2I2S1I1S1I2S2I2,2500.0,2.5,1827656.0,5661968.0,2063.714111,0.9309755021589334,0.2845974603819649,5
ETVZ:seis_pick_2/inf_pick_1 | NGZ:seis_pick_2/inf_pick_1 | NOVZ:seis_pick_1/inf_pick_2 | OTVZ:seis_pick_2/inf_pick_2 | SNVZ:seis_pick_1/inf_pick_2,S2I1S2I1S1I2S2I2S1I2,2500.0,2.5,1828424.0,5662160.0,1740.991333,0.9315653000285191,0.5511099769543074,5
ETVZ:seis_pick_1/inf_pick_1 | NGZ:seis_pick_2/inf_pick_2 | NOVZ:seis_pick_2/inf_pick_2 | OTVZ:seis_pick_2/inf_pick_1 | SNVZ:seis_pick_2/inf_pick_1,S1I1S2I2S2I2S2I1S2I1,3300.0,3.3,1828232.0,5661584.0,1658.624878,0.932033383303764,-1.2404178846451295,5
ETVZ:seis_pick_1/inf_pick_2 | NGZ:seis_pick_2/inf_pick_1 | NOVZ:seis_pick_1/inf_pick_2 | OTVZ:seis_pick_1/inf_pick_2 | SNVZ:seis_pick_1/inf_pick_2,S1I2S2I1S1I2S1I2S1I2,2500.0,2.5,1827944.0,5662064.0,2013.466919,0.9322744053017001,1.1207152787924666,5
ETVZ:seis_pick_1/inf_pick_1 | NGZ:seis_pick_1/inf_pick_2 | NOVZ:seis_pick_2/inf_pick_1 | OTVZ:seis_pick_1/inf_pick_1 | SNVZ:seis_pick_2/inf_pick_2,S1I1S1I2S2I1S1I1S2I2,3000.0,3.0,1828136.0,5662256.0,1932.221924,0.9328470519314698,-0.4860689770577814,5
ETVZ:seis_pick_2/inf_pick_1 | NGZ:seis_pick_2/inf_pick_1 | NOVZ:seis_pick_2/inf_pick_1 | OTVZ:seis_pick_2/inf_pick_1 | SNVZ:seis_pick_1/inf_pick_1,S2I1S2I1S2I1S2I1S1I1,3000.0,3.0,1828424.0,5661968.0,1733.215942,0.933041466386781,-0.9531693820041068,5
ETVZ:seis_pick_2/inf_pick_1 | NGZ:seis_pick_1/inf_pick_1 | NOVZ:seis_pick_2/inf_pick_1 | OTVZ:seis_pick_1/inf_pick_1 | SNVZ:seis_pick_2/inf_pick_1,S2I1S1I1S2I1S1I1S2I1,2500.0,2.5,1828328.0,5661872.0,1752.691528,0.9331123000021095,-0.4226179542276068,5
ETVZ:seis_pick_1/inf_pick_2 | NGZ:seis_pick_1/inf_pick_2 | NOVZ:seis_pick_2/inf_pick_1 | OTVZ:seis_pick_1/inf_pick_2 | SNVZ:seis_pick_2/inf_pick_1,S1I2S1I2S2I1S1I2S2I1,2500.0,2.5,1827752.0,5661680.0,1892.618652,0.9334542847089018,-0.11732044231625967,5
ETVZ:seis_pick_1/inf_pick_1 | NGZ:seis_pick_1/inf_pick_2 | NOVZ:seis_pick_2/inf_pick_2 | OTVZ:seis_pick_2/inf_pick_1 | SNVZ:seis_pick_2/inf_pick_1,S1I1S1I2S2I2S2I1S2I1,3000.0,3.0,1828328.0,5661584.0,1637.31189,0.9334705438909651,-0.9188265892861074,5
ETVZ:seis_pick_2/inf_pick_1 | NGZ:seis_pick_1/inf_pick_2 | NOVZ:seis_pick_2/inf_pick_1 | OTVZ:seis_pick_2/inf_pick_1 | SNVZ:seis_pick_2/inf_pick_1,S2I1S1I2S2I1S2I1S2I1,2500.0,2.5,1828328.0,5661776.0,1708.478394,0.934246151779305,-1.0097863196236707,5
ETVZ:seis_pick_2/inf_pick_2 | NGZ:seis_pick_1/inf_pick_1 | NOVZ:seis_pick_2/inf_pick_1 | OTVZ:seis_pick_1/inf_pick_2 | SNVZ:seis_pick_1/inf_pick_1,S2I2S1I1S2I1S1I2S1I1,3000.0,3.0,1827944.0,5662064.0,2013.466919,0.9346265954965947,-0.014711879537540717,5
ETVZ:seis_pick_1/inf_pick_2 | NGZ:seis_pick_2/inf_pick_1 | NOVZ:seis_pick_1/inf_pick_2 | OTVZ:seis_pick_2/inf_pick_2 | SNVZ:seis_pick_2/inf_pick_1,S1I2S2I1S1I2S2I2S2I1,3000.0,3.0,1828136.0,5661488.0,1647.28064,0.9347006955340493,0.0013371717944297146,5
ETVZ:seis_pick_1/inf_pick_1 | NGZ:seis_pick_2/inf_pick_1 | NOVZ:seis_pick_2/inf_pick_2 | OTVZ:seis_pick_2/inf_pick_2 | SNVZ:seis_pick_1/inf_pick_2,S1I1S2I1S2I2S2I2S1I2,3000.0,3.0,1828232.0,5662256.0,1871.278687,0.9353880908210288,0.182720622150066,5
ETVZ:seis_pick_1/inf_pick_1 | NGZ:seis_pick_1/inf_pick_2 | NOVZ:seis_pick_1/inf_pick_1 | OTVZ:seis_pick_1/inf_pick_1 | SNVZ:seis_pick_2/inf_pick_2,S1I1S1I2S1I1S1I1S2I2,3000.0,3.0,1828136.0,5662160.0,1946.274292,0.9355967861276759,-0.33175377000122064,5
ETVZ:seis_pick_2/inf_pick_1 | NGZ:seis_pick_2/inf_pick_2 | NOVZ:seis_pick_1/inf_pick_1 | OTVZ:seis_pick_2/inf_pick_2 | SNVZ:seis_pick_2/inf_pick_2,S2I1S2I2S1I1S2I2S2I2,3000.0,3.0,1828040.0,5662160.0,2012.584229,0.9358436156010014,-0.6078502727657187,5
ETVZ:seis_pick_1/inf_pick_2 | NGZ:seis_pick_2/inf_pick_1 | NOVZ:seis_pick_1/inf_pick_2 | OTVZ:seis_pick_2/inf_pick_2 | SNVZ:seis_pick_1/inf_pick_1,S1I2S2I1S1I2S2I2S1I1,3000.0,3.0,1828136.0,5661584.0,1680.270508,0.9360109193306744,0.1857456962606669,5
ETVZ:seis_pick_1/inf_pick_2 | NGZ:seis_pick_2/inf_pick_1 | NOVZ:seis_pick_2/inf_pick_2 | OTVZ:seis_pick_1/inf_pick_2 | SNVZ:seis_pick_1/inf_pick_2,S1I2S2I1S2I2S1I2S1I2,2500.0,2.5,1827944.0,5662160.0,2062.442139,0.9361535172544502,0.9469844673845934,5
ETVZ:seis_pick_2/inf_pick_2 | NGZ:seis_pick_2/inf_pick_2 | NOVZ:seis_pick_2/inf_pick_1 | OTVZ:seis_pick_1/inf_pick_1 | SNVZ:seis_pick_2/inf_pick_1,S2I2S2I2S2I1S1I1S2I1,3000.0,3.0,1827848.0,5661776.0,1864.244263,0.9363431293903082,-1.001074696794131,5
ETVZ:seis_pick_2/inf_pick_1 | NGZ:seis_pick_2/inf_pick_1 | NOVZ:seis_pick_1/inf_pick_1 | OTVZ:seis_pick_2/inf_pick_1 | SNVZ:seis_pick_1/inf_pick_1,S2I1S2I1S1I1S2I1S1I1,2500.0,2.5,1828520.0,5661872.0,1667.41626,0.9366123584196863,-0.5190077853757977,5
ETVZ:seis_pick_1/inf_pick_2 | NGZ:seis_pick_1/inf_pick_2 | NOVZ:seis_pick_2/inf_pick_2 | OTVZ:seis_pick_1/inf_pick_2 | SNVZ:seis_pick_1/inf_pick_2,S1I2S1I2S2I2S1I2S1I2,3300.0,3.3,1827848.0,5662160.0,2101.272461,0.9366414178201228,0.35980153848125696,5
ETVZ:seis_pick_2/inf_pick_2 | NGZ:seis_pick_2/inf_pick_1 | NOVZ:seis_pick_2/inf_pick_2 | OTVZ:seis_pick_1/inf_pick_1 | SNVZ:seis_pick_2/inf_pick_1,S2I2S2I1S2I2S1I1S2I1,3000.0,3.0,1828232.0,5661584.0,1658.624878,0.9372699808004656,-0.3067939029598074,5
ETVZ:seis_pick_2/inf_pick_1 | NGZ:seis_pick_2/inf_pick_2 | NOVZ:seis_pick_2/inf_pick_2 | OTVZ:seis_pick_2/inf_pick_1 | SNVZ:seis_pick_1/inf_pick_1,S2I1S2I2S2I2S2I1S1I1,3300.0,3.3,1828328.0,5661776.0,1708.478394,0.9375793503331653,-1.1689185362358743,5
ETVZ:seis_pick_2/inf_pick_2 | NGZ:seis_pick_2/inf_pick_2 | NOVZ:seis_pick_2/inf_pick_1 | OTVZ:seis_pick_1/inf_pick_2 | SNVZ:seis_pick_1/inf_pick_2,S2I2S2I2S2I1S1I2S1I2,3300.0,3.3,1827656.0,5662352.0,2272.333496,0.9383576252909197,-0.37154016220260094,5
ETVZ:seis_pick_2/inf_pick_2 | NGZ:seis_pick_1/inf_pick_2 | NOVZ:seis_pick_1/inf_pick_1 | OTVZ:seis_pick_1/inf_pick_1 | SNVZ:seis_pick_1/inf_pick_1,S2I2S1I2S1I1S1I1S1I1,3000.0,3.0,1828040.0,5661776.0,1817.950928,0.9387496136584934,-0.43369374846793923,5
ETVZ:seis_pick_1/inf_pick_1 | NGZ:seis_pick_1/inf_pick_2 | NOVZ:seis_pick_1/inf_pick_2 | OTVZ:seis_pick_2/inf_pick_2 | SNVZ:seis_pick_2/inf_pick_2,S1I1S1I2S1I2S2I2S2I2,2500.0,2.5,1828232.0,5661968.0,1833.125488,0.9387623793374579,0.3254325808242383,5
ETVZ:seis_pick_2/inf_pick_2 | NGZ:seis_pick_2/inf_pick_1 | NOVZ:seis_pick_1/inf_pick_2 | OTVZ:seis_pick_2/inf_pick_2 | SNVZ:seis_pick_2/inf_pick_2,S2I2S2I1S1I2S2I2S2I2,3300.0,3.3,1828232.0,5661968.0,1833.125488,0.9406392922708313,0.2945085752927456,5
ETVZ:seis_pick_1/inf_pick_2 | NGZ:seis_pick_2/inf_pick_2 | NOVZ:seis_pick_1/inf_pick_2 | OTVZ:seis_pick_1/inf_pick_2 | SNVZ:seis_pick_2/inf_pick_2,S1I2S2I2S1I2S1I2S2I2,3000.0,3.0,1827752.0,5661872.0,1964.508057,0.9407754592675577,0.32250368577388,5
ETVZ:seis_pick_2/inf_pick_2 | NGZ:seis_pick_2/inf_pick_1 | NOVZ:seis_pick_1/inf_pick_2 | OTVZ:seis_pick_1/inf_pick_1 | SNVZ:seis_pick_1/inf_pick_1,S2I2S2I1S1I2S1I1S1I1,2500.0,2.5,1828232.0,5661584.0,1658.624878,0.940830884840253,0.27764572737091625,5
ETVZ:seis_pick_1/inf_pick_1 | NGZ:seis_pick_2/inf_pick_2 | NOVZ:seis_pick_1/inf_pick_1 | OTVZ:seis_pick_2/inf_pick_1 | SNVZ:seis_pick_2/inf_pick_1,S1I1S2I2S1I1S2I1S2I1,3300.0,3.3,1828232.0,5661680.0,1707.919678,0.9409010129277392,-1.3358925964045585,5
ETVZ:seis_pick_1/inf_pick_2 | NGZ:seis_pick_1/inf_pick_2 | NOVZ:seis_pick_2/inf_pick_2 | OTVZ:seis_pick_2/inf_pick_2 | SNVZ:seis_pick_1/inf_pick_1,S1I2S1I2S2I2S2I2S1I1,3300.0,3.3,1827944.0,5661680.0,1773.920288,0.9409349844487652,-0.28142392573004127,5
ETVZ:seis_pick_2/inf_pick_2 | NGZ:seis_pick_2/inf_pick_1 | NOVZ:seis_pick_1/inf_pick_1 | OTVZ:seis_pick_1/inf_pick_1 | SNVZ:seis_pick_1/inf_pick_1,S2I2S2I1S1I1S1I1S1I1,3300.0,3.3,1828136.0,5661872.0,1836.069458,0.9412690719913928,-0.39738303977360057,5
ETVZ:seis_pick_1/inf_pick_1 | NGZ:seis_pick_1/inf_pick_1 | NOVZ:seis_pick_1/inf_pick_1 | OTVZ:seis_pick_1/inf_pick_1 | SNVZ:seis_pick_2/inf_pick_1,S1I1S1I1S1I1S1I1S2I1,2500.0,2.5,1828328.0,5661776.0,1708.478394,0.941330507522773,-0.15090817709227106,5
ETVZ:seis_pick_2/inf_pick_2 | NGZ:seis_pick_2/inf_pick_2 | NOVZ:seis_pick_2/inf_pick_2 | OTVZ:seis_pick_1/inf_pick_1 | SNVZ:seis_pick_1/inf_pick_1,S2I2S2I2S2I2S1I1S1I1,3000.0,3.0,1827944.0,5661680.0,1773.920288,0.9422324776243025,-0.5377770719105479,5
ETVZ:seis_pick_1/inf_pick_2 | NGZ:seis_pick_1/inf_pick_1 | NOVZ:seis_pick_1/inf_pick_1 | OTVZ:seis_pick_1/inf_pick_2 | SNVZ:seis_pick_1/inf_pick_1,S1I2S1I1S1I1S1I2S1I1,3000.0,3.0,1827944.0,5661872.0,1879.445679,0.9427533640197249,0.314396589372482,5
ETVZ:seis_pick_1/inf_pick_2 | NGZ:seis_pick_2/inf_pick_2 | NOVZ:seis_pick_2/inf_pick_2 | OTVZ:seis_pick_1/inf_pick_2 | SNVZ:seis_pick_2/inf_pick_2,S1I2S2I2S2I2S1I2S2I2,2500.0,2.5,1827656.0,5661968.0,2063.714111,0.9436052593208669,0.37556920400704924,5
ETVZ:seis_pick_1/inf_pick_2 | NGZ:seis_pick_2/inf_pick_1 | NOVZ:seis_pick_1/inf_pick_1 | OTVZ:seis_pick_1/inf_pick_2 | SNVZ:seis_pick_2/inf_pick_1,S1I2S2I1S1I1S1I2S2I1,2500.0,2.5,1827848.0,5661584.0,1803.133545,0.9436581196883869,0.21832624375731857,5
ETVZ:seis_pick_1/inf_pick_1 | NGZ:seis_pick_1/inf_pick_1 | NOVZ:seis_pick_2/inf_pick_1 | OTVZ:seis_pick_2/inf_pick_2 | SNVZ:seis_pick_1/inf_pick_2,S1I1S1I1S2I1S2I2S1I2,2500.0,2.5,1828232.0,5662448.0,1918.638916,0.9438270569570038,0.33508202198490267,5
ETVZ:seis_pick_2/inf_pick_1 | NGZ:seis_pick_2/inf_pick_1 | NOVZ:seis_pick_2/inf_pick_2 | OTVZ:seis_pick_1/inf_pick_1 | SNVZ:seis_pick_1/inf_pick_2,S2I1S2I1S2I2S1I1S1I2,3000.0,3.0,1828328.0,5662352.0,1871.990356,0.9445988644781179,-0.024353131033216256,5
ETVZ:seis_pick_1/inf_pick_1 | NGZ:seis_pick_1/inf_pick_1 | NOVZ:seis_pick_1/inf_pick_1 | OTVZ:seis_pick_1/inf_pick_1 | SNVZ:seis_pick_1/inf_pick_2,S1I1S1I1S1I1S1I1S1I2,3000.0,3.0,1828424.0,5662352.0,1806.060791,0.9447174526856008,0.2199197243201496,5
ETVZ:seis_pick_1/inf_pick_1 | NGZ:seis_pick_2/inf_pick_2 | NOVZ:seis_pick_1/inf_pick_2 | OTVZ:seis_pick_2/inf_pick_1 | SNVZ:seis_pick_2/inf_pick_1,S1I1S2I2S1I2S2I1S2I1,3300.0,3.3,1828328.0,5661488.0,1598.106201,0.9447779475022141,-1.0893467583603091,5
ETVZ:seis_pick_1/inf_pick_1 | NGZ:seis_pick_1/inf_pick_1 | NOVZ:seis_pick_2/inf_pick_1 | OTVZ:seis_pick_1/inf_pick_2 | SNVZ:seis_pick_2/inf_pick_1,S1I1S1I1S2I1S1I2S2I1,3300.0,3.3,1828040.0,5661968.0,1927.026855,0.9453818029644293,-0.45943220684609687,5
ETVZ:seis_pick_1/inf_pick_1 | NGZ:seis_pick_2/inf_pick_2 | NOVZ:seis_pick_1/inf_pick_1 | OTVZ:seis_pick_1/inf_pick_2 | SNVZ:seis_pick_1/inf_pick_2,S1I1S2I2S1I1S1I2S1I2,3300.0,3.3,1827848.0,5662352.0,2147.00293,0.9459109901510638,-0.31601141076307365,5
ETVZ:seis_pick_2/inf_pick_1 | NGZ:seis_pick_1/inf_pick_2 | NOVZ:seis_pick_1/inf_pick_1 | OTVZ:seis_pick_2/inf_pick_1 | SNVZ:seis_pick_1/inf_pick_1,S2I1S1I2S1I1S2I1S1I1,2500.0,2.5,1828424.0,5661872.0,1701.829712,0.9461889309787543,-0.6815619078550774,5
ETVZ:seis_pick_2/inf_pick_2 | NGZ:seis_pick_1/inf_pick_1 | NOVZ:seis_pick_1/inf_pick_1 | OTVZ:seis_pick_1/inf_pick_2 | SNVZ:seis_pick_2/inf_pick_1,S2I2S1I1S1I1S1I2S2I1,3300.0,3.3,1828040.0,5661776.0,1817.950928,0.9462326630434096,-0.06194392798687254,5
ETVZ:seis_pick_2/inf_pick_2 | NGZ:seis_pick_2/inf_pick_2 | NOVZ:seis_pick_2/inf_pick_1 | OTVZ:seis_pick_1/inf_pick_1 | SNVZ:seis_pick_1/inf_pick_1,S2I2S2I2S2I1S1I1S1I1,3300.0,3.3,1827848.0,5661872.0,1910.128296,0.9464166059982451,-0.9621313879786492,5
ETVZ:seis_pick_2/inf_pick_1 | NGZ:seis_pick_1/inf_pick_1 | NOVZ:seis_pick_2/inf_pick_2 | OTVZ:seis_pick_2/inf_pick_1 | SNVZ:seis_pick_2/inf_pick_1,S2I1S1I1S2I2S2I1S2I1,2500.0,2.5,1828616.0,5661680.0,1581.337891,0.9465493667356212,-0.4065214347094418,5
ETVZ:seis_pick_1/inf_pick_2 | NGZ:seis_pick_2/inf_pick_1 | NOVZ:seis_pick_1/inf_pick_1 | OTVZ:seis_pick_1/inf_pick_2 | SNVZ:seis_pick_1/inf_pick_2,S1I2S2I1S1I1S1I2S1I2,2500.0,2.5,1827848.0,5662256.0,2154.689941,0.9466925948455788,0.7661624971493669,5
ETVZ:seis_pick_2/inf_pick_1 | NGZ:seis_pick_2/inf_pick_2 | NOVZ:seis_pick_2/inf_pick_1 | OTVZ:seis_pick_1/inf_pick_1 | SNVZ:seis_pick_2/inf_pick_2,S2I1S2I2S2I1S1I1S2I2,3300.0,3.3,1828040.0,5662256.0,2015.394897,0.9468670912598716,-0.9656940305046046,5
ETVZ:seis_pick_2/inf_pick_2 | NGZ:seis_pick_2/inf_pick_1 | NOVZ:seis_pick_2/inf_pick_1 | OTVZ:seis_pick_2/inf_pick_2 | SNVZ:seis_pick_1/inf_pick_1,S2I2S2I1S2I1S2I2S1I1,3300.0,3.3,1828040.0,5661968.0,1927.026855,0.9486671748458954,-0.5204274821832826,5
ETVZ:seis_pick_1/inf_pick_1 | NGZ:seis_pick_1/inf_pick_1 | NOVZ:seis_pick_1/inf_pick_2 | OTVZ:seis_pick_2/inf_pick_1 | SNVZ:seis_pick_2/inf_pick_1,S1I1S1I1S1I2S2I1S2I1,3000.0,3.0,1828616.0,5661584.0,1545.224731,0.9492903119502073,-0.41664980628999543,5
ETVZ:seis_pick_1/inf_pick_1 | NGZ:seis_pick_2/inf_pick_1 | NOVZ:seis_pick_1/inf_pick_2 | OTVZ:seis_pick_2/inf_pick_1 | SNVZ:seis_pick_1/inf_pick_1,S1I1S2I1S1I2S2I1S1I1,3000.0,3.0,1828520.0,5661680.0,1602.574463,0.949708674530307,-0.422707817741359,5
ETVZ:seis_pick_1/inf_pick_2 | NGZ:seis_pick_1/inf_pick_2 | NOVZ:seis_pick_1/inf_pick_1 | OTVZ:seis_pick_1/inf_pick_2 | SNVZ:seis_pick_1/inf_pick_2,S1I2S1I2S1I1S1I2S1I2,3000.0,3.0,1827752.0,5662256.0,2200.287842,0.9497396828698534,0.2922808885264871,5
ETVZ:seis_pick_2/inf_pick_2 | NGZ:seis_pick_2/inf_pick_2 | NOVZ:seis_pick_1/inf_pick_1 | OTVZ:seis_pick_1/inf_pick_1 | SNVZ:seis_pick_1/inf_pick_1,S2I2S2I2S1I1S1I1S1I1,3000.0,3.0,1827944.0,5661776.0,1826.723999,0.9500189871742253,-0.6436281596288589,5
ETVZ:seis_pick_1/inf_pick_1 | NGZ:seis_pick_2/inf_pick_1 | NOVZ:seis_pick_1/inf_pick_2 | OTVZ:seis_pick_2/inf_pick_2 | SNVZ:seis_pick_1/inf_pick_2,S1I1S2I1S1I2S2I2S1I2,3300.0,3.3,1828328.0,5662160.0,1795.425903,0.9506416309777944,0.257990160164565,5
ETVZ:seis_pick_2/inf_pick_2 | NGZ:seis_pick_1/inf_pick_1 | NOVZ:seis_pick_1/inf_pick_2 | OTVZ:seis_pick_2/inf_pick_2 | SNVZ:seis_pick_2/inf_pick_1,S2I2S1I1S1I2S2I2S2I1,2500.0,2.5,1828328.0,5661488.0,1598.106201,0.9507614431177557,0.3663946145309172,5
ETVZ:seis_pick_1/inf_pick_1 | NGZ:seis_pick_2/inf_pick_2 | NOVZ:seis_pick_1/inf_pick_1 | OTVZ:seis_pick_1/inf_pick_2 | SNVZ:seis_pick_1/inf_pick_2,S1I1S2I2S1I1S1I2S1I2,3000.0,3.0,1827848.0,5662352.0,2147.00293,0.951390603619362,-0.1911654296100064,5
ETVZ:seis_pick_1/inf_pick_2 | NGZ:seis_pick_2/inf_pick_2 | NOVZ:seis_pick_1/inf_pick_1 | OTVZ:seis_pick_2/inf_pick_2 | SNVZ:seis_pick_2/inf_pick_1,S1I2S2I2S1I1S2I2S2I1,3000.0,3.0,1827848.0,5661584.0,1803.133545,0.9513993998493082,-0.6515523227895414,5
ETVZ:seis_pick_2/inf_pick_2 | NGZ:seis_pick_2/inf_pick_1 | NOVZ:seis_pick_2/inf_pick_2 | OTVZ:seis_pick_2/inf_pick_2 | SNVZ:seis_pick_2/inf_pick_2,S2I2S2I1S2I2S2I2S2I2,3300.0,3.3,1828136.0,5662064.0,1926.312866,0.9515264273280245,0.09484193353090956,5
ETVZ:seis_pick_1/inf_pick_1 | NGZ:seis_pick_2/inf_pick_1 | NOVZ:seis_pick_2/inf_pick_1 | OTVZ:seis_pick_1/inf_pick_1 | SNVZ:seis_pick_2/inf_pick_2,S1I1S2I1S2I1S1I1S2I2,2500.0,2.5,1828232.0,5662256.0,1871.278687,0.9516185515405541,-0.03236505078857146,5
ETVZ:seis_pick_1/inf_pick_1 | NGZ:seis_pick_1/inf_pick_2 | NOVZ:seis_pick_2/inf_pick_2 | OTVZ:seis_pick_1/inf_pick_1 | SNVZ:seis_pick_2/inf_pick_2,S1I1S1I2S2I2S1I1S2I2,3000.0,3.0,1828232.0,5662064.0,1861.719849,0.9516332712114055,-0.17535415628728526,5
ETVZ:seis_pick_1/inf_pick_2 | NGZ:seis_pick_2/inf_pick_2 | NOVZ:seis_pick_1/inf_pick_2 | OTVZ:seis_pick_2/inf_pick_2 | SNVZ:seis_pick_1/inf_pick_1,S1I2S2I2S1I2S2I2S1I1,3300.0,3.3,1827944.0,5661584.0,1737.253296,0.9518165119336343,-0.3212111757100029,5
ETVZ:seis_pick_2/inf_pick_2 | NGZ:seis_pick_1/inf_pick_2 | NOVZ:seis_pick_1/inf_pick_2 | OTVZ:seis_pick_1/inf_pick_1 | SNVZ:seis_pick_1/inf_pick_1,S2I2S1I2S1I2S1I1S1I1,2500.0,2.5,1828136.0,5661584.0,1680.270508,0.9519388165134628,0.11011585158002521,5
ETVZ:seis_pick_1/inf_pick_1 | NGZ:seis_pick_1/inf_pick_1 | NOVZ:seis_pick_1/inf_pick_2 | OTVZ:seis_pick_2/inf_pick_1 | SNVZ:seis_pick_1/inf_pick_1,S1I1S1I1S1I2S2I1S1I1,3000.0,3.0,1828616.0,5661680.0,1581.337891,0.9519609891709437,-0.23100538585649347,5
ETVZ:seis_pick_1/inf_pick_2 | NGZ:seis_pick_2/inf_pick_2 | NOVZ:seis_pick_2/inf_pick_2 | OTVZ:seis_pick_2/inf_pick_2 | SNVZ:seis_pick_1/inf_pick_1,S1I2S2I2S2I2S2I2S1I1,3300.0,3.3,1827848.0,5661680.0,1823.050049,0.9520913187699389,-0.5042231788356488,5
ETVZ:seis_pick_1/inf_pick_1 | NGZ:seis_pick_2/inf_pick_2 | NOVZ:seis_pick_2/inf_pick_1 | OTVZ:seis_pick_2/inf_pick_2 | SNVZ:seis_pick_2/inf_pick_2,S1I1S2I2S2I1S2I2S2I2,3000.0,3.0,1827944.0,5662256.0,2088.119141,0.9521487017544673,-0.7017035289942528,5
ETVZ:seis_pick_2/inf_pick_1 | NGZ:seis_pick_1/inf_pick_2 | NOVZ:seis_pick_1/inf_pick_2 | OTVZ:seis_pick_1/inf_pick_1 | SNVZ:seis_pick_2/inf_pick_2,S2I1S1I2S1I2S1I1S2I2,2500.0,2.5,1828328.0,5661968.0,1780.70813,0.9524807856951358,0.1586735934050351,5
ETVZ:seis_pick_1/inf_pick_1 | NGZ:seis_pick_1/inf_pick_1 | NOVZ:seis_pick_2/inf_pick_1 | OTVZ:seis_pick_1/inf_pick_1 | SNVZ:seis_pick_1/inf_pick_2,S1I1S1I1S2I1S1I1S1I2,3300.0,3.3,1828328.0,5662544.0,1871.070679,0.9528202940398323,-0.13841356246018516,5
ETVZ:seis_pick_2/inf_pick_1 | NGZ:seis_pick_2/inf_pick_2 | NOVZ:seis_pick_1/inf_pick_1 | OTVZ:seis_pick_2/inf_pick_1 | SNVZ:seis_pick_1/inf_pick_1,S2I1S2I2S1I1S2I1S1I1,3000.0,3.0,1828232.0,5661872.0,1779.748779,0.9529272909906288,-1.1760986644446276,5
ETVZ:seis_pick_1/inf_pick_2 | NGZ:seis_pick_1/inf_pick_2 | NOVZ:seis_pick_2/inf_pick_1 | OTVZ:seis_pick_1/inf_pick_2 | SNVZ:seis_pick_1/inf_pick_2,S1I2S1I2S2I1S1I2S1I2,3000.0,3.0,1827656.0,5662352.0,2272.333496,0.9533906407627785,0.05836749573835505,5
ETVZ:seis_pick_1/inf_pick_1 | NGZ:seis_pick_1/inf_pick_1 | NOVZ:seis_pick_2/inf_pick_1 | OTVZ:seis_pick_1/inf_pick_2 | SNVZ:seis_pick_2/inf_pick_1,S1I1S1I1S2I1S1I2S2I1,3000.0,3.0,1828040.0,5661968.0,1927.026855,0.9534695251584872,-0.33713308319663965,5
ETVZ:seis_pick_2/inf_pick_1 | NGZ:seis_pick_2/inf_pick_2 | NOVZ:seis_pick_2/inf_pick_1 | OTVZ:seis_pick_2/inf_pick_1 | SNVZ:seis_pick_1/inf_pick_1,S2I1S2I2S2I1S2I1S1I1,3000.0,3.0,1828232.0,5661968.0,1833.125488,0.9535246387553193,-1.3359414557175386,5
ETVZ:seis_pick_2/inf_pick_2 | NGZ:seis_pick_2/inf_pick_2 | NOVZ:seis_pick_1/inf_pick_2 | OTVZ:seis_pick_1/inf_pick_1 | SNVZ:seis_pick_1/inf_pick_1,S2I2S2I2S1I2S1I1S1I1,3000.0,3.0,1828040.0,5661584.0,1704.531738,0.9537991158342867,-0.3644695391099807,5
ETVZ:seis_pick_2/inf_pick_2 | NGZ:seis_pick_1/inf_pick_2 | NOVZ:seis_pick_1/inf_pick_2 | OTVZ:seis_pick_1/inf_pick_2 | SNVZ:seis_pick_1/inf_pick_2,S2I2S1I2S1I2S1I2S1I2,2500.0,2.5,1827944.0,5662064.0,2013.466919,0.9543999939636806,0.8531534698241275,5
ETVZ:seis_pick_2/inf_pick_1 | NGZ:seis_pick_1/inf_pick_1 | NOVZ:seis_pick_1/inf_pick_1 | OTVZ:seis_pick_2/inf_pick_1 | SNVZ:seis_pick_2/inf_pick_1,S2I1S1I1S1I1S2I1S2I1,3000.0,3.0,1828520.0,5661776.0,1637.771729,0.9544245076571066,-0.7753902605894485,5
ETVZ:seis_pick_2/inf_pick_2 | NGZ:seis_pick_2/inf_pick_2 | NOVZ:seis_pick_2/inf_pick_1 | OTVZ:seis_pick_2/inf_pick_2 | SNVZ:seis_pick_1/inf_pick_1,S2I2S2I2S2I1S2I2S1I1,2500.0,2.5,1827848.0,5661872.0,1910.128296,0.9546487576674411,-0.49470037278751067,5
ETVZ:seis_pick_2/inf_pick_2 | NGZ:seis_pick_1/inf_pick_1 | NOVZ:seis_pick_1/inf_pick_2 | OTVZ:seis_pick_1/inf_pick_1 | SNVZ:seis_pick_2/inf_pick_1,S2I2S1I1S1I2S1I1S2I1,3000.0,3.0,1828328.0,5661488.0,1598.106201,0.9551422218340421,0.026056148450338233,5
ETVZ:seis_pick_1/inf_pick_1 | NGZ:seis_pick_1/inf_pick_1 | NOVZ:seis_pick_2/inf_pick_1 | OTVZ:seis_pick_2/inf_pick_2 | SNVZ:seis_pick_2/inf_pick_1,S1I1S1I1S2I1S2I2S2I1,3300.0,3.3,1828232.0,5661968.0,1833.125488,0.955669473408316,-0.6603472865168631,5
ETVZ:seis_pick_2/inf_pick_2 | NGZ:seis_pick_1/inf_pick_2 | NOVZ:seis_pick_2/inf_pick_2 | OTVZ:seis_pick_1/inf_pick_1 | SNVZ:seis_pick_2/inf_pick_1,S2I2S1I2S2I2S1I1S2I1,2500.0,2.5,1828136.0,5661488.0,1647.28064,0.9557785666340555,-0.21068852370042263,5
ETVZ:seis_pick_1/inf_pick_1 | NGZ:seis_pick_2/inf_pick_1 | NOVZ:seis_pick_2/inf_pick_2 | OTVZ:seis_pick_2/inf_pick_1 | SNVZ:seis_pick_2/inf_pick_1,S1I1S2I1S2I2S2I1S2I1,3000.0,3.0,1828424.0,5661680.0,1639.828735,0.9570922469118214,-0.7558689723570465,5
ETVZ:seis_pick_2/inf_pick_2 | NGZ:seis_pick_2/inf_pick_2 | NOVZ:seis_pick_1/inf_pick_1 | OTVZ:seis_pick_1/inf_pick_1 | SNVZ:seis_pick_2/inf_pick_1,S2I2S2I2S1I1S1I1S2I1,2500.0,2.5,1827944.0,5661584.0,1737.253296,0.9572003727883807,-0.5370291058303721,5
ETVZ:seis_pick_1/inf_pick_2 | NGZ:seis_pick_1/inf_pick_2 | NOVZ:seis_pick_1/inf_pick_2 | OTVZ:seis_pick_1/inf_pick_1 | SNVZ:seis_pick_2/inf_pick_1,S1I2S1I2S1I2S1I1S2I1,3300.0,3.3,1828136.0,5661488.0,1647.28064,0.9573101721728656,-0.3404506460581224,5
ETVZ:seis_pick_2/inf_pick_1 | NGZ:seis_pick_1/inf_pick_1 | NOVZ:seis_pick_1/inf_pick_2 | OTVZ:seis_pick_2/inf_pick_1 | SNVZ:seis_pick_2/inf_pick_2,S2I1S1I1S1I2S2I1S2I2,3300.0,3.3,1828712.0,5662064.0,1605.389038,0.9576348940814089,-0.11675276629843623,5
ETVZ:seis_pick_2/inf_pick_2 | NGZ:seis_pick_1/inf_pick_1 | NOVZ:seis_pick_2/inf_pick_2 | OTVZ:seis_pick_2/inf_pick_2 | SNVZ:seis_pick_2/inf_pick_2,S2I2S1I1S2I2S2I2S2I2,3000.0,3.0,1828232.0,5662160.0,1873.492554,0.9576469542226305,0.4169428529139957,5
ETVZ:seis_pick_2/inf_pick_2 | NGZ:seis_pick_2/inf_pick_2 | NOVZ:seis_pick_2/inf_pick_1 | OTVZ:seis_pick_1/inf_pick_2 | SNVZ:seis_pick_1/inf_pick_2,S2I2S2I2S2I1S1I2S1I2,3000.0,3.0,1827656.0,5662352.0,2272.333496,0.9583455938538512,-0.24521909593239427,5
ETVZ:seis_pick_1/inf_pick_1 | NGZ:seis_pick_1/inf_pick_1 | NOVZ:seis_pick_2/inf_pick_1 | OTVZ:seis_pick_1/inf_pick_1 | SNVZ:seis_pick_2/inf_pick_2,S1I1S1I1S2I1S1I1S2I2,2500.0,2.5,1828328.0,5662352.0,1871.990356,0.9586840585883681,0.13907958554184036,5
ETVZ:seis_pick_1/inf_pick_2 | NGZ:seis_pick_1/inf_pick_2 | NOVZ:seis_pick_2/inf_pick_2 | OTVZ:seis_pick_2/inf_pick_2 | SNVZ:seis_pick_2/inf_pick_1,S1I2S1I2S2I2S2I2S2I1,3000.0,3.0,1827944.0,5661584.0,1737.253296,0.9600066894727546,-0.3358375424834398,5
ETVZ:seis_pick_1/inf_pick_1 | NGZ:seis_pick_2/inf_pick_1 | NOVZ:seis_pick_2/inf_pick_2 | OTVZ:seis_pick_2/inf_pick_1 | SNVZ:seis_pick_1/inf_pick_1,S1I1S2I1S2I2S2I1S1I1,3300.0,3.3,1828424.0,5661776.0,1675.246094,0.9602175491668017,-0.6997231749491034,5
ETVZ:seis_pick_1/inf_pick_2 | NGZ:seis_pick_1/inf_pick_2 | NOVZ:seis_pick_2/inf_pick_2 | OTVZ:seis_pick_1/inf_pick_2 | SNVZ:seis_pick_1/inf_pick_2,S1I2S1I2S2I2S1I2S1I2,3000.0,3.0,1827848.0,5662160.0,2101.272461,0.9612626692918994,0.48386674499140253,5
ETVZ:seis_pick_2/inf_pick_1 | NGZ:seis_pick_2/inf_pick_2 | NOVZ:seis_pick_1/inf_pick_1 | OTVZ:seis_pick_1/inf_pick_2 | SNVZ:seis_pick_1/inf_pick_2,S2I1S2I2S1I1S1I2S1I2,2500.0,2.5,1827848.0,5662352.0,2147.00293,0.9621349575969016,-0.03814737549383551,5
ETVZ:seis_pick_1/inf_pick_2 | NGZ:seis_pick_2/inf_pick_1 | NOVZ:seis_pick_2/inf_pick_1 | OTVZ:seis_pick_1/inf_pick_2 | SNVZ:seis_pick_1/inf_pick_1,S1I2S2I1S2I1S1I2S1I1,2500.0,2.5,1827848.0,5661872.0,1910.128296,0.9622833093701171,0.22772015430625955,5
ETVZ:seis_pick_2/inf_pick_1 | NGZ:seis_pick_1/inf_pick_2 | NOVZ:seis_pick_1/inf_pick_1 | OTVZ:seis_pick_2/inf_pick_2 | SNVZ:seis_pick_1/inf_pick_2,S2I1S1I2S1I1S2I2S1I2,3300.0,3.3,1828232.0,5662352.0,1933.467285,0.9626547236731516,-0.3452732317149513,5
ETVZ:seis_pick_1/inf_pick_1 | NGZ:seis_pick_2/inf_pick_2 | NOVZ:seis_pick_1/inf_pick_1 | OTVZ:seis_pick_1/inf_pick_2 | SNVZ:seis_pick_1/inf_pick_2,S1I1S2I2S1I1S1I2S1I2,2500.0,2.5,1827848.0,5662256.0,2154.689941,0.9628079947943144,0.10473724539278173,5
ETVZ:seis_pick_2/inf_pick_1 | NGZ:seis_pick_2/inf_pick_2 | NOVZ:seis_pick_2/inf_pick_1 | OTVZ:seis_pick_1/inf_pick_1 | SNVZ:seis_pick_2/inf_pick_2,S2I1S2I2S2I1S1I1S2I2,3000.0,3.0,1828040.0,5662256.0,2015.394897,0.963359760133806,-0.8424013722436605,5
ETVZ:seis_pick_2/inf_pick_1 | NGZ:seis_pick_2/inf_pick_2 | NOVZ:seis_pick_1/inf_pick_1 | OTVZ:seis_pick_2/inf_pick_2 | SNVZ:seis_pick_2/inf_pick_2,S2I1S2I2S1I1S2I2S2I2,2500.0,2.5,1828040.0,5662160.0,2012.584229,0.9645206216346153,-0.3371935306668066,5
ETVZ:seis_pick_2/inf_pick_1 | NGZ:seis_pick_2/inf_pick_2 | NOVZ:seis_pick_1/inf_pick_1 | OTVZ:seis_pick_1/inf_pick_2 | SNVZ:seis_pick_1/inf_pick_2,S2I1S2I2S1I1S1I2S1I2,3000.0,3.0,1827944.0,5662352.0,2080.786133,0.9649262133049599,-0.2547338375802962,5
ETVZ:seis_pick_2/inf_pick_2 | NGZ:seis_pick_1/inf_pick_1 | NOVZ:seis_pick_1/inf_pick_1 | OTVZ:seis_pick_1/inf_pick_2 | SNVZ:seis_pick_2/inf_pick_1,S2I2S1I1S1I1S1I2S2I1,3000.0,3.0,1828040.0,5661776.0,1817.950928,0.9651371983033,0.059802162067402166,5
ETVZ:seis_pick_2/inf_pick_1 | NGZ:seis_pick_2/inf_pick_2 | NOVZ:seis_pick_2/inf_pick_2 | OTVZ:seis_pick_2/inf_pick_1 | SNVZ:seis_pick_1/inf_pick_1,S2I1S2I2S2I2S2I1S1I1,3000.0,3.0,1828328.0,5661776.0,1708.478394,0.9656564917320737,-1.0481180438374627,5
ETVZ:seis_pick_2/inf_pick_2 | NGZ:seis_pick_2/inf_pick_1 | NOVZ:seis_pick_1/inf_pick_1 | OTVZ:seis_pick_2/inf_pick_2 | SNVZ:seis_pick_1/inf_pick_1,S2I2S2I1S1I1S2I2S1I1,2500.0,2.5,1828136.0,5661776.0,1782.875366,0.9659810764660859,0.08519097249140142,5
ETVZ:seis_pick_1/inf_pick_1 | NGZ:seis_pick_1/inf_pick_2 | NOVZ:seis_pick_1/inf_pick_1 | OTVZ:seis_pick_2/inf_pick_1 | SNVZ:seis_pick_2/inf_pick_1,S1I1S1I2S1I1S2I1S2I1,3000.0,3.0,1828328.0,5661680.0,1673.186646,0.9668347569588713,-1.0108684713917262,5
ETVZ:seis_pick_1/inf_pick_2 | NGZ:seis_pick_1/inf_pick_1 | NOVZ:seis_pick_1/inf_pick_2 | OTVZ:seis_pick_2/inf_pick_2 | SNVZ:seis_pick_1/inf_pick_1,S1I2S1I1S1I2S2I2S1I1,3300.0,3.3,1828232.0,5661680.0,1707.919678,0.9669966936198239,0.26442619490266317,5
ETVZ:seis_pick_1/inf_pick_1 | NGZ:seis_pick_2/inf_pick_2 | NOVZ:seis_pick_2/inf_pick_2 | OTVZ:seis_pick_2/inf_pick_1 | SNVZ:seis_pick_2/inf_pick_1,S1I1S2I2S2I2S2I1S2I1,3000.0,3.0,1828232.0,5661584.0,1658.624878,0.967311246677437,-1.1194912811710744,5
ETVZ:seis_pick_1/inf_pick_2 | NGZ:seis_pick_2/inf_pick_2 | NOVZ:seis_pick_1/inf_pick_2 | OTVZ:seis_pick_1/inf_pick_1 | SNVZ:seis_pick_2/inf_pick_1,S1I2S2I2S1I2S1I1S2I1,3300.0,3.3,1827944.0,5661392.0,1666.013062,0.9676674789374651,-0.5824381099747601,5
ETVZ:seis_pick_1/inf_pick_1 | NGZ:seis_pick_2/inf_pick_1 | NOVZ:seis_pick_1/inf_pick_2 | OTVZ:seis_pick_2/inf_pick_2 | SNVZ:seis_pick_1/inf_pick_2,S1I1S2I1S1I2S2I2S1I2,3000.0,3.0,1828328.0,5662160.0,1795.425903,0.9677336911183103,0.3795521617554366,5
ETVZ:seis_pick_1/inf_pick_1 | NGZ:seis_pick_1/inf_pick_1 | NOVZ:seis_pick_1/inf_pick_2 | OTVZ:seis_pick_1/inf_pick_1 | SNVZ:seis_pick_1/inf_pick_2,S1I1S1I1S1I2S1I1S1I2,2500.0,2.5,1828520.0,5662160.0,1702.077515,0.9681952771072028,0.7985547216203683,5
ETVZ:seis_pick_2/inf_pick_2 | NGZ:seis_pick_1/inf_pick_1 | NOVZ:seis_pick_1/inf_pick_1 | OTVZ:seis_pick_2/inf_pick_2 | SNVZ:seis_pick_2/inf_pick_2,S2I2S1I1S1I1S2I2S2I2,3300.0,3.3,1828232.0,5662160.0,1873.492554,0.9682270626839962,0.2039755016574416,5
ETVZ:seis_pick_2/inf_pick_1 | NGZ:seis_pick_2/inf_pick_2 | NOVZ:seis_pick_1/inf_pick_1 | OTVZ:seis_pick_1/inf_pick_2 | SNVZ:seis_pick_1/inf_pick_2,S2I1S2I2S1I1S1I2S1I2,3300.0,3.3,1827944.0,5662352.0,2080.786133,0.9683781701974362,-0.3789183937652661,5
ETVZ:seis_pick_2/inf_pick_2 | NGZ:seis_pick_2/inf_pick_1 | NOVZ:seis_pick_1/inf_pick_1 | OTVZ:seis_pick_1/inf_pick_1 | SNVZ:seis_pick_2/inf_pick_1,S2I2S2I1S1I1S1I1S2I1,3300.0,3.3,1828136.0,5661680.0,1731.645752,0.9694478170837212,-0.5472846260194189,5
ETVZ:seis_pick_2/inf_pick_1 | NGZ:seis_pick_1/inf_pick_2 | NOVZ:seis_pick_2/inf_pick_1 | OTVZ:seis_pick_2/inf_pick_2 | SNVZ:seis_pick_1/inf_pick_2,S2I1S1I2S2I1S2I2S1I2,2500.0,2.5,1828136.0,5662448.0,1978.485596,0.9701622916953271,-0.1529972176684833,5
ETVZ:seis_pick_1/inf_pick_2 | NGZ:seis_pick_1/inf_pick_1 | NOVZ:seis_pick_2/inf_pick_2 | OTVZ:seis_pick_1/inf_pick_2 | SNVZ:seis_pick_2/inf_pick_1,S1I2S1I1S2I2S1I2S2I1,3300.0,3.3,1828040.0,5661680.0,1747.83252,0.9702473524706408,0.16885965498615577,5
ETVZ:seis_pick_2/inf_pick_1 | NGZ:seis_pick_2/inf_pick_1 | NOVZ:seis_pick_1/inf_pick_2 | OTVZ:seis_pick_1/inf_pick_1 | SNVZ:seis_pick_1/inf_pick_2,S2I1S2I1S1I2S1I1S1I2,3300.0,3.3,1828424.0,5662256.0,1795.46814,0.9704071691937479,0.052511027554924004,5
ETVZ:seis_pick_2/inf_pick_1 | NGZ:seis_pick_2/inf_pick_1 | NOVZ:seis_pick_1/inf_pick_1 | OTVZ:seis_pick_1/inf_pick_1 | SNVZ:seis_pick_1/inf_pick_2,S2I1S2I1S1I1S1I1S1I2,2500.0,2.5,1828328.0,5662352.0,1871.990356,0.9704298819560825,0.1538940965588921,5
ETVZ:seis_pick_1/inf_pick_2 | NGZ:seis_pick_2/inf_pick_2 | NOVZ:seis_pick_1/inf_pick_1 | OTVZ:seis_pick_2/inf_pick_2 | SNVZ:seis_pick_1/inf_pick_1,S1I2S2I2S1I1S2I2S1I1,3300.0,3.3,1827848.0,5661776.0,1864.244263,0.9706127696030703,-0.6088780958539809,5
ETVZ:seis_pick_1/inf_pick_1 | NGZ:seis_pick_1/inf_pick_2 | NOVZ:seis_pick_1/inf_pick_2 | OTVZ:seis_pick_2/inf_pick_1 | SNVZ:seis_pick_1/inf_pick_1,S1I1S1I2S1I2S2I1S1I1,3300.0,3.3,1828424.0,5661680.0,1639.828735,0.9711507247453844,-0.7039058981751591,5
ETVZ:seis_pick_2/inf_pick_1 | NGZ:seis_pick_2/inf_pick_1 | NOVZ:seis_pick_2/inf_pick_1 | OTVZ:seis_pick_1/inf_pick_1 | SNVZ:seis_pick_1/inf_pick_2,S2I1S2I1S2I1S1I1S1I2,2500.0,2.5,1828232.0,5662448.0,1918.638916,0.9712329624434619,-0.043166544798166485,5
ETVZ:seis_pick_2/inf_pick_2 | NGZ:seis_pick_2/inf_pick_1 | NOVZ:seis_pick_1/inf_pick_2 | OTVZ:seis_pick_2/inf_pick_2 | SNVZ:seis_pick_2/inf_pick_2,S2I2S2I1S1I2S2I2S2I2,3000.0,3.0,1828232.0,5661968.0,1833.125488,0.9713511108140173,0.41599690829816094,5
ETVZ:seis_pick_1/inf_pick_2 | NGZ:seis_pick_1/inf_pick_2 | NOVZ:seis_pick_1/inf_pick_2 | OTVZ:seis_pick_2/inf_pick_2 | SNVZ:seis_pick_2/inf_pick_1,S1I2S1I2S1I2S2I2S2I1,2500.0,2.5,1828040.0,5661392.0,1631.406128,0.9715152567866748,0.09223513105343102,5
ETVZ:seis_pick_1/inf_pick_2 | NGZ:seis_pick_1/inf_pick_2 | NOVZ:seis_pick_1/inf_pick_2 | OTVZ:seis_pick_1/inf_pick_2 | SNVZ:seis_pick_1/inf_pick_2,S1I2S1I2S1I2S1I2S1I2,3300.0,3.3,1827848.0,5662064.0,2029.3927,0.972152859479885,0.5455236176296465,5
ETVZ:seis_pick_1/inf_pick_1 | NGZ:seis_pick_2/inf_pick_1 | NOVZ:seis_pick_1/inf_pick_2 | OTVZ:seis_pick_2/inf_pick_1 | SNVZ:seis_pick_2/inf_pick_1,S1I1S2I1S1I2S2I1S2I1,2500.0,2.5,1828520.0,5661488.0,1549.203247,0.972614516651543,-0.3509052157553443,5
ETVZ:seis_pick_2/inf_pick_2 | NGZ:seis_pick_2/inf_pick_1 | NOVZ:seis_pick_1/inf_pick_1 | OTVZ:seis_pick_2/inf_pick_2 | SNVZ:seis_pick_2/inf_pick_2,S2I2S2I1S1I1S2I2S2I2,3300.0,3.3,1828136.0,5662160.0,1946.274292,0.973272030123383,-0.021741676103810725,5
ETVZ:seis_pick_1/inf_pick_2 | NGZ:seis_pick_2/inf_pick_2 | NOVZ:seis_pick_1/inf_pick_2 | OTVZ:seis_pick_2/inf_pick_2 | SNVZ:seis_pick_2/inf_pick_1,S1I2S2I2S1I2S2I2S2I1,2500.0,2.5,1827944.0,5661392.0,1666.013062,0.9733013763110936,-0.11774960410098104,5
ETVZ:seis_pick_2/inf_pick_2 | NGZ:seis_pick_1/inf_pick_1 | NOVZ:seis_pick_1/inf_pick_1 | OTVZ:seis_pick_2/inf_pick_2 | SNVZ:seis_pick_1/inf_pick_1,S2I2S1I1S1I1S2I2S1I1,3300.0,3.3,1828232.0,5661872.0,1779.748779,0.9735414092783574,-0.10637471375527045,5
ETVZ:seis_pick_1/inf_pick_1 | NGZ:seis_pick_2/inf_pick_2 | NOVZ:seis_pick_2/inf_pick_1 | OTVZ:seis_pick_2/inf_pick_1 | SNVZ:seis_pick_2/inf_pick_1,S1I1S2I2S2I1S2I1S2I1,3300.0,3.3,1828136.0,5661776.0,1782.875366,0.9740860587196775,-1.5090182131585042,5
ETVZ:seis_pick_1/inf_pick_2 | NGZ:seis_pick_2/inf_pick_1 | NOVZ:seis_pick_2/inf_pick_2 | OTVZ:seis_pick_2/inf_pick_2 | SNVZ:seis_pick_1/inf_pick_1,S1I2S2I1S2I2S2I2S1I1,3300.0,3.3,1828040.0,5661776.0,1817.950928,0.9750075919644628,-0.12224431081647076,5
ETVZ:seis_pick_2/inf_pick_1 | NGZ:seis_pick_1/inf_pick_2 | NOVZ:seis_pick_1/inf_pick_1 | OTVZ:seis_pick_2/inf_pick_2 | SNVZ:seis_pick_1/inf_pick_2,S2I1S1I2S1I1S2I2S1I2,3000.0,3.0,1828232.0,5662352.0,1933.467285,0.975901889240579,-0.22249198121088404,5
ETVZ:seis_pick_2/inf_pick_2 | NGZ:seis_pick_1/inf_pick_2 | NOVZ:seis_pick_2/inf_pick_1 | OTVZ:seis_pick_1/inf_pick_1 | SNVZ:seis_pick_1/inf_pick_1,S2I2S1I2S2I1S1I1S1I1,3300.0,3.3,1827944.0,5661968.0,1945.640259,0.976551635102678,-0.7734601054724429,5
ETVZ:seis_pick_1/inf_pick_1 | NGZ:seis_pick_1/inf_pick_2 | NOVZ:seis_pick_1/inf_pick_2 | OTVZ:seis_pick_1/inf_pick_1 | SNVZ:seis_pick_2/inf_pick_2,S1I1S1I2S1I2S1I1S2I2,3300.0,3.3,1828232.0,5661968.0,1833.125488,0.9768389043530951,-0.13799205990541008,5
ETVZ:seis_pick_1/inf_pick_2 | NGZ:seis_pick_1/inf_pick_2 | NOVZ:seis_pick_2/inf_pick_2 | OTVZ:seis_pick_2/inf_pick_2 | SNVZ:seis_pick_1/inf_pick_1,S1I2S1I2S2I2S2I2S1I1,3000.0,3.0,1827944.0,5661680.0,1773.920288,0.9770186555358921,-0.15952850512747876,5
ETVZ:seis_pick_2/inf_pick_2 | NGZ:seis_pick_1/inf_pick_1 | NOVZ:seis_pick_2/inf_pick_2 | OTVZ:seis_pick_2/inf_pick_2 | SNVZ:seis_pick_2/inf_pick_1,S2I2S1I1S2I2S2I2S2I1,3300.0,3.3,1828232.0,5661680.0,1707.919678,0.9771802789920166,-0.17561801220571488,5
ETVZ:seis_pick_1/inf_pick_2 | NGZ:seis_pick_1/inf_pick_1 | NOVZ:seis_pick_2/inf_pick_1 | OTVZ:seis_pick_1/inf_pick_2 | SNVZ:seis_pick_2/inf_pick_2,S1I2S1I1S2I1S1I2S2I2,2500.0,2.5,1827944.0,5662256.0,2088.119141,0.9773678320451284,0.6872175986581419,5
ETVZ:seis_pick_1/inf_pick_2 | NGZ:seis_pick_1/inf_pick_2 | NOVZ:seis_pick_1/inf_pick_1 | OTVZ:seis_pick_2/inf_pick_2 | SNVZ:seis_pick_1/inf_pick_1,S1I2S1I2S1I1S2I2S1I1,3300.0,3.3,1827944.0,5661776.0,1826.723999,0.977830090852289,-0.38744447743686583,5
ETVZ:seis_pick_2/inf_pick_2 | NGZ:seis_pick_1/inf_pick_1 | NOVZ:seis_pick_1/inf_pick_2 | OTVZ:seis_pick_2/inf_pick_2 | SNVZ:seis_pick_2/inf_pick_2,S2I2S1I1S1I2S2I2S2I2,2500.0,2.5,1828328.0,5661968.0,1780.70813,0.9779173801722479,0.8947608202739401,5
ETVZ:seis_pick_1/inf_pick_1 | NGZ:seis_pick_2/inf_pick_2 | NOVZ:seis_pick_1/inf_pick_2 | OTVZ:seis_pick_2/inf_pick_1 | SNVZ:seis_pick_2/inf_pick_1,S1I1S2I2S1I2S2I1S2I1,3000.0,3.0,1828328.0,5661488.0,1598.106201,0.9788633413542452,-0.9685847170111013,5
ETVZ:seis_pick_1/inf_pick_1 | NGZ:seis_pick_2/inf_pick_2 | NOVZ:seis_pick_1/inf_pick_1 | OTVZ:seis_pick_2/inf_pick_1 | SNVZ:seis_pick_2/inf_pick_1,S1I1S2I2S1I1S2I1S2I1,3000.0,3.0,1828232.0,5661680.0,1707.919678,0.9788683585716426,-1.2149152851976348,5
ETVZ:seis_pick_1/inf_pick_1 | NGZ:seis_pick_2/inf_pick_1 | NOVZ:seis_pick_1/inf_pick_1 | OTVZ:seis_pick_2/inf_pick_1 | SNVZ:seis_pick_2/inf_pick_1,S1I1S2I1S1I1S2I1S2I1,3300.0,3.3,1828424.0,5661776.0,1675.246094,0.9791434690424763,-0.9726384058243595,5
ETVZ:seis_pick_1/inf_pick_2 | NGZ:seis_pick_1/inf_pick_2 | NOVZ:seis_pick_1/inf_pick_1 | OTVZ:seis_pick_2/inf_pick_2 | SNVZ:seis_pick_2/inf_pick_1,S1I2S1I2S1I1S2I2S2I1,3300.0,3.3,1827944.0,5661680.0,1773.920288,0.9791822619317901,-0.5543391566052973,5
ETVZ:seis_pick_2/inf_pick_2 | NGZ:seis_pick_1/inf_pick_1 | NOVZ:seis_pick_2/inf_pick_2 | OTVZ:seis_pick_1/inf_pick_1 | SNVZ:seis_pick_1/inf_pick_1,S2I2S1I1S2I2S1I1S1I1,3300.0,3.3,1828328.0,5661776.0,1708.478394,0.9796175995936871,-0.05263456635385779,5
ETVZ:seis_pick_1/inf_pick_1 | NGZ:seis_pick_1/inf_pick_1 | NOVZ:seis_pick_2/inf_pick_1 | OTVZ:seis_pick_1/inf_pick_2 | SNVZ:seis_pick_2/inf_pick_1,S1I1S1I1S2I1S1I2S2I1,2500.0,2.5,1828040.0,5661968.0,1927.026855,0.9797184231648369,-0.0680750111678318,5
ETVZ:seis_pick_1/inf_pick_1 | NGZ:seis_pick_1/inf_pick_1 | NOVZ:seis_pick_2/inf_pick_1 | OTVZ:seis_pick_1/inf_pick_1 | SNVZ:seis_pick_1/inf_pick_1,S1I1S1I1S2I1S1I1S1I1,2500.0,2.5,1828328.0,5662064.0,1806.550293,0.980034161913117,-0.15487913735751047,5
ETVZ:seis_pick_1/inf_pick_1 | NGZ:seis_pick_1/inf_pick_1 | NOVZ:seis_pick_2/inf_pick_1 | OTVZ:seis_pick_2/inf_pick_2 | SNVZ:seis_pick_2/inf_pick_1,S1I1S1I1S2I1S2I2S2I1,3000.0,3.0,1828232.0,5661872.0,1779.748779,0.9803877400392096,-0.5154737776761664,5
ETVZ:seis_pick_2/inf_pick_2 | NGZ:seis_pick_2/inf_pick_1 | NOVZ:seis_pick_1/inf_pick_1 | OTVZ:seis_pick_1/inf_pick_1 | SNVZ:seis_pick_1/inf_pick_1,S2I2S2I1S1I1S1I1S1I1,3000.0,3.0,1828136.0,5661872.0,1836.069458,0.9806996614818331,-0.27577363628247653,5
ETVZ:seis_pick_1/inf_pick_1 | NGZ:seis_pick_2/inf_pick_2 | NOVZ:seis_pick_1/inf_pick_1 | OTVZ:seis_pick_2/inf_pick_2 | SNVZ:seis_pick_2/inf_pick_2,S1I1S2I2S1I1S2I2S2I2,3300.0,3.3,1828040.0,5662160.0,2012.584229,0.9817033318305636,-0.6092329602082834,5
ETVZ:seis_pick_1/inf_pick_1 | NGZ:seis_pick_1/inf_pick_2 | NOVZ:seis_pick_1/inf_pick_2 | OTVZ:seis_pick_2/inf_pick_1 | SNVZ:seis_pick_2/inf_pick_1,S1I1S1I2S1I2S2I1S2I1,2500.0,2.5,1828424.0,5661488.0,1577.636108,0.9818235462365811,-0.5074371014273789,5
ETVZ:seis_pick_1/inf_pick_1 | NGZ:seis_pick_2/inf_pick_1 | NOVZ:seis_pick_1/inf_pick_1 | OTVZ:seis_pick_2/inf_pick_2 | SNVZ:seis_pick_1/inf_pick_2,S1I1S2I1S1I1S2I2S1I2,2500.0,2.5,1828232.0,5662352.0,1933.467285,0.9822649928454944,0.31518857886640517,5
ETVZ:seis_pick_1/inf_pick_1 | NGZ:seis_pick_1/inf_pick_2 | NOVZ:seis_pick_2/inf_pick_2 | OTVZ:seis_pick_2/inf_pick_1 | SNVZ:seis_pick_1/inf_pick_1,S1I1S1I2S2I2S2I1S1I1,3300.0,3.3,1828328.0,5661776.0,1708.478394,0.9825655384896675,-0.8653319445651249,5
ETVZ:seis_pick_2/inf_pick_1 | NGZ:seis_pick_2/inf_pick_2 | NOVZ:seis_pick_2/inf_pick_2 | OTVZ:seis_pick_2/inf_pick_2 | SNVZ:seis_pick_2/inf_pick_2,S2I1S2I2S2I2S2I2S2I2,3300.0,3.3,1828136.0,5662160.0,1946.274292,0.9828160701844991,-0.5921951842353115,5
ETVZ:seis_pick_2/inf_pick_2 | NGZ:seis_pick_2/inf_pick_2 | NOVZ:seis_pick_2/inf_pick_1 | OTVZ:seis_pick_1/inf_pick_1 | SNVZ:seis_pick_1/inf_pick_1,S2I2S2I2S2I1S1I1S1I1,3000.0,3.0,1827848.0,5661872.0,1910.128296,0.9828189316462929,-0.8393910629540183,5
ETVZ:seis_pick_2/inf_pick_2 | NGZ:seis_pick_1/inf_pick_2 | NOVZ:seis_pick_2/inf_pick_1 | OTVZ:seis_pick_1/inf_pick_1 | SNVZ:seis_pick_2/inf_pick_1,S2I2S1I2S2I1S1I1S2I1,3300.0,3.3,1827944.0,5661776.0,1826.723999,0.9828885566035659,-0.9021506596575637,5
ETVZ:seis_pick_2/inf_pick_2 | NGZ:seis_pick_2/inf_pick_1 | NOVZ:seis_pick_2/inf_pick_2 | OTVZ:seis_pick_2/inf_pick_2 | SNVZ:seis_pick_2/inf_pick_2,S2I2S2I1S2I2S2I2S2I2,3000.0,3.0,1828136.0,5662064.0,1926.312866,0.9836867113007172,0.21704206069654966,5
ETVZ:seis_pick_1/inf_pick_2 | NGZ:seis_pick_2/inf_pick_1 | NOVZ:seis_pick_2/inf_pick_1 | OTVZ:seis_pick_1/inf_pick_2 | SNVZ:seis_pick_1/inf_pick_2,S1I2S2I1S2I1S1I2S1I2,2500.0,2.5,1827752.0,5662352.0,2219.299072,0.9845296174836057,0.5431074372143909,5
ETVZ:seis_pick_1/inf_pick_1 | NGZ:seis_pick_1/inf_pick_1 | NOVZ:seis_pick_2/inf_pick_2 | OTVZ:seis_pick_1/inf_pick_1 | SNVZ:seis_pick_1/inf_pick_2,S1I1S1I1S2I2S1I1S1I2,2500.0,2.5,1828424.0,5662256.0,1795.46814,0.9847850748490135,0.6089689964691389,5
ETVZ:seis_pick_2/inf_pick_1 | NGZ:seis_pick_2/inf_pick_1 | NOVZ:seis_pick_1/inf_pick_2 | OTVZ:seis_pick_1/inf_pick_1 | SNVZ:seis_pick_1/inf_pick_2,S2I1S2I1S1I2S1I1S1I2,3000.0,3.0,1828424.0,5662160.0,1740.991333,0.9849855998866686,0.20967375195732812,5
ETVZ:seis_pick_2/inf_pick_2 | NGZ:seis_pick_2/inf_pick_1 | NOVZ:seis_pick_2/inf_pick_1 | OTVZ:seis_pick_2/inf_pick_2 | SNVZ:seis_pick_1/inf_pick_1,S2I2S2I1S2I1S2I2S1I1,3000.0,3.0,1828040.0,5661968.0,1927.026855,0.9850455935399244,-0.3981283585338254,5
ETVZ:seis_pick_1/inf_pick_1 | NGZ:seis_pick_2/inf_pick_1 | NOVZ:seis_pick_2/inf_pick_2 | OTVZ:seis_pick_2/inf_pick_2 | SNVZ:seis_pick_1/inf_pick_2,S1I1S2I1S2I2S2I2S1I2,2500.0,2.5,1828232.0,5662256.0,1871.278687,0.9852272276312123,0.4516697706366338,5
ETVZ:seis_pick_2/inf_pick_2 | NGZ:seis_pick_1/inf_pick_1 | NOVZ:seis_pick_1/inf_pick_2 | OTVZ:seis_pick_1/inf_pick_1 | SNVZ:seis_pick_2/inf_pick_2,S2I2S1I1S1I2S1I1S2I2,3300.0,3.3,1828328.0,5661968.0,1780.70813,0.986314312502897,0.43244067544691556,5
ETVZ:seis_pick_1/inf_pick_1 | NGZ:seis_pick_1/inf_pick_1 | NOVZ:seis_pick_2/inf_pick_1 | OTVZ:seis_pick_1/inf_pick_1 | SNVZ:seis_pick_1/inf_pick_2,S1I1S1I1S2I1S1I1S1I2,3000.0,3.0,1828328.0,5662544.0,1871.070679,0.9867923284880892,-0.015277298599334266,5
ETVZ:seis_pick_2/inf_pick_1 | NGZ:seis_pick_1/inf_pick_2 | NOVZ:seis_pick_2/inf_pick_1 | OTVZ:seis_pick_2/inf_pick_1 | SNVZ:seis_pick_1/inf_pick_1,S2I1S1I2S2I1S2I1S1I1,2500.0,2.5,1828328.0,5661968.0,1780.70813,0.9874006211961553,-0.8571775437417595,5
ETVZ:seis_pick_2/inf_pick_1 | NGZ:seis_pick_2/inf_pick_1 | NOVZ:seis_pick_2/inf_pick_2 | OTVZ:seis_pick_1/inf_pick_1 | SNVZ:seis_pick_1/inf_pick_2,S2I1S2I1S2I2S1I1S1I2,2500.0,2.5,1828328.0,5662256.0,1832.388062,0.9874892335957838,0.28245859897954395,5
ETVZ:seis_pick_1/inf_pick_2 | NGZ:seis_pick_2/inf_pick_2 | NOVZ:seis_pick_2/inf_pick_1 | OTVZ:seis_pick_2/inf_pick_2 | SNVZ:seis_pick_2/inf_pick_1,S1I2S2I2S2I1S2I2S2I1,3300.0,3.3,1827752.0,5661680.0,1892.618652,0.9876583154959389,-0.9655903659097381,5
ETVZ:seis_pick_2/inf_pick_2 | NGZ:seis_pick_1/inf_pick_2 | NOVZ:seis_pick_2/inf_pick_1 | OTVZ:seis_pick_2/inf_pick_2 | SNVZ:seis_pick_1/inf_pick_1,S2I2S1I2S2I1S2I2S1I1,2500.0,2.5,1827944.0,5661872.0,1879.445679,0.9882200426594279,-0.27541259443199895,5
ETVZ:seis_pick_1/inf_pick_2 | NGZ:seis_pick_2/inf_pick_2 | NOVZ:seis_pick_1/inf_pick_2 | OTVZ:seis_pick_2/inf_pick_2 | SNVZ:seis_pick_1/inf_pick_1,S1I2S2I2S1I2S2I2S1I1,3000.0,3.0,1827944.0,5661584.0,1737.253296,0.9882611836062581,-0.19937992704581103,5
ETVZ:seis_pick_2/inf_pick_1 | NGZ:seis_pick_1/inf_pick_1 | NOVZ:seis_pick_2/inf_pick_2 | OTVZ:seis_pick_2/inf_pick_1 | SNVZ:seis_pick_2/inf_pick_2,S2I1S1I1S2I2S2I1S2I2,3300.0,3.3,1828616.0,5662160.0,1662.350708,0.9882713635143155,-0.28624359894288015,5
ETVZ:seis_pick_2/inf_pick_1 | NGZ:seis_pick_1/inf_pick_1 | NOVZ:seis_pick_1/inf_pick_2 | OTVZ:seis_pick_2/inf_pick_1 | SNVZ:seis_pick_2/inf_pick_2,S2I1S1I1S1I2S2I1S2I2,3000.0,3.0,1828712.0,5662064.0,1605.389038,0.9883779319504291,0.003745329485366433,5
ETVZ:seis_pick_1/inf_pick_1 | NGZ:seis_pick_2/inf_pick_1 | NOVZ:seis_pick_2/inf_pick_1 | OTVZ:seis_pick_2/inf_pick_2 | SNVZ:seis_pick_1/inf_pick_2,S1I1S2I1S2I1S2I2S1I2,2500.0,2.5,1828136.0,5662448.0,1978.485596,0.9884347150457252,0.11456459129985568,5
ETVZ:seis_pick_2/inf_pick_1 | NGZ:seis_pick_2/inf_pick_2 | NOVZ:seis_pick_1/inf_pick_2 | OTVZ:seis_pick_2/inf_pick_1 | SNVZ:seis_pick_1/inf_pick_1,S2I1S2I2S1I2S2I1S1I1,3300.0,3.3,1828328.0,5661680.0,1673.186646,0.9886591624351679,-1.0258077885079142,5
ETVZ:seis_pick_2/inf_pick_2 | NGZ:seis_pick_1/inf_pick_2 | NOVZ:seis_pick_2/inf_pick_2 | OTVZ:seis_pick_1/inf_pick_1 | SNVZ:seis_pick_1/inf_pick_1,S2I2S1I2S2I2S1I1S1I1,2500.0,2.5,1828040.0,5661680.0,1747.83252,0.9889377120938035,-0.057347304024346,5
ETVZ:seis_pick_1/inf_pick_2 | NGZ:seis_pick_2/inf_pick_2 | NOVZ:seis_pick_2/inf_pick_2 | OTVZ:seis_pick_2/inf_pick_2 | SNVZ:seis_pick_1/inf_pick_1,S1I2S2I2S2I2S2I2S1I1,3000.0,3.0,1827848.0,5661680.0,1823.050049,0.9891952242009616,-0.38186768318940045,5
ETVZ:seis_pick_2/inf_pick_1 | NGZ:seis_pick_1/inf_pick_1 | NOVZ:seis_pick_2/inf_pick_1 | OTVZ:seis_pick_2/inf_pick_1 | SNVZ:seis_pick_1/inf_pick_1,S2I1S1I1S2I1S2I1S1I1,3300.0,3.3,1828520.0,5662064.0,1695.895142,0.9911120972939116,-0.8878461684594674,5
ETVZ:seis_pick_1/inf_pick_2 | NGZ:seis_pick_2/inf_pick_2 | NOVZ:seis_pick_1/inf_pick_2 | OTVZ:seis_pick_1/inf_pick_2 | SNVZ:seis_pick_2/inf_pick_2,S1I2S2I2S1I2S1I2S2I2,2500.0,2.5,1827752.0,5661872.0,1964.508057,0.9912224795084185,0.5937917654414127,5
ETVZ:seis_pick_2/inf_pick_2 | NGZ:seis_pick_1/inf_pick_1 | NOVZ:seis_pick_2/inf_pick_1 | OTVZ:seis_pick_1/inf_pick_2 | SNVZ:seis_pick_1/inf_pick_1,S2I2S1I1S2I1S1I2S1I1,2500.0,2.5,1827944.0,5661968.0,1945.640259,0.9913975133553656,0.29450589585885856,5
ETVZ:seis_pick_1/inf_pick_2 | NGZ:seis_pick_1/inf_pick_2 | NOVZ:seis_pick_1/inf_pick_2 | OTVZ:seis_pick_1/inf_pick_2 | SNVZ:seis_pick_1/inf_pick_2,S1I2S1I2S1I2S1I2S1I2,3000.0,3.0,1827848.0,5662064.0,2029.3927,0.9924696118396735,0.6690340591067704,5
ETVZ:seis_pick_2/inf_pick_1 | NGZ:seis_pick_2/inf_pick_2 | NOVZ:seis_pick_2/inf_pick_2 | OTVZ:seis_pick_2/inf_pick_2 | SNVZ:seis_pick_2/inf_pick_2,S2I1S2I2S2I2S2I2S2I2,3000.0,3.0,1828136.0,5662064.0,1926.312866,0.9925799414259394,-0.44438319106003554,5
ETVZ:seis_pick_1/inf_pick_2 | NGZ:seis_pick_2/inf_pick_2 | NOVZ:seis_pick_2/inf_pick_2 | OTVZ:seis_pick_1/inf_pick_1 | SNVZ:seis_pick_2/inf_pick_1,S1I2S2I2S2I2S1I1S2I1,3300.0,3.3,1827944.0,5661488.0,1710.052002,0.993589853189975,-0.7154231114593854,5
ETVZ:seis_pick_1/inf_pick_1 | NGZ:seis_pick_1/inf_pick_2 | NOVZ:seis_pick_1/inf_pick_2 | OTVZ:seis_pick_1/inf_pick_1 | SNVZ:seis_pick_2/inf_pick_2,S1I1S1I2S1I2S1I1S2I2,3000.0,3.0,1828232.0,5661968.0,1833.125488,0.9946167246682425,-0.016503726899994752,5
ETVZ:seis_pick_1/inf_pick_1 | NGZ:seis_pick_1/inf_pick_2 | NOVZ:seis_pick_1/inf_pick_1 | OTVZ:seis_pick_1/inf_pick_1 | SNVZ:seis_pick_2/inf_pick_2,S1I1S1I2S1I1S1I1S2I2,2500.0,2.5,1828136.0,5662160.0,1946.274292,0.9947443153424201,-0.06227897913958014,5
ETVZ:seis_pick_1/inf_pick_2 | NGZ:seis_pick_1/inf_pick_1 | NOVZ:seis_pick_2/inf_pick_2 | OTVZ:seis_pick_1/inf_pick_2 | SNVZ:seis_pick_2/inf_pick_1,S1I2S1I1S2I2S1I2S2I1,3000.0,3.0,1828040.0,5661584.0,1704.531738,0.994809243216605,0.29615534765848056,5
ETVZ:seis_pick_2/inf_pick_2 | NGZ:seis_pick_2/inf_pick_2 | NOVZ:seis_pick_1/inf_pick_1 | OTVZ:seis_pick_1/inf_pick_2 | SNVZ:seis_pick_1/inf_pick_2,S2I2S2I2S1I1S1I2S1I2,3300.0,3.3,1827752.0,5662256.0,2200.287842,0.9955072760552521,-0.1365168250089896,5
ETVZ:seis_pick_2/inf_pick_2 | NGZ:seis_pick_1/inf_pick_1 | NOVZ:seis_pick_1/inf_pick_2 | OTVZ:seis_pick_1/inf_pick_1 | SNVZ:seis_pick_1/inf_pick_1,S2I2S1I1S1I2S1I1S1I1,2500.0,2.5,1828328.0,5661680.0,1673.186646,0.9956422498330917,0.47679801100074093,5
ETVZ:seis_pick_2/inf_pick_1 | NGZ:seis_pick_1/inf_pick_1 | NOVZ:seis_pick_1/inf_pick_1 | OTVZ:seis_pick_2/inf_pick_1 | SNVZ:seis_pick_1/inf_pick_1,S2I1S1I1S1I1S2I1S1I1,2500.0,2.5,1828616.0,5661872.0,1613.847656,0.9957533296474018,-0.3218331461866558,5
ETVZ:seis_pick_1/inf_pick_2 | NGZ:seis_pick_2/inf_pick_1 | NOVZ:seis_pick_2/inf_pick_1 | OTVZ:seis_pick_1/inf_pick_2 | SNVZ:seis_pick_2/inf_pick_1,S1I2S2I1S2I1S1I2S2I1,3300.0,3.3,1827848.0,5661776.0,1864.244263,0.996430945478055,-0.32650177586858875,5
ETVZ:seis_pick_1/inf_pick_1 | NGZ:seis_pick_2/inf_pick_1 | NOVZ:seis_pick_2/inf_pick_2 | OTVZ:seis_pick_2/inf_pick_1 | SNVZ:seis_pick_1/inf_pick_1,S1I1S2I1S2I2S2I1S1I1,3000.0,3.0,1828424.0,5661776.0,1675.246094,0.9964633863826691,-0.579144411536963,5
ETVZ:seis_pick_1/inf_pick_2 | NGZ:seis_pick_2/inf_pick_1 | NOVZ:seis_pick_1/inf_pick_2 | OTVZ:seis_pick_1/inf_pick_1 | SNVZ:seis_pick_2/inf_pick_1,S1I2S2I1S1I2S1I1S2I1,3300.0,3.3,1828232.0,5661488.0,1616.910156,0.9970670992316955,-0.17234118723656397,5
ETVZ:seis_pick_1/inf_pick_2 | NGZ:seis_pick_1/inf_pick_1 | NOVZ:seis_pick_2/inf_pick_1 | OTVZ:seis_pick_1/inf_pick_2 | SNVZ:seis_pick_1/inf_pick_2,S1I2S1I1S2I1S1I2S1I2,2500.0,2.5,1827944.0,5662448.0,2106.905762,0.9973583435521264,0.8067557265696544,5
ETVZ:seis_pick_1/inf_pick_1 | NGZ:seis_pick_1/inf_pick_2 | NOVZ:seis_pick_2/inf_pick_1 | OTVZ:seis_pick_1/inf_pick_1 | SNVZ:seis_pick_2/inf_pick_2,S1I1S1I2S2I1S1I1S2I2,2500.0,2.5,1828136.0,5662256.0,1932.221924,0.9976869128311301,-0.2161467416649531,5
ETVZ:seis_pick_1/inf_pick_2 | NGZ:seis_pick_1/inf_pick_2 | NOVZ:seis_pick_1/inf_pick_2 | OTVZ:seis_pick_1/inf_pick_1 | SNVZ:seis_pick_2/inf_pick_1,S1I2S1I2S1I2S1I1S2I1,3000.0,3.0,1828136.0,5661392.0,1605.433472,0.9979872516680526,-0.22608537607755358,5
ETVZ:seis_pick_1/inf_pick_1 | NGZ:seis_pick_1/inf_pick_1 | NOVZ:seis_pick_2/inf_pick_1 | OTVZ:seis_pick_1/inf_pick_1 | SNVZ:seis_pick_2/inf_pick_1,S1I1S1I1S2I1S1I1S2I1,3300.0,3.3,1828328.0,5661872.0,1752.691528,0.9987259544268892,-0.6880451610515544,5
ETVZ:seis_pick_1/inf_pick_1 | NGZ:seis_pick_2/inf_pick_1 | NOVZ:seis_pick_1/inf_pick_1 | OTVZ:seis_pick_2/inf_pick_1 | SNVZ:seis_pick_1/inf_pick_1,S1I1S2I1S1I1S2I1S1I1,3300.0,3.3,1828424.0,5661872.0,1701.829712,1.0003938331917521,-0.8001944583291927,5
ETVZ:seis_pick_1/inf_pick_1 | NGZ:seis_pick_2/inf_pick_2 | NOVZ:seis_pick_1/inf_pick_1 | OTVZ:seis_pick_2/inf_pick_2 | SNVZ:seis_pick_2/inf_pick_2,S1I1S2I2S1I1S2I2S2I2,3000.0,3.0,1828040.0,5662160.0,2012.584229,1.0007592909787082,-0.48620716834514166,5
ETVZ:seis_pick_1/inf_pick_1 | NGZ:seis_pick_1/inf_pick_2 | NOVZ:seis_pick_2/inf_pick_1 | OTVZ:seis_pick_2/inf_pick_2 | SNVZ:seis_pick_1/inf_pick_2,S1I1S1I2S2I1S2I2S1I2,3300.0,3.3,1828040.0,5662448.0,2043.867798,1.000869093636887,-0.4742258970780748,5
ETVZ:seis_pick_1/inf_pick_1 | NGZ:seis_pick_1/inf_pick_1 | NOVZ:seis_pick_2/inf_pick_2 | OTVZ:seis_pick_2/inf_pick_1 | SNVZ:seis_pick_1/inf_pick_1,S1I1S1I1S2I2S2I1S1I1,3300.0,3.3,1828520.0,5661872.0,1667.41626,1.0015081740842386,-0.5100219421406651,5
ETVZ:seis_pick_1/inf_pick_2 | NGZ:seis_pick_2/inf_pick_1 | NOVZ:seis_pick_2/inf_pick_2 | OTVZ:seis_pick_2/inf_pick_2 | SNVZ:seis_pick_2/inf_pick_1,S1I2S2I1S2I2S2I2S2I1,3300.0,3.3,1828040.0,5661584.0,1704.531738,1.001778491221291,-0.28017909958757825,5
ETVZ:seis_pick_1/inf_pick_1 | NGZ:seis_pick_1/inf_pick_2 | NOVZ:seis_pick_1/inf_pick_1 | OTVZ:seis_pick_2/inf_pick_1 | SNVZ:seis_pick_1/inf_pick_1,S1I1S1I2S1I1S2I1S1I1,3300.0,3.3,1828328.0,5661872.0,1752.691528,1.0020447487649031,-0.9704214810369466,5
ETVZ:seis_pick_2/inf_pick_2 | NGZ:seis_pick_1/inf_pick_1 | NOVZ:seis_pick_1/inf_pick_1 | OTVZ:seis_pick_2/inf_pick_2 | SNVZ:seis_pick_2/inf_pick_2,S2I2S1I1S1I1S2I2S2I2,3000.0,3.0,1828232.0,5662160.0,1873.492554,1.002701152881896,0.32597110928891126,5
ETVZ:seis_pick_1/inf_pick_2 | NGZ:seis_pick_2/inf_pick_2 | NOVZ:seis_pick_2/inf_pick_2 | OTVZ:seis_pick_2/inf_pick_2 | SNVZ:seis_pick_2/inf_pick_1,S1I2S2I2S2I2S2I2S2I1,2500.0,2.5,1827848.0,5661488.0,1754.805298,1.002753505219732,-0.2865559423720317,5
ETVZ:seis_pick_2/inf_pick_1 | NGZ:seis_pick_1/inf_pick_2 | NOVZ:seis_pick_2/inf_pick_2 | OTVZ:seis_pick_2/inf_pick_2 | SNVZ:seis_pick_1/inf_pick_2,S2I1S1I2S2I2S2I2S1I2,3300.0,3.3,1828232.0,5662256.0,1871.278687,1.0029857439848173,-0.20709079976671313,5
ETVZ:seis_pick_2/inf_pick_2 | NGZ:seis_pick_1/inf_pick_1 | NOVZ:seis_pick_2/inf_pick_2 | OTVZ:seis_pick_2/inf_pick_2 | SNVZ:seis_pick_1/inf_pick_1,S2I2S1I1S2I2S2I2S1I1,2500.0,2.5,1828232.0,5661776.0,1756.203979,1.003407872569164,0.383126037021354,5
ETVZ:seis_pick_2/inf_pick_2 | NGZ:seis_pick_1/inf_pick_2 | NOVZ:seis_pick_1/inf_pick_1 | OTVZ:seis_pick_1/inf_pick_1 | SNVZ:seis_pick_2/inf_pick_1,S2I2S1I2S1I1S1I1S2I1,2500.0,2.5,1828040.0,5661584.0,1704.531738,1.003947622961434,-0.32465229410731294,5
ETVZ:seis_pick_1/inf_pick_1 | NGZ:seis_pick_1/inf_pick_2 | NOVZ:seis_pick_2/inf_pick_2 | OTVZ:seis_pick_1/inf_pick_1 | SNVZ:seis_pick_2/inf_pick_2,S1I1S1I2S2I2S1I1S2I2,2500.0,2.5,1828232.0,5662064.0,1861.719849,1.004284420560882,0.0924812565841325,5
ETVZ:seis_pick_1/inf_pick_2 | NGZ:seis_pick_2/inf_pick_2 | NOVZ:seis_pick_1/inf_pick_2 | OTVZ:seis_pick_1/inf_pick_1 | SNVZ:seis_pick_2/inf_pick_1,S1I2S2I2S1I2S1I1S2I1,3000.0,3.0,1827944.0,5661392.0,1666.013062,1.0044887306453307,-0.4605548191118043,5
ETVZ:seis_pick_2/inf_pick_2 | NGZ:seis_pick_2/inf_pick_1 | NOVZ:seis_pick_1/inf_pick_1 | OTVZ:seis_pick_1/inf_pick_1 | SNVZ:seis_pick_2/inf_pick_1,S2I2S2I1S1I1S1I1S2I1,3000.0,3.0,1828136.0,5661680.0,1731.645752,1.0048012851292694,-0.42603604501431835,5
ETVZ:seis_pick_2/inf_pick_2 | NGZ:seis_pick_2/inf_pick_2 | NOVZ:seis_pick_2/inf_pick_1 | OTVZ:seis_pick_1/inf_pick_2 | SNVZ:seis_pick_1/inf_pick_2,S2I2S2I2S2I1S1I2S1I2,2500.0,2.5,1827560.0,5662352.0,2243.700684,1.0052752164194638,0.012037052274762238,5
ETVZ:seis_pick_1/inf_pick_2 | NGZ:seis_pick_1/inf_pick_1 | NOVZ:seis_pick_1/inf_pick_2 | OTVZ:seis_pick_2/inf_pick_2 | SNVZ:seis_pick_1/inf_pick_1,S1I2S1I1S1I2S2I2S1I1,3000.0,3.0,1828232.0,5661680.0,1707.919678,1.0056492296045692,0.38540350610958696,5
ETVZ:seis_pick_2/inf_pick_1 | NGZ:seis_pick_2/inf_pick_2 | NOVZ:seis_pick_1/inf_pick_1 | OTVZ:seis_pick_1/inf_pick_1 | SNVZ:seis_pick_2/inf_pick_2,S2I1S2I2S1I1S1I1S2I2,3300.0,3.3,1828136.0,5662160.0,1946.274292,1.0059178681930732,-0.7578289029727158,5
ETVZ:seis_pick_2/inf_pick_1 | NGZ:seis_pick_2/inf_pick_2 | NOVZ:seis_pick_2/inf_pick_1 | OTVZ:seis_pick_1/inf_pick_1 | SNVZ:seis_pick_2/inf_pick_2,S2I1S2I2S2I1S1I1S2I2,2500.0,2.5,1828040.0,5662256.0,2015.394897,1.006011277584025,-0.571157524069583,5
ETVZ:seis_pick_1/inf_pick_1 | NGZ:seis_pick_2/inf_pick_2 | NOVZ:seis_pick_2/inf_pick_1 | OTVZ:seis_pick_2/inf_pick_2 | SNVZ:seis_pick_2/inf_pick_2,S1I1S2I2S2I1S2I2S2I2,2500.0,2.5,1827944.0,5662256.0,2088.119141,1.0060918178198905,-0.4290663712238745,5
ETVZ:seis_pick_1/inf_pick_1 | NGZ:seis_pick_1/inf_pick_2 | NOVZ:seis_pick_1/inf_pick_2 | OTVZ:seis_pick_2/inf_pick_1 | SNVZ:seis_pick_1/inf_pick_1,S1I1S1I2S1I2S2I1S1I1,3000.0,3.0,1828424.0,5661680.0,1639.828735,1.006152263129786,-0.5833865742170075,5
ETVZ:seis_pick_2/inf_pick_2 | NGZ:seis_pick_1/inf_pick_1 | NOVZ:seis_pick_1/inf_pick_1 | OTVZ:seis_pick_2/inf_pick_2 | SNVZ:seis_pick_1/inf_pick_1,S2I2S1I1S1I1S2I2S1I1,3000.0,3.0,1828232.0,5661872.0,1779.748779,1.006658328182602,0.014847280549708585,5
ETVZ:seis_pick_2/inf_pick_2 | NGZ:seis_pick_1/inf_pick_1 | NOVZ:seis_pick_1/inf_pick_2 | OTVZ:seis_pick_2/inf_pick_2 | SNVZ:seis_pick_1/inf_pick_2,S2I2S1I1S1I2S2I2S1I2,3300.0,3.3,1828328.0,5662160.0,1795.425903,1.007077388258714,0.6518536029528113,5
ETVZ:seis_pick_2/inf_pick_2 | NGZ:seis_pick_2/inf_pick_1 | NOVZ:seis_pick_1/inf_pick_1 | OTVZ:seis_pick_2/inf_pick_2 | SNVZ:seis_pick_2/inf_pick_1,S2I2S2I1S1I1S2I2S2I1,2500.0,2.5,1828136.0,5661680.0,1731.645752,1.0074607182121091,-0.08462719169077779,5
ETVZ:seis_pick_1/inf_pick_1 | NGZ:seis_pick_1/inf_pick_2 | NOVZ:seis_pick_2/inf_pick_1 | OTVZ:seis_pick_2/inf_pick_1 | SNVZ:seis_pick_2/inf_pick_1,S1I1S1I2S2I1S2I1S2I1,3300.0,3.3,1828232.0,5661872.0,1779.748779,1.0077041439398737,-1.3121351697666586,5
ETVZ:seis_pick_1/inf_pick_2 | NGZ:seis_pick_1/inf_pick_1 | NOVZ:seis_pick_1/inf_pick_1 | OTVZ:seis_pick_1/inf_pick_2 | SNVZ:seis_pick_1/inf_pick_1,S1I2S1I1S1I1S1I2S1I1,2500.0,2.5,1827944.0,5661872.0,1879.445679,1.0079600708073244,0.5834655480994007,5
ETVZ:seis_pick_2/inf_pick_2 | NGZ:seis_pick_2/inf_pick_1 | NOVZ:seis_pick_1/inf_pick_1 | OTVZ:seis_pick_2/inf_pick_2 | SNVZ:seis_pick_2/inf_pick_2,S2I2S2I1S1I1S2I2S2I2,3000.0,3.0,1828136.0,5662160.0,1946.274292,1.0079768777417648,0.10074686519693507,5
ETVZ:seis_pick_2/inf_pick_1 | NGZ:seis_pick_2/inf_pick_1 | NOVZ:seis_pick_2/inf_pick_1 | OTVZ:seis_pick_2/inf_pick_1 | SNVZ:seis_pick_2/inf_pick_1,S2I1S2I1S2I1S2I1S2I1,2500.0,2.5,1828424.0,5661776.0,1675.246094,1.0086684418740062,-0.844887082763717,5
ETVZ:seis_pick_2/inf_pick_2 | NGZ:seis_pick_1/inf_pick_1 | NOVZ:seis_pick_1/inf_pick_1 | OTVZ:seis_pick_1/inf_pick_2 | SNVZ:seis_pick_2/inf_pick_1,S2I2S1I1S1I1S1I2S2I1,2500.0,2.5,1828040.0,5661680.0,1747.83252,1.0096563471743238,0.345176862885911,5
ETVZ:seis_pick_2/inf_pick_2 | NGZ:seis_pick_1/inf_pick_1 | NOVZ:seis_pick_2/inf_pick_2 | OTVZ:seis_pick_2/inf_pick_2 | SNVZ:seis_pick_2/inf_pick_1,S2I2S1I1S2I2S2I2S2I1,3000.0,3.0,1828232.0,5661680.0,1707.919678,1.009718787925418,-0.05464070099879113,5
ETVZ:seis_pick_1/inf_pick_2 | NGZ:seis_pick_1/inf_pick_2 | NOVZ:seis_pick_1/inf_pick_1 | OTVZ:seis_pick_1/inf_pick_2 | SNVZ:seis_pick_1/inf_pick_2,S1I2S1I2S1I1S1I2S1I2,2500.0,2.5,1827752.0,5662160.0,2131.72583,1.0099223000660564,0.6216095946942692,5
ETVZ:seis_pick_2/inf_pick_1 | NGZ:seis_pick_2/inf_pick_1 | NOVZ:seis_pick_2/inf_pick_1 | OTVZ:seis_pick_2/inf_pick_1 | SNVZ:seis_pick_1/inf_pick_1,S2I1S2I1S2I1S2I1S1I1,2500.0,2.5,1828424.0,5661968.0,1733.215942,1.0103738715060917,-0.6872708858933014,5
ETVZ:seis_pick_2/inf_pick_2 | NGZ:seis_pick_2/inf_pick_2 | NOVZ:seis_pick_1/inf_pick_1 | OTVZ:seis_pick_1/inf_pick_2 | SNVZ:seis_pick_1/inf_pick_2,S2I2S2I2S1I1S1I2S1I2,3000.0,3.0,1827656.0,5662256.0,2225.325684,1.010612744340191,-0.05842807149220679,5
ETVZ:seis_pick_1/inf_pick_1 | NGZ:seis_pick_2/inf_pick_1 | NOVZ:seis_pick_1/inf_pick_1 | OTVZ:seis_pick_1/inf_pick_1 | SNVZ:seis_pick_1/inf_pick_2,S1I1S2I1S1I1S1I1S1I2,3300.0,3.3,1828232.0,5662352.0,1933.467285,1.0106181223708133,-0.15237339785893217,5
ETVZ:seis_pick_1/inf_pick_2 | NGZ:seis_pick_2/inf_pick_2 | NOVZ:seis_pick_1/inf_pick_1 | OTVZ:seis_pick_2/inf_pick_2 | SNVZ:seis_pick_1/inf_pick_1,S1I2S2I2S1I1S2I2S1I1,3000.0,3.0,1827848.0,5661776.0,1864.244263,1.0107122858330506,-0.48636851457343316,5
ETVZ:seis_pick_2/inf_pick_1 | NGZ:seis_pick_1/inf_pick_2 | NOVZ:seis_pick_2/inf_pick_1 | OTVZ:seis_pick_1/inf_pick_1 | SNVZ:seis_pick_1/inf_pick_2,S2I1S1I2S2I1S1I1S1I2,3300.0,3.3,1828136.0,5662448.0,1978.485596,1.0108207977500419,-0.6229578701587897,5
ETVZ:seis_pick_1/inf_pick_1 | NGZ:seis_pick_1/inf_pick_1 | NOVZ:seis_pick_1/inf_pick_1 | OTVZ:seis_pick_1/inf_pick_1 | SNVZ:seis_pick_1/inf_pick_2,S1I1S1I1S1I1S1I1S1I2,2500.0,2.5,1828424.0,5662352.0,1806.060791,1.0110211231349238,0.4883454641464377,5
ETVZ:seis_pick_2/inf_pick_1 | NGZ:seis_pick_1/inf_pick_2 | NOVZ:seis_pick_1/inf_pick_1 | OTVZ:seis_pick_2/inf_pick_2 | SNVZ:seis_pick_1/inf_pick_2,S2I1S1I2S1I1S2I2S1I2,2500.0,2.5,1828232.0,5662352.0,1933.467285,1.01124989345163,0.047626769898066176,5
ETVZ:seis_pick_1/inf_pick_1 | NGZ:seis_pick_2/inf_pick_1 | NOVZ:seis_pick_1/inf_pick_2 | OTVZ:seis_pick_2/inf_pick_2 | SNVZ:seis_pick_1/inf_pick_2,S1I1S2I1S1I2S2I2S1I2,2500.0,2.5,1828328.0,5662160.0,1795.425903,1.01181637939714,0.6469885652553555,5
ETVZ:seis_pick_1/inf_pick_1 | NGZ:seis_pick_2/inf_pick_2 | NOVZ:seis_pick_2/inf_pick_1 | OTVZ:seis_pick_2/inf_pick_1 | SNVZ:seis_pick_2/inf_pick_1,S1I1S2I2S2I1S2I1S2I1,3000.0,3.0,1828136.0,5661776.0,1782.875366,1.011927745782799,-1.387627985146468,5
ETVZ:seis_pick_2/inf_pick_2 | NGZ:seis_pick_1/inf_pick_2 | NOVZ:seis_pick_2/inf_pick_1 | OTVZ:seis_pick_2/inf_pick_2 | SNVZ:seis_pick_2/inf_pick_1,S2I2S1I2S2I1S2I2S2I1,2500.0,2.5,1827944.0,5661776.0,1826.723999,1.0120523558789853,-0.43688105385380194,5
ETVZ:seis_pick_1/inf_pick_2 | NGZ:seis_pick_2/inf_pick_1 | NOVZ:seis_pick_1/inf_pick_2 | OTVZ:seis_pick_1/inf_pick_1 | SNVZ:seis_pick_1/inf_pick_1,S1I2S2I1S1I2S1I1S1I1,3300.0,3.3,1828136.0,5661680.0,1731.645752,1.0123416278362074,-0.01626867528595639,5
ETVZ:seis_pick_2/inf_pick_1 | NGZ:seis_pick_1/inf_pick_2 | NOVZ:seis_pick_2/inf_pick_2 | OTVZ:seis_pick_2/inf_pick_2 | SNVZ:seis_pick_1/inf_pick_2,S2I1S1I2S2I2S2I2S1I2,3000.0,3.0,1828232.0,5662256.0,1871.278687,1.0124493212354937,-0.08484118681827298,5
ETVZ:seis_pick_2/inf_pick_2 | NGZ:seis_pick_2/inf_pick_1 | NOVZ:seis_pick_2/inf_pick_2 | OTVZ:seis_pick_1/inf_pick_1 | SNVZ:seis_pick_1/inf_pick_1,S2I2S2I1S2I2S1I1S1I1,2500.0,2.5,1828232.0,5661680.0,1707.919678,1.01263249729659,0.13684740854412034,5
ETVZ:seis_pick_1/inf_pick_1 | NGZ:seis_pick_2/inf_pick_2 | NOVZ:seis_pick_2/inf_pick_2 | OTVZ:seis_pick_1/inf_pick_2 | SNVZ:seis_pick_1/inf_pick_2,S1I1S2I2S2I2S1I2S1I2,3300.0,3.3,1827848.0,5662256.0,2154.689941,1.0131880518284022,-0.20300409750877665,5
ETVZ:seis_pick_1/inf_pick_2 | NGZ:seis_pick_1/inf_pick_2 | NOVZ:seis_pick_1/inf_pick_2 | OTVZ:seis_pick_1/inf_pick_1 | SNVZ:seis_pick_1/inf_pick_1,S1I2S1I2S1I2S1I1S1I1,3300.0,3.3,1828136.0,5661584.0,1680.270508,1.013453057213316,-0.15601404676305924,5
ETVZ:seis_pick_1/inf_pick_2 | NGZ:seis_pick_2/inf_pick_2 | NOVZ:seis_pick_2/inf_pick_1 | OTVZ:seis_pick_2/inf_pick_2 | SNVZ:seis_pick_1/inf_pick_1,S1I2S2I2S2I1S2I2S1I1,3300.0,3.3,1827752.0,5661872.0,1964.508057,1.0138879015142603,-0.8166602148581571,5
ETVZ:seis_pick_2/inf_pick_1 | NGZ:seis_pick_2/inf_pick_2 | NOVZ:seis_pick_1/inf_pick_2 | OTVZ:seis_pick_2/inf_pick_1 | SNVZ:seis_pick_1/inf_pick_1,S2I1S2I2S1I2S2I1S1I1,3000.0,3.0,1828328.0,5661680.0,1673.186646,1.0139564015121723,-0.90508221674959,5
ETVZ:seis_pick_1/inf_pick_1 | NGZ:seis_pick_2/inf_pick_1 | NOVZ:seis_pick_2/inf_pick_1 | OTVZ:seis_pick_1/inf_pick_1 | SNVZ:seis_pick_1/inf_pick_2,S1I1S2I1S2I1S1I1S1I2,3300.0,3.3,1828232.0,5662448.0,1918.638916,1.0142250148105367,-0.3153801415271145,5
ETVZ:seis_pick_2/inf_pick_2 | NGZ:seis_pick_1/inf_pick_1 | NOVZ:seis_pick_2/inf_pick_2 | OTVZ:seis_pick_1/inf_pick_1 | SNVZ:seis_pick_1/inf_pick_1,S2I2S1I1S2I2S1I1S1I1,3000.0,3.0,1828328.0,5661776.0,1708.478394,1.0142433106642497,0.0681659260445537,5
ETVZ:seis_pick_1/inf_pick_1 | NGZ:seis_pick_2/inf_pick_1 | NOVZ:seis_pick_1/inf_pick_1 | OTVZ:seis_pick_2/inf_pick_1 | SNVZ:seis_pick_2/inf_pick_1,S1I1S2I1S1I1S2I1S2I1,3000.0,3.0,1828424.0,5661680.0,1639.828735,1.0143951764649806,-0.846840715982131,5
ETVZ:seis_pick_2/inf_pick_1 | NGZ:seis_pick_2/inf_pick_2 | NOVZ:seis_pick_2/inf_pick_2 | OTVZ:seis_pick_2/inf_pick_2 | SNVZ:seis_pick_2/inf_pick_2,S2I1S2I2S2I2S2I2S2I2,2500.0,2.5,1828136.0,5662064.0,1926.312866,1.0144599589906125,-0.17554291129562588,5
ETVZ:seis_pick_1/inf_pick_1 | NGZ:seis_pick_2/inf_pick_2 | NOVZ:seis_pick_2/inf_pick_2 | OTVZ:seis_pick_1/inf_pick_2 | SNVZ:seis_pick_1/inf_pick_2,S1I1S2I2S2I2S1I2S1I2,3000.0,3.0,1827848.0,5662256.0,2154.689941,1.0148715230899605,-0.0784062579692005,5
ETVZ:seis_pick_1/inf_pick_2 | NGZ:seis_pick_2/inf_pick_1 | NOVZ:seis_pick_2/inf_pick_2 | OTVZ:seis_pick_2/inf_pick_2 | SNVZ:seis_pick_1/inf_pick_1,S1I2S2I1S2I2S2I2S1I1,3000.0,3.0,1828040.0,5661776.0,1817.950928,1.015024067756241,-0.0004982207621960555,5
ETVZ:seis_pick_2/inf_pick_2 | NGZ:seis_pick_1/inf_pick_2 | NOVZ:seis_pick_2/inf_pick_1 | OTVZ:seis_pick_1/inf_pick_1 | SNVZ:seis_pick_1/inf_pick_1,S2I2S1I2S2I1S1I1S1I1,3000.0,3.0,1827944.0,5661872.0,1879.445679,1.0150530255757442,-0.6191435282712374,5
ETVZ:seis_pick_1/inf_pick_2 | NGZ:seis_pick_1/inf_pick_2 | NOVZ:seis_pick_1/inf_pick_1 | OTVZ:seis_pick_2/inf_pick_2 | SNVZ:seis_pick_1/inf_pick_1,S1I2S1I2S1I1S2I2S1I1,3000.0,3.0,1827944.0,5661776.0,1826.723999,1.0162254064279859,-0.26537959284578977,5
ETVZ:seis_pick_1/inf_pick_1 | NGZ:seis_pick_2/inf_pick_1 | NOVZ:seis_pick_2/inf_pick_2 | OTVZ:seis_pick_1/inf_pick_1 | SNVZ:seis_pick_1/inf_pick_2,S1I1S2I1S2I2S1I1S1I2,3300.0,3.3,1828328.0,5662256.0,1832.388062,1.0165361636573254,0.013915769993935356,5
ETVZ:seis_pick_1/inf_pick_2 | NGZ:seis_pick_1/inf_pick_2 | NOVZ:seis_pick_1/inf_pick_2 | OTVZ:seis_pick_2/inf_pick_2 | SNVZ:seis_pick_1/inf_pick_1,S1I2S1I2S1I2S2I2S1I1,2500.0,2.5,1828040.0,5661584.0,1704.531738,1.016696312687603,0.28102563173846934,5
ETVZ:seis_pick_1/inf_pick_1 | NGZ:seis_pick_1/inf_pick_2 | NOVZ:seis_pick_2/inf_pick_2 | OTVZ:seis_pick_2/inf_pick_1 | SNVZ:seis_pick_2/inf_pick_1,S1I1S1I2S2I2S2I1S2I1,2500.0,2.5,1828328.0,5661584.0,1637.31189,1.0176667293606942,-0.6532571450901482,5
ETVZ:seis_pick_2/inf_pick_2 | NGZ:seis_pick_2/inf_pick_1 | NOVZ:seis_pick_2/inf_pick_1 | OTVZ:seis_pick_2/inf_pick_2 | SNVZ:seis_pick_2/inf_pick_2,S2I2S2I1S2I1S2I2S2I2,3300.0,3.3,1828040.0,5662256.0,2015.394897,1.0177146971914874,-0.22960680363569957,5
ETVZ:seis_pick_1/inf_pick_2 | NGZ:seis_pick_1/inf_pick_2 | NOVZ:seis_pick_1/inf_pick_1 | OTVZ:seis_pick_2/inf_pick_2 | SNVZ:seis_pick_2/inf_pick_1,S1I2S1I2S1I1S2I2S2I1,3000.0,3.0,1827944.0,5661584.0,1737.253296,1.0180244246469723,-0.42680928610852414,5
ETVZ:seis_pick_1/inf_pick_2 | NGZ:seis_pick_1/inf_pick_2 | NOVZ:seis_pick_2/inf_pick_2 | OTVZ:seis_pick_1/inf_pick_2 | SNVZ:seis_pick_1/inf_pick_2,S1I2S1I2S2I2S1I2S1I2,2500.0,2.5,1827752.0,5662160.0,2131.72583,1.018060682150335,0.7125813383193537,5
ETVZ:seis_pick_1/inf_pick_1 | NGZ:seis_pick_1/inf_pick_1 | NOVZ:seis_pick_2/inf_pick_2 | OTVZ:seis_pick_2/inf_pick_1 | SNVZ:seis_pick_2/inf_pick_1,S1I1S1I1S2I2S2I1S2I1,3300.0,3.3,1828520.0,5661680.0,1602.574463,1.0180966916247114,-0.6795166517922615,5
ETVZ:seis_pick_1/inf_pick_1 | NGZ:seis_pick_1/inf_pick_2 | NOVZ:seis_pick_2/inf_pick_2 | OTVZ:seis_pick_2/inf_pick_1 | SNVZ:seis_pick_1/inf_pick_1,S1I1S1I2S2I2S2I1S1I1,3000.0,3.0,1828328.0,5661776.0,1708.478394,1.0182942119506417,-0.7445314521667135,5
ETVZ:seis_pick_1/inf_pick_2 | NGZ:seis_pick_1/inf_pick_2 | NOVZ:seis_pick_2/inf_pick_2 | OTVZ:seis_pick_1/inf_pick_1 | SNVZ:seis_pick_2/inf_pick_1,S1I2S1I2S2I2S1I1S2I1,3300.0,3.3,1828040.0,5661584.0,1704.531738,1.01860194704159,-0.50075977924766,5
ETVZ:seis_pick_2/inf_pick_1 | NGZ:seis_pick_2/inf_pick_1 | NOVZ:seis_pick_1/inf_pick_2 | OTVZ:seis_pick_1/inf_pick_1 | SNVZ:seis_pick_1/inf_pick_2,S2I1S2I1S1I2S1I1S1I2,2500.0,2.5,1828424.0,5662160.0,1740.991333,1.018808069245822,0.4764480018419876,5
ETVZ:seis_pick_2/inf_pick_2 | NGZ:seis_pick_1/inf_pick_2 | NOVZ:seis_pick_2/inf_pick_1 | OTVZ:seis_pick_1/inf_pick_1 | SNVZ:seis_pick_2/inf_pick_1,S2I2S1I2S2I1S1I1S2I1,3000.0,3.0,1827944.0,5661776.0,1826.723999,1.019158926941094,-0.7800857750664877,5
ETVZ:seis_pick_2/inf_pick_2 | NGZ:seis_pick_2/inf_pick_2 | NOVZ:seis_pick_2/inf_pick_1 | OTVZ:seis_pick_1/inf_pick_1 | SNVZ:seis_pick_2/inf_pick_1,S2I2S2I2S2I1S1I1S2I1,2500.0,2.5,1827848.0,5661680.0,1823.050049,1.0191722320985124,-0.718363518613437,5
ETVZ:seis_pick_2/inf_pick_2 | NGZ:seis_pick_2/inf_pick_1 | NOVZ:seis_pick_2/inf_pick_2 | OTVZ:seis_pick_1/inf_pick_1 | SNVZ:seis_pick_2/inf_pick_1,S2I2S2I1S2I2S1I1S2I1,2500.0,2.5,1828136.0,5661584.0,1680.270508,1.0192716633331707,-0.06236654656001388,5
ETVZ:seis_pick_2/inf_pick_1 | NGZ:seis_pick_2/inf_pick_2 | NOVZ:seis_pick_1/inf_pick_1 | OTVZ:seis_pick_1/inf_pick_1 | SNVZ:seis_pick_2/inf_pick_2,S2I1S2I2S1I1S1I1S2I2,3000.0,3.0,1828136.0,5662160.0,1946.274292,1.019611806753705,-0.6353403616719699,5
ETVZ:seis_pick_2/inf_pick_2 | NGZ:seis_pick_1/inf_pick_1 | NOVZ:seis_pick_1/inf_pick_2 | OTVZ:seis_pick_1/inf_pick_1 | SNVZ:seis_pick_2/inf_pick_2,S2I2S1I1S1I2S1I1S2I2,3000.0,3.0,1828328.0,5661968.0,1780.70813,1.0196672336950663,0.5535838534827604,5
ETVZ:seis_pick_1/inf_pick_1 | NGZ:seis_pick_2/inf_pick_2 | NOVZ:seis_pick_2/inf_pick_2 | OTVZ:seis_pick_2/inf_pick_2 | SNVZ:seis_pick_2/inf_pick_2,S1I1S2I2S2I2S2I2S2I2,3300.0,3.3,1828040.0,5662064.0,1956.737061,1.019794847221482,-0.47856587047685933,5
ETVZ:seis_pick_1/inf_pick_2 | NGZ:seis_pick_1/inf_pick_2 | NOVZ:seis_pick_2/inf_pick_1 | OTVZ:seis_pick_1/inf_pick_2 | SNVZ:seis_pick_1/inf_pick_2,S1I2S1I2S2I1S1I2S1I2,2500.0,2.5,1827656.0,5662352.0,2272.333496,1.0201516943066673,0.3362738415328101,5
ETVZ:seis_pick_2/inf_pick_1 | NGZ:seis_pick_1/inf_pick_1 | NOVZ:seis_pick_2/inf_pick_2 | OTVZ:seis_pick_2/inf_pick_1 | SNVZ:seis_pick_2/inf_pick_2,S2I1S1I1S2I2S2I1S2I2,3000.0,3.0,1828616.0,5662160.0,1662.350708,1.0204840697386037,-0.16537351750341092,5
ETVZ:seis_pick_2/inf_pick_2 | NGZ:seis_pick_2/inf_pick_2 | NOVZ:seis_pick_2/inf_pick_2 | OTVZ:seis_pick_1/inf_pick_1 | SNVZ:seis_pick_1/inf_pick_1,S2I2S2I2S2I2S1I1S1I1,2500.0,2.5,1827944.0,5661680.0,1773.920288,1.0205495157037416,-0.2696071465849107,5
ETVZ:seis_pick_2/inf_pick_2 | NGZ:seis_pick_2/inf_pick_1 | NOVZ:seis_pick_2/inf_pick_1 | OTVZ:seis_pick_2/inf_pick_2 | SNVZ:seis_pick_2/inf_pick_1,S2I2S2I1S2I1S2I2S2I1,3300.0,3.3,1828040.0,5661776.0,1817.950928,1.0208016011285803,-0.6532602615499332,5
ETVZ:seis_pick_1/inf_pick_2 | NGZ:seis_pick_2/inf_pick_1 | NOVZ:seis_pick_1/inf_pick_2 | OTVZ:seis_pick_2/inf_pick_2 | SNVZ:seis_pick_1/inf_pick_1,S1I2S2I1S1I2S2I2S1I1,2500.0,2.5,1828136.0,5661584.0,1680.270508,1.021032044594659,0.452339635660684,5
ETVZ:seis_pick_1/inf_pick_2 | NGZ:seis_pick_2/inf_pick_1 | NOVZ:seis_pick_1/inf_pick_2 | OTVZ:seis_pick_2/inf_pick_2 | SNVZ:seis_pick_2/inf_pick_1,S1I2S2I1S1I2S2I2S2I1,2500.0,2.5,1828136.0,5661392.0,1605.433472,1.0211029445398438,0.2613224392625851,5
ETVZ:seis_pick_1/inf_pick_1 | NGZ:seis_pick_2/inf_pick_2 | NOVZ:seis_pick_2/inf_pick_2 | OTVZ:seis_pick_1/inf_pick_2 | SNVZ:seis_pick_1/inf_pick_2,S1I1S2I2S2I2S1I2S1I2,2500.0,2.5,1827848.0,5662160.0,2101.272461,1.0215954500671804,0.2413036521048987,5
ETVZ:seis_pick_1/inf_pick_2 | NGZ:seis_pick_2/inf_pick_1 | NOVZ:seis_pick_2/inf_pick_1 | OTVZ:seis_pick_1/inf_pick_2 | SNVZ:seis_pick_2/inf_pick_1,S1I2S2I1S2I1S1I2S2I1,3000.0,3.0,1827848.0,5661776.0,1864.244263,1.021840449663577,-0.20399219458804102,5
ETVZ:seis_pick_2/inf_pick_1 | NGZ:seis_pick_1/inf_pick_1 | NOVZ:seis_pick_1/inf_pick_1 | OTVZ:seis_pick_2/inf_pick_1 | SNVZ:seis_pick_2/inf_pick_2,S2I1S1I1S1I1S2I1S2I2,3300.0,3.3,1828616.0,5662256.0,1674.459961,1.0220972228990128,-0.40328448089780233,5
ETVZ:seis_pick_2/inf_pick_2 | NGZ:seis_pick_1/inf_pick_2 | NOVZ:seis_pick_1/inf_pick_1 | OTVZ:seis_pick_1/inf_pick_1 | SNVZ:seis_pick_1/inf_pick_1,S2I2S1I2S1I1S1I1S1I1,2500.0,2.5,1828040.0,5661776.0,1817.950928,1.0221388936215334,-0.165852350348532,5
ETVZ:seis_pick_1/inf_pick_1 | NGZ:seis_pick_1/inf_pick_1 | NOVZ:seis_pick_2/inf_pick_1 | OTVZ:seis_pick_1/inf_pick_1 | SNVZ:seis_pick_2/inf_pick_1,S1I1S1I1S2I1S1I1S2I1,3000.0,3.0,1828328.0,5661872.0,1752.691528,1.02283321592669,-0.5670856887876408,5
ETVZ:seis_pick_1/inf_pick_2 | NGZ:seis_pick_2/inf_pick_2 | NOVZ:seis_pick_1/inf_pick_1 | OTVZ:seis_pick_1/inf_pick_1 | SNVZ:seis_pick_2/inf_pick_1,S1I2S2I2S1I1S1I1S2I1,3300.0,3.3,1827848.0,5661584.0,1803.133545,1.0232786714626365,-0.8485329996626195,5
ETVZ:seis_pick_2/inf_pick_1 | NGZ:seis_pick_2/inf_pick_2 | NOVZ:seis_pick_1/inf_pick_1 | OTVZ:seis_pick_2/inf_pick_1 | SNVZ:seis_pick_1/inf_pick_1,S2I1S2I2S1I1S2I1S1I1,2500.0,2.5,1828232.0,5661776.0,1756.203979,1.023385879831503,-0.8987916515980666,5
ETVZ:seis_pick_1/inf_pick_2 | NGZ:seis_pick_1/inf_pick_1 | NOVZ:seis_pick_1/inf_pick_2 | OTVZ:seis_pick_2/inf_pick_2 | SNVZ:seis_pick_2/inf_pick_1,S1I2S1I1S1I2S2I2S2I1,3300.0,3.3,1828232.0,5661488.0,1616.910156,1.0238567801193,0.0842642751259282,5
ETVZ:seis_pick_1/inf_pick_1 | NGZ:seis_pick_1/inf_pick_2 | NOVZ:seis_pick_2/inf_pick_1 | OTVZ:seis_pick_2/inf_pick_2 | SNVZ:seis_pick_1/inf_pick_2,S1I1S1I2S2I1S2I2S1I2,3000.0,3.0,1828040.0,5662448.0,2043.867798,1.0239749033469396,-0.3501593416666712,5
ETVZ:seis_pick_2/inf_pick_2 | NGZ:seis_pick_1/inf_pick_2 | NOVZ:seis_pick_2/inf_pick_2 | OTVZ:seis_pick_2/inf_pick_2 | SNVZ:seis_pick_2/inf_pick_2,S2I2S1I2S2I2S2I2S2I2,3300.0,3.3,1828040.0,5662064.0,1956.737061,1.0242376632938528,-0.08470242768861311,5
ETVZ:seis_pick_1/inf_pick_2 | NGZ:seis_pick_2/inf_pick_2 | NOVZ:seis_pick_2/inf_pick_1 | OTVZ:seis_pick_2/inf_pick_2 | SNVZ:seis_pick_2/inf_pick_1,S1I2S2I2S2I1S2I2S2I1,3000.0,3.0,1827752.0,5661680.0,1892.618652,1.0249411648761213,-0.8426493642009738,5
ETVZ:seis_pick_2/inf_pick_1 | NGZ:seis_pick_1/inf_pick_1 | NOVZ:seis_pick_2/inf_pick_1 | OTVZ:seis_pick_2/inf_pick_1 | SNVZ:seis_pick_1/inf_pick_1,S2I1S1I1S2I1S2I1S1I1,3000.0,3.0,1828520.0,5662064.0,1695.895142,1.0259840361966561,-0.7670309923106249,5
ETVZ:seis_pick_1/inf_pick_2 | NGZ:seis_pick_2/inf_pick_2 | NOVZ:seis_pick_2/inf_pick_1 | OTVZ:seis_pick_1/inf_pick_2 | SNVZ:seis_pick_1/inf_pick_2,S1I2S2I2S2I1S1I2S1I2,3300.0,3.3,1827560.0,5662352.0,2243.700684,1.0271747768333963,-0.2713192037723736,5
ETVZ:seis_pick_2/inf_pick_1 | NGZ:seis_pick_2/inf_pick_2 | NOVZ:seis_pick_2/inf_pick_1 | OTVZ:seis_pick_2/inf_pick_1 | SNVZ:seis_pick_1/inf_pick_1,S2I1S2I2S2I1S2I1S1I1,2500.0,2.5,1828232.0,5661872.0,1779.748779,1.02752426569033,-1.045867892411302,5
ETVZ:seis_pick_1/inf_pick_1 | NGZ:seis_pick_1/inf_pick_2 | NOVZ:seis_pick_1/inf_pick_1 | OTVZ:seis_pick_2/inf_pick_2 | SNVZ:seis_pick_1/inf_pick_2,S1I1S1I2S1I1S2I2S1I2,3300.0,3.3,1828136.0,5662352.0,1970.850952,1.0292420372646136,-0.25634398506934597,5
ETVZ:seis_pick_2/inf_pick_1 | NGZ:seis_pick_1/inf_pick_2 | NOVZ:seis_pick_2/inf_pick_1 | OTVZ:seis_pick_1/inf_pick_1 | SNVZ:seis_pick_1/inf_pick_2,S2I1S1I2S2I1S1I1S1I2,3000.0,3.0,1828136.0,5662448.0,1978.485596,1.0295714702718648,-0.4994270334781696,5
ETVZ:seis_pick_2/inf_pick_1 | NGZ:seis_pick_1/inf_pick_1 | NOVZ:seis_pick_1/inf_pick_1 | OTVZ:seis_pick_2/inf_pick_1 | SNVZ:seis_pick_2/inf_pick_1,S2I1S1I1S1I1S2I1S2I1,2500.0,2.5,1828616.0,5661680.0,1581.337891,1.0298208899243737,-0.4974931783345262,5
ETVZ:seis_pick_2/inf_pick_1 | NGZ:seis_pick_2/inf_pick_2 | NOVZ:seis_pick_2/inf_pick_2 | OTVZ:seis_pick_1/inf_pick_2 | SNVZ:seis_pick_1/inf_pick_2,S2I1S2I2S2I2S1I2S1I2,2500.0,2.5,1827944.0,5662256.0,2088.119141,1.029896060228357,0.1315786015436929,5
ETVZ:seis_pick_2/inf_pick_2 | NGZ:seis_pick_2/inf_pick_2 | NOVZ:seis_pick_1/inf_pick_2 | OTVZ:seis_pick_1/inf_pick_1 | SNVZ:seis_pick_1/inf_pick_1,S2I2S2I2S1I2S1I1S1I1,2500.0,2.5,1828040.0,5661584.0,1704.531738,1.0299491769605913,-0.0972229350445998,5
ETVZ:seis_pick_2/inf_pick_2 | NGZ:seis_pick_1/inf_pick_2 | NOVZ:seis_pick_1/inf_pick_1 | OTVZ:seis_pick_2/inf_pick_2 | SNVZ:seis_pick_2/inf_pick_2,S2I2S1I2S1I1S2I2S2I2,3300.0,3.3,1828040.0,5662160.0,2012.584229,1.0305412611017706,-0.21536951742003724,5
ETVZ:seis_pick_1/inf_pick_2 | NGZ:seis_pick_2/inf_pick_2 | NOVZ:seis_pick_2/inf_pick_2 | OTVZ:seis_pick_1/inf_pick_1 | SNVZ:seis_pick_2/inf_pick_1,S1I2S2I2S2I2S1I1S2I1,3000.0,3.0,1827944.0,5661488.0,1710.052002,1.0316649323831222,-0.5935789255546325,5
ETVZ:seis_pick_1/inf_pick_1 | NGZ:seis_pick_1/inf_pick_1 | NOVZ:seis_pick_2/inf_pick_1 | OTVZ:seis_pick_2/inf_pick_2 | SNVZ:seis_pick_2/inf_pick_1,S1I1S1I1S2I1S2I2S2I1,2500.0,2.5,1828232.0,5661872.0,1779.748779,1.0319820672633735,-0.24878539020521143,5
ETVZ:seis_pick_1/inf_pick_1 | NGZ:seis_pick_1/inf_pick_1 | NOVZ:seis_pick_1/inf_pick_2 | OTVZ:seis_pick_2/inf_pick_1 | SNVZ:seis_pick_2/inf_pick_1,S1I1S1I1S1I2S2I1S2I1,2500.0,2.5,1828616.0,5661488.0,1532.461182,1.0323594143138166,-0.16222388095633544,5
ETVZ:seis_pick_2/inf_pick_2 | NGZ:seis_pick_1/inf_pick_1 | NOVZ:seis_pick_1/inf_pick_2 | OTVZ:seis_pick_1/inf_pick_1 | SNVZ:seis_pick_2/inf_pick_1,S2I2S1I1S1I2S1I1S2I1,2500.0,2.5,1828328.0,5661488.0,1598.106201,1.03281819340908,0.2917326394185974,5
ETVZ:seis_pick_2/inf_pick_1 | NGZ:seis_pick_2/inf_pick_2 | NOVZ:seis_pick_2/inf_pick_2 | OTVZ:seis_pick_2/inf_pick_1 | SNVZ:seis_pick_1/inf_pick_1,S2I1S2I2S2I2S2I1S1I1,2500.0,2.5,1828328.0,5661776.0,1708.478394,1.0336286475956602,-0.7823569605609576,5
ETVZ:seis_pick_2/inf_pick_2 | NGZ:seis_pick_2/inf_pick_2 | NOVZ:seis_pick_1/inf_pick_1 | OTVZ:seis_pick_1/inf_pick_1 | SNVZ:seis_pick_1/inf_pick_1,S2I2S2I2S1I1S1I1S1I1,2500.0,2.5,1827944.0,5661680.0,1773.920288,1.0342319216964935,-0.36057889020999506,5
ETVZ:seis_pick_1/inf_pick_1 | NGZ:seis_pick_2/inf_pick_2 | NOVZ:seis_pick_2/inf_pick_2 | OTVZ:seis_pick_2/inf_pick_2 | SNVZ:seis_pick_2/inf_pick_2,S1I1S2I2S2I2S2I2S2I2,3000.0,3.0,1828040.0,5662064.0,1956.737061,1.0347907999123565,-0.35598708621990516,5
ETVZ:seis_pick_2/inf_pick_2 | NGZ:seis_pick_2/inf_pick_2 | NOVZ:seis_pick_2/inf_pick_2 | OTVZ:seis_pick_1/inf_pick_2 | SNVZ:seis_pick_1/inf_pick_2,S2I2S2I2S2I2S1I2S1I2,3300.0,3.3,1827752.0,5662160.0,2131.72583,1.034931245231069,0.010332716715481105,5
ETVZ:seis_pick_1/inf_pick_1 | NGZ:seis_pick_2/inf_pick_1 | NOVZ:seis_pick_1/inf_pick_2 | OTVZ:seis_pick_2/inf_pick_1 | SNVZ:seis_pick_1/inf_pick_1,S1I1S2I1S1I2S2I1S1I1,2500.0,2.5,1828520.0,5661680.0,1602.574463,1.0351435321922091,-0.1579351367921568,5
ETVZ:seis_pick_2/inf_pick_2 | NGZ:seis_pick_1/inf_pick_1 | NOVZ:seis_pick_2/inf_pick_2 | OTVZ:seis_pick_2/inf_pick_2 | SNVZ:seis_pick_2/inf_pick_2,S2I2S1I1S2I2S2I2S2I2,2500.0,2.5,1828232.0,5662064.0,1861.719849,1.0353550925407298,0.7069253790324606,5
ETVZ:seis_pick_1/inf_pick_1 | NGZ:seis_pick_2/inf_pick_1 | NOVZ:seis_pick_1/inf_pick_1 | OTVZ:seis_pick_1/inf_pick_1 | SNVZ:seis_pick_1/inf_pick_2,S1I1S2I1S1I1S1I1S1I2,3000.0,3.0,1828232.0,5662352.0,1933.467285,1.0360528816247028,-0.029592147354864907,5
ETVZ:seis_pick_1/inf_pick_2 | NGZ:seis_pick_2/inf_pick_1 | NOVZ:seis_pick_1/inf_pick_1 | OTVZ:seis_pick_2/inf_pick_2 | SNVZ:seis_pick_1/inf_pick_1,S1I2S2I1S1I1S2I2S1I1,3300.0,3.3,1828040.0,5661776.0,1817.950928,1.0362658352565794,-0.21321605444155517,5
ETVZ:seis_pick_2/inf_pick_2 | NGZ:seis_pick_1/inf_pick_1 | NOVZ:seis_pick_2/inf_pick_2 | OTVZ:seis_pick_2/inf_pick_2 | SNVZ:seis_pick_1/inf_pick_2,S2I2S1I1S2I2S2I2S1I2,3300.0,3.3,1828232.0,5662256.0,1871.278687,1.0363564187675007,0.4543344519898721,5
ETVZ:seis_pick_2/inf_pick_2 | NGZ:seis_pick_1/inf_pick_1 | NOVZ:seis_pick_2/inf_pick_2 | OTVZ:seis_pick_1/inf_pick_1 | SNVZ:seis_pick_2/inf_pick_2,S2I2S1I1S2I2S1I1S2I2,3300.0,3.3,1828328.0,5662160.0,1795.425903,1.0363604305419436,0.25879052515269035,5
ETVZ:seis_pick_1/inf_pick_1 | NGZ:seis_pick_1/inf_pick_1 | NOVZ:seis_pick_1/inf_pick_2 | OTVZ:seis_pick_2/inf_pick_1 | SNVZ:seis_pick_1/inf_pick_1,S1I1S1I1S1I2S2I1S1I1,2500.0,2.5,1828616.0,5661680.0,1581.337891,1.0365817319052877,0.03352277239893624,5
ETVZ:seis_pick_2/inf_pick_1 | NGZ:seis_pick_2/inf_pick_2 | NOVZ:seis_pick_2/inf_pick_2 | OTVZ:seis_pick_1/inf_pick_2 | SNVZ:seis_pick_1/inf_pick_2,S2I1S2I2S2I2S1I2S1I2,3000.0,3.0,1827944.0,5662256.0,2088.119141,1.0372869767163795,-0.14105855622668545,5
ETVZ:seis_pick_1/inf_pick_1 | NGZ:seis_pick_2/inf_pick_2 | NOVZ:seis_pick_2/inf_pick_1 | OTVZ:seis_pick_1/inf_pick_1 | SNVZ:seis_pick_2/inf_pick_2,S1I1S2I2S2I1S1I1S2I2,3300.0,3.3,1827944.0,5662256.0,2088.119141,1.0375162586506057,-0.9002914849112894,5
ETVZ:seis_pick_1/inf_pick_1 | NGZ:seis_pick_2/inf_pick_1 | NOVZ:seis_pick_1/inf_pick_1 | OTVZ:seis_pick_2/inf_pick_1 | SNVZ:seis_pick_1/inf_pick_1,S1I1S2I1S1I1S2I1S1I1,3000.0,3.0,1828424.0,5661872.0,1701.829712,1.0377709824009373,-0.6795087210034263,5
ETVZ:seis_pick_1/inf_pick_2 | NGZ:seis_pick_2/inf_pick_1 | NOVZ:seis_pick_1/inf_pick_2 | OTVZ:seis_pick_1/inf_pick_1 | SNVZ:seis_pick_2/inf_pick_1,S1I2S2I1S1I2S1I1S2I1,3000.0,3.0,1828232.0,5661488.0,1616.910156,1.0379814906626668,-0.05138393818527458,5
ETVZ:seis_pick_1/inf_pick_2 | NGZ:seis_pick_2/inf_pick_1 | NOVZ:seis_pick_2/inf_pick_2 | OTVZ:seis_pick_2/inf_pick_2 | SNVZ:seis_pick_2/inf_pick_1,S1I2S2I1S2I2S2I2S2I1,3000.0,3.0,1828040.0,5661584.0,1704.531738,1.0379815639155456,-0.15870337046695066,5
ETVZ:seis_pick_2/inf_pick_2 | NGZ:seis_pick_1/inf_pick_1 | NOVZ:seis_pick_1/inf_pick_2 | OTVZ:seis_pick_2/inf_pick_2 | SNVZ:seis_pick_1/inf_pick_2,S2I2S1I1S1I2S2I2S1I2,3000.0,3.0,1828328.0,5662160.0,1795.425903,1.0385799818704253,0.7734156045436829,5
ETVZ:seis_pick_1/inf_pick_1 | NGZ:seis_pick_2/inf_pick_1 | NOVZ:seis_pick_2/inf_pick_2 | OTVZ:seis_pick_1/inf_pick_1 | SNVZ:seis_pick_1/inf_pick_2,S1I1S2I1S2I2S1I1S1I2,3000.0,3.0,1828328.0,5662256.0,1832.388062,1.039087426209242,0.13584887418336802,5
ETVZ:seis_pick_1/inf_pick_1 | NGZ:seis_pick_1/inf_pick_2 | NOVZ:seis_pick_1/inf_pick_1 | OTVZ:seis_pick_2/inf_pick_1 | SNVZ:seis_pick_1/inf_pick_1,S1I1S1I2S1I1S2I1S1I1,3000.0,3.0,1828328.0,5661872.0,1752.691528,1.039777890642835,-0.8494620087730329,5
ETVZ:seis_pick_2/inf_pick_1 | NGZ:seis_pick_1/inf_pick_2 | NOVZ:seis_pick_2/inf_pick_2 | OTVZ:seis_pick_2/inf_pick_2 | SNVZ:seis_pick_1/inf_pick_2,S2I1S1I2S2I2S2I2S1I2,2500.0,2.5,1828232.0,5662256.0,1871.278687,1.0399326436874554,0.18410796166829488,5
ETVZ:seis_pick_1/inf_pick_1 | NGZ:seis_pick_1/inf_pick_2 | NOVZ:seis_pick_1/inf_pick_2 | OTVZ:seis_pick_1/inf_pick_1 | SNVZ:seis_pick_2/inf_pick_2,S1I1S1I2S1I2S1I1S2I2,2500.0,2.5,1828232.0,5661968.0,1833.125488,1.0407053735515939,0.25077060571191845,5
ETVZ:seis_pick_1/inf_pick_1 | NGZ:seis_pick_1/inf_pick_1 | NOVZ:seis_pick_2/inf_pick_2 | OTVZ:seis_pick_2/inf_pick_1 | SNVZ:seis_pick_1/inf_pick_1,S1I1S1I1S2I2S2I1S1I1,3000.0,3.0,1828520.0,5661872.0,1667.41626,1.041152131179139,-0.3895305383716961,5
ETVZ:seis_pick_1/inf_pick_2 | NGZ:seis_pick_1/inf_pick_1 | NOVZ:seis_pick_1/inf_pick_2 | OTVZ:seis_pick_2/inf_pick_2 | SNVZ:seis_pick_2/inf_pick_2,S1I2S1I1S1I2S2I2S2I2,3300.0,3.3,1828232.0,5661968.0,1833.125488,1.0418692965941798,0.598095166963495,5
ETVZ:seis_pick_1/inf_pick_1 | NGZ:seis_pick_2/inf_pick_1 | NOVZ:seis_pick_2/inf_pick_2 | OTVZ:seis_pick_2/inf_pick_1 | SNVZ:seis_pick_2/inf_pick_1,S1I1S2I1S2I2S2I1S2I1,2500.0,2.5,1828424.0,5661584.0,1603.305054,1.041990945312769,-0.4911579590887435,5
ETVZ:seis_pick_1/inf_pick_1 | NGZ:seis_pick_2/inf_pick_1 | NOVZ:seis_pick_2/inf_pick_1 | OTVZ:seis_pick_1/inf_pick_1 | SNVZ:seis_pick_1/inf_pick_2,S1I1S2I1S2I1S1I1S1I2,3000.0,3.0,1828232.0,5662448.0,1918.638916,1.0420978925734445,-0.19229992241788807,5
ETVZ:seis_pick_1/inf_pick_1 | NGZ:seis_pick_2/inf_pick_2 | NOVZ:seis_pick_1/inf_pick_1 | OTVZ:seis_pick_2/inf_pick_2 | SNVZ:seis_pick_2/inf_pick_2,S1I1S2I2S1I1S2I2S2I2,2500.0,2.5,1827944.0,5662064.0,2013.466919,1.0426457020605433,-0.2229980501522631,5
ETVZ:seis_pick_2/inf_pick_2 | NGZ:seis_pick_2/inf_pick_1 | NOVZ:seis_pick_2/inf_pick_1 | OTVZ:seis_pick_1/inf_pick_1 | SNVZ:seis_pick_1/inf_pick_1,S2I2S2I1S2I1S1I1S1I1,3300.0,3.3,1828040.0,5661968.0,1927.026855,1.0428014427937478,-0.5950894572956024,5
ETVZ:seis_pick_1/inf_pick_2 | NGZ:seis_pick_2/inf_pick_2 | NOVZ:seis_pick_1/inf_pick_1 | OTVZ:seis_pick_2/inf_pick_2 | SNVZ:seis_pick_2/inf_pick_1,S1I2S2I2S1I1S2I2S2I1,2500.0,2.5,1827848.0,5661584.0,1803.133545,1.0431295706822707,-0.38245117891587466,5
ETVZ:seis_pick_2/inf_pick_2 | NGZ:seis_pick_2/inf_pick_2 | NOVZ:seis_pick_1/inf_pick_1 | OTVZ:seis_pick_1/inf_pick_2 | SNVZ:seis_pick_1/inf_pick_2,S2I2S2I2S1I1S1I2S1I2,2500.0,2.5,1827656.0,5662160.0,2165.010986,1.043697271207541,0.2689202757426507,5
ETVZ:seis_pick_1/inf_pick_1 | NGZ:seis_pick_1/inf_pick_2 | NOVZ:seis_pick_2/inf_pick_1 | OTVZ:seis_pick_2/inf_pick_1 | SNVZ:seis_pick_2/inf_pick_1,S1I1S1I2S2I1S2I1S2I1,3000.0,3.0,1828232.0,5661776.0,1756.203979,1.0437439423301587,-1.180021649126127,5
ETVZ:seis_pick_2/inf_pick_2 | NGZ:seis_pick_2/inf_pick_1 | NOVZ:seis_pick_1/inf_pick_2 | OTVZ:seis_pick_2/inf_pick_2 | SNVZ:seis_pick_2/inf_pick_2,S2I2S2I1S1I2S2I2S2I2,2500.0,2.5,1828232.0,5661968.0,1833.125488,1.0437469839350075,0.6832712409100742,5
ETVZ:seis_pick_1/inf_pick_2 | NGZ:seis_pick_1/inf_pick_2 | NOVZ:seis_pick_1/inf_pick_2 | OTVZ:seis_pick_1/inf_pick_2 | SNVZ:seis_pick_1/inf_pick_2,S1I2S1I2S1I2S1I2S1I2,2500.0,2.5,1827848.0,5662064.0,2029.3927,1.0437781044440722,0.9407570303564444,5
ETVZ:seis_pick_2/inf_pick_1 | NGZ:seis_pick_2/inf_pick_2 | NOVZ:seis_pick_2/inf_pick_2 | OTVZ:seis_pick_1/inf_pick_2 | SNVZ:seis_pick_1/inf_pick_2,S2I1S2I2S2I2S1I2S1I2,3300.0,3.3,1827944.0,5662256.0,2088.119141,1.0438762325691557,-0.26498453703140223,5
ETVZ:seis_pick_2/inf_pick_2 | NGZ:seis_pick_1/inf_pick_2 | NOVZ:seis_pick_2/inf_pick_1 | OTVZ:seis_pick_2/inf_pick_2 | SNVZ:seis_pick_2/inf_pick_2,S2I2S1I2S2I1S2I2S2I2,3300.0,3.3,1827944.0,5662256.0,2088.119141,1.044206469458365,-0.4317660670107234,5
ETVZ:seis_pick_2/inf_pick_2 | NGZ:seis_pick_1/inf_pick_2 | NOVZ:seis_pick_1/inf_pick_2 | OTVZ:seis_pick_2/inf_pick_2 | SNVZ:seis_pick_2/inf_pick_2,S2I2S1I2S1I2S2I2S2I2,3300.0,3.3,1828136.0,5661968.0,1868.978394,1.0455162195626397,0.11816044053119423,5
ETVZ:seis_pick_1/inf_pick_2 | NGZ:seis_pick_1/inf_pick_2 | NOVZ:seis_pick_2/inf_pick_2 | OTVZ:seis_pick_2/inf_pick_2 | SNVZ:seis_pick_2/inf_pick_1,S1I2S1I2S2I2S2I2S2I1,2500.0,2.5,1827944.0,5661488.0,1710.052002,1.045693660286666,-0.0689162542016831,5
ETVZ:seis_pick_2/inf_pick_2 | NGZ:seis_pick_1/inf_pick_1 | NOVZ:seis_pick_2/inf_pick_2 | OTVZ:seis_pick_1/inf_pick_1 | SNVZ:seis_pick_2/inf_pick_1,S2I2S1I1S2I2S1I1S2I1,3300.0,3.3,1828328.0,5661680.0,1673.186646,1.0460448842012662,-0.2279249213136989,5
ETVZ:seis_pick_1/inf_pick_2 | NGZ:seis_pick_1/inf_pick_1 | NOVZ:seis_pick_2/inf_pick_2 | OTVZ:seis_pick_1/inf_pick_2 | SNVZ:seis_pick_2/inf_pick_1,S1I2S1I1S2I2S1I2S2I1,2500.0,2.5,1828040.0,5661584.0,1704.531738,1.0469648257886588,0.5634019517238615,5
ETVZ:seis_pick_2/inf_pick_1 | NGZ:seis_pick_1/inf_pick_2 | NOVZ:seis_pick_1/inf_pick_1 | OTVZ:seis_pick_1/inf_pick_1 | SNVZ:seis_pick_1/inf_pick_2,S2I1S1I2S1I1S1I1S1I2,3300.0,3.3,1828232.0,5662352.0,1933.467285,1.0469966646108189,-0.41993520682727115,5
ETVZ:seis_pick_1/inf_pick_1 | NGZ:seis_pick_2/inf_pick_1 | NOVZ:seis_pick_1/inf_pick_2 | OTVZ:seis_pick_1/inf_pick_1 | SNVZ:seis_pick_1/inf_pick_2,S1I1S2I1S1I2S1I1S1I2,3300.0,3.3,1828328.0,5662160.0,1795.425903,1.047774682572464,0.18332818505224519,5
ETVZ:seis_pick_2/inf_pick_2 | NGZ:seis_pick_2/inf_pick_2 | NOVZ:seis_pick_2/inf_pick_2 | OTVZ:seis_pick_1/inf_pick_2 | SNVZ:seis_pick_1/inf_pick_2,S2I2S2I2S2I2S1I2S1I2,3000.0,3.0,1827752.0,5662160.0,2131.72583,1.0479287051621144,0.1349146010695817,5
ETVZ:seis_pick_2/inf_pick_2 | NGZ:seis_pick_1/inf_pick_1 | NOVZ:seis_pick_2/inf_pick_1 | OTVZ:seis_pick_2/inf_pick_2 | SNVZ:seis_pick_2/inf_pick_2,S2I2S1I1S2I1S2I2S2I2,3300.0,3.3,1828136.0,5662352.0,1970.850952,1.0487629481499756,-0.03496294042113881,5
ETVZ:seis_pick_2/inf_pick_1 | NGZ:seis_pick_1/inf_pick_1 | NOVZ:seis_pick_2/inf_pick_1 | OTVZ:seis_pick_2/inf_pick_1 | SNVZ:seis_pick_2/inf_pick_1,S2I1S1I1S2I1S2I1S2I1,3300.0,3.3,1828520.0,5661872.0,1667.41626,1.0498945032386189,-1.0410378928741275,5
ETVZ:seis_pick_1/inf_pick_2 | NGZ:seis_pick_2/inf_pick_1 | NOVZ:seis_pick_1/inf_pick_2 | OTVZ:seis_pick_1/inf_pick_1 | SNVZ:seis_pick_1/inf_pick_1,S1I2S2I1S1I2S1I1S1I1,3000.0,3.0,1828232.0,5661584.0,1658.624878,1.049900598336379,0.13325030414857064,5
ETVZ:seis_pick_1/inf_pick_1 | NGZ:seis_pick_1/inf_pick_2 | NOVZ:seis_pick_1/inf_pick_1 | OTVZ:seis_pick_2/inf_pick_2 | SNVZ:seis_pick_1/inf_pick_2,S1I1S1I2S1I1S2I2S1I2,3000.0,3.0,1828136.0,5662352.0,1970.850952,1.049929107831558,-0.13319434520260637,5
ETVZ:seis_pick_1/inf_pick_1 | NGZ:seis_pick_2/inf_pick_2 | NOVZ:seis_pick_2/inf_pick_2 | OTVZ:seis_pick_2/inf_pick_1 | SNVZ:seis_pick_2/inf_pick_1,S1I1S2I2S2I2S2I1S2I1,2500.0,2.5,1828232.0,5661584.0,1658.624878,1.050379022247814,-0.853452753528152,5
ETVZ:seis_pick_1/inf_pick_2 | NGZ:seis_pick_1/inf_pick_2 | NOVZ:seis_pick_2/inf_pick_2 | OTVZ:seis_pick_1/inf_pick_1 | SNVZ:seis_pick_1/inf_pick_1,S1I2S1I2S2I2S1I1S1I1,3300.0,3.3,1828040.0,5661680.0,1747.83252,1.0505042647536085,-0.3246362555491856,5
ETVZ:seis_pick_1/inf_pick_2 | NGZ:seis_pick_1/inf_pick_2 | NOVZ:seis_pick_1/inf_pick_2 | OTVZ:seis_pick_1/inf_pick_1 | SNVZ:seis_pick_1/inf_pick_1,S1I2S1I2S1I2S1I1S1I1,3000.0,3.0,1828136.0,5661584.0,1680.270508,1.0513645210412246,-0.03483498339941491,5
ETVZ:seis_pick_2/inf_pick_2 | NGZ:seis_pick_2/inf_pick_1 | NOVZ:seis_pick_2/inf_pick_1 | OTVZ:seis_pick_2/inf_pick_2 | SNVZ:seis_pick_2/inf_pick_1,S2I2S2I1S2I1S2I2S2I1,3000.0,3.0,1828040.0,5661776.0,1817.950928,1.0515552898263512,-0.5315141714956585,5
ETVZ:seis_pick_1/inf_pick_2 | NGZ:seis_pick_2/inf_pick_2 | NOVZ:seis_pick_2/inf_pick_1 | OTVZ:seis_pick_1/inf_pick_2 | SNVZ:seis_pick_1/inf_pick_2,S1I2S2I2S2I1S1I2S1I2,3000.0,3.0,1827560.0,5662256.0,2254.04541,1.0521552408335648,-0.12583309189492448,5
ETVZ:seis_pick_2/inf_pick_2 | NGZ:seis_pick_2/inf_pick_1 | NOVZ:seis_pick_2/inf_pick_1 | OTVZ:seis_pick_2/inf_pick_2 | SNVZ:seis_pick_2/inf_pick_2,S2I2S2I1S2I1S2I2S2I2,3000.0,3.0,1828040.0,5662256.0,2015.394897,1.0527281939345892,-0.1063141453747555,5
ETVZ:seis_pick_2/inf_pick_2 | NGZ:seis_pick_1/inf_pick_1 | NOVZ:seis_pick_1/inf_pick_1 | OTVZ:seis_pick_1/inf_pick_1 | SNVZ:seis_pick_1/inf_pick_1,S2I2S1I1S1I1S1I1S1I1,3300.0,3.3,1828232.0,5661872.0,1779.748779,1.0528514075172464,-0.18103668886759028,5
ETVZ:seis_pick_1/inf_pick_1 | NGZ:seis_pick_1/inf_pick_2 | NOVZ:seis_pick_2/inf_pick_1 | OTVZ:seis_pick_2/inf_pick_1 | SNVZ:seis_pick_1/inf_pick_1,S1I1S1I2S2I1S2I1S1I1,3300.0,3.3,1828232.0,5661968.0,1833.125488,1.0530427107035272,-1.1538431970522045,5
ETVZ:seis_pick_1/inf_pick_2 | NGZ:seis_pick_2/inf_pick_2 | NOVZ:seis_pick_2/inf_pick_1 | OTVZ:seis_pick_2/inf_pick_2 | SNVZ:seis_pick_1/inf_pick_1,S1I2S2I2S2I1S2I2S1I1,3000.0,3.0,1827752.0,5661872.0,1964.508057,1.053226288015084,-0.6933474513729145,5
ETVZ:seis_pick_1/inf_pick_1 | NGZ:seis_pick_1/inf_pick_2 | NOVZ:seis_pick_1/inf_pick_1 | OTVZ:seis_pick_2/inf_pick_1 | SNVZ:seis_pick_2/inf_pick_1,S1I1S1I2S1I1S2I1S2I1,2500.0,2.5,1828328.0,5661680.0,1673.186646,1.0538172765715172,-0.7452722135234117,5
ETVZ:seis_pick_2/inf_pick_2 | NGZ:seis_pick_1/inf_pick_2 | NOVZ:seis_pick_2/inf_pick_2 | OTVZ:seis_pick_2/inf_pick_2 | SNVZ:seis_pick_2/inf_pick_2,S2I2S1I2S2I2S2I2S2I2,3000.0,3.0,1828040.0,5662064.0,1956.737061,1.0543647281782156,0.037876356568341055,5
ETVZ:seis_pick_2/inf_pick_2 | NGZ:seis_pick_2/inf_pick_1 | NOVZ:seis_pick_1/inf_pick_2 | OTVZ:seis_pick_1/inf_pick_1 | SNVZ:seis_pick_2/inf_pick_2,S2I2S2I1S1I2S1I1S2I2,3300.0,3.3,1828232.0,5661968.0,1833.125488,1.054466972989889,0.2198466001804258,5
ETVZ:seis_pick_1/inf_pick_1 | NGZ:seis_pick_1/inf_pick_1 | NOVZ:seis_pick_2/inf_pick_2 | OTVZ:seis_pick_2/inf_pick_1 | SNVZ:seis_pick_2/inf_pick_1,S1I1S1I1S2I2S2I1S2I1,3000.0,3.0,1828520.0,5661680.0,1602.574463,1.0544883353685401,-0.5591654331789877,5
ETVZ:seis_pick_1/inf_pick_2 | NGZ:seis_pick_1/inf_pick_1 | NOVZ:seis_pick_2/inf_pick_1 | OTVZ:seis_pick_1/inf_pick_2 | SNVZ:seis_pick_1/inf_pick_1,S1I2S1I1S2I1S1I2S1I1,3300.0,3.3,1827944.0,5661968.0,1945.640259,1.054849393611314,0.023622396733647123,5
ETVZ:seis_pick_2/inf_pick_1 | NGZ:seis_pick_1/inf_pick_1 | NOVZ:seis_pick_1/inf_pick_1 | OTVZ:seis_pick_2/inf_pick_1 | SNVZ:seis_pick_2/inf_pick_2,S2I1S1I1S1I1S2I1S2I2,3000.0,3.0,1828616.0,5662256.0,1674.459961,1.055596391975361,-0.28212083599905585,5
ETVZ:seis_pick_2/inf_pick_1 | NGZ:seis_pick_2/inf_pick_2 | NOVZ:seis_pick_1/inf_pick_1 | OTVZ:seis_pick_1/inf_pick_1 | SNVZ:seis_pick_2/inf_pick_2,S2I1S2I2S1I1S1I1S2I2,2500.0,2.5,1828136.0,5662160.0,1946.274292,1.0563492917208288,-0.36586557081032944,5
ETVZ:seis_pick_2/inf_pick_1 | NGZ:seis_pick_2/inf_pick_2 | NOVZ:seis_pick_2/inf_pick_2 | OTVZ:seis_pick_1/inf_pick_1 | SNVZ:seis_pick_2/inf_pick_2,S2I1S2I2S2I2S1I1S2I2,3300.0,3.3,1828136.0,5662160.0,1946.274292,1.0573370740396426,-0.6668571593476313,5
ETVZ:seis_pick_1/inf_pick_1 | NGZ:seis_pick_1/inf_pick_1 | NOVZ:seis_pick_2/inf_pick_1 | OTVZ:seis_pick_1/inf_pick_1 | SNVZ:seis_pick_1/inf_pick_2,S1I1S1I1S2I1S1I1S1I2,2500.0,2.5,1828328.0,5662448.0,1861.943481,1.0575132473736522,0.29302348854048665,5
ETVZ:seis_pick_1/inf_pick_2 | NGZ:seis_pick_1/inf_pick_1 | NOVZ:seis_pick_1/inf_pick_2 | OTVZ:seis_pick_2/inf_pick_2 | SNVZ:seis_pick_2/inf_pick_1,S1I2S1I1S1I2S2I2S2I1,3000.0,3.0,1828232.0,5661488.0,1616.910156,1.057915640493663,0.2052215241772176,5
ETVZ:seis_pick_2/inf_pick_2 | NGZ:seis_pick_2/inf_pick_1 | NOVZ:seis_pick_2/inf_pick_2 | OTVZ:seis_pick_2/inf_pick_2 | SNVZ:seis_pick_2/inf_pick_2,S2I2S2I1S2I2S2I2S2I2,2500.0,2.5,1828136.0,5662064.0,1926.312866,1.0585640825444425,0.4858823404609593,5
ETVZ:seis_pick_2/inf_pick_1 | NGZ:seis_pick_1/inf_pick_1 | NOVZ:seis_pick_1/inf_pick_2 | OTVZ:seis_pick_2/inf_pick_1 | SNVZ:seis_pick_2/inf_pick_2,S2I1S1I1S1I2S2I1S2I2,2500.0,2.5,1828712.0,5661968.0,1596.223511,1.058585519405611,0.2835952685198535,5
ETVZ:seis_pick_1/inf_pick_1 | NGZ:seis_pick_1/inf_pick_2 | NOVZ:seis_pick_2/inf_pick_2 | OTVZ:seis_pick_2/inf_pick_2 | SNVZ:seis_pick_1/inf_pick_2,S1I1S1I2S2I2S2I2S1I2,3300.0,3.3,1828136.0,5662256.0,1932.221924,1.0594102258832687,-0.12472608081113404,5
ETVZ:seis_pick_1/inf_pick_1 | NGZ:seis_pick_2/inf_pick_2 | NOVZ:seis_pick_1/inf_pick_2 | OTVZ:seis_pick_2/inf_pick_1 | SNVZ:seis_pick_2/inf_pick_1,S1I1S2I2S1I2S2I1S2I1,2500.0,2.5,1828328.0,5661488.0,1598.106201,1.0599386189420181,-0.7029082260428421,5
ETVZ:seis_pick_1/inf_pick_2 | NGZ:seis_pick_1/inf_pick_2 | NOVZ:seis_pick_2/inf_pick_2 | OTVZ:seis_pick_1/inf_pick_1 | SNVZ:seis_pick_2/inf_pick_1,S1I2S1I2S2I2S1I1S2I1,3000.0,3.0,1828040.0,5661584.0,1704.531738,1.0600795727887453,-0.3792840501270325,5
ETVZ:seis_pick_2/inf_pick_2 | NGZ:seis_pick_1/inf_pick_2 | NOVZ:seis_pick_1/inf_pick_1 | OTVZ:seis_pick_2/inf_pick_2 | SNVZ:seis_pick_2/inf_pick_2,S2I2S1I2S1I1S2I2S2I2,3000.0,3.0,1828040.0,5662064.0,1956.737061,1.060087265447132,-0.05309538705674335,5
ETVZ:seis_pick_1/inf_pick_1 | NGZ:seis_pick_2/inf_pick_2 | NOVZ:seis_pick_2/inf_pick_1 | OTVZ:seis_pick_1/inf_pick_1 | SNVZ:seis_pick_2/inf_pick_2,S1I1S2I2S2I1S1I1S2I2,3000.0,3.0,1827944.0,5662256.0,2088.119141,1.0607249443954452,-0.7763655041065727,5
ETVZ:seis_pick_1/inf_pick_2 | NGZ:seis_pick_1/inf_pick_2 | NOVZ:seis_pick_2/inf_pick_1 | OTVZ:seis_pick_2/inf_pick_2 | SNVZ:seis_pick_1/inf_pick_1,S1I2S1I2S2I1S2I2S1I1,3300.0,3.3,1827848.0,5661872.0,1910.128296,1.0611805336356417,-0.58388282119558,5
ETVZ:seis_pick_1/inf_pick_2 | NGZ:seis_pick_1/inf_pick_2 | NOVZ:seis_pick_2/inf_pick_2 | OTVZ:seis_pick_2/inf_pick_2 | SNVZ:seis_pick_1/inf_pick_1,S1I2S1I2S2I2S2I2S1I1,2500.0,2.5,1827944.0,5661680.0,1773.920288,1.061438101019557,0.10864142019815848,5
ETVZ:seis_pick_1/inf_pick_2 | NGZ:seis_pick_2/inf_pick_2 | NOVZ:seis_pick_1/inf_pick_1 | OTVZ:seis_pick_1/inf_pick_2 | SNVZ:seis_pick_1/inf_pick_2,S1I2S2I2S1I1S1I2S1I2,3300.0,3.3,1827656.0,5662160.0,2165.010986,1.0617123019675776,-0.009934214381307881,5
ETVZ:seis_pick_1/inf_pick_2 | NGZ:seis_pick_2/inf_pick_2 | NOVZ:seis_pick_1/inf_pick_1 | OTVZ:seis_pick_1/inf_pick_1 | SNVZ:seis_pick_2/inf_pick_1,S1I2S2I2S1I1S1I1S2I1,3000.0,3.0,1827848.0,5661584.0,1803.133545,1.0620417196910894,-0.7262142979018613,5
ETVZ:seis_pick_2/inf_pick_2 | NGZ:seis_pick_2/inf_pick_1 | NOVZ:seis_pick_1/inf_pick_1 | OTVZ:seis_pick_1/inf_pick_1 | SNVZ:seis_pick_1/inf_pick_1,S2I2S2I1S1I1S1I1S1I1,2500.0,2.5,1828136.0,5661776.0,1782.875366,1.0621777764778118,0.010528997379081594,5
ETVZ:seis_pick_1/inf_pick_1 | NGZ:seis_pick_2/inf_pick_2 | NOVZ:seis_pick_1/inf_pick_1 | OTVZ:seis_pick_2/inf_pick_1 | SNVZ:seis_pick_2/inf_pick_1,S1I1S2I2S1I1S2I1S2I1,2500.0,2.5,1828232.0,5661584.0,1658.624878,1.0622350794527615,-0.9444244971532363,5
ETVZ:seis_pick_2/inf_pick_1 | NGZ:seis_pick_1/inf_pick_2 | NOVZ:seis_pick_1/inf_pick_1 | OTVZ:seis_pick_1/inf_pick_1 | SNVZ:seis_pick_1/inf_pick_2,S2I1S1I2S1I1S1I1S1I2,3000.0,3.0,1828232.0,5662352.0,1933.467285,1.0632207758206034,-0.29715395632320385,5
ETVZ:seis_pick_1/inf_pick_2 | NGZ:seis_pick_1/inf_pick_1 | NOVZ:seis_pick_1/inf_pick_2 | OTVZ:seis_pick_1/inf_pick_1 | SNVZ:seis_pick_1/inf_pick_1,S1I2S1I1S1I2S1I1S1I1,3300.0,3.3,1828328.0,5661680.0,1673.186646,1.0652523314833533,0.21211928579467915,5
ETVZ:seis_pick_1/inf_pick_1 | NGZ:seis_pick_1/inf_pick_1 | NOVZ:seis_pick_1/inf_pick_1 | OTVZ:seis_pick_2/inf_pick_1 | SNVZ:seis_pick_1/inf_pick_1,S1I1S1I1S1I1S2I1S1I1,3300.0,3.3,1828520.0,5661872.0,1667.41626,1.066484894335938,-0.6009936857657495,5
ETVZ:seis_pick_2/inf_pick_2 | NGZ:seis_pick_2/inf_pick_2 | NOVZ:seis_pick_2/inf_pick_1 | OTVZ:seis_pick_1/inf_pick_1 | SNVZ:seis_pick_1/inf_pick_1,S2I2S2I2S2I1S1I1S1I1,2500.0,2.5,1827848.0,5661872.0,1910.128296,1.0671276740719275,-0.5693623478998304,5
ETVZ:seis_pick_2/inf_pick_2 | NGZ:seis_pick_2/inf_pick_1 | NOVZ:seis_pick_2/inf_pick_1 | OTVZ:seis_pick_2/inf_pick_2 | SNVZ:seis_pick_1/inf_pick_1,S2I2S2I1S2I1S2I2S1I1,2500.0,2.5,1828040.0,5661872.0,1862.954834,1.0671837282198124,-0.09961445856621313,5
ETVZ:seis_pick_1/inf_pick_1 | NGZ:seis_pick_2/inf_pick_1 | NOVZ:seis_pick_1/inf_pick_2 | OTVZ:seis_pick_1/inf_pick_1 | SNVZ:seis_pick_1/inf_pick_2,S1I1S2I1S1I2S1I1S1I2,3000.0,3.0,1828328.0,5662160.0,1795.425903,1.0675822943526376,0.30489018664311673,5
ETVZ:seis_pick_2/inf_pick_2 | NGZ:seis_pick_1/inf_pick_1 | NOVZ:seis_pick_1/inf_pick_1 | OTVZ:seis_pick_2/inf_pick_2 | SNVZ:seis_pick_1/inf_pick_2,S2I2S1I1S1I1S2I2S1I2,3300.0,3.3,1828232.0,5662352.0,1933.467285,1.0677378390796837,0.3161520200416339,5
ETVZ:seis_pick_2/inf_pick_1 | NGZ:seis_pick_2/inf_pick_2 | NOVZ:seis_pick_2/inf_pick_2 | OTVZ:seis_pick_1/inf_pick_1 | SNVZ:seis_pick_2/inf_pick_2,S2I1S2I2S2I2S1I1S2I2,3000.0,3.0,1828136.0,5662064.0,1926.312866,1.068317543435386,-0.5190451661723554,5
ETVZ:seis_pick_1/inf_pick_2 | NGZ:seis_pick_2/inf_pick_2 | NOVZ:seis_pick_1/inf_pick_2 | OTVZ:seis_pick_2/inf_pick_2 | SNVZ:seis_pick_1/inf_pick_1,S1I2S2I2S1I2S2I2S1I1,2500.0,2.5,1827944.0,5661488.0,1710.052002,1.0687909164898377,0.06754136123594563,5
ETVZ:seis_pick_2/inf_pick_2 | NGZ:seis_pick_1/inf_pick_1 | NOVZ:seis_pick_2/inf_pick_2 | OTVZ:seis_pick_2/inf_pick_2 | SNVZ:seis_pick_1/inf_pick_2,S2I2S1I1S2I2S2I2S1I2,3000.0,3.0,1828232.0,5662256.0,1871.278687,1.068845079814183,0.5765840649383123,5
ETVZ:seis_pick_2/inf_pick_2 | NGZ:seis_pick_2/inf_pick_1 | NOVZ:seis_pick_2/inf_pick_2 | OTVZ:seis_pick_1/inf_pick_1 | SNVZ:seis_pick_2/inf_pick_2,S2I2S2I1S2I2S1I1S2I2,3300.0,3.3,1828232.0,5662064.0,1861.719849,1.0708302473518965,0.06074113431154302,5
ETVZ:seis_pick_1/inf_pick_1 | NGZ:seis_pick_2/inf_pick_2 | NOVZ:seis_pick_1/inf_pick_1 | OTVZ:seis_pick_2/inf_pick_1 | SNVZ:seis_pick_1/inf_pick_1,S1I1S2I2S1I1S2I1S1I1,3300.0,3.3,1828232.0,5661776.0,1756.203979,1.071342954194344,-1.164661982102594,5
ETVZ:seis_pick_1/inf_pick_2 | NGZ:seis_pick_2/inf_pick_2 | NOVZ:seis_pick_1/inf_pick_2 | OTVZ:seis_pick_1/inf_pick_1 | SNVZ:seis_pick_1/inf_pick_1,S1I2S2I2S1I2S1I1S1I1,3300.0,3.3,1827944.0,5661584.0,1737.253296,1.07139353374627,-0.3958731508223227,5
ETVZ:seis_pick_2/inf_pick_2 | NGZ:seis_pick_1/inf_pick_1 | NOVZ:seis_pick_2/inf_pick_2 | OTVZ:seis_pick_1/inf_pick_1 | SNVZ:seis_pick_2/inf_pick_2,S2I2S1I1S2I2S1I1S2I2,3000.0,3.0,1828328.0,5662064.0,1806.550293,1.0718071847183577,0.39648697449804543,5
ETVZ:seis_pick_2/inf_pick_2 | NGZ:seis_pick_1/inf_pick_1 | NOVZ:seis_pick_1/inf_pick_1 | OTVZ:seis_pick_2/inf_pick_2 | SNVZ:seis_pick_2/inf_pick_1,S2I2S1I1S1I1S2I2S2I1,3300.0,3.3,1828232.0,5661776.0,1756.203979,1.0718523216307172,-0.27730262877900635,5
ETVZ:seis_pick_1/inf_pick_2 | NGZ:seis_pick_2/inf_pick_1 | NOVZ:seis_pick_1/inf_pick_1 | OTVZ:seis_pick_2/inf_pick_2 | SNVZ:seis_pick_1/inf_pick_1,S1I2S2I1S1I1S2I2S1I1,3000.0,3.0,1828040.0,5661776.0,1817.950928,1.071987746289855,-0.09146996438728046,5
ETVZ:seis_pick_1/inf_pick_1 | NGZ:seis_pick_2/inf_pick_2 | NOVZ:seis_pick_2/inf_pick_2 | OTVZ:seis_pick_2/inf_pick_1 | SNVZ:seis_pick_1/inf_pick_1,S1I1S2I2S2I2S2I1S1I1,3300.0,3.3,1828232.0,5661776.0,1756.203979,1.0732617628160723,-1.0736902384775096,5
ETVZ:seis_pick_2/inf_pick_2 | NGZ:seis_pick_1/inf_pick_2 | NOVZ:seis_pick_1/inf_pick_2 | OTVZ:seis_pick_2/inf_pick_2 | SNVZ:seis_pick_2/inf_pick_2,S2I2S1I2S1I2S2I2S2I2,3000.0,3.0,1828136.0,5661968.0,1868.978394,1.0736369014196008,0.23999143805756057,5
ETVZ:seis_pick_1/inf_pick_2 | NGZ:seis_pick_2/inf_pick_2 | NOVZ:seis_pick_2/inf_pick_2 | OTVZ:seis_pick_1/inf_pick_1 | SNVZ:seis_pick_1/inf_pick_1,S1I2S2I2S2I2S1I1S1I1,3300.0,3.3,1827944.0,5661680.0,1773.920288,1.074083061087626,-0.5380293880925334,5
ETVZ:seis_pick_1/inf_pick_2 | NGZ:seis_pick_2/inf_pick_1 | NOVZ:seis_pick_1/inf_pick_1 | OTVZ:seis_pick_2/inf_pick_2 | SNVZ:seis_pick_2/inf_pick_1,S1I2S2I1S1I1S2I2S2I1,3300.0,3.3,1828040.0,5661680.0,1747.83252,1.0741138027002437,-0.3769708067643599,5
ETVZ:seis_pick_2/inf_pick_1 | NGZ:seis_pick_2/inf_pick_2 | NOVZ:seis_pick_1/inf_pick_2 | OTVZ:seis_pick_2/inf_pick_1 | SNVZ:seis_pick_1/inf_pick_1,S2I1S2I2S1I2S2I1S1I1,2500.0,2.5,1828424.0,5661584.0,1603.305054,1.0742399992537235,-0.6222621526194537,5
ETVZ:seis_pick_1/inf_pick_2 | NGZ:seis_pick_2/inf_pick_2 | NOVZ:seis_pick_2/inf_pick_2 | OTVZ:seis_pick_2/inf_pick_2 | SNVZ:seis_pick_1/inf_pick_1,S1I2S2I2S2I2S2I2S1I1,2500.0,2.5,1827848.0,5661584.0,1803.133545,1.0745781484927155,-0.10953594804061861,5
ETVZ:seis_pick_1/inf_pick_1 | NGZ:seis_pick_2/inf_pick_2 | NOVZ:seis_pick_2/inf_pick_2 | OTVZ:seis_pick_2/inf_pick_2 | SNVZ:seis_pick_2/inf_pick_2,S1I1S2I2S2I2S2I2S2I2,2500.0,2.5,1828040.0,5662064.0,1956.737061,1.0745870858695745,-0.08631376085460492,5
ETVZ:seis_pick_1/inf_pick_1 | NGZ:seis_pick_2/inf_pick_2 | NOVZ:seis_pick_1/inf_pick_1 | OTVZ:seis_pick_1/inf_pick_1 | SNVZ:seis_pick_2/inf_pick_2,S1I1S2I2S1I1S1I1S2I2,3300.0,3.3,1828040.0,5662160.0,2012.584229,1.0750986312132644,-0.6838949353206033,5
ETVZ:seis_pick_1/inf_pick_2 | NGZ:seis_pick_1/inf_pick_1 | NOVZ:seis_pick_1/inf_pick_1 | OTVZ:seis_pick_1/inf_pick_2 | SNVZ:seis_pick_2/inf_pick_1,S1I2S1I1S1I1S1I2S2I1,3300.0,3.3,1828040.0,5661680.0,1747.83252,1.0753015733049922,0.07788791136107136,5
ETVZ:seis_pick_2/inf_pick_1 | NGZ:seis_pick_1/inf_pick_2 | NOVZ:seis_pick_2/inf_pick_1 | OTVZ:seis_pick_1/inf_pick_1 | SNVZ:seis_pick_1/inf_pick_2,S2I1S1I2S2I1S1I1S1I2,2500.0,2.5,1828136.0,5662448.0,1978.485596,1.0758285371021272,-0.2276591927808031,5
ETVZ:seis_pick_1/inf_pick_1 | NGZ:seis_pick_1/inf_pick_2 | NOVZ:seis_pick_2/inf_pick_2 | OTVZ:seis_pick_2/inf_pick_2 | SNVZ:seis_pick_1/inf_pick_2,S1I1S1I2S2I2S2I2S1I2,3000.0,3.0,1828136.0,5662256.0,1932.221924,1.0765001026430865,-0.0020341556325760733,5
ETVZ:seis_pick_1/inf_pick_1 | NGZ:seis_pick_2/inf_pick_1 | NOVZ:seis_pick_2/inf_pick_1 | OTVZ:seis_pick_2/inf_pick_1 | SNVZ:seis_pick_2/inf_pick_1,S1I1S2I1S2I1S2I1S2I1,3300.0,3.3,1828328.0,5661872.0,1752.691528,1.0776891309444525,-1.1429038791769857,5
ETVZ:seis_pick_1/inf_pick_2 | NGZ:seis_pick_1/inf_pick_1 | NOVZ:seis_pick_1/inf_pick_2 | OTVZ:seis_pick_2/inf_pick_2 | SNVZ:seis_pick_2/inf_pick_2,S1I2S1I1S1I2S2I2S2I2,3000.0,3.0,1828232.0,5661968.0,1833.125488,1.077886253901054,0.7195834999689102,5
ETVZ:seis_pick_1/inf_pick_2 | NGZ:seis_pick_2/inf_pick_1 | NOVZ:seis_pick_2/inf_pick_2 | OTVZ:seis_pick_1/inf_pick_1 | SNVZ:seis_pick_1/inf_pick_1,S1I2S2I1S2I2S1I1S1I1,3300.0,3.3,1828136.0,5661776.0,1782.875366,1.0782168977943867,-0.16530488421377462,5
ETVZ:seis_pick_2/inf_pick_2 | NGZ:seis_pick_1/inf_pick_2 | NOVZ:seis_pick_2/inf_pick_1 | OTVZ:seis_pick_2/inf_pick_2 | SNVZ:seis_pick_2/inf_pick_2,S2I2S1I2S2I1S2I2S2I2,3000.0,3.0,1827944.0,5662256.0,2088.119141,1.0784299768873198,-0.3078400862060066,5
ETVZ:seis_pick_2/inf_pick_2 | NGZ:seis_pick_1/inf_pick_1 | NOVZ:seis_pick_2/inf_pick_2 | OTVZ:seis_pick_2/inf_pick_2 | SNVZ:seis_pick_2/inf_pick_1,S2I2S1I1S2I2S2I2S2I1,2500.0,2.5,1828232.0,5661584.0,1658.624878,1.0784461833184393,0.21585008704560735,5
ETVZ:seis_pick_2/inf_pick_1 | NGZ:seis_pick_2/inf_pick_1 | NOVZ:seis_pick_2/inf_pick_2 | OTVZ:seis_pick_2/inf_pick_1 | SNVZ:seis_pick_2/inf_pick_2,S2I1S2I1S2I2S2I1S2I2,3300.0,3.3,1828520.0,5662160.0,1702.077515,1.0784904710745467,-0.4836911543074251,5
ETVZ:seis_pick_1/inf_pick_2 | NGZ:seis_pick_1/inf_pick_1 | NOVZ:seis_pick_2/inf_pick_2 | OTVZ:seis_pick_2/inf_pick_2 | SNVZ:seis_pick_1/inf_pick_1,S1I2S1I1S2I2S2I2S1I1,3300.0,3.3,1828232.0,5661776.0,1756.203979,1.0785278600997386,0.11725570651682667,5
ETVZ:seis_pick_2/inf_pick_2 | NGZ:seis_pick_1/inf_pick_1 | NOVZ:seis_pick_2/inf_pick_2 | OTVZ:seis_pick_1/inf_pick_1 | SNVZ:seis_pick_2/inf_pick_1,S2I2S1I1S2I2S1I1S2I1,3000.0,3.0,1828328.0,5661584.0,1637.31189,1.079184250894553,-0.10612921107484023,5
ETVZ:seis_pick_1/inf_pick_1 | NGZ:seis_pick_1/inf_pick_2 | NOVZ:seis_pick_2/inf_pick_1 | OTVZ:seis_pick_2/inf_pick_2 | SNVZ:seis_pick_1/inf_pick_2,S1I1S1I2S2I1S2I2S1I2,2500.0,2.5,1828040.0,5662352.0,2016.082642,1.0791916352957505,-0.03690457074212059,5
ETVZ:seis_pick_1/inf_pick_2 | NGZ:seis_pick_1/inf_pick_2 | NOVZ:seis_pick_1/inf_pick_1 | OTVZ:seis_pick_1/inf_pick_1 | SNVZ:seis_pick_2/inf_pick_1,S1I2S1I2S1I1S1I1S2I1,3300.0,3.3,1827944.0,5661680.0,1773.920288,1.0796868419575076,-0.6290011317176172,5
ETVZ:seis_pick_2/inf_pick_2 | NGZ:seis_pick_2/inf_pick_1 | NOVZ:seis_pick_2/inf_pick_1 | OTVZ:seis_pick_1/inf_pick_1 | SNVZ:seis_pick_1/inf_pick_1,S2I2S2I1S2I1S1I1S1I1,3000.0,3.0,1828040.0,5661968.0,1927.026855,1.0797071046255842,-0.4727903336461452,5
ETVZ:seis_pick_2/inf_pick_2 | NGZ:seis_pick_1/inf_pick_1 | NOVZ:seis_pick_1/inf_pick_1 | OTVZ:seis_pick_1/inf_pick_1 | SNVZ:seis_pick_2/inf_pick_2,S2I2S1I1S1I1S1I1S2I2,3300.0,3.3,1828232.0,5662160.0,1873.492554,1.079710282451102,0.1293135265451218,5
ETVZ:seis_pick_2/inf_pick_1 | NGZ:seis_pick_1/inf_pick_1 | NOVZ:seis_pick_2/inf_pick_1 | OTVZ:seis_pick_2/inf_pick_1 | SNVZ:seis_pick_2/inf_pick_1,S2I1S1I1S2I1S2I1S2I1,3000.0,3.0,1828520.0,5661872.0,1667.41626,1.0797530650450862,-0.9205464891051586,5
ETVZ:seis_pick_1/inf_pick_1 | NGZ:seis_pick_2/inf_pick_1 | NOVZ:seis_pick_2/inf_pick_2 | OTVZ:seis_pick_2/inf_pick_1 | SNVZ:seis_pick_1/inf_pick_1,S1I1S2I1S2I2S2I1S1I1,2500.0,2.5,1828424.0,5661776.0,1675.246094,1.0804193561654474,-0.31387113203025463,5
ETVZ:seis_pick_1/inf_pick_1 | NGZ:seis_pick_2/inf_pick_2 | NOVZ:seis_pick_2/inf_pick_1 | OTVZ:seis_pick_2/inf_pick_1 | SNVZ:seis_pick_1/inf_pick_1,S1I1S2I2S2I1S2I1S1I1,3300.0,3.3,1828136.0,5661968.0,1868.978394,1.0806989581785287,-1.3662161145161664,5
ETVZ:seis_pick_1/inf_pick_2 | NGZ:seis_pick_1/inf_pick_1 | NOVZ:seis_pick_2/inf_pick_1 | OTVZ:seis_pick_1/inf_pick_2 | SNVZ:seis_pick_1/inf_pick_1,S1I2S1I1S2I1S1I2S1I1,3000.0,3.0,1827944.0,5661968.0,1945.640259,1.0808481927703644,0.14628696034170546,5
ETVZ:seis_pick_1/inf_pick_1 | NGZ:seis_pick_2/inf_pick_1 | NOVZ:seis_pick_2/inf_pick_1 | OTVZ:seis_pick_2/inf_pick_1 | SNVZ:seis_pick_1/inf_pick_1,S1I1S2I1S2I1S2I1S1I1,3300.0,3.3,1828328.0,5661968.0,1780.70813,1.0809832674165571,-0.9772739044881252,5
ETVZ:seis_pick_2/inf_pick_1 | NGZ:seis_pick_1/inf_pick_2 | NOVZ:seis_pick_1/inf_pick_2 | OTVZ:seis_pick_2/inf_pick_2 | SNVZ:seis_pick_1/inf_pick_2,S2I1S1I2S1I2S2I2S1I2,3300.0,3.3,1828328.0,5662160.0,1795.425903,1.081059784935047,-0.009571648803773947,5
ETVZ:seis_pick_2/inf_pick_1 | NGZ:seis_pick_2/inf_pick_2 | NOVZ:seis_pick_1/inf_pick_2 | OTVZ:seis_pick_2/inf_pick_2 | SNVZ:seis_pick_2/inf_pick_2,S2I1S2I2S1I2S2I2S2I2,3300.0,3.3,1828136.0,5661968.0,1868.978394,1.081565754548897,-0.397346106677629,5
ETVZ:seis_pick_2/inf_pick_2 | NGZ:seis_pick_1/inf_pick_1 | NOVZ:seis_pick_1/inf_pick_1 | OTVZ:seis_pick_2/inf_pick_2 | SNVZ:seis_pick_2/inf_pick_2,S2I2S1I1S1I1S2I2S2I2,2500.0,2.5,1828232.0,5662160.0,1873.492554,1.0816869744529272,0.5943614460781477,5
ETVZ:seis_pick_1/inf_pick_2 | NGZ:seis_pick_2/inf_pick_2 | NOVZ:seis_pick_1/inf_pick_1 | OTVZ:seis_pick_1/inf_pick_2 | SNVZ:seis_pick_1/inf_pick_2,S1I2S2I2S1I1S1I2S1I2,3000.0,3.0,1827656.0,5662160.0,2165.010986,1.081768894520092,0.11522128391385919,5
ETVZ:seis_pick_1/inf_pick_1 | NGZ:seis_pick_1/inf_pick_1 | NOVZ:seis_pick_2/inf_pick_1 | OTVZ:seis_pick_1/inf_pick_1 | SNVZ:seis_pick_2/inf_pick_1,S1I1S1I1S2I1S1I1S2I1,2500.0,2.5,1828328.0,5661872.0,1752.691528,1.0820743384762788,-0.3009748498070298,5
ETVZ:seis_pick_2/inf_pick_2 | NGZ:seis_pick_2/inf_pick_2 | NOVZ:seis_pick_2/inf_pick_2 | OTVZ:seis_pick_1/inf_pick_2 | SNVZ:seis_pick_1/inf_pick_2,S2I2S2I2S2I2S1I2S1I2,2500.0,2.5,1827752.0,5662160.0,2131.72583,1.0834834289346,0.4089947466486043,5
ETVZ:seis_pick_2/inf_pick_2 | NGZ:seis_pick_1/inf_pick_1 | NOVZ:seis_pick_1/inf_pick_1 | OTVZ:seis_pick_2/inf_pick_2 | SNVZ:seis_pick_1/inf_pick_1,S2I2S1I1S1I1S2I2S1I1,2500.0,2.5,1828232.0,5661872.0,1779.748779,1.0840498502660096,0.28153566802066354,5
ETVZ:seis_pick_2/inf_pick_1 | NGZ:seis_pick_1/inf_pick_1 | NOVZ:seis_pick_2/inf_pick_1 | OTVZ:seis_pick_2/inf_pick_1 | SNVZ:seis_pick_2/inf_pick_2,S2I1S1I1S2I1S2I1S2I2,3300.0,3.3,1828520.0,5662352.0,1747.839355,1.0843943227464876,-0.5904814726407691,5
ETVZ:seis_pick_1/inf_pick_2 | NGZ:seis_pick_2/inf_pick_1 | NOVZ:seis_pick_2/inf_pick_1 | OTVZ:seis_pick_1/inf_pick_2 | SNVZ:seis_pick_2/inf_pick_1,S1I2S2I1S2I1S1I2S2I1,2500.0,2.5,1827848.0,5661776.0,1864.244263,1.0845215979460676,0.06552888422916539,5
ETVZ:seis_pick_2/inf_pick_1 | NGZ:seis_pick_2/inf_pick_2 | NOVZ:seis_pick_1/inf_pick_2 | OTVZ:seis_pick_2/inf_pick_2 | SNVZ:seis_pick_2/inf_pick_2,S2I1S2I2S1I2S2I2S2I2,3000.0,3.0,1828136.0,5661968.0,1868.978394,1.085006837206676,-0.27551510915126265,5
ETVZ:seis_pick_1/inf_pick_2 | NGZ:seis_pick_1/inf_pick_2 | NOVZ:seis_pick_2/inf_pick_1 | OTVZ:seis_pick_2/inf_pick_2 | SNVZ:seis_pick_2/inf_pick_1,S1I2S1I2S2I1S2I2S2I1,3300.0,3.3,1827848.0,5661776.0,1864.244263,1.0850662068251058,-0.7453357112916097,5
ETVZ:seis_pick_1/inf_pick_2 | NGZ:seis_pick_1/inf_pick_2 | NOVZ:seis_pick_1/inf_pick_2 | OTVZ:seis_pick_1/inf_pick_1 | SNVZ:seis_pick_2/inf_pick_1,S1I2S1I2S1I2S1I1S2I1,2500.0,2.5,1828136.0,5661392.0,1605.433472,1.0854103194565723,0.04074175960250326,5
ETVZ:seis_pick_1/inf_pick_1 | NGZ:seis_pick_1/inf_pick_2 | NOVZ:seis_pick_1/inf_pick_2 | OTVZ:seis_pick_2/inf_pick_1 | SNVZ:seis_pick_1/inf_pick_1,S1I1S1I2S1I2S2I1S1I1,2500.0,2.5,1828424.0,5661584.0,1603.305054,1.0854459894579558,-0.31867556094870436,5
ETVZ:seis_pick_2/inf_pick_2 | NGZ:seis_pick_1/inf_pick_1 | NOVZ:seis_pick_2/inf_pick_1 | OTVZ:seis_pick_2/inf_pick_2 | SNVZ:seis_pick_2/inf_pick_2,S2I2S1I1S2I1S2I2S2I2,3000.0,3.0,1828136.0,5662256.0,1932.221924,1.0858753632079725,0.12837514539054667,5
ETVZ:seis_pick_2/inf_pick_2 | NGZ:seis_pick_2/inf_pick_1 | NOVZ:seis_pick_1/inf_pick_2 | OTVZ:seis_pick_1/inf_pick_1 | SNVZ:seis_pick_2/inf_pick_2,S2I2S2I1S1I2S1I1S2I2,3000.0,3.0,1828232.0,5661968.0,1833.125488,1.0860071062151917,0.3413349331858411,5
ETVZ:seis_pick_2/inf_pick_1 | NGZ:seis_pick_1/inf_pick_2 | NOVZ:seis_pick_2/inf_pick_2 | OTVZ:seis_pick_1/inf_pick_1 | SNVZ:seis_pick_1/inf_pick_2,S2I1S1I2S2I2S1I1S1I2,3300.0,3.3,1828328.0,5662256.0,1832.388062,1.0864357922965464,-0.25364603897440363,5
ETVZ:seis_pick_2/inf_pick_2 | NGZ:seis_pick_2/inf_pick_1 | NOVZ:seis_pick_1/inf_pick_1 | OTVZ:seis_pick_2/inf_pick_2 | SNVZ:seis_pick_2/inf_pick_2,S2I2S2I1S1I1S2I2S2I2,2500.0,2.5,1828136.0,5662064.0,1926.312866,1.0868044999375641,0.3949105968358749,5
ETVZ:seis_pick_1/inf_pick_2 | NGZ:seis_pick_2/inf_pick_1 | NOVZ:seis_pick_2/inf_pick_2 | OTVZ:seis_pick_1/inf_pick_1 | SNVZ:seis_pick_2/inf_pick_1,S1I2S2I1S2I2S1I1S2I1,3300.0,3.3,1828136.0,5661584.0,1680.270508,1.0869278929858992,-0.3284964449030984,5
ETVZ:seis_pick_2/inf_pick_2 | NGZ:seis_pick_2/inf_pick_1 | NOVZ:seis_pick_1/inf_pick_1 | OTVZ:seis_pick_1/inf_pick_1 | SNVZ:seis_pick_2/inf_pick_1,S2I2S2I1S1I1S1I1S2I1,2500.0,2.5,1828136.0,5661680.0,1731.645752,1.0874652628940098,-0.15928916680309763,5
ETVZ:seis_pick_2/inf_pick_2 | NGZ:seis_pick_1/inf_pick_1 | NOVZ:seis_pick_1/inf_pick_1 | OTVZ:seis_pick_1/inf_pick_1 | SNVZ:seis_pick_1/inf_pick_1,S2I2S1I1S1I1S1I1S1I1,3000.0,3.0,1828232.0,5661872.0,1779.748779,1.0876111563116344,-0.05981469456261124,5
ETVZ:seis_pick_2/inf_pick_1 | NGZ:seis_pick_1/inf_pick_2 | NOVZ:seis_pick_1/inf_pick_2 | OTVZ:seis_pick_2/inf_pick_2 | SNVZ:seis_pick_1/inf_pick_2,S2I1S1I2S1I2S2I2S1I2,3000.0,3.0,1828328.0,5662160.0,1795.425903,1.0878136601706223,0.11199035278709761,5
ETVZ:seis_pick_1/inf_pick_2 | NGZ:seis_pick_2/inf_pick_2 | NOVZ:seis_pick_1/inf_pick_1 | OTVZ:seis_pick_1/inf_pick_1 | SNVZ:seis_pick_1/inf_pick_1,S1I2S2I2S1I1S1I1S1I1,3300.0,3.3,1827848.0,5661776.0,1864.244263,1.0879736306357561,-0.6835400709663008,5
ETVZ:seis_pick_1/inf_pick_2 | NGZ:seis_pick_1/inf_pick_2 | NOVZ:seis_pick_2/inf_pick_2 | OTVZ:seis_pick_1/inf_pick_1 | SNVZ:seis_pick_1/inf_pick_1,S1I2S1I2S2I2S1I1S1I1,3000.0,3.0,1828040.0,5661680.0,1747.83252,1.088010060900106,-0.203094988066243,5
ETVZ:seis_pick_2/inf_pick_2 | NGZ:seis_pick_2/inf_pick_1 | NOVZ:seis_pick_1/inf_pick_1 | OTVZ:seis_pick_1/inf_pick_1 | SNVZ:seis_pick_2/inf_pick_2,S2I2S2I1S1I1S1I1S2I2,3300.0,3.3,1828136.0,5662160.0,1946.274292,1.088335920660529,-0.09640365121613055,5
ETVZ:seis_pick_1/inf_pick_2 | NGZ:seis_pick_1/inf_pick_1 | NOVZ:seis_pick_1/inf_pick_2 | OTVZ:seis_pick_2/inf_pick_2 | SNVZ:seis_pick_1/inf_pick_1,S1I2S1I1S1I2S2I2S1I1,2500.0,2.5,1828232.0,5661584.0,1658.624878,1.0892132449904774,0.6558942941539854,5
ETVZ:seis_pick_1/inf_pick_2 | NGZ:seis_pick_2/inf_pick_1 | NOVZ:seis_pick_1/inf_pick_2 | OTVZ:seis_pick_2/inf_pick_2 | SNVZ:seis_pick_2/inf_pick_2,S1I2S2I1S1I2S2I2S2I2,3300.0,3.3,1828136.0,5661968.0,1868.978394,1.090291140423712,0.3857222494995332,5
ETVZ:seis_pick_1/inf_pick_1 | NGZ:seis_pick_1/inf_pick_2 | NOVZ:seis_pick_2/inf_pick_1 | OTVZ:seis_pick_2/inf_pick_1 | SNVZ:seis_pick_1/inf_pick_1,S1I1S1I2S2I1S2I1S1I1,3000.0,3.0,1828232.0,5661968.0,1833.125488,1.0904011461907992,-1.0323548640467892,5
ETVZ:seis_pick_2/inf_pick_1 | NGZ:seis_pick_2/inf_pick_1 | NOVZ:seis_pick_1/inf_pick_1 | OTVZ:seis_pick_2/inf_pick_1 | SNVZ:seis_pick_2/inf_pick_2,S2I1S2I1S1I1S2I1S2I2,3300.0,3.3,1828520.0,5662160.0,1702.077515,1.0904136233028465,-0.5746628979325095,5
ETVZ:seis_pick_2/inf_pick_1 | NGZ:seis_pick_2/inf_pick_1 | NOVZ:seis_pick_1/inf_pick_2 | OTVZ:seis_pick_2/inf_pick_1 | SNVZ:seis_pick_2/inf_pick_2,S2I1S2I1S1I2S2I1S2I2,3300.0,3.3,1828616.0,5662064.0,1652.864746,1.0906198231957691,-0.31096520524489596,5
ETVZ:seis_pick_1/inf_pick_2 | NGZ:seis_pick_1/inf_pick_2 | NOVZ:seis_pick_1/inf_pick_1 | OTVZ:seis_pick_1/inf_pick_1 | SNVZ:seis_pick_1/inf_pick_1,S1I2S1I2S1I1S1I1S1I1,3300.0,3.3,1827944.0,5661776.0,1826.723999,1.091097026405192,-0.4621064525491857,5
ETVZ:seis_pick_1/inf_pick_2 | NGZ:seis_pick_2/inf_pick_2 | NOVZ:seis_pick_1/inf_pick_2 | OTVZ:seis_pick_1/inf_pick_1 | SNVZ:seis_pick_2/inf_pick_1,S1I2S2I2S1I2S1I1S2I1,2500.0,2.5,1827944.0,5661392.0,1666.013062,1.0915701899304864,-0.19241157921330085,5
ETVZ:seis_pick_1/inf_pick_2 | NGZ:seis_pick_2/inf_pick_2 | NOVZ:seis_pick_2/inf_pick_1 | OTVZ:seis_pick_1/inf_pick_1 | SNVZ:seis_pick_2/inf_pick_1,S1I2S2I2S2I1S1I1S2I1,3300.0,3.3,1827848.0,5661680.0,1823.050049,1.0919293467673126,-0.9882580002608542,5
ETVZ:seis_pick_1/inf_pick_2 | NGZ:seis_pick_2/inf_pick_2 | NOVZ:seis_pick_1/inf_pick_1 | OTVZ:seis_pick_2/inf_pick_2 | SNVZ:seis_pick_1/inf_pick_1,S1I2S2I2S1I1S2I2S1I1,2500.0,2.5,1827848.0,5661680.0,1823.050049,1.0928912854606336,-0.20365733639273903,5
ETVZ:seis_pick_1/inf_pick_1 | NGZ:seis_pick_2/inf_pick_1 | NOVZ:seis_pick_2/inf_pick_2 | OTVZ:seis_pick_1/inf_pick_1 | SNVZ:seis_pick_1/inf_pick_2,S1I1S2I1S2I2S1I1S1I2,2500.0,2.5,1828328.0,5662256.0,1832.388062,1.093658699465451,0.4041017034001209,5
ETVZ:seis_pick_2/inf_pick_2 | NGZ:seis_pick_2/inf_pick_1 | NOVZ:seis_pick_2/inf_pick_1 | OTVZ:seis_pick_1/inf_pick_1 | SNVZ:seis_pick_2/inf_pick_1,S2I2S2I1S2I1S1I1S2I1,3300.0,3.3,1828040.0,5661776.0,1817.950928,1.0945303943348188,-0.7279222366622531,5
ETVZ:seis_pick_2/inf_pick_2 | NGZ:seis_pick_1/inf_pick_2 | NOVZ:seis_pick_2/inf_pick_1 | OTVZ:seis_pick_1/inf_pick_1 | SNVZ:seis_pick_1/inf_pick_1,S2I2S1I2S2I1S1I1S1I1,2500.0,2.5,1827944.0,5661872.0,1879.445679,1.0946091933392068,-0.35007456954431876,5
ETVZ:seis_pick_2/inf_pick_2 | NGZ:seis_pick_1/inf_pick_1 | NOVZ:seis_pick_2/inf_pick_2 | OTVZ:seis_pick_1/inf_pick_1 | SNVZ:seis_pick_1/inf_pick_1,S2I2S1I1S2I2S1I1S1I1,2500.0,2.5,1828328.0,5661776.0,1708.478394,1.0949467385229628,0.33392700932105884,5
ETVZ:seis_pick_2/inf_pick_1 | NGZ:seis_pick_1/inf_pick_1 | NOVZ:seis_pick_2/inf_pick_2 | OTVZ:seis_pick_2/inf_pick_1 | SNVZ:seis_pick_2/inf_pick_2,S2I1S1I1S2I2S2I1S2I2,2500.0,2.5,1828616.0,5662160.0,1662.350708,1.0950488737385224,0.10054066166342271,5
ETVZ:seis_pick_1/inf_pick_1 | NGZ:seis_pick_1/inf_pick_2 | NOVZ:seis_pick_1/inf_pick_1 | OTVZ:seis_pick_2/inf_pick_2 | SNVZ:seis_pick_1/inf_pick_2,S1I1S1I2S1I1S2I2S1I2,2500.0,2.5,1828136.0,5662256.0,1932.221924,1.0951481989555425,0.17691633613516783,5
ETVZ:seis_pick_1/inf_pick_1 | NGZ:seis_pick_1/inf_pick_1 | NOVZ:seis_pick_1/inf_pick_1 | OTVZ:seis_pick_2/inf_pick_1 | SNVZ:seis_pick_2/inf_pick_1,S1I1S1I1S1I1S2I1S2I1,3300.0,3.3,1828520.0,5661776.0,1637.771729,1.0953333925490814,-0.7741394895986164,5
ETVZ:seis_pick_1/inf_pick_2 | NGZ:seis_pick_2/inf_pick_2 | NOVZ:seis_pick_2/inf_pick_2 | OTVZ:seis_pick_1/inf_pick_2 | SNVZ:seis_pick_1/inf_pick_2,S1I2S2I2S2I2S1I2S1I2,3300.0,3.3,1827656.0,5662160.0,2165.010986,1.0959469558826511,0.08103752924377652,5
ETVZ:seis_pick_1/inf_pick_1 | NGZ:seis_pick_2/inf_pick_2 | NOVZ:seis_pick_1/inf_pick_1 | OTVZ:seis_pick_1/inf_pick_1 | SNVZ:seis_pick_2/inf_pick_2,S1I1S2I2S1I1S1I1S2I2,3000.0,3.0,1828040.0,5662160.0,2012.584229,1.0961336610844508,-0.5608691434574615,5
ETVZ:seis_pick_1/inf_pick_1 | NGZ:seis_pick_2/inf_pick_1 | NOVZ:seis_pick_1/inf_pick_1 | OTVZ:seis_pick_1/inf_pick_1 | SNVZ:seis_pick_1/inf_pick_2,S1I1S2I1S1I1S1I1S1I2,2500.0,2.5,1828232.0,5662352.0,1933.467285,1.096209410452869,0.24052660375408533,5
ETVZ:seis_pick_1/inf_pick_2 | NGZ:seis_pick_1/inf_pick_1 | NOVZ:seis_pick_1/inf_pick_1 | OTVZ:seis_pick_1/inf_pick_2 | SNVZ:seis_pick_2/inf_pick_1,S1I2S1I1S1I1S1I2S2I1,3000.0,3.0,1828040.0,5661680.0,1747.83252,1.0965146200102247,0.19942917884401404,5
ETVZ:seis_pick_1/inf_pick_1 | NGZ:seis_pick_2/inf_pick_1 | NOVZ:seis_pick_1/inf_pick_1 | OTVZ:seis_pick_2/inf_pick_1 | SNVZ:seis_pick_2/inf_pick_1,S1I1S2I1S1I1S2I1S2I1,2500.0,2.5,1828424.0,5661680.0,1639.828735,1.0965229064278383,-0.5816982032741945,5
ETVZ:seis_pick_1/inf_pick_2 | NGZ:seis_pick_2/inf_pick_1 | NOVZ:seis_pick_2/inf_pick_2 | OTVZ:seis_pick_2/inf_pick_2 | SNVZ:seis_pick_1/inf_pick_1,S1I2S2I1S2I2S2I2S1I1,2500.0,2.5,1828040.0,5661680.0,1747.83252,1.0968383441634635,0.2848764800563128,5
ETVZ:seis_pick_2/inf_pick_1 | NGZ:seis_pick_2/inf_pick_2 | NOVZ:seis_pick_2/inf_pick_2 | OTVZ:seis_pick_1/inf_pick_1 | SNVZ:seis_pick_2/inf_pick_2,S2I1S2I2S2I2S1I1S2I2,2500.0,2.5,1828136.0,5662064.0,1926.312866,1.0970729128013874,-0.2502048864079457,5
ETVZ:seis_pick_2/inf_pick_2 | NGZ:seis_pick_1/inf_pick_1 | NOVZ:seis_pick_1/inf_pick_2 | OTVZ:seis_pick_1/inf_pick_1 | SNVZ:seis_pick_2/inf_pick_2,S2I2S1I1S1I2S1I1S2I2,2500.0,2.5,1828328.0,5661968.0,1780.70813,1.097075676712137,0.8200988451616202,5
ETVZ:seis_pick_1/inf_pick_2 | NGZ:seis_pick_1/inf_pick_2 | NOVZ:seis_pick_2/inf_pick_1 | OTVZ:seis_pick_2/inf_pick_2 | SNVZ:seis_pick_1/inf_pick_1,S1I2S1I2S2I1S2I2S1I1,3000.0,3.0,1827848.0,5661872.0,1910.128296,1.097579953047279,-0.4611424961709492,5
ETVZ:seis_pick_1/inf_pick_1 | NGZ:seis_pick_2/inf_pick_2 | NOVZ:seis_pick_2/inf_pick_1 | OTVZ:seis_pick_2/inf_pick_1 | SNVZ:seis_pick_2/inf_pick_1,S1I1S2I2S2I1S2I1S2I1,2500.0,2.5,1828136.0,5661776.0,1782.875366,1.0990177237897152,-1.1205694835199866,5
ETVZ:seis_pick_2/inf_pick_2 | NGZ:seis_pick_1/inf_pick_1 | NOVZ:seis_pick_2/inf_pick_1 | OTVZ:seis_pick_1/inf_pick_2 | SNVZ:seis_pick_2/inf_pick_1,S2I2S1I1S2I1S1I2S2I1,3300.0,3.3,1827944.0,5661872.0,1879.445679,1.0990639235188866,-0.24795168988449562,5
ETVZ:seis_pick_2/inf_pick_1 | NGZ:seis_pick_1/inf_pick_2 | NOVZ:seis_pick_2/inf_pick_2 | OTVZ:seis_pick_1/inf_pick_1 | SNVZ:seis_pick_1/inf_pick_2,S2I1S1I2S2I2S1I1S1I2,3000.0,3.0,1828328.0,5662256.0,1832.388062,1.0993703846300789,-0.13171293478497095,5
ETVZ:seis_pick_2/inf_pick_1 | NGZ:seis_pick_2/inf_pick_2 | NOVZ:seis_pick_1/inf_pick_2 | OTVZ:seis_pick_2/inf_pick_2 | SNVZ:seis_pick_2/inf_pick_2,S2I1S2I2S1I2S2I2S2I2,2500.0,2.5,1828136.0,5661968.0,1868.978394,1.1002022012112709,-0.0074869145932567,5
ETVZ:seis_pick_1/inf_pick_2 | NGZ:seis_pick_1/inf_pick_2 | NOVZ:seis_pick_1/inf_pick_1 | OTVZ:seis_pick_2/inf_pick_2 | SNVZ:seis_pick_2/inf_pick_1,S1I2S1I2S1I1S2I2S2I1,2500.0,2.5,1827944.0,5661584.0,1737.253296,1.1006942619238942,-0.15878053904730294,5
ETVZ:seis_pick_2/inf_pick_2 | NGZ:seis_pick_1/inf_pick_1 | NOVZ:seis_pick_1/inf_pick_1 | OTVZ:seis_pick_2/inf_pick_2 | SNVZ:seis_pick_2/inf_pick_1,S2I2S1I1S1I1S2I2S2I1,3000.0,3.0,1828232.0,5661680.0,1707.919678,1.1010421244833803,-0.14561244462387551,5
ETVZ:seis_pick_1/inf_pick_1 | NGZ:seis_pick_1/inf_pick_2 | NOVZ:seis_pick_2/inf_pick_2 | OTVZ:seis_pick_2/inf_pick_1 | SNVZ:seis_pick_1/inf_pick_1,S1I1S1I2S2I2S2I1S1I1,2500.0,2.5,1828328.0,5661776.0,1708.478394,1.1011495072803354,-0.47877036889020824,5
ETVZ:seis_pick_1/inf_pick_1 | NGZ:seis_pick_1/inf_pick_1 | NOVZ:seis_pick_1/inf_pick_1 | OTVZ:seis_pick_2/inf_pick_1 | SNVZ:seis_pick_1/inf_pick_1,S1I1S1I1S1I1S2I1S1I1,3000.0,3.0,1828520.0,5661872.0,1667.41626,1.1013162380469463,-0.48050228199678047,5
ETVZ:seis_pick_1/inf_pick_1 | NGZ:seis_pick_2/inf_pick_2 | NOVZ:seis_pick_1/inf_pick_2 | OTVZ:seis_pick_2/inf_pick_2 | SNVZ:seis_pick_2/inf_pick_2,S1I1S2I2S1I2S2I2S2I2,3300.0,3.3,1828136.0,5661968.0,1868.978394,1.1015460479189048,-0.275703002257052,5
ETVZ:seis_pick_2/inf_pick_2 | NGZ:seis_pick_1/inf_pick_1 | NOVZ:seis_pick_2/inf_pick_1 | OTVZ:seis_pick_2/inf_pick_2 | SNVZ:seis_pick_1/inf_pick_1,S2I2S1I1S2I1S2I2S1I1,3300.0,3.3,1828136.0,5661968.0,1868.978394,1.1020381265320944,-0.2969132739424071,5
ETVZ:seis_pick_2/inf_pick_2 | NGZ:seis_pick_1/inf_pick_1 | NOVZ:seis_pick_1/inf_pick_1 | OTVZ:seis_pick_2/inf_pick_2 | SNVZ:seis_pick_1/inf_pick_2,S2I2S1I1S1I1S2I2S1I2,3000.0,3.0,1828232.0,5662352.0,1933.467285,1.102172994744799,0.43893327054570114,5
ETVZ:seis_pick_1/inf_pick_1 | NGZ:seis_pick_2/inf_pick_2 | NOVZ:seis_pick_1/inf_pick_1 | OTVZ:seis_pick_2/inf_pick_1 | SNVZ:seis_pick_1/inf_pick_1,S1I1S2I2S1I1S2I1S1I1,3000.0,3.0,1828232.0,5661776.0,1756.203979,1.1024785470535379,-1.0435640336884984,5
ETVZ:seis_pick_1/inf_pick_2 | NGZ:seis_pick_1/inf_pick_1 | NOVZ:seis_pick_1/inf_pick_2 | OTVZ:seis_pick_1/inf_pick_1 | SNVZ:seis_pick_2/inf_pick_1,S1I2S1I1S1I2S1I1S2I1,3300.0,3.3,1828328.0,5661488.0,1598.106201,1.102934850776462,0.02693721152170738,5
ETVZ:seis_pick_2/inf_pick_2 | NGZ:seis_pick_1/inf_pick_2 | NOVZ:seis_pick_2/inf_pick_1 | OTVZ:seis_pick_1/inf_pick_1 | SNVZ:seis_pick_2/inf_pick_1,S2I2S1I2S2I1S1I1S2I1,2500.0,2.5,1827944.0,5661776.0,1826.723999,1.103338245988945,-0.5115430289661218,5
ETVZ:seis_pick_1/inf_pick_2 | NGZ:seis_pick_1/inf_pick_1 | NOVZ:seis_pick_2/inf_pick_2 | OTVZ:seis_pick_2/inf_pick_2 | SNVZ:seis_pick_2/inf_pick_2,S1I2S1I1S2I2S2I2S2I2,3300.0,3.3,1828232.0,5662064.0,1861.719849,1.1034217776908373,0.43898970109461216,5
ETVZ:seis_pick_1/inf_pick_1 | NGZ:seis_pick_2/inf_pick_2 | NOVZ:seis_pick_1/inf_pick_2 | OTVZ:seis_pick_2/inf_pick_1 | SNVZ:seis_pick_1/inf_pick_1,S1I1S2I2S1I2S2I1S1I1,3300.0,3.3,1828328.0,5661680.0,1673.186646,1.1035064932564862,-0.9041646840873373,5
ETVZ:seis_pick_2/inf_pick_2 | NGZ:seis_pick_2/inf_pick_1 | NOVZ:seis_pick_2/inf_pick_2 | OTVZ:seis_pick_1/inf_pick_1 | SNVZ:seis_pick_2/inf_pick_2,S2I2S2I1S2I2S1I1S2I2,3000.0,3.0,1828232.0,5662064.0,1861.719849,1.103827085102734,0.1824845037985506,5
ETVZ:seis_pick_2/inf_pick_1 | NGZ:seis_pick_1/inf_pick_2 | NOVZ:seis_pick_1/inf_pick_1 | OTVZ:seis_pick_1/inf_pick_1 | SNVZ:seis_pick_1/inf_pick_2,S2I1S1I2S1I1S1I1S1I2,2500.0,2.5,1828232.0,5662352.0,1933.467285,1.1043113311730526,-0.027035205214253642,5
ETVZ:seis_pick_1/inf_pick_2 | NGZ:seis_pick_1/inf_pick_2 | NOVZ:seis_pick_1/inf_pick_1 | OTVZ:seis_pick_2/inf_pick_2 | SNVZ:seis_pick_1/inf_pick_1,S1I2S1I2S1I1S2I2S1I1,2500.0,2.5,1827944.0,5661776.0,1826.723999,1.1045671973757283,0.0031631532545761233,5
ETVZ:seis_pick_2/inf_pick_1 | NGZ:seis_pick_1/inf_pick_1 | NOVZ:seis_pick_2/inf_pick_1 | OTVZ:seis_pick_2/inf_pick_1 | SNVZ:seis_pick_1/inf_pick_1,S2I1S1I1S2I1S2I1S1I1,2500.0,2.5,1828520.0,5661968.0,1675.416504,1.1048077463575507,-0.48402351817401196,5
ETVZ:seis_pick_1/inf_pick_2 | NGZ:seis_pick_1/inf_pick_1 | NOVZ:seis_pick_1/inf_pick_2 | OTVZ:seis_pick_1/inf_pick_1 | SNVZ:seis_pick_1/inf_pick_1,S1I2S1I1S1I2S1I1S1I1,3000.0,3.0,1828328.0,5661680.0,1673.186646,1.1048987926859408,0.3328448575530034,5
ETVZ:seis_pick_1/inf_pick_2 | NGZ:seis_pick_2/inf_pick_2 | NOVZ:seis_pick_2/inf_pick_1 | OTVZ:seis_pick_1/inf_pick_2 | SNVZ:seis_pick_1/inf_pick_2,S1I2S2I2S2I1S1I2S1I2,2500.0,2.5,1827560.0,5662256.0,2254.04541,1.1063821084841032,0.15212980840275278,5
ETVZ:seis_pick_1/inf_pick_1 | NGZ:seis_pick_2/inf_pick_2 | NOVZ:seis_pick_2/inf_pick_2 | OTVZ:seis_pick_2/inf_pick_1 | SNVZ:seis_pick_1/inf_pick_1,S1I1S2I2S2I2S2I1S1I1,3000.0,3.0,1828232.0,5661776.0,1756.203979,1.1065851854981568,-0.952592290063414,5
ETVZ:seis_pick_1/inf_pick_1 | NGZ:seis_pick_2/inf_pick_1 | NOVZ:seis_pick_2/inf_pick_1 | OTVZ:seis_pick_1/inf_pick_1 | SNVZ:seis_pick_1/inf_pick_2,S1I1S2I1S2I1S1I1S1I2,2500.0,2.5,1828232.0,5662448.0,1918.638916,1.1068766007794226,0.07847655962241049,5
ETVZ:seis_pick_1/inf_pick_2 | NGZ:seis_pick_2/inf_pick_2 | NOVZ:seis_pick_1/inf_pick_2 | OTVZ:seis_pick_1/inf_pick_1 | SNVZ:seis_pick_1/inf_pick_1,S1I2S2I2S1I2S1I1S1I1,3000.0,3.0,1827944.0,5661584.0,1737.253296,1.1073520557819554,-0.27404190215813085,5
ETVZ:seis_pick_2/inf_pick_1 | NGZ:seis_pick_2/inf_pick_1 | NOVZ:seis_pick_2/inf_pick_2 | OTVZ:seis_pick_2/inf_pick_1 | SNVZ:seis_pick_2/inf_pick_2,S2I1S2I1S2I2S2I1S2I2,3000.0,3.0,1828520.0,5662160.0,1702.077515,1.1077950705827646,-0.3626464822155553,5
ETVZ:seis_pick_1/inf_pick_1 | NGZ:seis_pick_1/inf_pick_2 | NOVZ:seis_pick_2/inf_pick_1 | OTVZ:seis_pick_1/inf_pick_1 | SNVZ:seis_pick_1/inf_pick_2,S1I1S1I2S2I1S1I1S1I2,3300.0,3.3,1828136.0,5662448.0,1978.485596,1.108506820421868,-0.5013147657382128,5
ETVZ:seis_pick_2/inf_pick_1 | NGZ:seis_pick_1/inf_pick_2 | NOVZ:seis_pick_1/inf_pick_2 | OTVZ:seis_pick_2/inf_pick_2 | SNVZ:seis_pick_1/inf_pick_2,S2I1S1I2S1I2S2I2S1I2,2500.0,2.5,1828328.0,5662160.0,1795.425903,1.1093660078371315,0.3794267562870166,5
ETVZ:seis_pick_2/inf_pick_1 | NGZ:seis_pick_2/inf_pick_2 | NOVZ:seis_pick_2/inf_pick_1 | OTVZ:seis_pick_2/inf_pick_2 | SNVZ:seis_pick_1/inf_pick_2,S2I1S2I2S2I1S2I2S1I2,3300.0,3.3,1828040.0,5662448.0,2043.867798,1.1096721477756128,-0.7778124887488241,5
ETVZ:seis_pick_1/inf_pick_2 | NGZ:seis_pick_2/inf_pick_1 | NOVZ:seis_pick_1/inf_pick_1 | OTVZ:seis_pick_2/inf_pick_2 | SNVZ:seis_pick_2/inf_pick_1,S1I2S2I1S1I1S2I2S2I1,3000.0,3.0,1828040.0,5661680.0,1747.83252,1.1109706442245222,-0.2554295392814172,5
ETVZ:seis_pick_2/inf_pick_2 | NGZ:seis_pick_1/inf_pick_1 | NOVZ:seis_pick_1/inf_pick_2 | OTVZ:seis_pick_2/inf_pick_2 | SNVZ:seis_pick_1/inf_pick_2,S2I2S1I1S1I2S2I2S1I2,2500.0,2.5,1828328.0,5662160.0,1795.425903,1.1115539688034182,1.040852008043602,5
ETVZ:seis_pick_1/inf_pick_2 | NGZ:seis_pick_2/inf_pick_2 | NOVZ:seis_pick_2/inf_pick_1 | OTVZ:seis_pick_2/inf_pick_2 | SNVZ:seis_pick_2/inf_pick_1,S1I2S2I2S2I1S2I2S2I1,2500.0,2.5,1827752.0,5661680.0,1892.618652,1.1117734108568385,-0.5721791604416909,5
ETVZ:seis_pick_1/inf_pick_2 | NGZ:seis_pick_2/inf_pick_2 | NOVZ:seis_pick_2/inf_pick_2 | OTVZ:seis_pick_1/inf_pick_1 | SNVZ:seis_pick_1/inf_pick_1,S1I2S2I2S2I2S1I1S1I1,3000.0,3.0,1827944.0,5661680.0,1773.920288,1.1120592530496145,-0.41613396748997095,5
ETVZ:seis_pick_2/inf_pick_1 | NGZ:seis_pick_2/inf_pick_1 | NOVZ:seis_pick_2/inf_pick_1 | OTVZ:seis_pick_2/inf_pick_1 | SNVZ:seis_pick_2/inf_pick_2,S2I1S2I1S2I1S2I1S2I2,3300.0,3.3,1828424.0,5662352.0,1806.060791,1.1131042361203933,-0.7969949008346982,5
ETVZ:seis_pick_1/inf_pick_2 | NGZ:seis_pick_2/inf_pick_2 | NOVZ:seis_pick_2/inf_pick_2 | OTVZ:seis_pick_1/inf_pick_2 | SNVZ:seis_pick_1/inf_pick_2,S1I2S2I2S2I2S1I2S1I2,3000.0,3.0,1827656.0,5662064.0,2108.138184,1.1137987978588277,0.25068896554388154,5
ETVZ:seis_pick_1/inf_pick_1 | NGZ:seis_pick_2/inf_pick_2 | NOVZ:seis_pick_2/inf_pick_2 | OTVZ:seis_pick_1/inf_pick_1 | SNVZ:seis_pick_2/inf_pick_2,S1I1S2I2S2I2S1I1S2I2,3300.0,3.3,1828040.0,5662064.0,1956.737061,1.11385350944876,-0.5532278455891791,5
ETVZ:seis_pick_1/inf_pick_1 | NGZ:seis_pick_2/inf_pick_2 | NOVZ:seis_pick_1/inf_pick_2 | OTVZ:seis_pick_2/inf_pick_2 | SNVZ:seis_pick_2/inf_pick_2,S1I1S2I2S1I2S2I2S2I2,3000.0,3.0,1828136.0,5661968.0,1868.978394,1.113973747533218,-0.15387200473068569,5
ETVZ:seis_pick_2/inf_pick_2 | NGZ:seis_pick_1/inf_pick_1 | NOVZ:seis_pick_1/inf_pick_1 | OTVZ:seis_pick_1/inf_pick_1 | SNVZ:seis_pick_2/inf_pick_2,S2I2S1I1S1I1S1I1S2I2,3000.0,3.0,1828232.0,5662160.0,1873.492554,1.1146390664824237,0.25130913417659145,5
ETVZ:seis_pick_1/inf_pick_2 | NGZ:seis_pick_1/inf_pick_1 | NOVZ:seis_pick_2/inf_pick_2 | OTVZ:seis_pick_2/inf_pick_2 | SNVZ:seis_pick_1/inf_pick_1,S1I2S1I1S2I2S2I2S1I1,3000.0,3.0,1828232.0,5661776.0,1756.203979,1.1147930664087846,0.23835365493092234,5
ETVZ:seis_pick_1/inf_pick_2 | NGZ:seis_pick_2/inf_pick_1 | NOVZ:seis_pick_2/inf_pick_2 | OTVZ:seis_pick_2/inf_pick_2 | SNVZ:seis_pick_2/inf_pick_2,S1I2S2I1S2I2S2I2S2I2,3300.0,3.3,1828040.0,5662064.0,1956.737061,1.1154406134803794,0.18285938127972584,5
ETVZ:seis_pick_1/inf_pick_1 | NGZ:seis_pick_2/inf_pick_2 | NOVZ:seis_pick_2/inf_pick_1 | OTVZ:seis_pick_1/inf_pick_1 | SNVZ:seis_pick_2/inf_pick_2,S1I1S2I2S2I1S1I1S2I2,2500.0,2.5,1827944.0,5662160.0,2062.442139,1.1154443327268988,-0.471390836672456,5
ETVZ:seis_pick_1/inf_pick_1 | NGZ:seis_pick_2/inf_pick_2 | NOVZ:seis_pick_2/inf_pick_1 | OTVZ:seis_pick_2/inf_pick_1 | SNVZ:seis_pick_1/inf_pick_1,S1I1S2I2S2I1S2I1S1I1,3000.0,3.0,1828136.0,5661872.0,1836.069458,1.115744006597453,-1.224928629931373,5
ETVZ:seis_pick_1/inf_pick_1 | NGZ:seis_pick_2/inf_pick_1 | NOVZ:seis_pick_2/inf_pick_1 | OTVZ:seis_pick_2/inf_pick_1 | SNVZ:seis_pick_2/inf_pick_1,S1I1S2I1S2I1S2I1S2I1,3000.0,3.0,1828328.0,5661872.0,1752.691528,1.115815319312767,-1.021944406913072,5
ETVZ:seis_pick_1/inf_pick_1 | NGZ:seis_pick_1/inf_pick_1 | NOVZ:seis_pick_1/inf_pick_2 | OTVZ:seis_pick_2/inf_pick_1 | SNVZ:seis_pick_2/inf_pick_2,S1I1S1I1S1I2S2I1S2I2,3300.0,3.3,1828616.0,5662064.0,1652.864746,1.1159858683827546,-0.00737861357414662,5
ETVZ:seis_pick_2/inf_pick_2 | NGZ:seis_pick_1/inf_pick_1 | NOVZ:seis_pick_2/inf_pick_1 | OTVZ:seis_pick_1/inf_pick_2 | SNVZ:seis_pick_2/inf_pick_1,S2I2S1I1S2I1S1I2S2I1,3000.0,3.0,1827944.0,5661872.0,1879.445679,1.1162342267421594,-0.12564761773589606,5
ETVZ:seis_pick_1/inf_pick_1 | NGZ:seis_pick_2/inf_pick_1 | NOVZ:seis_pick_1/inf_pick_2 | OTVZ:seis_pick_1/inf_pick_1 | SNVZ:seis_pick_1/inf_pick_2,S1I1S2I1S1I2S1I1S1I2,2500.0,2.5,1828328.0,5662160.0,1795.425903,1.1167096522291955,0.5723265901430358,5
ETVZ:seis_pick_2/inf_pick_1 | NGZ:seis_pick_2/inf_pick_1 | NOVZ:seis_pick_1/inf_pick_2 | OTVZ:seis_pick_2/inf_pick_1 | SNVZ:seis_pick_2/inf_pick_2,S2I1S2I1S1I2S2I1S2I2,3000.0,3.0,1828616.0,5661968.0,1629.870117,1.1168015871188266,-0.1731015500465741,5
ETVZ:seis_pick_1/inf_pick_2 | NGZ:seis_pick_2/inf_pick_1 | NOVZ:seis_pick_2/inf_pick_2 | OTVZ:seis_pick_1/inf_pick_1 | SNVZ:seis_pick_1/inf_pick_1,S1I2S2I1S2I2S1I1S1I1,3000.0,3.0,1828136.0,5661680.0,1731.645752,1.117202707352338,-0.03147770971848533,5
ETVZ:seis_pick_1/inf_pick_1 | NGZ:seis_pick_2/inf_pick_1 | NOVZ:seis_pick_2/inf_pick_1 | OTVZ:seis_pick_2/inf_pick_1 | SNVZ:seis_pick_1/inf_pick_1,S1I1S2I1S2I1S2I1S1I1,3000.0,3.0,1828328.0,5661968.0,1780.70813,1.1172104781040104,-0.8561307264522803,5
ETVZ:seis_pick_2/inf_pick_1 | NGZ:seis_pick_2/inf_pick_1 | NOVZ:seis_pick_1/inf_pick_1 | OTVZ:seis_pick_2/inf_pick_1 | SNVZ:seis_pick_2/inf_pick_2,S2I1S2I1S1I1S2I1S2I2,3000.0,3.0,1828520.0,5662160.0,1702.077515,1.1175754707987247,-0.4536182258406397,5
ETVZ:seis_pick_2/inf_pick_1 | NGZ:seis_pick_1/inf_pick_1 | NOVZ:seis_pick_2/inf_pick_1 | OTVZ:seis_pick_2/inf_pick_1 | SNVZ:seis_pick_2/inf_pick_2,S2I1S1I1S2I1S2I1S2I2,3000.0,3.0,1828520.0,5662352.0,1747.839355,1.1184087298247247,-0.4687464537809312,5
ETVZ:seis_pick_2/inf_pick_2 | NGZ:seis_pick_2/inf_pick_1 | NOVZ:seis_pick_2/inf_pick_2 | OTVZ:seis_pick_2/inf_pick_2 | SNVZ:seis_pick_1/inf_pick_2,S2I2S2I1S2I2S2I2S1I2,3300.0,3.3,1828136.0,5662256.0,1932.221924,1.118516098778239,0.23311257927470183,5
ETVZ:seis_pick_2/inf_pick_2 | NGZ:seis_pick_2/inf_pick_2 | NOVZ:seis_pick_1/inf_pick_2 | OTVZ:seis_pick_1/inf_pick_2 | SNVZ:seis_pick_1/inf_pick_2,S2I2S2I2S1I2S1I2S1I2,3300.0,3.3,1827848.0,5662064.0,2029.3927,1.1185470004449045,0.24193702595889716,5
ETVZ:seis_pick_1/inf_pick_2 | NGZ:seis_pick_1/inf_pick_2 | NOVZ:seis_pick_1/inf_pick_1 | OTVZ:seis_pick_1/inf_pick_1 | SNVZ:seis_pick_2/inf_pick_1,S1I2S1I2S1I1S1I1S2I1,3000.0,3.0,1828040.0,5661584.0,1704.531738,1.1187664785645182,-0.4702557937521169,5
ETVZ:seis_pick_1/inf_pick_1 | NGZ:seis_pick_1/inf_pick_2 | NOVZ:seis_pick_1/inf_pick_2 | OTVZ:seis_pick_2/inf_pick_2 | SNVZ:seis_pick_1/inf_pick_2,S1I1S1I2S1I2S2I2S1I2,3300.0,3.3,1828232.0,5662160.0,1873.492554,1.1193147552773983,0.07356620063431887,5
ETVZ:seis_pick_1/inf_pick_1 | NGZ:seis_pick_1/inf_pick_2 | NOVZ:seis_pick_1/inf_pick_1 | OTVZ:seis_pick_2/inf_pick_1 | SNVZ:seis_pick_1/inf_pick_1,S1I1S1I2S1I1S2I1S1I1,2500.0,2.5,1828328.0,5661776.0,1708.478394,1.1194258239532293,-0.5697421125152926,5
ETVZ:seis_pick_1/inf_pick_1 | NGZ:seis_pick_1/inf_pick_2 | NOVZ:seis_pick_2/inf_pick_2 | OTVZ:seis_pick_2/inf_pick_2 | SNVZ:seis_pick_1/inf_pick_2,S1I1S1I2S2I2S2I2S1I2,2500.0,2.5,1828136.0,5662256.0,1932.221924,1.1196873667658318,0.2678880797602522,5
ETVZ:seis_pick_1/inf_pick_2 | NGZ:seis_pick_2/inf_pick_2 | NOVZ:seis_pick_2/inf_pick_2 | OTVZ:seis_pick_1/inf_pick_1 | SNVZ:seis_pick_2/inf_pick_1,S1I2S2I2S2I2S1I1S2I1,2500.0,2.5,1827944.0,5661488.0,1710.052002,1.1205948355140714,-0.3255217165641753,5
ETVZ:seis_pick_2/inf_pick_2 | NGZ:seis_pick_1/inf_pick_2 | NOVZ:seis_pick_2/inf_pick_2 | OTVZ:seis_pick_2/inf_pick_2 | SNVZ:seis_pick_2/inf_pick_2,S2I2S1I2S2I2S2I2S2I2,2500.0,2.5,1828040.0,5661968.0,1927.026855,1.121741628760168,0.3314892997811267,5
ETVZ:seis_pick_1/inf_pick_1 | NGZ:seis_pick_1/inf_pick_1 | NOVZ:seis_pick_2/inf_pick_2 | OTVZ:seis_pick_2/inf_pick_1 | SNVZ:seis_pick_1/inf_pick_1,S1I1S1I1S2I2S2I1S1I1,2500.0,2.5,1828520.0,5661776.0,1637.771729,1.1217757829956436,-0.11596879174817616,5
ETVZ:seis_pick_1/inf_pick_1 | NGZ:seis_pick_2/inf_pick_2 | NOVZ:seis_pick_1/inf_pick_2 | OTVZ:seis_pick_1/inf_pick_2 | SNVZ:seis_pick_1/inf_pick_2,S1I1S2I2S1I2S1I2S1I2,3300.0,3.3,1827944.0,5662160.0,2062.442139,1.1218698649379564,0.02666253753127599,5
ETVZ:seis_pick_1/inf_pick_1 | NGZ:seis_pick_2/inf_pick_2 | NOVZ:seis_pick_1/inf_pick_2 | OTVZ:seis_pick_1/inf_pick_2 | SNVZ:seis_pick_1/inf_pick_2,S1I1S2I2S1I2S1I2S1I2,3000.0,3.0,1827944.0,5662160.0,2062.442139,1.1220682076924209,0.1502107542607641,5
ETVZ:seis_pick_1/inf_pick_1 | NGZ:seis_pick_2/inf_pick_2 | NOVZ:seis_pick_1/inf_pick_2 | OTVZ:seis_pick_1/inf_pick_2 | SNVZ:seis_pick_1/inf_pick_2,S1I1S2I2S1I2S1I2S1I2,2500.0,2.5,1827944.0,5662064.0,2013.466919,1.1225817205083917,0.4592900270358813,5
ETVZ:seis_pick_1/inf_pick_2 | NGZ:seis_pick_2/inf_pick_1 | NOVZ:seis_pick_2/inf_pick_2 | OTVZ:seis_pick_2/inf_pick_2 | SNVZ:seis_pick_2/inf_pick_1,S1I2S2I1S2I2S2I2S2I1,2500.0,2.5,1828040.0,5661584.0,1704.531738,1.1226716977784685,0.10854323359843025,5
ETVZ:seis_pick_1/inf_pick_2 | NGZ:seis_pick_1/inf_pick_2 | NOVZ:seis_pick_2/inf_pick_1 | OTVZ:seis_pick_2/inf_pick_2 | SNVZ:seis_pick_2/inf_pick_1,S1I2S1I2S2I1S2I2S2I1,3000.0,3.0,1827848.0,5661776.0,1864.244263,1.1228169949487277,-0.6228261300110619,5
ETVZ:seis_pick_2/inf_pick_1 | NGZ:seis_pick_2/inf_pick_2 | NOVZ:seis_pick_2/inf_pick_1 | OTVZ:seis_pick_2/inf_pick_2 | SNVZ:seis_pick_1/inf_pick_2,S2I1S2I2S2I1S2I2S1I2,3000.0,3.0,1828040.0,5662448.0,2043.867798,1.1230342272087144,-0.6537459333374205,5
ETVZ:seis_pick_1/inf_pick_2 | NGZ:seis_pick_2/inf_pick_1 | NOVZ:seis_pick_1/inf_pick_2 | OTVZ:seis_pick_1/inf_pick_1 | SNVZ:seis_pick_2/inf_pick_1,S1I2S2I1S1I2S1I1S2I1,2500.0,2.5,1828232.0,5661392.0,1581.285278,1.1231111102250046,0.205974854014865,5
ETVZ:seis_pick_2/inf_pick_2 | NGZ:seis_pick_1/inf_pick_1 | NOVZ:seis_pick_2/inf_pick_1 | OTVZ:seis_pick_2/inf_pick_2 | SNVZ:seis_pick_1/inf_pick_2,S2I2S1I1S2I1S2I2S1I2,3300.0,3.3,1828136.0,5662448.0,1978.485596,1.1231265476932695,0.1131293567101153,5
ETVZ:seis_pick_2/inf_pick_2 | NGZ:seis_pick_2/inf_pick_1 | NOVZ:seis_pick_1/inf_pick_1 | OTVZ:seis_pick_1/inf_pick_1 | SNVZ:seis_pick_2/inf_pick_2,S2I2S2I1S1I1S1I1S2I2,3000.0,3.0,1828136.0,5662160.0,1946.274292,1.1231775378898678,0.026084890084615252,5
ETVZ:seis_pick_1/inf_pick_1 | NGZ:seis_pick_2/inf_pick_1 | NOVZ:seis_pick_1/inf_pick_1 | OTVZ:seis_pick_2/inf_pick_1 | SNVZ:seis_pick_1/inf_pick_1,S1I1S2I1S1I1S2I1S1I1,2500.0,2.5,1828424.0,5661776.0,1675.246094,1.123318734701488,-0.404842875655339,5
ETVZ:seis_pick_2/inf_pick_2 | NGZ:seis_pick_2/inf_pick_1 | NOVZ:seis_pick_2/inf_pick_1 | OTVZ:seis_pick_2/inf_pick_2 | SNVZ:seis_pick_2/inf_pick_1,S2I2S2I1S2I1S2I2S2I1,2500.0,2.5,1828040.0,5661776.0,1817.950928,1.1245699264517495,-0.2636727733762513,5
ETVZ:seis_pick_1/inf_pick_2 | NGZ:seis_pick_2/inf_pick_1 | NOVZ:seis_pick_2/inf_pick_2 | OTVZ:seis_pick_1/inf_pick_1 | SNVZ:seis_pick_2/inf_pick_1,S1I2S2I1S2I2S1I1S2I1,3000.0,3.0,1828136.0,5661584.0,1680.270508,1.125191742185591,-0.207317381539454,5
ETVZ:seis_pick_1/inf_pick_2 | NGZ:seis_pick_2/inf_pick_1 | NOVZ:seis_pick_1/inf_pick_2 | OTVZ:seis_pick_2/inf_pick_2 | SNVZ:seis_pick_2/inf_pick_2,S1I2S2I1S1I2S2I2S2I2,3000.0,3.0,1828136.0,5661968.0,1868.978394,1.1251943462726295,0.5075532470258995,5
ETVZ:seis_pick_2/inf_pick_2 | NGZ:seis_pick_1/inf_pick_1 | NOVZ:seis_pick_1/inf_pick_2 | OTVZ:seis_pick_1/inf_pick_1 | SNVZ:seis_pick_1/inf_pick_2,S2I2S1I1S1I2S1I1S1I2,3300.0,3.3,1828328.0,5662160.0,1795.425903,1.1256688615929276,0.5771916278404914,5
ETVZ:seis_pick_2/inf_pick_2 | NGZ:seis_pick_2/inf_pick_1 | NOVZ:seis_pick_1/inf_pick_1 | OTVZ:seis_pick_2/inf_pick_2 | SNVZ:seis_pick_1/inf_pick_2,S2I2S2I1S1I1S2I2S1I2,3300.0,3.3,1828136.0,5662256.0,1932.221924,1.1264963434053432,0.14214083564961744,5
ETVZ:seis_pick_1/inf_pick_1 | NGZ:seis_pick_1/inf_pick_2 | NOVZ:seis_pick_2/inf_pick_1 | OTVZ:seis_pick_2/inf_pick_1 | SNVZ:seis_pick_2/inf_pick_1,S1I1S1I2S2I1S2I1S2I1,2500.0,2.5,1828232.0,5661776.0,1756.203979,1.1268374121640194,-0.9136061626151184,5
ETVZ:seis_pick_2/inf_pick_2 | NGZ:seis_pick_2/inf_pick_1 | NOVZ:seis_pick_2/inf_pick_1 | OTVZ:seis_pick_1/inf_pick_1 | SNVZ:seis_pick_2/inf_pick_1,S2I2S2I1S2I1S1I1S2I1,3000.0,3.0,1828040.0,5661776.0,1817.950928,1.1268386755875879,-0.6061761466079784,5
ETVZ:seis_pick_1/inf_pick_2 | NGZ:seis_pick_2/inf_pick_2 | NOVZ:seis_pick_1/inf_pick_1 | OTVZ:seis_pick_1/inf_pick_1 | SNVZ:seis_pick_1/inf_pick_1,S1I2S2I2S1I1S1I1S1I1,3000.0,3.0,1827848.0,5661776.0,1864.244263,1.1271189300927922,-0.561030489685753,5
ETVZ:seis_pick_2/inf_pick_2 | NGZ:seis_pick_1/inf_pick_2 | NOVZ:seis_pick_1/inf_pick_1 | OTVZ:seis_pick_2/inf_pick_2 | SNVZ:seis_pick_2/inf_pick_2,S2I2S1I2S1I1S2I2S2I2,2500.0,2.5,1828040.0,5662064.0,1956.737061,1.1275588671839867,0.21657793830855693,5
ETVZ:seis_pick_2/inf_pick_2 | NGZ:seis_pick_2/inf_pick_2 | NOVZ:seis_pick_2/inf_pick_1 | OTVZ:seis_pick_2/inf_pick_2 | SNVZ:seis_pick_2/inf_pick_2,S2I2S2I2S2I1S2I2S2I2,3300.0,3.3,1827848.0,5662160.0,2101.272461,1.128366905237542,-0.6260731303776368,5
ETVZ:seis_pick_2/inf_pick_1 | NGZ:seis_pick_1/inf_pick_1 | NOVZ:seis_pick_1/inf_pick_1 | OTVZ:seis_pick_2/inf_pick_1 | SNVZ:seis_pick_2/inf_pick_2,S2I1S1I1S1I1S2I1S2I2,2500.0,2.5,1828616.0,5662160.0,1662.350708,1.1288978521852504,0.009568918038338304,5
ETVZ:seis_pick_1/inf_pick_2 | NGZ:seis_pick_1/inf_pick_2 | NOVZ:seis_pick_1/inf_pick_1 | OTVZ:seis_pick_1/inf_pick_1 | SNVZ:seis_pick_1/inf_pick_1,S1I2S1I2S1I1S1I1S1I1,3000.0,3.0,1827944.0,5661776.0,1826.723999,1.1290274817352066,-0.3400415679581096,5
ETVZ:seis_pick_2/inf_pick_2 | NGZ:seis_pick_2/inf_pick_2 | NOVZ:seis_pick_1/inf_pick_2 | OTVZ:seis_pick_1/inf_pick_2 | SNVZ:seis_pick_1/inf_pick_2,S2I2S2I2S1I2S1I2S1I2,3000.0,3.0,1827848.0,5662064.0,2029.3927,1.1292984082846582,0.3654474674360211,5
ETVZ:seis_pick_2/inf_pick_2 | NGZ:seis_pick_2/inf_pick_1 | NOVZ:seis_pick_1/inf_pick_2 | OTVZ:seis_pick_2/inf_pick_2 | SNVZ:seis_pick_1/inf_pick_2,S2I2S2I1S1I2S2I2S1I2,3300.0,3.3,1828232.0,5662160.0,1873.492554,1.1302499319618668,0.4314048607201547,5
ETVZ:seis_pick_1/inf_pick_2 | NGZ:seis_pick_2/inf_pick_2 | NOVZ:seis_pick_2/inf_pick_1 | OTVZ:seis_pick_1/inf_pick_1 | SNVZ:seis_pick_2/inf_pick_1,S1I2S2I2S2I1S1I1S2I1,3000.0,3.0,1827848.0,5661680.0,1823.050049,1.130721597281703,-0.8659025046146057,5
ETVZ:seis_pick_1/inf_pick_1 | NGZ:seis_pick_2/inf_pick_2 | NOVZ:seis_pick_2/inf_pick_2 | OTVZ:seis_pick_1/inf_pick_1 | SNVZ:seis_pick_2/inf_pick_2,S1I1S2I2S2I2S1I1S2I2,3000.0,3.0,1828040.0,5662064.0,1956.737061,1.1311191499255135,-0.430649061332225,5
ETVZ:seis_pick_1/inf_pick_1 | NGZ:seis_pick_1/inf_pick_1 | NOVZ:seis_pick_1/inf_pick_1 | OTVZ:seis_pick_2/inf_pick_1 | SNVZ:seis_pick_2/inf_pick_1,S1I1S1I1S1I1S2I1S2I1,3000.0,3.0,1828520.0,5661776.0,1637.771729,1.13121199411077,-0.6537471561688715,5
ETVZ:seis_pick_2/inf_pick_2 | NGZ:seis_pick_1/inf_pick_1 | NOVZ:seis_pick_1/inf_pick_1 | OTVZ:seis_pick_1/inf_pick_1 | SNVZ:seis_pick_2/inf_pick_1,S2I2S1I1S1I1S1I1S2I1,3300.0,3.3,1828232.0,5661776.0,1756.203979,1.1319200197930188,-0.35196460389132617,5
ETVZ:seis_pick_1/inf_pick_1 | NGZ:seis_pick_1/inf_pick_2 | NOVZ:seis_pick_1/inf_pick_1 | OTVZ:seis_pick_1/inf_pick_1 | SNVZ:seis_pick_1/inf_pick_2,S1I1S1I2S1I1S1I1S1I2,3300.0,3.3,1828136.0,5662352.0,1970.850952,1.1319813510442622,-0.3310059601816658,5
ETVZ:seis_pick_1/inf_pick_2 | NGZ:seis_pick_2/inf_pick_2 | NOVZ:seis_pick_1/inf_pick_1 | OTVZ:seis_pick_1/inf_pick_2 | SNVZ:seis_pick_1/inf_pick_2,S1I2S2I2S1I1S1I2S1I2,2500.0,2.5,1827656.0,5662160.0,2165.010986,1.1319985311661802,0.39056338016322767,5
ETVZ:seis_pick_2/inf_pick_2 | NGZ:seis_pick_2/inf_pick_1 | NOVZ:seis_pick_2/inf_pick_1 | OTVZ:seis_pick_2/inf_pick_2 | SNVZ:seis_pick_2/inf_pick_2,S2I2S2I1S2I1S2I2S2I2,2500.0,2.5,1828040.0,5662256.0,2015.394897,1.1324347521011293,0.1649297027993221,5
ETVZ:seis_pick_1/inf_pick_2 | NGZ:seis_pick_2/inf_pick_2 | NOVZ:seis_pick_2/inf_pick_1 | OTVZ:seis_pick_1/inf_pick_1 | SNVZ:seis_pick_1/inf_pick_1,S1I2S2I2S2I1S1I1S1I1,3300.0,3.3,1827848.0,5661872.0,1910.128296,1.132640274377261,-0.8404882835580721,5
ETVZ:seis_pick_2/inf_pick_2 | NGZ:seis_pick_1/inf_pick_1 | NOVZ:seis_pick_2/inf_pick_1 | OTVZ:seis_pick_2/inf_pick_2 | SNVZ:seis_pick_1/inf_pick_1,S2I2S1I1S2I1S2I2S1I1,3000.0,3.0,1828136.0,5661968.0,1868.978394,1.1328378416388176,-0.17508227641604074,5
ETVZ:seis_pick_2/inf_pick_1 | NGZ:seis_pick_1/inf_pick_2 | NOVZ:seis_pick_2/inf_pick_2 | OTVZ:seis_pick_1/inf_pick_1 | SNVZ:seis_pick_1/inf_pick_2,S2I1S1I2S2I2S1I1S1I2,2500.0,2.5,1828232.0,5662256.0,1871.278687,1.133337279304339,0.10944598655597507,5
ETVZ:seis_pick_2/inf_pick_2 | NGZ:seis_pick_1/inf_pick_2 | NOVZ:seis_pick_1/inf_pick_2 | OTVZ:seis_pick_2/inf_pick_2 | SNVZ:seis_pick_2/inf_pick_2,S2I2S1I2S1I2S2I2S2I2,2500.0,2.5,1828136.0,5661872.0,1836.069458,1.1334336022025686,0.5269886127964606,5
ETVZ:seis_pick_1/inf_pick_1 | NGZ:seis_pick_1/inf_pick_2 | NOVZ:seis_pick_2/inf_pick_1 | OTVZ:seis_pick_1/inf_pick_1 | SNVZ:seis_pick_1/inf_pick_2,S1I1S1I2S2I1S1I1S1I2,3000.0,3.0,1828136.0,5662448.0,1978.485596,1.1337940539550428,-0.3777839290575926,5
ETVZ:seis_pick_1/inf_pick_1 | NGZ:seis_pick_1/inf_pick_2 | NOVZ:seis_pick_1/inf_pick_2 | OTVZ:seis_pick_2/inf_pick_2 | SNVZ:seis_pick_1/inf_pick_2,S1I1S1I2S1I2S2I2S1I2,3000.0,3.0,1828232.0,5662160.0,1873.492554,1.133927197917276,0.19556180826578853,5
ETVZ:seis_pick_1/inf_pick_1 | NGZ:seis_pick_2/inf_pick_2 | NOVZ:seis_pick_1/inf_pick_2 | OTVZ:seis_pick_2/inf_pick_1 | SNVZ:seis_pick_1/inf_pick_1,S1I1S2I2S1I2S2I1S1I1,3000.0,3.0,1828328.0,5661680.0,1673.186646,1.135007396743359,-0.783439112329013,5
ETVZ:seis_pick_1/inf_pick_2 | NGZ:seis_pick_2/inf_pick_1 | NOVZ:seis_pick_1/inf_pick_2 | OTVZ:seis_pick_1/inf_pick_1 | SNVZ:seis_pick_1/inf_pick_1,S1I2S2I1S1I2S1I1S1I1,2500.0,2.5,1828136.0,5661584.0,1680.270508,1.1359096963691884,0.37767766054836416,5
ETVZ:seis_pick_2/inf_pick_2 | NGZ:seis_pick_2/inf_pick_1 | NOVZ:seis_pick_2/inf_pick_1 | OTVZ:seis_pick_1/inf_pick_1 | SNVZ:seis_pick_2/inf_pick_2,S2I2S2I1S2I1S1I1S2I2,3300.0,3.3,1828040.0,5662256.0,2015.394897,1.1369056551126542,-0.3042687787480194,5
ETVZ:seis_pick_1/inf_pick_2 | NGZ:seis_pick_1/inf_pick_2 | NOVZ:seis_pick_1/inf_pick_2 | OTVZ:seis_pick_1/inf_pick_1 | SNVZ:seis_pick_1/inf_pick_1,S1I2S1I2S1I2S1I1S1I1,2500.0,2.5,1828040.0,5661584.0,1704.531738,1.1373793599998416,0.20636365662614953,5
ETVZ:seis_pick_1/inf_pick_1 | NGZ:seis_pick_1/inf_pick_1 | NOVZ:seis_pick_2/inf_pick_2 | OTVZ:seis_pick_2/inf_pick_1 | SNVZ:seis_pick_2/inf_pick_1,S1I1S1I1S2I2S2I1S2I1,2500.0,2.5,1828616.0,5661584.0,1545.224731,1.137429442313004,-0.28848653191306306,5
ETVZ:seis_pick_1/inf_pick_2 | NGZ:seis_pick_2/inf_pick_2 | NOVZ:seis_pick_2/inf_pick_1 | OTVZ:seis_pick_2/inf_pick_2 | SNVZ:seis_pick_1/inf_pick_1,S1I2S2I2S2I1S2I2S1I1,2500.0,2.5,1827752.0,5661776.0,1918.936157,1.1378832170969055,-0.4006813087796141,5
ETVZ:seis_pick_1/inf_pick_2 | NGZ:seis_pick_2/inf_pick_1 | NOVZ:seis_pick_1/inf_pick_1 | OTVZ:seis_pick_1/inf_pick_1 | SNVZ:seis_pick_1/inf_pick_1,S1I2S2I1S1I1S1I1S1I1,3300.0,3.3,1828040.0,5661776.0,1817.950928,1.1382077560159953,-0.287878029553875,5
ETVZ:seis_pick_1/inf_pick_2 | NGZ:seis_pick_1/inf_pick_1 | NOVZ:seis_pick_1/inf_pick_2 | OTVZ:seis_pick_2/inf_pick_2 | SNVZ:seis_pick_2/inf_pick_1,S1I2S1I1S1I2S2I2S2I1,2500.0,2.5,1828232.0,5661488.0,1616.910156,1.138556731667649,0.47132747209005343,5
ETVZ:seis_pick_1/inf_pick_2 | NGZ:seis_pick_2/inf_pick_1 | NOVZ:seis_pick_2/inf_pick_1 | OTVZ:seis_pick_2/inf_pick_2 | SNVZ:seis_pick_1/inf_pick_1,S1I2S2I1S2I1S2I2S1I1,3300.0,3.3,1827944.0,5661968.0,1945.640259,1.1386370750734829,-0.43123632139178414,5
ETVZ:seis_pick_1/inf_pick_2 | NGZ:seis_pick_1/inf_pick_1 | NOVZ:seis_pick_1/inf_pick_2 | OTVZ:seis_pick_1/inf_pick_1 | SNVZ:seis_pick_2/inf_pick_1,S1I2S1I1S1I2S1I1S2I1,3000.0,3.0,1828328.0,5661488.0,1598.106201,1.139100498368465,0.1476992528709152,5
ETVZ:seis_pick_1/inf_pick_2 | NGZ:seis_pick_1/inf_pick_1 | NOVZ:seis_pick_2/inf_pick_2 | OTVZ:seis_pick_2/inf_pick_2 | SNVZ:seis_pick_2/inf_pick_2,S1I2S1I1S2I2S2I2S2I2,3000.0,3.0,1828232.0,5662064.0,1861.719849,1.1393857301385413,0.5607330705816198,5
ETVZ:seis_pick_1/inf_pick_1 | NGZ:seis_pick_2/inf_pick_2 | NOVZ:seis_pick_1/inf_pick_1 | OTVZ:seis_pick_1/inf_pick_1 | SNVZ:seis_pick_2/inf_pick_2,S1I1S2I2S1I1S1I1S2I2,2500.0,2.5,1828040.0,5662064.0,1956.737061,1.1407868098858176,-0.25194747959200914,5
ETVZ:seis_pick_2/inf_pick_2 | NGZ:seis_pick_2/inf_pick_2 | NOVZ:seis_pick_1/inf_pick_1 | OTVZ:seis_pick_2/inf_pick_2 | SNVZ:seis_pick_2/inf_pick_2,S2I2S2I2S1I1S2I2S2I2,3300.0,3.3,1827848.0,5662064.0,2029.3927,1.1408950280004853,-0.4403510512292472,5
ETVZ:seis_pick_2/inf_pick_2 | NGZ:seis_pick_1/inf_pick_1 | NOVZ:seis_pick_2/inf_pick_2 | OTVZ:seis_pick_2/inf_pick_2 | SNVZ:seis_pick_1/inf_pick_2,S2I2S1I1S2I2S2I2S1I2,2500.0,2.5,1828232.0,5662256.0,1871.278687,1.1433916107157915,0.8455332134248801,5
ETVZ:seis_pick_1/inf_pick_2 | NGZ:seis_pick_1/inf_pick_1 | NOVZ:seis_pick_2/inf_pick_1 | OTVZ:seis_pick_1/inf_pick_2 | SNVZ:seis_pick_1/inf_pick_1,S1I2S1I1S2I1S1I2S1I1,2500.0,2.5,1827944.0,5661968.0,1945.640259,1.1434938488834667,0.4161490002794356,5
ETVZ:seis_pick_1/inf_pick_2 | NGZ:seis_pick_2/inf_pick_1 | NOVZ:seis_pick_1/inf_pick_1 | OTVZ:seis_pick_2/inf_pick_2 | SNVZ:seis_pick_2/inf_pick_2,S1I2S2I1S1I1S2I2S2I2,3300.0,3.3,1828040.0,5662064.0,1956.737061,1.1436192204985467,0.09188763765464145,5
ETVZ:seis_pick_2/inf_pick_2 | NGZ:seis_pick_1/inf_pick_2 | NOVZ:seis_pick_2/inf_pick_2 | OTVZ:seis_pick_1/inf_pick_1 | SNVZ:seis_pick_2/inf_pick_2,S2I2S1I2S2I2S1I1S2I2,3300.0,3.3,1828040.0,5662064.0,1956.737061,1.143924886575907,-0.15936440280093295,5
ETVZ:seis_pick_2/inf_pick_1 | NGZ:seis_pick_2/inf_pick_2 | NOVZ:seis_pick_1/inf_pick_2 | OTVZ:seis_pick_1/inf_pick_1 | SNVZ:seis_pick_2/inf_pick_2,S2I1S2I2S1I2S1I1S2I2,3300.0,3.3,1828232.0,5661968.0,1833.125488,1.1440598033961547,-0.4415786515761594,5
ETVZ:seis_pick_2/inf_pick_2 | NGZ:seis_pick_1/inf_pick_2 | NOVZ:seis_pick_1/inf_pick_1 | OTVZ:seis_pick_1/inf_pick_1 | SNVZ:seis_pick_2/inf_pick_2,S2I2S1I2S1I1S1I1S2I2,3300.0,3.3,1828040.0,5662064.0,1956.737061,1.1445330561955545,-0.2503361464260173,5
ETVZ:seis_pick_2/inf_pick_1 | NGZ:seis_pick_2/inf_pick_1 | NOVZ:seis_pick_2/inf_pick_1 | OTVZ:seis_pick_2/inf_pick_1 | SNVZ:seis_pick_2/inf_pick_2,S2I1S2I1S2I1S2I1S2I2,3000.0,3.0,1828424.0,5662352.0,1806.060791,1.1458208492972042,-0.6749832009136597,5
ETVZ:seis_pick_1/inf_pick_2 | NGZ:seis_pick_1/inf_pick_2 | NOVZ:seis_pick_2/inf_pick_2 | OTVZ:seis_pick_1/inf_pick_1 | SNVZ:seis_pick_2/inf_pick_1,S1I2S1I2S2I2S1I1S2I1,2500.0,2.5,1828040.0,5661488.0,1663.414795,1.1459721660518345,-0.11226853983389055,5
ETVZ:seis_pick_1/inf_pick_1 | NGZ:seis_pick_2/inf_pick_2 | NOVZ:seis_pick_1/inf_pick_2 | OTVZ:seis_pick_2/inf_pick_2 | SNVZ:seis_pick_2/inf_pick_2,S1I1S2I2S1I2S2I2S2I2,2500.0,2.5,1828136.0,5661968.0,1868.978394,1.148179065762562,0.11415618982732027,5
ETVZ:seis_pick_2/inf_pick_1 | NGZ:seis_pick_2/inf_pick_2 | NOVZ:seis_pick_1/inf_pick_2 | OTVZ:seis_pick_1/inf_pick_2 | SNVZ:seis_pick_1/inf_pick_2,S2I1S2I2S1I2S1I2S1I2,2500.0,2.5,1828040.0,5662160.0,2012.584229,1.1485242528001185,0.3450945465213378,5
ETVZ:seis_pick_2/inf_pick_2 | NGZ:seis_pick_2/inf_pick_1 | NOVZ:seis_pick_2/inf_pick_2 | OTVZ:seis_pick_2/inf_pick_2 | SNVZ:seis_pick_1/inf_pick_2,S2I2S2I1S2I2S2I2S1I2,3000.0,3.0,1828136.0,5662256.0,1932.221924,1.1486518882383026,0.3558045044532598,5
ETVZ:seis_pick_2/inf_pick_2 | NGZ:seis_pick_1/inf_pick_1 | NOVZ:seis_pick_2/inf_pick_2 | OTVZ:seis_pick_1/inf_pick_1 | SNVZ:seis_pick_2/inf_pick_2,S2I2S1I1S2I2S1I1S2I2,2500.0,2.5,1828328.0,5662064.0,1806.550293,1.1491611803694686,0.6635191090144696,5
ETVZ:seis_pick_2/inf_pick_1 | NGZ:seis_pick_1/inf_pick_1 | NOVZ:seis_pick_1/inf_pick_2 | OTVZ:seis_pick_2/inf_pick_1 | SNVZ:seis_pick_1/inf_pick_2,S2I1S1I1S1I2S2I1S1I2,3300.0,3.3,1828712.0,5662160.0,1627.430298,1.1493353859698905,0.04323535304379309,5
ETVZ:seis_pick_1/inf_pick_1 | NGZ:seis_pick_1/inf_pick_1 | NOVZ:seis_pick_1/inf_pick_2 | OTVZ:seis_pick_2/inf_pick_1 | SNVZ:seis_pick_2/inf_pick_2,S1I1S1I1S1I2S2I1S2I2,3000.0,3.0,1828616.0,5661968.0,1629.870117,1.1493595246851698,0.13048504162417524,5
ETVZ:seis_pick_1/inf_pick_2 | NGZ:seis_pick_1/inf_pick_1 | NOVZ:seis_pick_1/inf_pick_1 | OTVZ:seis_pick_2/inf_pick_2 | SNVZ:seis_pick_2/inf_pick_2,S1I2S1I1S1I1S2I2S2I2,3300.0,3.3,1828136.0,5662160.0,1946.274292,1.1493946181899968,0.2818449155669386,5
ETVZ:seis_pick_1/inf_pick_2 | NGZ:seis_pick_1/inf_pick_1 | NOVZ:seis_pick_1/inf_pick_1 | OTVZ:seis_pick_1/inf_pick_2 | SNVZ:seis_pick_2/inf_pick_1,S1I2S1I1S1I1S1I2S2I1,2500.0,2.5,1827944.0,5661680.0,1773.920288,1.1496240549972268,0.43650361199609566,5
ETVZ:seis_pick_2/inf_pick_2 | NGZ:seis_pick_2/inf_pick_1 | NOVZ:seis_pick_2/inf_pick_1 | OTVZ:seis_pick_2/inf_pick_2 | SNVZ:seis_pick_1/inf_pick_2,S2I2S2I1S2I1S2I2S1I2,3300.0,3.3,1828040.0,5662448.0,2043.867798,1.1501432687346054,-0.11638723699223892,5
ETVZ:seis_pick_2/inf_pick_1 | NGZ:seis_pick_1/inf_pick_2 | NOVZ:seis_pick_1/inf_pick_2 | OTVZ:seis_pick_1/inf_pick_1 | SNVZ:seis_pick_1/inf_pick_2,S2I1S1I2S1I2S1I1S1I2,3300.0,3.3,1828328.0,5662160.0,1795.425903,1.150151793134765,-0.08423362391609376,5
ETVZ:seis_pick_2/inf_pick_1 | NGZ:seis_pick_1/inf_pick_1 | NOVZ:seis_pick_2/inf_pick_1 | OTVZ:seis_pick_2/inf_pick_1 | SNVZ:seis_pick_2/inf_pick_1,S2I1S1I1S2I1S2I1S2I1,2500.0,2.5,1828520.0,5661872.0,1667.41626,1.1503642159179004,-0.6554654008134264,5
ETVZ:seis_pick_2/inf_pick_2 | NGZ:seis_pick_1/inf_pick_1 | NOVZ:seis_pick_2/inf_pick_2 | OTVZ:seis_pick_1/inf_pick_1 | SNVZ:seis_pick_2/inf_pick_1,S2I2S1I1S2I2S1I1S2I1,2500.0,2.5,1828328.0,5661584.0,1637.31189,1.150384281284954,0.15944023312111888,5
ETVZ:seis_pick_1/inf_pick_2 | NGZ:seis_pick_2/inf_pick_1 | NOVZ:seis_pick_2/inf_pick_2 | OTVZ:seis_pick_2/inf_pick_2 | SNVZ:seis_pick_2/inf_pick_2,S1I2S2I1S2I2S2I2S2I2,3000.0,3.0,1828040.0,5662064.0,1956.737061,1.1507680625261245,0.30543816553668,5
ETVZ:seis_pick_2/inf_pick_2 | NGZ:seis_pick_1/inf_pick_2 | NOVZ:seis_pick_2/inf_pick_1 | OTVZ:seis_pick_2/inf_pick_2 | SNVZ:seis_pick_2/inf_pick_2,S2I2S1I2S2I1S2I2S2I2,2500.0,2.5,1827944.0,5662160.0,2062.442139,1.151067364854615,-0.0028654187718899493,5
ETVZ:seis_pick_2/inf_pick_1 | NGZ:seis_pick_2/inf_pick_2 | NOVZ:seis_pick_1/inf_pick_2 | OTVZ:seis_pick_1/inf_pick_1 | SNVZ:seis_pick_2/inf_pick_2,S2I1S2I2S1I2S1I1S2I2,3000.0,3.0,1828232.0,5661968.0,1833.125488,1.1516486334084437,-0.3200903185707441,5
ETVZ:seis_pick_1/inf_pick_1 | NGZ:seis_pick_1/inf_pick_2 | NOVZ:seis_pick_2/inf_pick_2 | OTVZ:seis_pick_1/inf_pick_1 | SNVZ:seis_pick_1/inf_pick_2,S1I1S1I2S2I2S1I1S1I2,3300.0,3.3,1828232.0,5662256.0,1871.278687,1.1518773980403956,-0.16010967045845598,5
ETVZ:seis_pick_1/inf_pick_2 | NGZ:seis_pick_2/inf_pick_2 | NOVZ:seis_pick_1/inf_pick_1 | OTVZ:seis_pick_1/inf_pick_1 | SNVZ:seis_pick_2/inf_pick_1,S1I2S2I2S1I1S1I1S2I1,2500.0,2.5,1827848.0,5661584.0,1803.133545,1.1518839353683423,-0.45711315402819447,5
ETVZ:seis_pick_1/inf_pick_2 | NGZ:seis_pick_1/inf_pick_1 | NOVZ:seis_pick_2/inf_pick_2 | OTVZ:seis_pick_2/inf_pick_2 | SNVZ:seis_pick_2/inf_pick_1,S1I2S1I1S2I2S2I2S2I1,3300.0,3.3,1828232.0,5661584.0,1658.624878,1.152261485734632,-0.04947193965079322,5
ETVZ:seis_pick_1/inf_pick_2 | NGZ:seis_pick_1/inf_pick_1 | NOVZ:seis_pick_1/inf_pick_1 | OTVZ:seis_pick_2/inf_pick_2 | SNVZ:seis_pick_1/inf_pick_1,S1I2S1I1S1I1S2I2S1I1,3300.0,3.3,1828136.0,5661872.0,1836.069458,1.1533203798182978,-0.019134472990531393,5
ETVZ:seis_pick_2/inf_pick_2 | NGZ:seis_pick_1/inf_pick_1 | NOVZ:seis_pick_2/inf_pick_2 | OTVZ:seis_pick_1/inf_pick_1 | SNVZ:seis_pick_1/inf_pick_2,S2I2S1I1S2I2S1I1S1I2,3300.0,3.3,1828328.0,5662256.0,1832.388062,1.1537292074541947,0.4077792127821816,5
ETVZ:seis_pick_1/inf_pick_1 | NGZ:seis_pick_1/inf_pick_2 | NOVZ:seis_pick_1/inf_pick_1 | OTVZ:seis_pick_1/inf_pick_1 | SNVZ:seis_pick_1/inf_pick_2,S1I1S1I2S1I1S1I1S1I2,3000.0,3.0,1828136.0,5662352.0,1970.850952,1.1543667546325165,-0.20785632031492618,5
ETVZ:seis_pick_1/inf_pick_2 | NGZ:seis_pick_2/inf_pick_1 | NOVZ:seis_pick_1/inf_pick_1 | OTVZ:seis_pick_2/inf_pick_2 | SNVZ:seis_pick_1/inf_pick_1,S1I2S2I1S1I1S2I2S1I1,2500.0,2.5,1828040.0,5661776.0,1817.950928,1.1547808545826233,0.1763714337321268,5
ETVZ:seis_pick_1/inf_pick_2 | NGZ:seis_pick_2/inf_pick_2 | NOVZ:seis_pick_2/inf_pick_2 | OTVZ:seis_pick_1/inf_pick_2 | SNVZ:seis_pick_1/inf_pick_2,S1I2S2I2S2I2S1I2S1I2,2500.0,2.5,1827656.0,5662064.0,2108.138184,1.15480668529857,0.524916159820733,5
ETVZ:seis_pick_2/inf_pick_2 | NGZ:seis_pick_1/inf_pick_2 | NOVZ:seis_pick_1/inf_pick_2 | OTVZ:seis_pick_1/inf_pick_1 | SNVZ:seis_pick_2/inf_pick_2,S2I2S1I2S1I2S1I1S2I2,3300.0,3.3,1828136.0,5661968.0,1868.978394,1.1550096814004474,0.04349846541887441,5
ETVZ:seis_pick_2/inf_pick_1 | NGZ:seis_pick_2/inf_pick_2 | NOVZ:seis_pick_2/inf_pick_1 | OTVZ:seis_pick_2/inf_pick_2 | SNVZ:seis_pick_1/inf_pick_2,S2I1S2I2S2I1S2I2S1I2,2500.0,2.5,1828040.0,5662352.0,2016.082642,1.1554324961850073,-0.3404911624128699,5
ETVZ:seis_pick_2/inf_pick_2 | NGZ:seis_pick_2/inf_pick_1 | NOVZ:seis_pick_1/inf_pick_1 | OTVZ:seis_pick_2/inf_pick_2 | SNVZ:seis_pick_1/inf_pick_2,S2I2S2I1S1I1S2I2S1I2,3000.0,3.0,1828136.0,5662256.0,1932.221924,1.1554564238666942,0.2648327608281754,5
ETVZ:seis_pick_2/inf_pick_2 | NGZ:seis_pick_2/inf_pick_1 | NOVZ:seis_pick_1/inf_pick_2 | OTVZ:seis_pick_2/inf_pick_2 | SNVZ:seis_pick_1/inf_pick_2,S2I2S2I1S1I2S2I2S1I2,3000.0,3.0,1828232.0,5662064.0,1861.719849,1.1563000293472017,0.5755475815986715,5
ETVZ:seis_pick_2/inf_pick_2 | NGZ:seis_pick_2/inf_pick_2 | NOVZ:seis_pick_2/inf_pick_1 | OTVZ:seis_pick_2/inf_pick_2 | SNVZ:seis_pick_2/inf_pick_2,S2I2S2I2S2I1S2I2S2I2,3000.0,3.0,1827848.0,5662160.0,2101.272461,1.1568238642626774,-0.5020079238674912,5
ETVZ:seis_pick_1/inf_pick_1 | NGZ:seis_pick_1/inf_pick_1 | NOVZ:seis_pick_2/inf_pick_2 | OTVZ:seis_pick_2/inf_pick_1 | SNVZ:seis_pick_2/inf_pick_2,S1I1S1I1S2I2S2I1S2I2,3300.0,3.3,1828520.0,5662160.0,1702.077515,1.156899811959614,-0.1801045626366758,5
ETVZ:seis_pick_2/inf_pick_2 | NGZ:seis_pick_2/inf_pick_2 | NOVZ:seis_pick_1/inf_pick_2 | OTVZ:seis_pick_1/inf_pick_2 | SNVZ:seis_pick_1/inf_pick_2,S2I2S2I2S1I2S1I2S1I2,2500.0,2.5,1827752.0,5661968.0,2023.887207,1.1573133272705747,0.6222085455242394,5
ETVZ:seis_pick_1/inf_pick_2 | NGZ:seis_pick_1/inf_pick_1 | NOVZ:seis_pick_1/inf_pick_2 | OTVZ:seis_pick_1/inf_pick_1 | SNVZ:seis_pick_2/inf_pick_2,S1I2S1I1S1I2S1I1S2I2,3300.0,3.3,1828328.0,5661968.0,1780.70813,1.157493206261756,0.5540837798674925,5
ETVZ:seis_pick_2/inf_pick_2 | NGZ:seis_pick_1/inf_pick_1 | NOVZ:seis_pick_2/inf_pick_1 | OTVZ:seis_pick_2/inf_pick_2 | SNVZ:seis_pick_1/inf_pick_2,S2I2S1I1S2I1S2I2S1I2,3000.0,3.0,1828136.0,5662448.0,1978.485596,1.1576761985358202,0.23666019339073543,5
ETVZ:seis_pick_2/inf_pick_2 | NGZ:seis_pick_1/inf_pick_1 | NOVZ:seis_pick_1/inf_pick_2 | OTVZ:seis_pick_1/inf_pick_1 | SNVZ:seis_pick_1/inf_pick_2,S2I2S1I1S1I2S1I1S1I2,3000.0,3.0,1828328.0,5662160.0,1795.425903,1.1578795628898382,0.698753629431363,5
ETVZ:seis_pick_2/inf_pick_2 | NGZ:seis_pick_2/inf_pick_1 | NOVZ:seis_pick_1/inf_pick_2 | OTVZ:seis_pick_1/inf_pick_1 | SNVZ:seis_pick_2/inf_pick_2,S2I2S2I1S1I2S1I1S2I2,2500.0,2.5,1828232.0,5661872.0,1779.748779,1.1583451269576137,0.6314084964920775,5
ETVZ:seis_pick_2/inf_pick_1 | NGZ:seis_pick_2/inf_pick_2 | NOVZ:seis_pick_1/inf_pick_2 | OTVZ:seis_pick_1/inf_pick_2 | SNVZ:seis_pick_1/inf_pick_2,S2I1S2I2S1I2S1I2S1I2,3000.0,3.0,1828040.0,5662160.0,2012.584229,1.158386629019984,0.07443780442242573,5
ETVZ:seis_pick_1/inf_pick_2 | NGZ:seis_pick_1/inf_pick_1 | NOVZ:seis_pick_1/inf_pick_2 | OTVZ:seis_pick_2/inf_pick_2 | SNVZ:seis_pick_2/inf_pick_2,S1I2S1I1S1I2S2I2S2I2,2500.0,2.5,1828232.0,5661968.0,1833.125488,1.1603886144765443,0.9868578325808235,5
ETVZ:seis_pick_2/inf_pick_1 | NGZ:seis_pick_1/inf_pick_2 | NOVZ:seis_pick_1/inf_pick_2 | OTVZ:seis_pick_1/inf_pick_1 | SNVZ:seis_pick_1/inf_pick_2,S2I1S1I2S1I2S1I1S1I2,3000.0,3.0,1828328.0,5662160.0,1795.425903,1.1604346734302513,0.03732837767477779,5
ETVZ:seis_pick_1/inf_pick_2 | NGZ:seis_pick_2/inf_pick_1 | NOVZ:seis_pick_1/inf_pick_1 | OTVZ:seis_pick_1/inf_pick_1 | SNVZ:seis_pick_2/inf_pick_1,S1I2S2I1S1I1S1I1S2I1,3300.0,3.3,1828040.0,5661680.0,1747.83252,1.160878969955975,-0.4516327818766797,5
ETVZ:seis_pick_2/inf_pick_2 | NGZ:seis_pick_1/inf_pick_1 | NOVZ:seis_pick_2/inf_pick_1 | OTVZ:seis_pick_1/inf_pick_2 | SNVZ:seis_pick_2/inf_pick_1,S2I2S1I1S2I1S1I2S2I1,2500.0,2.5,1827944.0,5661872.0,1879.445679,1.1609046577668045,0.14342134099102263,5
ETVZ:seis_pick_2/inf_pick_2 | NGZ:seis_pick_1/inf_pick_1 | NOVZ:seis_pick_2/inf_pick_1 | OTVZ:seis_pick_1/inf_pick_1 | SNVZ:seis_pick_2/inf_pick_2,S2I2S1I1S2I1S1I1S2I2,3300.0,3.3,1828232.0,5662256.0,1871.278687,1.1610580849029033,-0.02970036943533323,5
ETVZ:seis_pick_1/inf_pick_2 | NGZ:seis_pick_2/inf_pick_2 | NOVZ:seis_pick_1/inf_pick_2 | OTVZ:seis_pick_1/inf_pick_2 | SNVZ:seis_pick_1/inf_pick_2,S1I2S2I2S1I2S1I2S1I2,3300.0,3.3,1827752.0,5662064.0,2083.736328,1.1610954529923765,0.30849236965800236,5
ETVZ:seis_pick_2/inf_pick_2 | NGZ:seis_pick_2/inf_pick_1 | NOVZ:seis_pick_2/inf_pick_1 | OTVZ:seis_pick_1/inf_pick_1 | SNVZ:seis_pick_1/inf_pick_1,S2I2S2I1S2I1S1I1S1I1,2500.0,2.5,1828040.0,5661872.0,1862.954834,1.1614893816410807,-0.17427643367853296,5
ETVZ:seis_pick_2/inf_pick_2 | NGZ:seis_pick_1/inf_pick_1 | NOVZ:seis_pick_2/inf_pick_1 | OTVZ:seis_pick_2/inf_pick_2 | SNVZ:seis_pick_2/inf_pick_2,S2I2S1I1S2I1S2I2S2I2,2500.0,2.5,1828136.0,5662256.0,1932.221924,1.162820925908482,0.39829738078337495,5
ETVZ:seis_pick_2/inf_pick_2 | NGZ:seis_pick_1/inf_pick_1 | NOVZ:seis_pick_1/inf_pick_1 | OTVZ:seis_pick_1/inf_pick_1 | SNVZ:seis_pick_2/inf_pick_1,S2I2S1I1S1I1S1I1S2I1,3000.0,3.0,1828232.0,5661680.0,1707.919678,1.1632572862160857,-0.22027441973619535,5
ETVZ:seis_pick_1/inf_pick_2 | NGZ:seis_pick_1/inf_pick_1 | NOVZ:seis_pick_2/inf_pick_2 | OTVZ:seis_pick_1/inf_pick_1 | SNVZ:seis_pick_1/inf_pick_1,S1I2S1I1S2I2S1I1S1I1,3300.0,3.3,1828232.0,5661776.0,1756.203979,1.1638362797467798,0.04259373140450684,5
ETVZ:seis_pick_1/inf_pick_2 | NGZ:seis_pick_1/inf_pick_2 | NOVZ:seis_pick_2/inf_pick_1 | OTVZ:seis_pick_1/inf_pick_1 | SNVZ:seis_pick_1/inf_pick_1,S1I2S1I2S2I1S1I1S1I1,3300.0,3.3,1827944.0,5661872.0,1879.445679,1.1640199328602605,-0.61980449599926,5
ETVZ:seis_pick_2/inf_pick_2 | NGZ:seis_pick_2/inf_pick_2 | NOVZ:seis_pick_2/inf_pick_2 | OTVZ:seis_pick_2/inf_pick_2 | SNVZ:seis_pick_2/inf_pick_2,S2I2S2I2S2I2S2I2S2I2,3300.0,3.3,1827944.0,5661968.0,1945.640259,1.1640372601134104,-0.27426332677638926,5
ETVZ:seis_pick_2/inf_pick_1 | NGZ:seis_pick_1/inf_pick_1 | NOVZ:seis_pick_2/inf_pick_2 | OTVZ:seis_pick_2/inf_pick_1 | SNVZ:seis_pick_1/inf_pick_2,S2I1S1I1S2I2S2I1S1I2,3300.0,3.3,1828616.0,5662352.0,1694.849243,1.1644265235899256,-0.1626263883274605,5
ETVZ:seis_pick_2/inf_pick_1 | NGZ:seis_pick_2/inf_pick_2 | NOVZ:seis_pick_1/inf_pick_2 | OTVZ:seis_pick_1/inf_pick_2 | SNVZ:seis_pick_1/inf_pick_2,S2I1S2I2S1I2S1I2S1I2,3300.0,3.3,1828040.0,5662160.0,2012.584229,1.1658460644292932,-0.04858798744071606,5
ETVZ:seis_pick_2/inf_pick_2 | NGZ:seis_pick_2/inf_pick_2 | NOVZ:seis_pick_1/inf_pick_1 | OTVZ:seis_pick_2/inf_pick_2 | SNVZ:seis_pick_2/inf_pick_2,S2I2S2I2S1I1S2I2S2I2,3000.0,3.0,1827848.0,5662064.0,2029.3927,1.1661197560869005,-0.3168406097521233,5
ETVZ:seis_pick_2/inf_pick_2 | NGZ:seis_pick_1/inf_pick_2 | NOVZ:seis_pick_2/inf_pick_1 | OTVZ:seis_pick_1/inf_pick_1 | SNVZ:seis_pick_2/inf_pick_2,S2I2S1I2S2I1S1I1S2I2,3300.0,3.3,1827944.0,5662256.0,2088.119141,1.166310380424513,-0.5064280421230432,5
ETVZ:seis_pick_2/inf_pick_2 | NGZ:seis_pick_1/inf_pick_1 | NOVZ:seis_pick_1/inf_pick_1 | OTVZ:seis_pick_2/inf_pick_2 | SNVZ:seis_pick_2/inf_pick_1,S2I2S1I1S1I1S2I2S2I1,2500.0,2.5,1828232.0,5661680.0,1707.919678,1.1669984201848784,0.12053764003135647,5
ETVZ:seis_pick_1/inf_pick_2 | NGZ:seis_pick_1/inf_pick_1 | NOVZ:seis_pick_1/inf_pick_2 | OTVZ:seis_pick_2/inf_pick_2 | SNVZ:seis_pick_1/inf_pick_2,S1I2S1I1S1I2S2I2S1I2,3300.0,3.3,1828232.0,5662160.0,1873.492554,1.1674100217209504,0.734991452390904,5
ETVZ:seis_pick_2/inf_pick_2 | NGZ:seis_pick_1/inf_pick_1 | NOVZ:seis_pick_1/inf_pick_1 | OTVZ:seis_pick_1/inf_pick_1 | SNVZ:seis_pick_1/inf_pick_1,S2I2S1I1S1I1S1I1S1I1,2500.0,2.5,1828232.0,5661872.0,1779.748779,1.1679527108072563,0.20687369290834373,5
ETVZ:seis_pick_1/inf_pick_1 | NGZ:seis_pick_2/inf_pick_2 | NOVZ:seis_pick_2/inf_pick_1 | OTVZ:seis_pick_2/inf_pick_2 | SNVZ:seis_pick_1/inf_pick_2,S1I1S2I2S2I1S2I2S1I2,3300.0,3.3,1827944.0,5662352.0,2080.786133,1.1696492785696944,-0.6666481356575774,5
ETVZ:seis_pick_1/inf_pick_2 | NGZ:seis_pick_1/inf_pick_2 | NOVZ:seis_pick_2/inf_pick_2 | OTVZ:seis_pick_2/inf_pick_2 | SNVZ:seis_pick_2/inf_pick_2,S1I2S1I2S2I2S2I2S2I2,3300.0,3.3,1827944.0,5661968.0,1945.640259,1.1703386827698044,0.02932326489436008,5
ETVZ:seis_pick_1/inf_pick_1 | NGZ:seis_pick_1/inf_pick_2 | NOVZ:seis_pick_1/inf_pick_2 | OTVZ:seis_pick_2/inf_pick_2 | SNVZ:seis_pick_1/inf_pick_2,S1I1S1I2S1I2S2I2S1I2,2500.0,2.5,1828232.0,5662064.0,1861.719849,1.1715412410587434,0.48554433438425343,5
ETVZ:seis_pick_1/inf_pick_2 | NGZ:seis_pick_2/inf_pick_2 | NOVZ:seis_pick_2/inf_pick_1 | OTVZ:seis_pick_1/inf_pick_1 | SNVZ:seis_pick_1/inf_pick_1,S1I2S2I2S2I1S1I1S1I1,3000.0,3.0,1827752.0,5661872.0,1964.508057,1.1716005656875839,-0.7680094264852343,5
ETVZ:seis_pick_2/inf_pick_2 | NGZ:seis_pick_2/inf_pick_1 | NOVZ:seis_pick_2/inf_pick_1 | OTVZ:seis_pick_1/inf_pick_1 | SNVZ:seis_pick_2/inf_pick_2,S2I2S2I1S2I1S1I1S2I2,3000.0,3.0,1828040.0,5662256.0,2015.394897,1.1717045557846777,-0.18097612048707531,5
ETVZ:seis_pick_2/inf_pick_1 | NGZ:seis_pick_2/inf_pick_1 | NOVZ:seis_pick_2/inf_pick_2 | OTVZ:seis_pick_2/inf_pick_1 | SNVZ:seis_pick_2/inf_pick_2,S2I1S2I1S2I2S2I1S2I2,2500.0,2.5,1828520.0,5662064.0,1695.895142,1.1717095672901483,-0.07670280119943662,5
ETVZ:seis_pick_1/inf_pick_2 | NGZ:seis_pick_1/inf_pick_2 | NOVZ:seis_pick_1/inf_pick_2 | OTVZ:seis_pick_2/inf_pick_2 | SNVZ:seis_pick_2/inf_pick_2,S1I2S1I2S1I2S2I2S2I2,3300.0,3.3,1828040.0,5661872.0,1862.954834,1.1717492659898405,0.22878977353523505,5
ETVZ:seis_pick_1/inf_pick_1 | NGZ:seis_pick_1/inf_pick_2 | NOVZ:seis_pick_2/inf_pick_2 | OTVZ:seis_pick_1/inf_pick_1 | SNVZ:seis_pick_1/inf_pick_2,S1I1S1I2S2I2S1I1S1I2,3000.0,3.0,1828232.0,5662256.0,1871.278687,1.1717724249364168,-0.037860057510015824,5
ETVZ:seis_pick_2/inf_pick_1 | NGZ:seis_pick_2/inf_pick_1 | NOVZ:seis_pick_1/inf_pick_2 | OTVZ:seis_pick_2/inf_pick_1 | SNVZ:seis_pick_2/inf_pick_2,S2I1S2I1S1I2S2I1S2I2,2500.0,2.5,1828616.0,5661968.0,1629.870117,1.1720709864045615,0.09186655872896292,5
ETVZ:seis_pick_1/inf_pick_2 | NGZ:seis_pick_1/inf_pick_2 | NOVZ:seis_pick_2/inf_pick_1 | OTVZ:seis_pick_1/inf_pick_1 | SNVZ:seis_pick_2/inf_pick_1,S1I2S1I2S2I1S1I1S2I1,3300.0,3.3,1827944.0,5661776.0,1826.723999,1.1727407680970177,-0.7805075552369868,5
ETVZ:seis_pick_1/inf_pick_1 | NGZ:seis_pick_1/inf_pick_2 | NOVZ:seis_pick_2/inf_pick_1 | OTVZ:seis_pick_2/inf_pick_1 | SNVZ:seis_pick_1/inf_pick_1,S1I1S1I2S2I1S2I1S1I1,2500.0,2.5,1828232.0,5661872.0,1779.748779,1.173225288861562,-0.7422813007405529,5
ETVZ:seis_pick_2/inf_pick_2 | NGZ:seis_pick_1/inf_pick_2 | NOVZ:seis_pick_1/inf_pick_1 | OTVZ:seis_pick_1/inf_pick_1 | SNVZ:seis_pick_2/inf_pick_2,S2I2S1I2S1I1S1I1S2I2,3000.0,3.0,1828040.0,5662064.0,1956.737061,1.1737344363685662,-0.12775736216906317,5
ETVZ:seis_pick_1/inf_pick_2 | NGZ:seis_pick_2/inf_pick_1 | NOVZ:seis_pick_1/inf_pick_1 | OTVZ:seis_pick_1/inf_pick_1 | SNVZ:seis_pick_1/inf_pick_1,S1I2S2I1S1I1S1I1S1I1,3000.0,3.0,1828040.0,5661776.0,1817.950928,1.1742502887854462,-0.16613193949960028,5
ETVZ:seis_pick_2/inf_pick_1 | NGZ:seis_pick_1/inf_pick_1 | NOVZ:seis_pick_1/inf_pick_2 | OTVZ:seis_pick_2/inf_pick_1 | SNVZ:seis_pick_1/inf_pick_2,S2I1S1I1S1I2S2I1S1I2,3000.0,3.0,1828712.0,5662160.0,1627.430298,1.174302189785492,0.16398068729291032,5
ETVZ:seis_pick_2/inf_pick_2 | NGZ:seis_pick_1/inf_pick_2 | NOVZ:seis_pick_2/inf_pick_2 | OTVZ:seis_pick_1/inf_pick_1 | SNVZ:seis_pick_2/inf_pick_2,S2I2S1I2S2I2S1I1S2I2,3000.0,3.0,1828040.0,5662064.0,1956.737061,1.1743665343058356,-0.03678561854397877,5
ETVZ:seis_pick_1/inf_pick_2 | NGZ:seis_pick_1/inf_pick_2 | NOVZ:seis_pick_2/inf_pick_2 | OTVZ:seis_pick_1/inf_pick_1 | SNVZ:seis_pick_1/inf_pick_1,S1I2S1I2S2I2S1I1S1I1,2500.0,2.5,1828040.0,5661680.0,1747.83252,1.1746527508954332,0.06429580039623098,5
ETVZ:seis_pick_1/inf_pick_1 | NGZ:seis_pick_1/inf_pick_1 | NOVZ:seis_pick_2/inf_pick_1 | OTVZ:seis_pick_2/inf_pick_1 | SNVZ:seis_pick_1/inf_pick_1,S1I1S1I1S2I1S2I1S1I1,3300.0,3.3,1828424.0,5662064.0,1744.648804,1.1747712399383041,-0.7873371615110335,5
ETVZ:seis_pick_1/inf_pick_2 | NGZ:seis_pick_2/inf_pick_2 | NOVZ:seis_pick_1/inf_pick_2 | OTVZ:seis_pick_1/inf_pick_2 | SNVZ:seis_pick_1/inf_pick_2,S1I2S2I2S1I2S1I2S1I2,3000.0,3.0,1827752.0,5661968.0,2023.887207,1.1747863598710921,0.4717441548173401,5
ETVZ:seis_pick_2/inf_pick_2 | NGZ:seis_pick_1/inf_pick_1 | NOVZ:seis_pick_1/inf_pick_1 | OTVZ:seis_pick_2/inf_pick_2 | SNVZ:seis_pick_1/inf_pick_2,S2I2S1I1S1I1S2I2S1I2,2500.0,2.5,1828232.0,5662256.0,1871.278687,1.175052124163801,0.7545614697997957,5
ETVZ:seis_pick_1/inf_pick_1 | NGZ:seis_pick_2/inf_pick_2 | NOVZ:seis_pick_2/inf_pick_2 | OTVZ:seis_pick_1/inf_pick_1 | SNVZ:seis_pick_2/inf_pick_2,S1I1S2I2S2I2S1I1S2I2,2500.0,2.5,1828040.0,5662064.0,1956.737061,1.1751029165564648,-0.16097573596692474,5
ETVZ:seis_pick_2/inf_pick_1 | NGZ:seis_pick_2/inf_pick_2 | NOVZ:seis_pick_1/inf_pick_2 | OTVZ:seis_pick_1/inf_pick_1 | SNVZ:seis_pick_2/inf_pick_2,S2I1S2I2S1I2S1I1S2I2,2500.0,2.5,1828232.0,5661968.0,1833.125488,1.1752964077698729,-0.05281598595883086,5
ETVZ:seis_pick_1/inf_pick_1 | NGZ:seis_pick_2/inf_pick_2 | NOVZ:seis_pick_1/inf_pick_1 | OTVZ:seis_pick_2/inf_pick_1 | SNVZ:seis_pick_1/inf_pick_1,S1I1S2I2S1I1S2I1S1I1,2500.0,2.5,1828232.0,5661776.0,1756.203979,1.1759031786890384,-0.7771485471774897,5
ETVZ:seis_pick_1/inf_pick_2 | NGZ:seis_pick_1/inf_pick_2 | NOVZ:seis_pick_1/inf_pick_1 | OTVZ:seis_pick_2/inf_pick_2 | SNVZ:seis_pick_2/inf_pick_2,S1I2S1I2S1I1S2I2S2I2,3300.0,3.3,1827944.0,5662064.0,2013.466919,1.176051365989343,-0.10145244496219555,5
ETVZ:seis_pick_1/inf_pick_2 | NGZ:seis_pick_2/inf_pick_1 | NOVZ:seis_pick_2/inf_pick_1 | OTVZ:seis_pick_2/inf_pick_2 | SNVZ:seis_pick_1/inf_pick_1,S1I2S2I1S2I1S2I2S1I1,3000.0,3.0,1827944.0,5661872.0,1879.445679,1.1764962478696126,-0.2769197441905787,5
ETVZ:seis_pick_1/inf_pick_2 | NGZ:seis_pick_2/inf_pick_1 | NOVZ:seis_pick_1/inf_pick_1 | OTVZ:seis_pick_2/inf_pick_2 | SNVZ:seis_pick_2/inf_pick_2,S1I2S2I1S1I1S2I2S2I2,3000.0,3.0,1828040.0,5662064.0,1956.737061,1.1768807469942104,0.21446642191159562,5
ETVZ:seis_pick_1/inf_pick_1 | NGZ:seis_pick_2/inf_pick_2 | NOVZ:seis_pick_2/inf_pick_2 | OTVZ:seis_pick_2/inf_pick_1 | SNVZ:seis_pick_1/inf_pick_1,S1I1S2I2S2I2S2I1S1I1,2500.0,2.5,1828232.0,5661680.0,1707.919678,1.1769704270029764,-0.6758499696671467,5
ETVZ:seis_pick_2/inf_pick_2 | NGZ:seis_pick_1/inf_pick_2 | NOVZ:seis_pick_1/inf_pick_2 | OTVZ:seis_pick_2/inf_pick_1 | SNVZ:seis_pick_2/inf_pick_1,S2I2S1I2S1I2S2I1S2I1,3300.0,3.3,1828328.0,5661488.0,1598.106201,1.1785225788640372,-0.6954833155720628,5
ETVZ:seis_pick_2/inf_pick_2 | NGZ:seis_pick_1/inf_pick_1 | NOVZ:seis_pick_2/inf_pick_1 | OTVZ:seis_pick_1/inf_pick_1 | SNVZ:seis_pick_1/inf_pick_1,S2I2S1I1S2I1S1I1S1I1,3300.0,3.3,1828232.0,5661968.0,1833.125488,1.1796530196360355,-0.3411458188409375,5
ETVZ:seis_pick_2/inf_pick_2 | NGZ:seis_pick_2/inf_pick_1 | NOVZ:seis_pick_2/inf_pick_2 | OTVZ:seis_pick_1/inf_pick_1 | SNVZ:seis_pick_2/inf_pick_2,S2I2S2I1S2I2S1I1S2I2,2500.0,2.5,1828232.0,5662064.0,1861.719849,1.1799179995257867,0.4503199166699684,5
ETVZ:seis_pick_2/inf_pick_1 | NGZ:seis_pick_2/inf_pick_2 | NOVZ:seis_pick_1/inf_pick_1 | OTVZ:seis_pick_2/inf_pick_2 | SNVZ:seis_pick_1/inf_pick_2,S2I1S2I2S1I1S2I2S1I2,3300.0,3.3,1828040.0,5662352.0,2016.082642,1.1803612990621823,-0.5995397122855216,5
ETVZ:seis_pick_2/inf_pick_1 | NGZ:seis_pick_1/inf_pick_1 | NOVZ:seis_pick_1/inf_pick_1 | OTVZ:seis_pick_2/inf_pick_1 | SNVZ:seis_pick_1/inf_pick_2,S2I1S1I1S1I1S2I1S1I2,3300.0,3.3,1828616.0,5662352.0,1694.849243,1.1811674902295908,-0.25359813195254494,5
ETVZ:seis_pick_2/inf_pick_2 | NGZ:seis_pick_2/inf_pick_1 | NOVZ:seis_pick_2/inf_pick_1 | OTVZ:seis_pick_2/inf_pick_2 | SNVZ:seis_pick_1/inf_pick_2,S2I2S2I1S2I1S2I2S1I2,3000.0,3.0,1828040.0,5662352.0,2016.082642,1.1812376752928955,0.04902360069289724,5
ETVZ:seis_pick_1/inf_pick_1 | NGZ:seis_pick_2/inf_pick_2 | NOVZ:seis_pick_1/inf_pick_2 | OTVZ:seis_pick_1/inf_pick_1 | SNVZ:seis_pick_2/inf_pick_2,S1I1S2I2S1I2S1I1S2I2,3300.0,3.3,1828136.0,5661968.0,1868.978394,1.1813270712718595,-0.35036497736937183,5
ETVZ:seis_pick_1/inf_pick_2 | NGZ:seis_pick_1/inf_pick_2 | NOVZ:seis_pick_2/inf_pick_1 | OTVZ:seis_pick_2/inf_pick_2 | SNVZ:seis_pick_1/inf_pick_1,S1I2S1I2S2I1S2I2S1I1,2500.0,2.5,1827848.0,5661872.0,1910.128296,1.1814727688165698,-0.1911137811167613,5
ETVZ:seis_pick_2/inf_pick_1 | NGZ:seis_pick_2/inf_pick_1 | NOVZ:seis_pick_1/inf_pick_1 | OTVZ:seis_pick_2/inf_pick_1 | SNVZ:seis_pick_2/inf_pick_2,S2I1S2I1S1I1S2I1S2I2,2500.0,2.5,1828520.0,5662160.0,1702.077515,1.1815894969320009,-0.1873199472385254,5
ETVZ:seis_pick_1/inf_pick_1 | NGZ:seis_pick_1/inf_pick_1 | NOVZ:seis_pick_1/inf_pick_1 | OTVZ:seis_pick_2/inf_pick_1 | SNVZ:seis_pick_1/inf_pick_1,S1I1S1I1S1I1S2I1S1I1,2500.0,2.5,1828520.0,5661872.0,1667.41626,1.1817744590767907,-0.21542119370504836,5
ETVZ:seis_pick_2/inf_pick_1 | NGZ:seis_pick_1/inf_pick_2 | NOVZ:seis_pick_2/inf_pick_1 | OTVZ:seis_pick_2/inf_pick_1 | SNVZ:seis_pick_2/inf_pick_2,S2I1S1I2S2I1S2I1S2I2,3300.0,3.3,1828328.0,5662256.0,1832.388062,1.1822424179821465,-0.935934116162548,5
ETVZ:seis_pick_2/inf_pick_1 | NGZ:seis_pick_1/inf_pick_2 | NOVZ:seis_pick_1/inf_pick_1 | OTVZ:seis_pick_2/inf_pick_1 | SNVZ:seis_pick_2/inf_pick_2,S2I1S1I2S1I1S2I1S2I2,3300.0,3.3,1828424.0,5662160.0,1740.991333,1.1829010009821666,-0.7397940524534221,5
ETVZ:seis_pick_2/inf_pick_2 | NGZ:seis_pick_2/inf_pick_1 | NOVZ:seis_pick_1/inf_pick_2 | OTVZ:seis_pick_2/inf_pick_1 | SNVZ:seis_pick_2/inf_pick_1,S2I2S2I1S1I2S2I1S2I1,3300.0,3.3,1828424.0,5661488.0,1577.636108,1.1836869462961352,-0.5355312817392577,5
ETVZ:seis_pick_1/inf_pick_2 | NGZ:seis_pick_1/inf_pick_1 | NOVZ:seis_pick_2/inf_pick_2 | OTVZ:seis_pick_2/inf_pick_2 | SNVZ:seis_pick_2/inf_pick_1,S1I2S1I1S2I2S2I2S2I1,3000.0,3.0,1828232.0,5661584.0,1658.624878,1.1838291178496612,0.07145466382326174,5
ETVZ:seis_pick_2/inf_pick_2 | NGZ:seis_pick_1/inf_pick_2 | NOVZ:seis_pick_1/inf_pick_2 | OTVZ:seis_pick_1/inf_pick_1 | SNVZ:seis_pick_2/inf_pick_2,S2I2S1I2S1I2S1I1S2I2,3000.0,3.0,1828136.0,5661968.0,1868.978394,1.1840727413376515,0.16532946294524073,5
ETVZ:seis_pick_1/inf_pick_1 | NGZ:seis_pick_2/inf_pick_2 | NOVZ:seis_pick_2/inf_pick_1 | OTVZ:seis_pick_2/inf_pick_2 | SNVZ:seis_pick_1/inf_pick_2,S1I1S2I2S2I1S2I2S1I2,3000.0,3.0,1827944.0,5662352.0,2080.786133,1.1860863386777427,-0.5424635794726076,5
ETVZ:seis_pick_1/inf_pick_2 | NGZ:seis_pick_1/inf_pick_1 | NOVZ:seis_pick_1/inf_pick_1 | OTVZ:seis_pick_2/inf_pick_2 | SNVZ:seis_pick_2/inf_pick_2,S1I2S1I1S1I1S2I2S2I2,3000.0,3.0,1828136.0,5662160.0,1946.274292,1.186211801287567,0.4043334568676844,5
ETVZ:seis_pick_1/inf_pick_2 | NGZ:seis_pick_1/inf_pick_1 | NOVZ:seis_pick_1/inf_pick_2 | OTVZ:seis_pick_1/inf_pick_1 | SNVZ:seis_pick_1/inf_pick_1,S1I2S1I1S1I2S1I1S1I1,2500.0,2.5,1828328.0,5661584.0,1637.31189,1.1866201122842606,0.599484440229497,5
ETVZ:seis_pick_2/inf_pick_2 | NGZ:seis_pick_1/inf_pick_1 | NOVZ:seis_pick_1/inf_pick_1 | OTVZ:seis_pick_1/inf_pick_1 | SNVZ:seis_pick_1/inf_pick_2,S2I2S1I1S1I1S1I1S1I2,3300.0,3.3,1828232.0,5662352.0,1933.467285,1.186730223373923,0.24149004492931408,5
ETVZ:seis_pick_2/inf_pick_2 | NGZ:seis_pick_1/inf_pick_1 | NOVZ:seis_pick_2/inf_pick_2 | OTVZ:seis_pick_1/inf_pick_1 | SNVZ:seis_pick_1/inf_pick_2,S2I2S1I1S2I2S1I1S1I2,3000.0,3.0,1828328.0,5662256.0,1832.388062,1.1869568400763004,0.5297123169716142,5
ETVZ:seis_pick_2/inf_pick_2 | NGZ:seis_pick_2/inf_pick_2 | NOVZ:seis_pick_2/inf_pick_2 | OTVZ:seis_pick_2/inf_pick_2 | SNVZ:seis_pick_2/inf_pick_2,S2I2S2I2S2I2S2I2S2I2,3000.0,3.0,1827944.0,5661968.0,1945.640259,1.1870599606097427,-0.15159876316833093,5
ETVZ:seis_pick_1/inf_pick_2 | NGZ:seis_pick_2/inf_pick_2 | NOVZ:seis_pick_1/inf_pick_2 | OTVZ:seis_pick_1/inf_pick_1 | SNVZ:seis_pick_1/inf_pick_1,S1I2S2I2S1I2S1I1S1I1,2500.0,2.5,1827944.0,5661488.0,1710.052002,1.1877594053608425,-0.007120613876374193,5
ETVZ:seis_pick_2/inf_pick_1 | NGZ:seis_pick_1/inf_pick_2 | NOVZ:seis_pick_1/inf_pick_2 | OTVZ:seis_pick_1/inf_pick_1 | SNVZ:seis_pick_1/inf_pick_2,S2I1S1I2S1I2S1I1S1I2,2500.0,2.5,1828328.0,5662160.0,1795.425903,1.1891205215896352,0.3047647811746968,5
ETVZ:seis_pick_1/inf_pick_2 | NGZ:seis_pick_1/inf_pick_1 | NOVZ:seis_pick_1/inf_pick_1 | OTVZ:seis_pick_2/inf_pick_2 | SNVZ:seis_pick_1/inf_pick_1,S1I2S1I1S1I1S2I2S1I1,3000.0,3.0,1828136.0,5661872.0,1836.069458,1.1893847238074229,0.10247493050059261,5
ETVZ:seis_pick_1/inf_pick_2 | NGZ:seis_pick_2/inf_pick_1 | NOVZ:seis_pick_1/inf_pick_1 | OTVZ:seis_pick_2/inf_pick_2 | SNVZ:seis_pick_2/inf_pick_1,S1I2S2I1S1I1S2I2S2I1,2500.0,2.5,1828040.0,5661584.0,1704.531738,1.1903039308861219,0.017571489973345854,5
ETVZ:seis_pick_2/inf_pick_1 | NGZ:seis_pick_2/inf_pick_2 | NOVZ:seis_pick_1/inf_pick_1 | OTVZ:seis_pick_2/inf_pick_2 | SNVZ:seis_pick_1/inf_pick_2,S2I1S2I2S1I1S2I2S1I2,3000.0,3.0,1828040.0,5662352.0,2016.082642,1.190374950672097,-0.4759440356260585,5
ETVZ:seis_pick_1/inf_pick_1 | NGZ:seis_pick_1/inf_pick_2 | NOVZ:seis_pick_2/inf_pick_1 | OTVZ:seis_pick_1/inf_pick_1 | SNVZ:seis_pick_1/inf_pick_2,S1I1S1I2S2I1S1I1S1I2,2500.0,2.5,1828136.0,5662352.0,1970.850952,1.1906092255794254,-0.07338472804572867,5
ETVZ:seis_pick_1/inf_pick_1 | NGZ:seis_pick_2/inf_pick_2 | NOVZ:seis_pick_2/inf_pick_1 | OTVZ:seis_pick_2/inf_pick_1 | SNVZ:seis_pick_1/inf_pick_1,S1I1S2I2S2I1S2I1S1I1,2500.0,2.5,1828136.0,5661872.0,1836.069458,1.1907932442752063,-0.9573879422509,5
ETVZ:seis_pick_1/inf_pick_1 | NGZ:seis_pick_1/inf_pick_1 | NOVZ:seis_pick_1/inf_pick_1 | OTVZ:seis_pick_2/inf_pick_1 | SNVZ:seis_pick_2/inf_pick_2,S1I1S1I1S1I1S2I1S2I2,3300.0,3.3,1828520.0,5662160.0,1702.077515,1.1914331503567483,-0.27107630626176016,5
ETVZ:seis_pick_1/inf_pick_1 | NGZ:seis_pick_1/inf_pick_1 | NOVZ:seis_pick_2/inf_pick_2 | OTVZ:seis_pick_2/inf_pick_1 | SNVZ:seis_pick_2/inf_pick_2,S1I1S1I1S2I2S2I1S2I2,3000.0,3.0,1828520.0,5662160.0,1702.077515,1.1922327886331434,-0.05905989054480596,5
ETVZ:seis_pick_2/inf_pick_1 | NGZ:seis_pick_1/inf_pick_1 | NOVZ:seis_pick_2/inf_pick_2 | OTVZ:seis_pick_2/inf_pick_1 | SNVZ:seis_pick_1/inf_pick_2,S2I1S1I1S2I2S2I1S1I2,3000.0,3.0,1828616.0,5662256.0,1674.459961,1.1922633393549427,-0.00920560512379982,5
ETVZ:seis_pick_1/inf_pick_2 | NGZ:seis_pick_1/inf_pick_1 | NOVZ:seis_pick_1/inf_pick_2 | OTVZ:seis_pick_1/inf_pick_1 | SNVZ:seis_pick_2/inf_pick_2,S1I2S1I1S1I2S1I1S2I2,3000.0,3.0,1828328.0,5661968.0,1780.70813,1.1939833602917909,0.6752269579033374,5
ETVZ:seis_pick_2/inf_pick_2 | NGZ:seis_pick_1/inf_pick_1 | NOVZ:seis_pick_1/inf_pick_1 | OTVZ:seis_pick_1/inf_pick_1 | SNVZ:seis_pick_2/inf_pick_2,S2I2S1I1S1I1S1I1S2I2,2500.0,2.5,1828232.0,5662160.0,1873.492554,1.1942350487093472,0.5196994709658279,5
ETVZ:seis_pick_1/inf_pick_1 | NGZ:seis_pick_2/inf_pick_1 | NOVZ:seis_pick_2/inf_pick_1 | OTVZ:seis_pick_2/inf_pick_1 | SNVZ:seis_pick_2/inf_pick_1,S1I1S2I1S2I1S2I1S2I1,2500.0,2.5,1828328.0,5661776.0,1708.478394,1.194408731114079,-0.7422245106553318,5
ETVZ:seis_pick_1/inf_pick_2 | NGZ:seis_pick_1/inf_pick_1 | NOVZ:seis_pick_2/inf_pick_2 | OTVZ:seis_pick_2/inf_pick_2 | SNVZ:seis_pick_1/inf_pick_1,S1I2S1I1S2I2S2I2S1I1,2500.0,2.5,1828232.0,5661680.0,1707.919678,1.1951297730045698,0.5150959753271895,5
ETVZ:seis_pick_2/inf_pick_1 | NGZ:seis_pick_2/inf_pick_2 | NOVZ:seis_pick_2/inf_pick_1 | OTVZ:seis_pick_1/inf_pick_1 | SNVZ:seis_pick_1/inf_pick_2,S2I1S2I2S2I1S1I1S1I2,3300.0,3.3,1828040.0,5662448.0,2043.867798,1.195354308717343,-0.8524744638611439,5
ETVZ:seis_pick_2/inf_pick_1 | NGZ:seis_pick_1/inf_pick_1 | NOVZ:seis_pick_2/inf_pick_1 | OTVZ:seis_pick_2/inf_pick_1 | SNVZ:seis_pick_2/inf_pick_2,S2I1S1I1S2I1S2I1S2I2,2500.0,2.5,1828520.0,5662352.0,1747.839355,1.195613022170025,-0.20092941228928574,5
ETVZ:seis_pick_2/inf_pick_2 | NGZ:seis_pick_1/inf_pick_1 | NOVZ:seis_pick_2/inf_pick_1 | OTVZ:seis_pick_1/inf_pick_1 | SNVZ:seis_pick_2/inf_pick_2,S2I2S1I1S2I1S1I1S2I2,3000.0,3.0,1828232.0,5662256.0,1871.278687,1.1956711693091595,0.09254924351310692,5
ETVZ:seis_pick_2/inf_pick_1 | NGZ:seis_pick_1/inf_pick_2 | NOVZ:seis_pick_2/inf_pick_2 | OTVZ:seis_pick_2/inf_pick_1 | SNVZ:seis_pick_2/inf_pick_2,S2I1S1I2S2I2S2I1S2I2,3300.0,3.3,1828424.0,5662160.0,1740.991333,1.1959789428129837,-0.6488223088283377,5
ETVZ:seis_pick_1/inf_pick_2 | NGZ:seis_pick_2/inf_pick_2 | NOVZ:seis_pick_2/inf_pick_2 | OTVZ:seis_pick_1/inf_pick_1 | SNVZ:seis_pick_1/inf_pick_1,S1I2S2I2S2I2S1I1S1I1,2500.0,2.5,1827944.0,5661584.0,1737.253296,1.1960914803710954,-0.14247077053453908,5
ETVZ:seis_pick_1/inf_pick_1 | NGZ:seis_pick_2/inf_pick_2 | NOVZ:seis_pick_1/inf_pick_2 | OTVZ:seis_pick_1/inf_pick_1 | SNVZ:seis_pick_2/inf_pick_2,S1I1S2I2S1I2S1I1S2I2,3000.0,3.0,1828136.0,5661968.0,1868.978394,1.1964348397451336,-0.2285339798430055,5
ETVZ:seis_pick_1/inf_pick_2 | NGZ:seis_pick_2/inf_pick_1 | NOVZ:seis_pick_2/inf_pick_1 | OTVZ:seis_pick_2/inf_pick_2 | SNVZ:seis_pick_2/inf_pick_2,S1I2S2I1S2I1S2I2S2I2,3300.0,3.3,1827944.0,5662256.0,2088.119141,1.197412054431069,-0.16420425804238442,5
ETVZ:seis_pick_1/inf_pick_2 | NGZ:seis_pick_2/inf_pick_1 | NOVZ:seis_pick_1/inf_pick_2 | OTVZ:seis_pick_2/inf_pick_2 | SNVZ:seis_pick_2/inf_pick_2,S1I2S2I1S1I2S2I2S2I2,2500.0,2.5,1828136.0,5661872.0,1836.069458,1.1975825121787171,0.7945504217647995,5
ETVZ:seis_pick_1/inf_pick_2 | NGZ:seis_pick_2/inf_pick_1 | NOVZ:seis_pick_2/inf_pick_1 | OTVZ:seis_pick_2/inf_pick_2 | SNVZ:seis_pick_2/inf_pick_1,S1I2S2I1S2I1S2I2S2I1,3300.0,3.3,1827944.0,5661776.0,1826.723999,1.1979262062468519,-0.5599268755769049,5
ETVZ:seis_pick_1/inf_pick_2 | NGZ:seis_pick_2/inf_pick_1 | NOVZ:seis_pick_1/inf_pick_1 | OTVZ:seis_pick_1/inf_pick_1 | SNVZ:seis_pick_2/inf_pick_1,S1I2S2I1S1I1S1I1S2I1,3000.0,3.0,1828040.0,5661680.0,1747.83252,1.198423066205758,-0.330091514393737,5
ETVZ:seis_pick_1/inf_pick_1 | NGZ:seis_pick_2/inf_pick_2 | NOVZ:seis_pick_1/inf_pick_2 | OTVZ:seis_pick_2/inf_pick_1 | SNVZ:seis_pick_1/inf_pick_1,S1I1S2I2S1I2S2I1S1I1,2500.0,2.5,1828328.0,5661584.0,1637.31189,1.1995804856958845,-0.5167995296525195,5
ETVZ:seis_pick_1/inf_pick_2 | NGZ:seis_pick_1/inf_pick_2 | NOVZ:seis_pick_2/inf_pick_2 | OTVZ:seis_pick_2/inf_pick_2 | SNVZ:seis_pick_2/inf_pick_2,S1I2S1I2S2I2S2I2S2I2,3000.0,3.0,1827944.0,5661968.0,1945.640259,1.199999698568473,0.1519878285024184,5
ETVZ:seis_pick_1/inf_pick_1 | NGZ:seis_pick_2/inf_pick_1 | NOVZ:seis_pick_2/inf_pick_1 | OTVZ:seis_pick_2/inf_pick_1 | SNVZ:seis_pick_1/inf_pick_1,S1I1S2I1S2I1S2I1S1I1,2500.0,2.5,1828328.0,5661968.0,1780.70813,1.2000070871074051,-0.5896157347734204,5
ETVZ:seis_pick_2/inf_pick_2 | NGZ:seis_pick_1/inf_pick_2 | NOVZ:seis_pick_2/inf_pick_1 | OTVZ:seis_pick_1/inf_pick_1 | SNVZ:seis_pick_2/inf_pick_2,S2I2S1I2S2I1S1I1S2I2,3000.0,3.0,1827944.0,5662256.0,2088.119141,1.2001561221713635,-0.3825020613183264,5
ETVZ:seis_pick_1/inf_pick_2 | NGZ:seis_pick_1/inf_pick_2 | NOVZ:seis_pick_1/inf_pick_2 | OTVZ:seis_pick_2/inf_pick_2 | SNVZ:seis_pick_2/inf_pick_2,S1I2S1I2S1I2S2I2S2I2,3000.0,3.0,1828040.0,5661872.0,1862.954834,1.2002818637003871,0.350744796673642,5
ETVZ:seis_pick_2/inf_pick_2 | NGZ:seis_pick_2/inf_pick_1 | NOVZ:seis_pick_1/inf_pick_1 | OTVZ:seis_pick_1/inf_pick_1 | SNVZ:seis_pick_2/inf_pick_2,S2I2S2I1S1I1S1I1S2I2,2500.0,2.5,1828136.0,5662064.0,1926.312866,1.2003192741706368,0.32024862172355506,5
ETVZ:seis_pick_1/inf_pick_2 | NGZ:seis_pick_2/inf_pick_1 | NOVZ:seis_pick_2/inf_pick_2 | OTVZ:seis_pick_1/inf_pick_1 | SNVZ:seis_pick_1/inf_pick_1,S1I2S2I1S2I2S1I1S1I1,2500.0,2.5,1828136.0,5661680.0,1731.645752,1.2003851262624572,0.2352691684927354,5
ETVZ:seis_pick_1/inf_pick_1 | NGZ:seis_pick_1/inf_pick_2 | NOVZ:seis_pick_1/inf_pick_1 | OTVZ:seis_pick_1/inf_pick_1 | SNVZ:seis_pick_1/inf_pick_2,S1I1S1I2S1I1S1I1S1I2,2500.0,2.5,1828136.0,5662256.0,1932.221924,1.2004340063591026,0.10225436102284799,5
ETVZ:seis_pick_1/inf_pick_2 | NGZ:seis_pick_1/inf_pick_1 | NOVZ:seis_pick_1/inf_pick_2 | OTVZ:seis_pick_2/inf_pick_2 | SNVZ:seis_pick_1/inf_pick_2,S1I2S1I1S1I2S2I2S1I2,3000.0,3.0,1828232.0,5662064.0,1861.719849,1.201082868738644,0.8791341732694209,5
ETVZ:seis_pick_1/inf_pick_2 | NGZ:seis_pick_1/inf_pick_1 | NOVZ:seis_pick_2/inf_pick_2 | OTVZ:seis_pick_1/inf_pick_1 | SNVZ:seis_pick_1/inf_pick_1,S1I2S1I1S2I2S1I1S1I1,3000.0,3.0,1828232.0,5661776.0,1756.203979,1.2012048595912161,0.1636916798186025,5
ETVZ:seis_pick_1/inf_pick_2 | NGZ:seis_pick_1/inf_pick_2 | NOVZ:seis_pick_1/inf_pick_1 | OTVZ:seis_pick_1/inf_pick_1 | SNVZ:seis_pick_2/inf_pick_1,S1I2S1I2S1I1S1I1S2I1,2500.0,2.5,1827944.0,5661584.0,1737.253296,1.201641113231766,-0.23344251415962275,5
ETVZ:seis_pick_1/inf_pick_2 | NGZ:seis_pick_1/inf_pick_2 | NOVZ:seis_pick_2/inf_pick_1 | OTVZ:seis_pick_1/inf_pick_1 | SNVZ:seis_pick_1/inf_pick_1,S1I2S1I2S2I1S1I1S1I1,3000.0,3.0,1827944.0,5661872.0,1879.445679,1.2019054520768098,-0.4975004238506605,5
ETVZ:seis_pick_1/inf_pick_2 | NGZ:seis_pick_1/inf_pick_1 | NOVZ:seis_pick_2/inf_pick_2 | OTVZ:seis_pick_2/inf_pick_2 | SNVZ:seis_pick_1/inf_pick_2,S1I2S1I1S2I2S2I2S1I2,3300.0,3.3,1828232.0,5662256.0,1871.278687,1.2025877546356278,0.575977556410449,5
ETVZ:seis_pick_2/inf_pick_2 | NGZ:seis_pick_2/inf_pick_1 | NOVZ:seis_pick_2/inf_pick_1 | OTVZ:seis_pick_1/inf_pick_1 | SNVZ:seis_pick_2/inf_pick_1,S2I2S2I1S2I1S1I1S2I1,2500.0,2.5,1828040.0,5661776.0,1817.950928,1.2026360996904368,-0.3383347484885711,5
ETVZ:seis_pick_1/inf_pick_2 | NGZ:seis_pick_1/inf_pick_2 | NOVZ:seis_pick_2/inf_pick_1 | OTVZ:seis_pick_2/inf_pick_2 | SNVZ:seis_pick_2/inf_pick_1,S1I2S1I2S2I1S2I2S2I1,2500.0,2.5,1827848.0,5661680.0,1823.050049,1.2028814009631754,-0.3401149518303678,5
ETVZ:seis_pick_2/inf_pick_2 | NGZ:seis_pick_1/inf_pick_1 | NOVZ:seis_pick_2/inf_pick_1 | OTVZ:seis_pick_2/inf_pick_2 | SNVZ:seis_pick_1/inf_pick_1,S2I2S1I1S2I1S2I2S1I1,2500.0,2.5,1828136.0,5661968.0,1868.978394,1.2048064721171872,0.09294591814196522,5
ETVZ:seis_pick_1/inf_pick_1 | NGZ:seis_pick_1/inf_pick_1 | NOVZ:seis_pick_1/inf_pick_1 | OTVZ:seis_pick_2/inf_pick_1 | SNVZ:seis_pick_2/inf_pick_1,S1I1S1I1S1I1S2I1S2I1,2500.0,2.5,1828520.0,5661680.0,1602.574463,1.2070185503372413,-0.3853644958548699,5
ETVZ:seis_pick_1/inf_pick_2 | NGZ:seis_pick_1/inf_pick_2 | NOVZ:seis_pick_2/inf_pick_1 | OTVZ:seis_pick_2/inf_pick_2 | SNVZ:seis_pick_2/inf_pick_2,S1I2S1I2S2I1S2I2S2I2,3300.0,3.3,1827848.0,5662160.0,2101.272461,1.2073418351058285,-0.3224865387068874,5
ETVZ:seis_pick_1/inf_pick_1 | NGZ:seis_pick_1/inf_pick_2 | NOVZ:seis_pick_1/inf_pick_2 | OTVZ:seis_pick_1/inf_pick_1 | SNVZ:seis_pick_1/inf_pick_2,S1I1S1I2S1I2S1I1S1I2,3300.0,3.3,1828328.0,5662160.0,1795.425903,1.2079201699550999,0.03740948050448321,5
ETVZ:seis_pick_1/inf_pick_2 | NGZ:seis_pick_2/inf_pick_2 | NOVZ:seis_pick_1/inf_pick_1 | OTVZ:seis_pick_1/inf_pick_1 | SNVZ:seis_pick_1/inf_pick_1,S1I2S2I2S1I1S1I1S1I1,2500.0,2.5,1827848.0,5661680.0,1823.050049,1.2079595991034648,-0.27831931150505884,5
ETVZ:seis_pick_2/inf_pick_1 | NGZ:seis_pick_1/inf_pick_2 | NOVZ:seis_pick_1/inf_pick_1 | OTVZ:seis_pick_2/inf_pick_1 | SNVZ:seis_pick_2/inf_pick_2,S2I1S1I2S1I1S2I1S2I2,3000.0,3.0,1828424.0,5662160.0,1740.991333,1.2080765466974153,-0.6185330297785783,5
ETVZ:seis_pick_2/inf_pick_2 | NGZ:seis_pick_1/inf_pick_1 | NOVZ:seis_pick_2/inf_pick_1 | OTVZ:seis_pick_2/inf_pick_2 | SNVZ:seis_pick_2/inf_pick_1,S2I2S1I1S2I1S2I2S2I1,3300.0,3.3,1828136.0,5661872.0,1836.069458,1.2081721272314505,-0.45917868009890944,5
ETVZ:seis_pick_1/inf_pick_2 | NGZ:seis_pick_1/inf_pick_2 | NOVZ:seis_pick_1/inf_pick_1 | OTVZ:seis_pick_2/inf_pick_2 | SNVZ:seis_pick_2/inf_pick_2,S1I2S1I2S1I1S2I2S2I2,3000.0,3.0,1827944.0,5662064.0,2013.466919,1.2087055191345242,0.021660349418664814,5
ETVZ:seis_pick_2/inf_pick_1 | NGZ:seis_pick_1/inf_pick_2 | NOVZ:seis_pick_2/inf_pick_1 | OTVZ:seis_pick_2/inf_pick_1 | SNVZ:seis_pick_2/inf_pick_2,S2I1S1I2S2I1S2I1S2I2,3000.0,3.0,1828328.0,5662256.0,1832.388062,1.2093494279259211,-0.8140010119731154,5
ETVZ:seis_pick_2/inf_pick_2 | NGZ:seis_pick_1/inf_pick_2 | NOVZ:seis_pick_2/inf_pick_1 | OTVZ:seis_pick_2/inf_pick_2 | SNVZ:seis_pick_1/inf_pick_2,S2I2S1I2S2I1S2I2S1I2,3300.0,3.3,1827944.0,5662352.0,2080.786133,1.2096738673680296,-0.2727846928693312,5
ETVZ:seis_pick_2/inf_pick_1 | NGZ:seis_pick_1/inf_pick_1 | NOVZ:seis_pick_1/inf_pick_1 | OTVZ:seis_pick_2/inf_pick_1 | SNVZ:seis_pick_1/inf_pick_2,S2I1S1I1S1I1S2I1S1I2,3000.0,3.0,1828616.0,5662352.0,1694.849243,1.2098878514697882,-0.13207124078967655,5
ETVZ:seis_pick_1/inf_pick_2 | NGZ:seis_pick_2/inf_pick_1 | NOVZ:seis_pick_2/inf_pick_2 | OTVZ:seis_pick_1/inf_pick_1 | SNVZ:seis_pick_2/inf_pick_1,S1I2S2I1S2I2S1I1S2I1,2500.0,2.5,1828136.0,5661488.0,1647.28064,1.2104832558670942,0.05687328526791635,5
ETVZ:seis_pick_2/inf_pick_1 | NGZ:seis_pick_2/inf_pick_2 | NOVZ:seis_pick_2/inf_pick_1 | OTVZ:seis_pick_1/inf_pick_1 | SNVZ:seis_pick_1/inf_pick_2,S2I1S2I2S2I1S1I1S1I2,3000.0,3.0,1828040.0,5662448.0,2043.867798,1.2109545068234653,-0.7284079084497403,5
ETVZ:seis_pick_1/inf_pick_2 | NGZ:seis_pick_2/inf_pick_2 | NOVZ:seis_pick_1/inf_pick_2 | OTVZ:seis_pick_1/inf_pick_2 | SNVZ:seis_pick_1/inf_pick_2,S1I2S2I2S1I2S1I2S1I2,2500.0,2.5,1827752.0,5661968.0,2023.887207,1.2116009236188439,0.7438516499448165,5
ETVZ:seis_pick_1/inf_pick_1 | NGZ:seis_pick_1/inf_pick_1 | NOVZ:seis_pick_2/inf_pick_1 | OTVZ:seis_pick_2/inf_pick_1 | SNVZ:seis_pick_1/inf_pick_1,S1I1S1I1S2I1S2I1S1I1,3000.0,3.0,1828424.0,5661968.0,1733.215942,1.2119735368165074,-0.6495827903333575,5
ETVZ:seis_pick_1/inf_pick_2 | NGZ:seis_pick_2/inf_pick_1 | NOVZ:seis_pick_1/inf_pick_2 | OTVZ:seis_pick_1/inf_pick_1 | SNVZ:seis_pick_2/inf_pick_2,S1I2S2I1S1I2S1I1S2I2,3300.0,3.3,1828136.0,5661968.0,1868.978394,1.2122835294975558,0.3110602743872134,5
ETVZ:seis_pick_1/inf_pick_2 | NGZ:seis_pick_1/inf_pick_2 | NOVZ:seis_pick_2/inf_pick_1 | OTVZ:seis_pick_1/inf_pick_1 | SNVZ:seis_pick_2/inf_pick_1,S1I2S1I2S2I1S1I1S2I1,3000.0,3.0,1827944.0,5661680.0,1773.920288,1.2123237316732833,-0.6435633265526841,5
ETVZ:seis_pick_2/inf_pick_2 | NGZ:seis_pick_1/inf_pick_1 | NOVZ:seis_pick_2/inf_pick_1 | OTVZ:seis_pick_1/inf_pick_1 | SNVZ:seis_pick_1/inf_pick_1,S2I2S1I1S2I1S1I1S1I1,3000.0,3.0,1828232.0,5661968.0,1833.125488,1.2124859113893,-0.21965748583552216,5
ETVZ:seis_pick_2/inf_pick_2 | NGZ:seis_pick_1/inf_pick_2 | NOVZ:seis_pick_1/inf_pick_1 | OTVZ:seis_pick_2/inf_pick_2 | SNVZ:seis_pick_1/inf_pick_2,S2I2S1I2S1I1S2I2S1I2,3300.0,3.3,1828040.0,5662256.0,2015.394897,1.2133576144842948,-0.05712440549566047,5
ETVZ:seis_pick_1/inf_pick_2 | NGZ:seis_pick_1/inf_pick_1 | NOVZ:seis_pick_2/inf_pick_2 | OTVZ:seis_pick_1/inf_pick_1 | SNVZ:seis_pick_2/inf_pick_2,S1I2S1I1S2I2S1I1S2I2,3300.0,3.3,1828232.0,5662064.0,1861.719849,1.2137762286932983,0.36432772598229235,5
ETVZ:seis_pick_2/inf_pick_2 | NGZ:seis_pick_2/inf_pick_1 | NOVZ:seis_pick_2/inf_pick_2 | OTVZ:seis_pick_2/inf_pick_2 | SNVZ:seis_pick_1/inf_pick_2,S2I2S2I1S2I2S2I2S1I2,2500.0,2.5,1828136.0,5662160.0,1946.274292,1.2138152359963852,0.6431368869338316,5
ETVZ:seis_pick_2/inf_pick_2 | NGZ:seis_pick_2/inf_pick_2 | NOVZ:seis_pick_1/inf_pick_2 | OTVZ:seis_pick_2/inf_pick_2 | SNVZ:seis_pick_2/inf_pick_2,S2I2S2I2S1I2S2I2S2I2,3300.0,3.3,1827944.0,5661872.0,1879.445679,1.2139173357933262,-0.10579320628615392,5
ETVZ:seis_pick_2/inf_pick_1 | NGZ:seis_pick_2/inf_pick_1 | NOVZ:seis_pick_2/inf_pick_1 | OTVZ:seis_pick_2/inf_pick_1 | SNVZ:seis_pick_2/inf_pick_2,S2I1S2I1S2I1S2I1S2I2,2500.0,2.5,1828424.0,5662256.0,1795.46814,1.213945444273199,-0.3769056723897547,5
ETVZ:seis_pick_2/inf_pick_2 | NGZ:seis_pick_2/inf_pick_1 | NOVZ:seis_pick_1/inf_pick_2 | OTVZ:seis_pick_2/inf_pick_2 | SNVZ:seis_pick_1/inf_pick_2,S2I2S2I1S1I2S2I2S1I2,2500.0,2.5,1828232.0,5662064.0,1861.719849,1.2144224296128048,0.8433829944700892,5
ETVZ:seis_pick_2/inf_pick_1 | NGZ:seis_pick_2/inf_pick_2 | NOVZ:seis_pick_1/inf_pick_1 | OTVZ:seis_pick_2/inf_pick_2 | SNVZ:seis_pick_1/inf_pick_2,S2I1S2I2S1I1S2I2S1I2,2500.0,2.5,1828040.0,5662256.0,2015.394897,1.2145678948963996,-0.17809444626946203,5
ETVZ:seis_pick_1/inf_pick_2 | NGZ:seis_pick_1/inf_pick_2 | NOVZ:seis_pick_1/inf_pick_1 | OTVZ:seis_pick_1/inf_pick_1 | SNVZ:seis_pick_1/inf_pick_1,S1I2S1I2S1I1S1I1S1I1,2500.0,2.5,1827944.0,5661776.0,1826.723999,1.2160933955988418,-0.0714988218577437,5
ETVZ:seis_pick_1/inf_pick_2 | NGZ:seis_pick_1/inf_pick_1 | NOVZ:seis_pick_2/inf_pick_1 | OTVZ:seis_pick_1/inf_pick_2 | SNVZ:seis_pick_2/inf_pick_1,S1I2S1I1S2I1S1I2S2I1,3300.0,3.3,1827944.0,5661872.0,1879.445679,1.216791077177592,-0.12630858546391863,5
ETVZ:seis_pick_1/inf_pick_1 | NGZ:seis_pick_2/inf_pick_1 | NOVZ:seis_pick_1/inf_pick_2 | OTVZ:seis_pick_2/inf_pick_1 | SNVZ:seis_pick_2/inf_pick_2,S1I1S2I1S1I2S2I1S2I2,3300.0,3.3,1828520.0,5661968.0,1675.416504,1.2181236726180755,-0.18735305915797565,5
ETVZ:seis_pick_1/inf_pick_2 | NGZ:seis_pick_2/inf_pick_2 | NOVZ:seis_pick_2/inf_pick_1 | OTVZ:seis_pick_1/inf_pick_1 | SNVZ:seis_pick_2/inf_pick_1,S1I2S2I2S2I1S1I1S2I1,2500.0,2.5,1827752.0,5661680.0,1892.618652,1.2191712982850522,-0.6468411355540107,5
ETVZ:seis_pick_1/inf_pick_1 | NGZ:seis_pick_1/inf_pick_1 | NOVZ:seis_pick_2/inf_pick_1 | OTVZ:seis_pick_2/inf_pick_1 | SNVZ:seis_pick_2/inf_pick_1,S1I1S1I1S2I1S2I1S2I1,3300.0,3.3,1828424.0,5661872.0,1701.829712,1.2191939932283669,-0.9366520737668214,5
ETVZ:seis_pick_2/inf_pick_2 | NGZ:seis_pick_1/inf_pick_2 | NOVZ:seis_pick_1/inf_pick_2 | OTVZ:seis_pick_2/inf_pick_1 | SNVZ:seis_pick_2/inf_pick_1,S2I2S1I2S1I2S2I1S2I1,3000.0,3.0,1828328.0,5661488.0,1598.106201,1.2196957250426328,-0.574721274222855,5
ETVZ:seis_pick_1/inf_pick_1 | NGZ:seis_pick_1/inf_pick_2 | NOVZ:seis_pick_2/inf_pick_2 | OTVZ:seis_pick_1/inf_pick_1 | SNVZ:seis_pick_1/inf_pick_2,S1I1S1I2S2I2S1I1S1I2,2500.0,2.5,1828232.0,5662256.0,1871.278687,1.2203277272190078,0.23108909097655203,5
ETVZ:seis_pick_2/inf_pick_1 | NGZ:seis_pick_1/inf_pick_2 | NOVZ:seis_pick_2/inf_pick_2 | OTVZ:seis_pick_2/inf_pick_1 | SNVZ:seis_pick_2/inf_pick_2,S2I1S1I2S2I2S2I1S2I2,3000.0,3.0,1828424.0,5662064.0,1744.648804,1.2205981580799683,-0.5093110005729683,5
ETVZ:seis_pick_1/inf_pick_1 | NGZ:seis_pick_1/inf_pick_1 | NOVZ:seis_pick_1/inf_pick_2 | OTVZ:seis_pick_2/inf_pick_1 | SNVZ:seis_pick_2/inf_pick_2,S1I1S1I1S1I2S2I1S2I2,2500.0,2.5,1828616.0,5661968.0,1629.870117,1.2207077343879285,0.39545315039971224,5
ETVZ:seis_pick_2/inf_pick_2 | NGZ:seis_pick_1/inf_pick_1 | NOVZ:seis_pick_1/inf_pick_1 | OTVZ:seis_pick_1/inf_pick_1 | SNVZ:seis_pick_1/inf_pick_2,S2I2S1I1S1I1S1I1S1I2,3000.0,3.0,1828232.0,5662256.0,1871.278687,1.2209320510139245,0.410950346200908,5
ETVZ:seis_pick_1/inf_pick_2 | NGZ:seis_pick_1/inf_pick_1 | NOVZ:seis_pick_2/inf_pick_2 | OTVZ:seis_pick_2/inf_pick_2 | SNVZ:seis_pick_2/inf_pick_2,S1I2S1I1S2I2S2I2S2I2,2500.0,2.5,1828232.0,5662064.0,1861.719849,1.2212942274972183,0.8285684834530376,5
ETVZ:seis_pick_1/inf_pick_2 | NGZ:seis_pick_1/inf_pick_1 | NOVZ:seis_pick_1/inf_pick_2 | OTVZ:seis_pick_1/inf_pick_1 | SNVZ:seis_pick_2/inf_pick_1,S1I2S1I1S1I2S1I1S2I1,2500.0,2.5,1828328.0,5661392.0,1562.750488,1.2214263591883987,0.4033086087942806,5
ETVZ:seis_pick_2/inf_pick_2 | NGZ:seis_pick_2/inf_pick_2 | NOVZ:seis_pick_2/inf_pick_1 | OTVZ:seis_pick_2/inf_pick_2 | SNVZ:seis_pick_2/inf_pick_2,S2I2S2I2S2I1S2I2S2I2,2500.0,2.5,1827752.0,5662160.0,2131.72583,1.221499140953948,-0.2732933305395401,5
ETVZ:seis_pick_1/inf_pick_2 | NGZ:seis_pick_1/inf_pick_1 | NOVZ:seis_pick_2/inf_pick_2 | OTVZ:seis_pick_1/inf_pick_1 | SNVZ:seis_pick_2/inf_pick_1,S1I2S1I1S2I2S1I1S2I1,3300.0,3.3,1828232.0,5661584.0,1658.624878,1.2216633763217009,-0.12413391476311304,5
ETVZ:seis_pick_2/inf_pick_2 | NGZ:seis_pick_2/inf_pick_1 | NOVZ:seis_pick_1/inf_pick_1 | OTVZ:seis_pick_2/inf_pick_2 | SNVZ:seis_pick_1/inf_pick_2,S2I2S2I1S1I1S2I2S1I2,2500.0,2.5,1828136.0,5662256.0,1932.221924,1.2227058832693543,0.5347549962210036,5
ETVZ:seis_pick_2/inf_pick_2 | NGZ:seis_pick_1/inf_pick_2 | NOVZ:seis_pick_2/inf_pick_2 | OTVZ:seis_pick_2/inf_pick_1 | SNVZ:seis_pick_2/inf_pick_1,S2I2S1I2S2I2S2I1S2I1,3300.0,3.3,1828232.0,5661584.0,1658.624878,1.2228425703580545,-0.8465544418568832,5
ETVZ:seis_pick_1/inf_pick_1 | NGZ:seis_pick_1/inf_pick_1 | NOVZ:seis_pick_1/inf_pick_1 | OTVZ:seis_pick_2/inf_pick_1 | SNVZ:seis_pick_2/inf_pick_2,S1I1S1I1S1I1S2I1S2I2,3000.0,3.0,1828520.0,5662160.0,1702.077515,1.2240995220922406,-0.15003163416989035,5
ETVZ:seis_pick_2/inf_pick_2 | NGZ:seis_pick_2/inf_pick_1 | NOVZ:seis_pick_1/inf_pick_2 | OTVZ:seis_pick_2/inf_pick_1 | SNVZ:seis_pick_2/inf_pick_1,S2I2S2I1S1I2S2I1S2I1,3000.0,3.0,1828424.0,5661488.0,1577.636108,1.2241880153374147,-0.4149272691149726,5
ETVZ:seis_pick_1/inf_pick_1 | NGZ:seis_pick_1/inf_pick_2 | NOVZ:seis_pick_1/inf_pick_2 | OTVZ:seis_pick_1/inf_pick_1 | SNVZ:seis_pick_1/inf_pick_2,S1I1S1I2S1I2S1I1S1I2,3000.0,3.0,1828328.0,5662160.0,1795.425903,1.225183216145305,0.15897148209535478,5
ETVZ:seis_pick_1/inf_pick_1 | NGZ:seis_pick_2/inf_pick_2 | NOVZ:seis_pick_1/inf_pick_1 | OTVZ:seis_pick_2/inf_pick_2 | SNVZ:seis_pick_1/inf_pick_2,S1I1S2I2S1I1S2I2S1I2,3300.0,3.3,1828040.0,5662256.0,2015.394897,1.2253879269563386,-0.4509878482839067,5
ETVZ:seis_pick_1/inf_pick_1 | NGZ:seis_pick_2/inf_pick_1 | NOVZ:seis_pick_2/inf_pick_2 | OTVZ:seis_pick_2/inf_pick_1 | SNVZ:seis_pick_2/inf_pick_2,S1I1S2I1S2I2S2I1S2I2,3300.0,3.3,1828424.0,5662064.0,1744.648804,1.225599708796091,-0.36280235792729965,5
ETVZ:seis_pick_2/inf_pick_2 | NGZ:seis_pick_1/inf_pick_2 | NOVZ:seis_pick_2/inf_pick_2 | OTVZ:seis_pick_2/inf_pick_2 | SNVZ:seis_pick_1/inf_pick_2,S2I2S1I2S2I2S2I2S1I2,3300.0,3.3,1828040.0,5662160.0,2012.584229,1.2259954730160008,0.05754571345521882,5
ETVZ:seis_pick_2/inf_pick_1 | NGZ:seis_pick_1/inf_pick_1 | NOVZ:seis_pick_2/inf_pick_1 | OTVZ:seis_pick_2/inf_pick_1 | SNVZ:seis_pick_1/inf_pick_2,S2I1S1I1S2I1S2I1S1I2,3300.0,3.3,1828520.0,5662448.0,1761.89917,1.2260299491005078,-0.44452631463809544,5
ETVZ:seis_pick_2/inf_pick_2 | NGZ:seis_pick_2/inf_pick_2 | NOVZ:seis_pick_1/inf_pick_1 | OTVZ:seis_pick_2/inf_pick_2 | SNVZ:seis_pick_2/inf_pick_2,S2I2S2I2S1I1S2I2S2I2,2500.0,2.5,1827848.0,5662064.0,2029.3927,1.226591230070196,-0.04511763850244925,5
ETVZ:seis_pick_1/inf_pick_1 | NGZ:seis_pick_2/inf_pick_2 | NOVZ:seis_pick_2/inf_pick_1 | OTVZ:seis_pick_2/inf_pick_2 | SNVZ:seis_pick_1/inf_pick_2,S1I1S2I2S2I1S2I2S1I2,2500.0,2.5,1827944.0,5662352.0,2080.786133,1.2272833517184463,-0.26925755586567063,5
ETVZ:seis_pick_1/inf_pick_2 | NGZ:seis_pick_2/inf_pick_1 | NOVZ:seis_pick_2/inf_pick_2 | OTVZ:seis_pick_2/inf_pick_2 | SNVZ:seis_pick_2/inf_pick_2,S1I2S2I1S2I2S2I2S2I2,2500.0,2.5,1828040.0,5661968.0,1927.026855,1.2277353335783099,0.5990511087494657,5
ETVZ:seis_pick_2/inf_pick_2 | NGZ:seis_pick_2/inf_pick_2 | NOVZ:seis_pick_1/inf_pick_2 | OTVZ:seis_pick_2/inf_pick_1 | SNVZ:seis_pick_2/inf_pick_1,S2I2S2I2S1I2S2I1S2I1,3300.0,3.3,1828232.0,5661488.0,1616.910156,1.2290241410796203,-0.8947617143303341,5
ETVZ:seis_pick_2/inf_pick_2 | NGZ:seis_pick_1/inf_pick_1 | NOVZ:seis_pick_1/inf_pick_2 | OTVZ:seis_pick_1/inf_pick_1 | SNVZ:seis_pick_1/inf_pick_2,S2I2S1I1S1I2S1I1S1I2,2500.0,2.5,1828424.0,5662064.0,1744.648804,1.2294248527338074,1.009747550656549,5
ETVZ:seis_pick_2/inf_pick_1 | NGZ:seis_pick_1/inf_pick_2 | NOVZ:seis_pick_1/inf_pick_2 | OTVZ:seis_pick_2/inf_pick_1 | SNVZ:seis_pick_2/inf_pick_2,S2I1S1I2S1I2S2I1S2I2,3300.0,3.3,1828520.0,5661968.0,1675.416504,1.2309344547761933,-0.4549148681263146,5
ETVZ:seis_pick_1/inf_pick_2 | NGZ:seis_pick_2/inf_pick_1 | NOVZ:seis_pick_2/inf_pick_1 | OTVZ:seis_pick_2/inf_pick_2 | SNVZ:seis_pick_2/inf_pick_1,S1I2S2I1S2I1S2I2S2I1,3000.0,3.0,1827944.0,5661776.0,1826.723999,1.2317467783395983,-0.4378619909858289,5
ETVZ:seis_pick_2/inf_pick_1 | NGZ:seis_pick_2/inf_pick_2 | NOVZ:seis_pick_2/inf_pick_2 | OTVZ:seis_pick_2/inf_pick_2 | SNVZ:seis_pick_1/inf_pick_2,S2I1S2I2S2I2S2I2S1I2,3300.0,3.3,1828136.0,5662256.0,1932.221924,1.2325643308428758,-0.42831267248188337,5
ETVZ:seis_pick_1/inf_pick_1 | NGZ:seis_pick_2/inf_pick_1 | NOVZ:seis_pick_1/inf_pick_1 | OTVZ:seis_pick_2/inf_pick_1 | SNVZ:seis_pick_2/inf_pick_2,S1I1S2I1S1I1S2I1S2I2,3300.0,3.3,1828424.0,5662160.0,1740.991333,1.2330404369770307,-0.4722322434850831,5
ETVZ:seis_pick_1/inf_pick_2 | NGZ:seis_pick_2/inf_pick_1 | NOVZ:seis_pick_2/inf_pick_2 | OTVZ:seis_pick_1/inf_pick_1 | SNVZ:seis_pick_2/inf_pick_2,S1I2S2I1S2I2S1I1S2I2,3300.0,3.3,1828136.0,5662064.0,1926.312866,1.233194433295962,0.1418230628391667,5
ETVZ:seis_pick_2/inf_pick_2 | NGZ:seis_pick_2/inf_pick_2 | NOVZ:seis_pick_1/inf_pick_2 | OTVZ:seis_pick_2/inf_pick_2 | SNVZ:seis_pick_2/inf_pick_2,S2I2S2I2S1I2S2I2S2I2,3000.0,3.0,1827944.0,5661872.0,1879.445679,1.2336171157298434,0.016510865862445635,5
ETVZ:seis_pick_2/inf_pick_2 | NGZ:seis_pick_1/inf_pick_1 | NOVZ:seis_pick_1/inf_pick_1 | OTVZ:seis_pick_1/inf_pick_1 | SNVZ:seis_pick_2/inf_pick_1,S2I2S1I1S1I1S1I1S2I1,2500.0,2.5,1828232.0,5661680.0,1707.919678,1.233778318472704,0.04587566491903665,5
ETVZ:seis_pick_2/inf_pick_1 | NGZ:seis_pick_1/inf_pick_1 | NOVZ:seis_pick_1/inf_pick_2 | OTVZ:seis_pick_2/inf_pick_1 | SNVZ:seis_pick_1/inf_pick_2,S2I1S1I1S1I2S2I1S1I2,2500.0,2.5,1828712.0,5662160.0,1627.430298,1.2337822933280445,0.42962042264097045,5
ETVZ:seis_pick_1/inf_pick_2 | NGZ:seis_pick_2/inf_pick_1 | NOVZ:seis_pick_2/inf_pick_1 | OTVZ:seis_pick_1/inf_pick_1 | SNVZ:seis_pick_1/inf_pick_1,S1I2S2I1S2I1S1I1S1I1,3300.0,3.3,1828040.0,5661872.0,1862.954834,1.2341946556341261,-0.4428894033008584,5
ETVZ:seis_pick_1/inf_pick_2 | NGZ:seis_pick_2/inf_pick_1 | NOVZ:seis_pick_2/inf_pick_1 | OTVZ:seis_pick_2/inf_pick_2 | SNVZ:seis_pick_2/inf_pick_2,S1I2S2I1S2I1S2I2S2I2,3000.0,3.0,1827944.0,5662256.0,2088.119141,1.2343328362886277,-0.04027827723766766,5
ETVZ:seis_pick_2/inf_pick_2 | NGZ:seis_pick_2/inf_pick_1 | NOVZ:seis_pick_1/inf_pick_2 | OTVZ:seis_pick_2/inf_pick_1 | SNVZ:seis_pick_1/inf_pick_1,S2I2S2I1S1I2S2I1S1I1,3300.0,3.3,1828424.0,5661680.0,1639.828735,1.2348379836670083,-0.3460672380893232,5
ETVZ:seis_pick_2/inf_pick_2 | NGZ:seis_pick_2/inf_pick_2 | NOVZ:seis_pick_2/inf_pick_2 | OTVZ:seis_pick_2/inf_pick_1 | SNVZ:seis_pick_2/inf_pick_1,S2I2S2I2S2I2S2I1S2I1,3300.0,3.3,1828136.0,5661584.0,1680.270508,1.2351973593794676,-1.0509169719968685,5
ETVZ:seis_pick_1/inf_pick_1 | NGZ:seis_pick_2/inf_pick_2 | NOVZ:seis_pick_1/inf_pick_2 | OTVZ:seis_pick_1/inf_pick_1 | SNVZ:seis_pick_2/inf_pick_2,S1I1S2I2S1I2S1I1S2I2,2500.0,2.5,1828136.0,5661872.0,1836.069458,1.2353602710015468,0.05846319489589451,5
ETVZ:seis_pick_1/inf_pick_2 | NGZ:seis_pick_1/inf_pick_1 | NOVZ:seis_pick_2/inf_pick_1 | OTVZ:seis_pick_2/inf_pick_2 | SNVZ:seis_pick_2/inf_pick_2,S1I2S1I1S2I1S2I2S2I2,3300.0,3.3,1828136.0,5662256.0,1932.221924,1.2354086414634964,0.12732632463256569,5
ETVZ:seis_pick_2/inf_pick_2 | NGZ:seis_pick_1/inf_pick_1 | NOVZ:seis_pick_2/inf_pick_1 | OTVZ:seis_pick_2/inf_pick_2 | SNVZ:seis_pick_1/inf_pick_2,S2I2S1I1S2I1S2I2S1I2,2500.0,2.5,1828136.0,5662448.0,1978.485596,1.2356361415635866,0.5084280340881019,5
ETVZ:seis_pick_2/inf_pick_2 | NGZ:seis_pick_2/inf_pick_1 | NOVZ:seis_pick_2/inf_pick_2 | OTVZ:seis_pick_1/inf_pick_1 | SNVZ:seis_pick_1/inf_pick_2,S2I2S2I1S2I2S1I1S1I2,3300.0,3.3,1828232.0,5662256.0,1871.278687,1.2360002582909586,0.1977289896273799,5
ETVZ:seis_pick_1/inf_pick_2 | NGZ:seis_pick_1/inf_pick_1 | NOVZ:seis_pick_1/inf_pick_1 | OTVZ:seis_pick_2/inf_pick_2 | SNVZ:seis_pick_1/inf_pick_2,S1I2S1I1S1I1S2I2S1I2,3300.0,3.3,1828136.0,5662256.0,1932.221924,1.2361413765144162,0.44572742732036674,5
ETVZ:seis_pick_1/inf_pick_2 | NGZ:seis_pick_1/inf_pick_1 | NOVZ:seis_pick_1/inf_pick_1 | OTVZ:seis_pick_2/inf_pick_2 | SNVZ:seis_pick_2/inf_pick_1,S1I2S1I1S1I1S2I2S2I1,3300.0,3.3,1828136.0,5661680.0,1731.645752,1.236950439090033,-0.1690360592363497,5
ETVZ:seis_pick_2/inf_pick_2 | NGZ:seis_pick_1/inf_pick_1 | NOVZ:seis_pick_2/inf_pick_1 | OTVZ:seis_pick_2/inf_pick_2 | SNVZ:seis_pick_2/inf_pick_1,S2I2S1I1S2I1S2I2S2I1,3000.0,3.0,1828136.0,5661872.0,1836.069458,1.237972569725195,-0.33756927660778546,5
ETVZ:seis_pick_1/inf_pick_2 | NGZ:seis_pick_1/inf_pick_1 | NOVZ:seis_pick_2/inf_pick_2 | OTVZ:seis_pick_2/inf_pick_2 | SNVZ:seis_pick_1/inf_pick_2,S1I2S1I1S2I2S2I2S1I2,3000.0,3.0,1828232.0,5662256.0,1871.278687,1.2381942795461338,0.6982271693588892,5
ETVZ:seis_pick_2/inf_pick_2 | NGZ:seis_pick_1/inf_pick_2 | NOVZ:seis_pick_2/inf_pick_1 | OTVZ:seis_pick_2/inf_pick_2 | SNVZ:seis_pick_1/inf_pick_2,S2I2S1I2S2I1S2I2S1I2,3000.0,3.0,1827944.0,5662352.0,2080.786133,1.2382557510424277,-0.1486001366843613,5
ETVZ:seis_pick_1/inf_pick_1 | NGZ:seis_pick_2/inf_pick_2 | NOVZ:seis_pick_1/inf_pick_1 | OTVZ:seis_pick_2/inf_pick_2 | SNVZ:seis_pick_1/inf_pick_2,S1I1S2I2S1I1S2I2S1I2,3000.0,3.0,1828040.0,5662256.0,2015.394897,1.2395565231857613,-0.32769519002296266,5
ETVZ:seis_pick_2/inf_pick_2 | NGZ:seis_pick_1/inf_pick_2 | NOVZ:seis_pick_2/inf_pick_2 | OTVZ:seis_pick_1/inf_pick_1 | SNVZ:seis_pick_2/inf_pick_2,S2I2S1I2S2I2S1I1S2I2,2500.0,2.5,1828136.0,5661968.0,1868.978394,1.2398430740337691,0.29690004206561726,5
ETVZ:seis_pick_2/inf_pick_2 | NGZ:seis_pick_2/inf_pick_1 | NOVZ:seis_pick_1/inf_pick_1 | OTVZ:seis_pick_1/inf_pick_1 | SNVZ:seis_pick_1/inf_pick_2,S2I2S2I1S1I1S1I1S1I2,3300.0,3.3,1828136.0,5662256.0,1932.221924,1.2400552867598595,0.06747886053729761,5
ETVZ:seis_pick_2/inf_pick_1 | NGZ:seis_pick_2/inf_pick_2 | NOVZ:seis_pick_2/inf_pick_2 | OTVZ:seis_pick_2/inf_pick_2 | SNVZ:seis_pick_1/inf_pick_2,S2I1S2I2S2I2S2I2S1I2,3000.0,3.0,1828136.0,5662256.0,1932.221924,1.2403374709205888,-0.3056207473033254,5
ETVZ:seis_pick_1/inf_pick_2 | NGZ:seis_pick_1/inf_pick_2 | NOVZ:seis_pick_2/inf_pick_1 | OTVZ:seis_pick_2/inf_pick_2 | SNVZ:seis_pick_2/inf_pick_2,S1I2S1I2S2I1S2I2S2I2,3000.0,3.0,1827848.0,5662160.0,2101.272461,1.2403730737867904,-0.19842133219674185,5
ETVZ:seis_pick_2/inf_pick_2 | NGZ:seis_pick_1/inf_pick_2 | NOVZ:seis_pick_1/inf_pick_1 | OTVZ:seis_pick_2/inf_pick_2 | SNVZ:seis_pick_1/inf_pick_2,S2I2S1I2S1I1S2I2S1I2,3000.0,3.0,1828040.0,5662256.0,2015.394897,1.2404027170523058,0.0661682527652836,5
ETVZ:seis_pick_2/inf_pick_2 | NGZ:seis_pick_2/inf_pick_1 | NOVZ:seis_pick_1/inf_pick_2 | OTVZ:seis_pick_1/inf_pick_1 | SNVZ:seis_pick_1/inf_pick_2,S2I2S2I1S1I2S1I1S1I2,3300.0,3.3,1828232.0,5662064.0,1861.719849,1.2407871862494773,0.37914223699934413,5
ETVZ:seis_pick_1/inf_pick_2 | NGZ:seis_pick_1/inf_pick_1 | NOVZ:seis_pick_2/inf_pick_1 | OTVZ:seis_pick_1/inf_pick_2 | SNVZ:seis_pick_2/inf_pick_1,S1I2S1I1S2I1S1I2S2I1,3000.0,3.0,1827944.0,5661872.0,1879.445679,1.2410327033561193,-0.00400451331531908,5
ETVZ:seis_pick_1/inf_pick_2 | NGZ:seis_pick_1/inf_pick_1 | NOVZ:seis_pick_1/inf_pick_1 | OTVZ:seis_pick_1/inf_pick_1 | SNVZ:seis_pick_1/inf_pick_1,S1I2S1I1S1I1S1I1S1I1,3300.0,3.3,1828232.0,5661872.0,1779.748779,1.2416778751051247,-0.0593935844470133,5
ETVZ:seis_pick_2/inf_pick_2 | NGZ:seis_pick_1/inf_pick_1 | NOVZ:seis_pick_2/inf_pick_1 | OTVZ:seis_pick_1/inf_pick_1 | SNVZ:seis_pick_1/inf_pick_2,S2I2S1I1S2I1S1I1S1I2,3300.0,3.3,1828232.0,5662448.0,1918.638916,1.241680195627545,0.07848330126113172,5
ETVZ:seis_pick_2/inf_pick_2 | NGZ:seis_pick_1/inf_pick_2 | NOVZ:seis_pick_1/inf_pick_1 | OTVZ:seis_pick_1/inf_pick_1 | SNVZ:seis_pick_2/inf_pick_2,S2I2S1I2S1I1S1I1S2I2,2500.0,2.5,1828040.0,5662064.0,1956.737061,1.2420738477869897,0.1419159631962371,5
ETVZ:seis_pick_2/inf_pick_2 | NGZ:seis_pick_2/inf_pick_2 | NOVZ:seis_pick_2/inf_pick_1 | OTVZ:seis_pick_1/inf_pick_1 | SNVZ:seis_pick_2/inf_pick_2,S2I2S2I2S2I1S1I1S2I2,3300.0,3.3,1827848.0,5662160.0,2101.272461,1.2429072481192238,-0.7007351054899565,5
ETVZ:seis_pick_2/inf_pick_2 | NGZ:seis_pick_2/inf_pick_2 | NOVZ:seis_pick_2/inf_pick_2 | OTVZ:seis_pick_2/inf_pick_2 | SNVZ:seis_pick_2/inf_pick_2,S2I2S2I2S2I2S2I2S2I2,2500.0,2.5,1827944.0,5661968.0,1945.640259,1.2431345030546865,0.11826327676939918,5
ETVZ:seis_pick_1/inf_pick_2 | NGZ:seis_pick_2/inf_pick_1 | NOVZ:seis_pick_1/inf_pick_2 | OTVZ:seis_pick_1/inf_pick_1 | SNVZ:seis_pick_2/inf_pick_2,S1I2S2I1S1I2S1I1S2I2,3000.0,3.0,1828232.0,5661872.0,1779.748779,1.244626401153502,0.4863632134416996,5
ETVZ:seis_pick_2/inf_pick_2 | NGZ:seis_pick_1/inf_pick_2 | NOVZ:seis_pick_1/inf_pick_2 | OTVZ:seis_pick_1/inf_pick_1 | SNVZ:seis_pick_2/inf_pick_2,S2I2S1I2S1I2S1I1S2I2,2500.0,2.5,1828136.0,5661872.0,1836.069458,1.2450419365372238,0.4523266376841407,5
ETVZ:seis_pick_2/inf_pick_1 | NGZ:seis_pick_2/inf_pick_2 | NOVZ:seis_pick_2/inf_pick_1 | OTVZ:seis_pick_1/inf_pick_1 | SNVZ:seis_pick_1/inf_pick_2,S2I1S2I2S2I1S1I1S1I2,2500.0,2.5,1828040.0,5662352.0,2016.082642,1.245180632450899,-0.41515313752518973,5
ETVZ:seis_pick_2/inf_pick_2 | NGZ:seis_pick_1/inf_pick_1 | NOVZ:seis_pick_1/inf_pick_2 | OTVZ:seis_pick_2/inf_pick_1 | SNVZ:seis_pick_2/inf_pick_1,S2I2S1I1S1I2S2I1S2I1,3300.0,3.3,1828520.0,5661488.0,1549.203247,1.2460428809270476,-0.3425778700317032,5
ETVZ:seis_pick_1/inf_pick_1 | NGZ:seis_pick_2/inf_pick_1 | NOVZ:seis_pick_1/inf_pick_2 | OTVZ:seis_pick_2/inf_pick_1 | SNVZ:seis_pick_2/inf_pick_2,S1I1S2I1S1I2S2I1S2I2,3000.0,3.0,1828520.0,5661968.0,1675.416504,1.2461471890517126,-0.06673897652488048,5
ETVZ:seis_pick_2/inf_pick_2 | NGZ:seis_pick_1/inf_pick_1 | NOVZ:seis_pick_1/inf_pick_2 | OTVZ:seis_pick_2/inf_pick_1 | SNVZ:seis_pick_1/inf_pick_1,S2I2S1I1S1I2S2I1S1I1,3300.0,3.3,1828520.0,5661680.0,1602.574463,1.2484412489467995,-0.14919559356638654,5
ETVZ:seis_pick_2/inf_pick_2 | NGZ:seis_pick_1/inf_pick_2 | NOVZ:seis_pick_2/inf_pick_2 | OTVZ:seis_pick_2/inf_pick_2 | SNVZ:seis_pick_1/inf_pick_2,S2I2S1I2S2I2S2I2S1I2,3000.0,3.0,1828040.0,5662160.0,2012.584229,1.2500509216910356,0.1805715053183606,5
ETVZ:seis_pick_1/inf_pick_2 | NGZ:seis_pick_1/inf_pick_1 | NOVZ:seis_pick_2/inf_pick_2 | OTVZ:seis_pick_1/inf_pick_1 | SNVZ:seis_pick_2/inf_pick_2,S1I2S1I1S2I2S1I1S2I2,3000.0,3.0,1828232.0,5662064.0,1861.719849,1.2500647558096414,0.48607109546929994,5
ETVZ:seis_pick_2/inf_pick_2 | NGZ:seis_pick_2/inf_pick_1 | NOVZ:seis_pick_2/inf_pick_1 | OTVZ:seis_pick_2/inf_pick_2 | SNVZ:seis_pick_1/inf_pick_2,S2I2S2I1S2I1S2I2S1I2,2500.0,2.5,1828040.0,5662352.0,2016.082642,1.2505916279707336,0.32093408934371526,5
ETVZ:seis_pick_2/inf_pick_2 | NGZ:seis_pick_2/inf_pick_1 | NOVZ:seis_pick_2/inf_pick_1 | OTVZ:seis_pick_1/inf_pick_1 | SNVZ:seis_pick_2/inf_pick_2,S2I2S2I1S2I1S1I1S2I2,2500.0,2.5,1828040.0,5662256.0,2015.394897,1.250727555423408,0.09026772768700227,5
ETVZ:seis_pick_2/inf_pick_1 | NGZ:seis_pick_1/inf_pick_2 | NOVZ:seis_pick_1/inf_pick_2 | OTVZ:seis_pick_2/inf_pick_1 | SNVZ:seis_pick_2/inf_pick_2,S2I1S1I2S1I2S2I1S2I2,3000.0,3.0,1828520.0,5661968.0,1675.416504,1.2512218453736685,-0.33430078549321945,5
ETVZ:seis_pick_1/inf_pick_1 | NGZ:seis_pick_1/inf_pick_1 | NOVZ:seis_pick_2/inf_pick_1 | OTVZ:seis_pick_2/inf_pick_1 | SNVZ:seis_pick_2/inf_pick_1,S1I1S1I1S2I1S2I1S2I1,3000.0,3.0,1828424.0,5661872.0,1701.829712,1.2527275344677187,-0.815966336441055,5
ETVZ:seis_pick_1/inf_pick_2 | NGZ:seis_pick_2/inf_pick_1 | NOVZ:seis_pick_1/inf_pick_1 | OTVZ:seis_pick_2/inf_pick_2 | SNVZ:seis_pick_2/inf_pick_2,S1I2S2I1S1I1S2I2S2I2,2500.0,2.5,1828040.0,5662064.0,1956.737061,1.2534010062841254,0.4841397472768959,5
ETVZ:seis_pick_2/inf_pick_2 | NGZ:seis_pick_2/inf_pick_2 | NOVZ:seis_pick_1/inf_pick_1 | OTVZ:seis_pick_1/inf_pick_1 | SNVZ:seis_pick_2/inf_pick_2,S2I2S2I2S1I1S1I1S2I2,3300.0,3.3,1827944.0,5662064.0,2013.466919,1.2538337058834086,-0.4797010117452647,5
ETVZ:seis_pick_1/inf_pick_2 | NGZ:seis_pick_2/inf_pick_2 | NOVZ:seis_pick_2/inf_pick_1 | OTVZ:seis_pick_1/inf_pick_1 | SNVZ:seis_pick_1/inf_pick_1,S1I2S2I2S2I1S1I1S1I1,2500.0,2.5,1827752.0,5661776.0,1918.936157,1.2538620071953166,-0.4753432838919339,5
ETVZ:seis_pick_1/inf_pick_2 | NGZ:seis_pick_2/inf_pick_1 | NOVZ:seis_pick_2/inf_pick_1 | OTVZ:seis_pick_2/inf_pick_2 | SNVZ:seis_pick_1/inf_pick_1,S1I2S2I1S2I1S2I2S1I1,2500.0,2.5,1827944.0,5661872.0,1879.445679,1.2541976927350746,-0.007850785463659981,5
ETVZ:seis_pick_2/inf_pick_2 | NGZ:seis_pick_2/inf_pick_1 | NOVZ:seis_pick_2/inf_pick_2 | OTVZ:seis_pick_2/inf_pick_1 | SNVZ:seis_pick_2/inf_pick_1,S2I2S2I1S2I2S2I1S2I1,3300.0,3.3,1828328.0,5661584.0,1637.31189,1.2549084980598901,-0.6817013129257068,5
ETVZ:seis_pick_1/inf_pick_2 | NGZ:seis_pick_1/inf_pick_1 | NOVZ:seis_pick_2/inf_pick_2 | OTVZ:seis_pick_1/inf_pick_1 | SNVZ:seis_pick_2/inf_pick_1,S1I2S1I1S2I2S1I1S2I1,3000.0,3.0,1828232.0,5661584.0,1658.624878,1.2550044392551885,-0.00320731128905809,5
ETVZ:seis_pick_1/inf_pick_1 | NGZ:seis_pick_2/inf_pick_1 | NOVZ:seis_pick_2/inf_pick_2 | OTVZ:seis_pick_2/inf_pick_1 | SNVZ:seis_pick_2/inf_pick_2,S1I1S2I1S2I2S2I1S2I2,3000.0,3.0,1828424.0,5662064.0,1744.648804,1.2550124993636238,-0.24174919160462932,5
ETVZ:seis_pick_2/inf_pick_1 | NGZ:seis_pick_1/inf_pick_1 | NOVZ:seis_pick_2/inf_pick_2 | OTVZ:seis_pick_2/inf_pick_1 | SNVZ:seis_pick_1/inf_pick_2,S2I1S1I1S2I2S2I1S1I2,2500.0,2.5,1828616.0,5662256.0,1674.459961,1.2552238221107468,0.2573544136534437,5
ETVZ:seis_pick_2/inf_pick_1 | NGZ:seis_pick_1/inf_pick_1 | NOVZ:seis_pick_2/inf_pick_1 | OTVZ:seis_pick_2/inf_pick_1 | SNVZ:seis_pick_1/inf_pick_2,S2I1S1I1S2I1S2I1S1I2,3000.0,3.0,1828520.0,5662448.0,1761.89917,1.2559836956182955,-0.3223860327314373,5
ETVZ:seis_pick_2/inf_pick_2 | NGZ:seis_pick_1/inf_pick_2 | NOVZ:seis_pick_1/inf_pick_2 | OTVZ:seis_pick_2/inf_pick_2 | SNVZ:seis_pick_1/inf_pick_2,S2I2S1I2S1I2S2I2S1I2,3300.0,3.3,1828136.0,5662064.0,1926.312866,1.2570383170247412,0.26732433167094866,5
ETVZ:seis_pick_1/inf_pick_2 | NGZ:seis_pick_2/inf_pick_1 | NOVZ:seis_pick_1/inf_pick_1 | OTVZ:seis_pick_1/inf_pick_1 | SNVZ:seis_pick_1/inf_pick_1,S1I2S2I1S1I1S1I1S1I1,2500.0,2.5,1828040.0,5661776.0,1817.950928,1.2573400614743793,0.10170945861980699,5
ETVZ:seis_pick_2/inf_pick_2 | NGZ:seis_pick_2/inf_pick_2 | NOVZ:seis_pick_1/inf_pick_1 | OTVZ:seis_pick_2/inf_pick_1 | SNVZ:seis_pick_2/inf_pick_1,S2I2S2I2S1I1S2I1S2I1,3300.0,3.3,1828136.0,5661584.0,1680.270508,1.2573720505021253,-1.141888715621953,5
ETVZ:seis_pick_2/inf_pick_1 | NGZ:seis_pick_2/inf_pick_2 | NOVZ:seis_pick_1/inf_pick_1 | OTVZ:seis_pick_1/inf_pick_1 | SNVZ:seis_pick_1/inf_pick_2,S2I1S2I2S1I1S1I1S1I2,3300.0,3.3,1828136.0,5662352.0,1970.850952,1.2574571880080012,-0.6345925518524151,5
ETVZ:seis_pick_1/inf_pick_2 | NGZ:seis_pick_2/inf_pick_1 | NOVZ:seis_pick_1/inf_pick_2 | OTVZ:seis_pick_2/inf_pick_2 | SNVZ:seis_pick_1/inf_pick_2,S1I2S2I1S1I2S2I2S1I2,3300.0,3.3,1828136.0,5662064.0,1926.312866,1.2576763229423067,0.5348861406392876,5
ETVZ:seis_pick_1/inf_pick_2 | NGZ:seis_pick_1/inf_pick_1 | NOVZ:seis_pick_2/inf_pick_2 | OTVZ:seis_pick_2/inf_pick_2 | SNVZ:seis_pick_2/inf_pick_1,S1I2S1I1S2I2S2I2S2I1,2500.0,2.5,1828232.0,5661584.0,1658.624878,1.2585247256967367,0.33749319146618434,5
ETVZ:seis_pick_1/inf_pick_1 | NGZ:seis_pick_1/inf_pick_1 | NOVZ:seis_pick_2/inf_pick_1 | OTVZ:seis_pick_2/inf_pick_1 | SNVZ:seis_pick_2/inf_pick_2,S1I1S1I1S2I1S2I1S2I2,3300.0,3.3,1828424.0,5662352.0,1806.060791,1.2602528697090363,-0.49340830916394884,5
ETVZ:seis_pick_2/inf_pick_2 | NGZ:seis_pick_1/inf_pick_1 | NOVZ:seis_pick_2/inf_pick_2 | OTVZ:seis_pick_1/inf_pick_1 | SNVZ:seis_pick_1/inf_pick_2,S2I2S1I1S2I2S1I1S1I2,2500.0,2.5,1828328.0,5662160.0,1795.425903,1.260722231073506,0.8297324174936526,5
ETVZ:seis_pick_1/inf_pick_2 | NGZ:seis_pick_1/inf_pick_1 | NOVZ:seis_pick_1/inf_pick_1 | OTVZ:seis_pick_1/inf_pick_1 | SNVZ:seis_pick_2/inf_pick_2,S1I2S1I1S1I1S1I1S2I2,3300.0,3.3,1828232.0,5662160.0,1873.492554,1.262283666239899,0.25095663096569876,5
ETVZ:seis_pick_1/inf_pick_2 | NGZ:seis_pick_2/inf_pick_1 | NOVZ:seis_pick_1/inf_pick_1 | OTVZ:seis_pick_1/inf_pick_1 | SNVZ:seis_pick_2/inf_pick_2,S1I2S2I1S1I1S1I1S2I2,3300.0,3.3,1828040.0,5662064.0,1956.737061,1.2624323359448748,0.017225662542321628,5
ETVZ:seis_pick_1/inf_pick_2 | NGZ:seis_pick_2/inf_pick_2 | NOVZ:seis_pick_2/inf_pick_1 | OTVZ:seis_pick_2/inf_pick_2 | SNVZ:seis_pick_2/inf_pick_2,S1I2S2I2S2I1S2I2S2I2,3300.0,3.3,1827752.0,5662160.0,2131.72583,1.2629651735959002,-0.5503122560520863,5
ETVZ:seis_pick_1/inf_pick_1 | NGZ:seis_pick_1/inf_pick_1 | NOVZ:seis_pick_2/inf_pick_2 | OTVZ:seis_pick_2/inf_pick_1 | SNVZ:seis_pick_2/inf_pick_2,S1I1S1I1S2I2S2I1S2I2,2500.0,2.5,1828616.0,5662064.0,1652.864746,1.2630283600336274,0.24219978995670904,5
ETVZ:seis_pick_2/inf_pick_2 | NGZ:seis_pick_1/inf_pick_2 | NOVZ:seis_pick_2/inf_pick_2 | OTVZ:seis_pick_2/inf_pick_1 | SNVZ:seis_pick_2/inf_pick_1,S2I2S1I2S2I2S2I1S2I1,3000.0,3.0,1828232.0,5661584.0,1658.624878,1.263038206201595,-0.7256278383828283,5
ETVZ:seis_pick_2/inf_pick_1 | NGZ:seis_pick_2/inf_pick_2 | NOVZ:seis_pick_2/inf_pick_2 | OTVZ:seis_pick_2/inf_pick_2 | SNVZ:seis_pick_1/inf_pick_2,S2I1S2I2S2I2S2I2S1I2,2500.0,2.5,1828136.0,5662256.0,1932.221924,1.263039136082451,-0.03569851191049711,5
ETVZ:seis_pick_1/inf_pick_1 | NGZ:seis_pick_2/inf_pick_1 | NOVZ:seis_pick_1/inf_pick_1 | OTVZ:seis_pick_2/inf_pick_1 | SNVZ:seis_pick_2/inf_pick_2,S1I1S2I1S1I1S2I1S2I2,3000.0,3.0,1828424.0,5662160.0,1740.991333,1.2644908245191686,-0.35097122081023924,5
ETVZ:seis_pick_2/inf_pick_2 | NGZ:seis_pick_1/inf_pick_2 | NOVZ:seis_pick_1/inf_pick_2 | OTVZ:seis_pick_2/inf_pick_1 | SNVZ:seis_pick_1/inf_pick_1,S2I2S1I2S1I2S2I1S1I1,3300.0,3.3,1828328.0,5661584.0,1637.31189,1.265130643917708,-0.5092189147856677,5
ETVZ:seis_pick_2/inf_pick_2 | NGZ:seis_pick_1/inf_pick_2 | NOVZ:seis_pick_1/inf_pick_1 | OTVZ:seis_pick_2/inf_pick_1 | SNVZ:seis_pick_2/inf_pick_1,S2I2S1I2S1I1S2I1S2I1,3300.0,3.3,1828232.0,5661680.0,1707.919678,1.2653561164574665,-0.9420291536163123,5
ETVZ:seis_pick_2/inf_pick_2 | NGZ:seis_pick_2/inf_pick_1 | NOVZ:seis_pick_2/inf_pick_2 | OTVZ:seis_pick_1/inf_pick_1 | SNVZ:seis_pick_1/inf_pick_2,S2I2S2I1S2I2S1I1S1I2,3000.0,3.0,1828232.0,5662160.0,1873.492554,1.2653945962493527,0.34228087780167515,5
ETVZ:seis_pick_1/inf_pick_1 | NGZ:seis_pick_1/inf_pick_2 | NOVZ:seis_pick_1/inf_pick_2 | OTVZ:seis_pick_1/inf_pick_1 | SNVZ:seis_pick_1/inf_pick_2,S1I1S1I2S1I2S1I1S1I2,2500.0,2.5,1828328.0,5662064.0,1806.550293,1.2656731510985562,0.44213806436626246,5
ETVZ:seis_pick_1/inf_pick_2 | NGZ:seis_pick_2/inf_pick_2 | NOVZ:seis_pick_1/inf_pick_1 | OTVZ:seis_pick_2/inf_pick_2 | SNVZ:seis_pick_2/inf_pick_2,S1I2S2I2S1I1S2I2S2I2,3300.0,3.3,1827848.0,5662064.0,2029.3927,1.2657069208127136,-0.31870794680867026,5
ETVZ:seis_pick_1/inf_pick_2 | NGZ:seis_pick_2/inf_pick_1 | NOVZ:seis_pick_2/inf_pick_2 | OTVZ:seis_pick_2/inf_pick_2 | SNVZ:seis_pick_1/inf_pick_2,S1I2S2I1S2I2S2I2S1I2,3300.0,3.3,1828040.0,5662160.0,2012.584229,1.2662085439253405,0.3251075224235578,5
ETVZ:seis_pick_2/inf_pick_2 | NGZ:seis_pick_2/inf_pick_1 | NOVZ:seis_pick_1/inf_pick_2 | OTVZ:seis_pick_1/inf_pick_1 | SNVZ:seis_pick_1/inf_pick_2,S2I2S2I1S1I2S1I1S1I2,3000.0,3.0,1828232.0,5662064.0,1861.719849,1.266374340725574,0.5008856064863517,5
ETVZ:seis_pick_1/inf_pick_2 | NGZ:seis_pick_1/inf_pick_1 | NOVZ:seis_pick_1/inf_pick_1 | OTVZ:seis_pick_2/inf_pick_2 | SNVZ:seis_pick_1/inf_pick_1,S1I2S1I1S1I1S2I2S1I1,2500.0,2.5,1828136.0,5661776.0,1782.875366,1.2668378769472055,0.38877756416215076,5
ETVZ:seis_pick_2/inf_pick_2 | NGZ:seis_pick_2/inf_pick_2 | NOVZ:seis_pick_1/inf_pick_2 | OTVZ:seis_pick_2/inf_pick_1 | SNVZ:seis_pick_2/inf_pick_1,S2I2S2I2S1I2S2I1S2I1,3000.0,3.0,1828232.0,5661392.0,1581.285278,1.2669956327505913,-0.7827764247781399,5
ETVZ:seis_pick_2/inf_pick_1 | NGZ:seis_pick_1/inf_pick_2 | NOVZ:seis_pick_1/inf_pick_1 | OTVZ:seis_pick_2/inf_pick_1 | SNVZ:seis_pick_2/inf_pick_2,S2I1S1I2S1I1S2I1S2I2,2500.0,2.5,1828424.0,5662160.0,1740.991333,1.267686538872395,-0.35175877989391874,5
ETVZ:seis_pick_1/inf_pick_2 | NGZ:seis_pick_1/inf_pick_2 | NOVZ:seis_pick_1/inf_pick_2 | OTVZ:seis_pick_2/inf_pick_2 | SNVZ:seis_pick_2/inf_pick_2,S1I2S1I2S1I2S2I2S2I2,2500.0,2.5,1828040.0,5661872.0,1862.954834,1.2678239031766412,0.6190458475781375,5
ETVZ:seis_pick_1/inf_pick_2 | NGZ:seis_pick_1/inf_pick_1 | NOVZ:seis_pick_1/inf_pick_1 | OTVZ:seis_pick_2/inf_pick_2 | SNVZ:seis_pick_2/inf_pick_1,S1I2S1I1S1I1S2I2S2I1,3000.0,3.0,1828136.0,5661680.0,1731.645752,1.268247577808618,-0.0477874782312492,5
ETVZ:seis_pick_2/inf_pick_2 | NGZ:seis_pick_1/inf_pick_1 | NOVZ:seis_pick_2/inf_pick_1 | OTVZ:seis_pick_1/inf_pick_1 | SNVZ:seis_pick_2/inf_pick_1,S2I2S1I1S2I1S1I1S2I1,3300.0,3.3,1828136.0,5661872.0,1836.069458,1.2684861693344958,-0.5338406552112293,5
ETVZ:seis_pick_1/inf_pick_2 | NGZ:seis_pick_2/inf_pick_1 | NOVZ:seis_pick_2/inf_pick_2 | OTVZ:seis_pick_1/inf_pick_1 | SNVZ:seis_pick_2/inf_pick_2,S1I2S2I1S2I2S1I1S2I2,3000.0,3.0,1828136.0,5661968.0,1868.978394,1.2686101947164807,0.29643365647595027,5
ETVZ:seis_pick_1/inf_pick_1 | NGZ:seis_pick_2/inf_pick_2 | NOVZ:seis_pick_2/inf_pick_1 | OTVZ:seis_pick_1/inf_pick_1 | SNVZ:seis_pick_1/inf_pick_2,S1I1S2I2S2I1S1I1S1I2,3300.0,3.3,1827944.0,5662352.0,2080.786133,1.2692948099202108,-0.7413101107698973,5
ETVZ:seis_pick_1/inf_pick_2 | NGZ:seis_pick_1/inf_pick_1 | NOVZ:seis_pick_1/inf_pick_1 | OTVZ:seis_pick_2/inf_pick_2 | SNVZ:seis_pick_1/inf_pick_2,S1I2S1I1S1I1S2I2S1I2,3000.0,3.0,1828136.0,5662256.0,1932.221924,1.269413750776774,0.5684193524989247,5
ETVZ:seis_pick_1/inf_pick_2 | NGZ:seis_pick_1/inf_pick_1 | NOVZ:seis_pick_1/inf_pick_1 | OTVZ:seis_pick_2/inf_pick_2 | SNVZ:seis_pick_2/inf_pick_2,S1I2S1I1S1I1S2I2S2I2,2500.0,2.5,1828136.0,5662160.0,1946.274292,1.2694567979067704,0.6738082477293249,5
ETVZ:seis_pick_1/inf_pick_2 | NGZ:seis_pick_2/inf_pick_1 | NOVZ:seis_pick_2/inf_pick_1 | OTVZ:seis_pick_1/inf_pick_1 | SNVZ:seis_pick_1/inf_pick_1,S1I2S2I1S2I1S1I1S1I1,3000.0,3.0,1828040.0,5661872.0,1862.954834,1.2695153355521764,-0.32093438016245146,5
ETVZ:seis_pick_1/inf_pick_2 | NGZ:seis_pick_1/inf_pick_2 | NOVZ:seis_pick_2/inf_pick_2 | OTVZ:seis_pick_2/inf_pick_2 | SNVZ:seis_pick_2/inf_pick_2,S1I2S1I2S2I2S2I2S2I2,2500.0,2.5,1827944.0,5661968.0,1945.640259,1.269591666885523,0.4218498684401485,5
ETVZ:seis_pick_2/inf_pick_1 | NGZ:seis_pick_2/inf_pick_2 | NOVZ:seis_pick_1/inf_pick_1 | OTVZ:seis_pick_1/inf_pick_1 | SNVZ:seis_pick_1/inf_pick_2,S2I1S2I2S1I1S1I1S1I2,3000.0,3.0,1828136.0,5662256.0,1932.221924,1.2696434824142884,-0.4712544660407296,5
ETVZ:seis_pick_2/inf_pick_2 | NGZ:seis_pick_2/inf_pick_1 | NOVZ:seis_pick_1/inf_pick_1 | OTVZ:seis_pick_1/inf_pick_1 | SNVZ:seis_pick_1/inf_pick_2,S2I2S2I1S1I1S1I1S1I2,3000.0,3.0,1828136.0,5662256.0,1932.221924,1.2696721384874718,0.19017078571585558,5
ETVZ:seis_pick_1/inf_pick_1 | NGZ:seis_pick_2/inf_pick_2 | NOVZ:seis_pick_2/inf_pick_2 | OTVZ:seis_pick_2/inf_pick_2 | SNVZ:seis_pick_1/inf_pick_2,S1I1S2I2S2I2S2I2S1I2,3300.0,3.3,1828040.0,5662256.0,2015.394897,1.2698792049912309,-0.3600161046588223,5
ETVZ:seis_pick_2/inf_pick_2 | NGZ:seis_pick_1/inf_pick_2 | NOVZ:seis_pick_2/inf_pick_1 | OTVZ:seis_pick_1/inf_pick_1 | SNVZ:seis_pick_2/inf_pick_2,S2I2S1I2S2I1S1I1S2I2,2500.0,2.5,1827944.0,5662160.0,2062.442139,1.2704467055203104,-0.07752739388420977,5
ETVZ:seis_pick_2/inf_pick_2 | NGZ:seis_pick_2/inf_pick_1 | NOVZ:seis_pick_2/inf_pick_1 | OTVZ:seis_pick_1/inf_pick_1 | SNVZ:seis_pick_1/inf_pick_2,S2I2S2I1S2I1S1I1S1I2,3300.0,3.3,1828040.0,5662352.0,2016.082642,1.2705680598436986,-0.1492340510788857,5
ETVZ:seis_pick_1/inf_pick_1 | NGZ:seis_pick_2/inf_pick_1 | NOVZ:seis_pick_2/inf_pick_1 | OTVZ:seis_pick_2/inf_pick_1 | SNVZ:seis_pick_2/inf_pick_2,S1I1S2I1S2I1S2I1S2I2,3300.0,3.3,1828328.0,5662256.0,1832.388062,1.2711446182305055,-0.668372307194209,5
ETVZ:seis_pick_2/inf_pick_2 | NGZ:seis_pick_2/inf_pick_2 | NOVZ:seis_pick_2/inf_pick_1 | OTVZ:seis_pick_1/inf_pick_1 | SNVZ:seis_pick_2/inf_pick_2,S2I2S2I2S2I1S1I1S2I2,3000.0,3.0,1827848.0,5662160.0,2101.272461,1.2716028232291616,-0.576669898979811,5
ETVZ:seis_pick_1/inf_pick_2 | NGZ:seis_pick_1/inf_pick_1 | NOVZ:seis_pick_2/inf_pick_1 | OTVZ:seis_pick_2/inf_pick_2 | SNVZ:seis_pick_2/inf_pick_2,S1I2S1I1S2I1S2I2S2I2,3000.0,3.0,1828136.0,5662256.0,1932.221924,1.2717619700419052,0.25001824981112364,5
ETVZ:seis_pick_2/inf_pick_2 | NGZ:seis_pick_2/inf_pick_2 | NOVZ:seis_pick_2/inf_pick_2 | OTVZ:seis_pick_1/inf_pick_1 | SNVZ:seis_pick_2/inf_pick_2,S2I2S2I2S2I2S1I1S2I2,3300.0,3.3,1827944.0,5661968.0,1945.640259,1.2721272698154746,-0.34892530188870907,5
ETVZ:seis_pick_1/inf_pick_2 | NGZ:seis_pick_1/inf_pick_1 | NOVZ:seis_pick_1/inf_pick_2 | OTVZ:seis_pick_2/inf_pick_2 | SNVZ:seis_pick_1/inf_pick_2,S1I2S1I1S1I2S2I2S1I2,2500.0,2.5,1828232.0,5662064.0,1861.719849,1.2724886234171906,1.1469695861408387,5
ETVZ:seis_pick_2/inf_pick_1 | NGZ:seis_pick_1/inf_pick_2 | NOVZ:seis_pick_2/inf_pick_1 | OTVZ:seis_pick_2/inf_pick_1 | SNVZ:seis_pick_2/inf_pick_2,S2I1S1I2S2I1S2I1S2I2,2500.0,2.5,1828328.0,5662256.0,1832.388062,1.2726158505610161,-0.5457481827563624,5
ETVZ:seis_pick_2/inf_pick_2 | NGZ:seis_pick_2/inf_pick_1 | NOVZ:seis_pick_1/inf_pick_2 | OTVZ:seis_pick_2/inf_pick_1 | SNVZ:seis_pick_1/inf_pick_1,S2I2S2I1S1I2S2I1S1I1,3000.0,3.0,1828424.0,5661584.0,1603.305054,1.2732993025141812,-0.2259905031993698,5
ETVZ:seis_pick_1/inf_pick_2 | NGZ:seis_pick_2/inf_pick_1 | NOVZ:seis_pick_2/inf_pick_1 | OTVZ:seis_pick_1/inf_pick_1 | SNVZ:seis_pick_2/inf_pick_1,S1I2S2I1S2I1S1I1S2I1,3300.0,3.3,1828040.0,5661776.0,1817.950928,1.2736787053150904,-0.6062791322416761,5
ETVZ:seis_pick_1/inf_pick_2 | NGZ:seis_pick_2/inf_pick_1 | NOVZ:seis_pick_1/inf_pick_1 | OTVZ:seis_pick_2/inf_pick_2 | SNVZ:seis_pick_1/inf_pick_2,S1I2S2I1S1I1S2I2S1I2,3300.0,3.3,1828040.0,5662256.0,2015.394897,1.2737542465752711,0.2104374034726785,5
ETVZ:seis_pick_1/inf_pick_2 | NGZ:seis_pick_2/inf_pick_2 | NOVZ:seis_pick_2/inf_pick_2 | OTVZ:seis_pick_2/inf_pick_2 | SNVZ:seis_pick_2/inf_pick_2,S1I2S2I2S2I2S2I2S2I2,3300.0,3.3,1827848.0,5661968.0,1976.512817,1.2738475067400077,-0.19281547627518555,5
ETVZ:seis_pick_2/inf_pick_2 | NGZ:seis_pick_1/inf_pick_1 | NOVZ:seis_pick_2/inf_pick_1 | OTVZ:seis_pick_1/inf_pick_1 | SNVZ:seis_pick_2/inf_pick_2,S2I2S1I1S2I1S1I1S2I2,2500.0,2.5,1828232.0,5662256.0,1871.278687,1.2741808330913476,0.36149839199967476,5
ETVZ:seis_pick_1/inf_pick_2 | NGZ:seis_pick_1/inf_pick_1 | NOVZ:seis_pick_1/inf_pick_2 | OTVZ:seis_pick_1/inf_pick_1 | SNVZ:seis_pick_2/inf_pick_2,S1I2S1I1S1I2S1I1S2I2,2500.0,2.5,1828328.0,5661872.0,1752.691528,1.274962745125013,0.9574676036733283,5
ETVZ:seis_pick_2/inf_pick_1 | NGZ:seis_pick_1/inf_pick_2 | NOVZ:seis_pick_2/inf_pick_2 | OTVZ:seis_pick_2/inf_pick_1 | SNVZ:seis_pick_2/inf_pick_2,S2I1S1I2S2I2S2I1S2I2,2500.0,2.5,1828424.0,5662064.0,1744.648804,1.2750523347370954,-0.24299403466309624,5
ETVZ:seis_pick_2/inf_pick_2 | NGZ:seis_pick_2/inf_pick_2 | NOVZ:seis_pick_2/inf_pick_2 | OTVZ:seis_pick_2/inf_pick_1 | SNVZ:seis_pick_2/inf_pick_1,S2I2S2I2S2I2S2I1S2I1,3000.0,3.0,1828136.0,5661584.0,1680.270508,1.275780551491821,-0.9297379086332243,5
ETVZ:seis_pick_1/inf_pick_1 | NGZ:seis_pick_2/inf_pick_2 | NOVZ:seis_pick_1/inf_pick_1 | OTVZ:seis_pick_2/inf_pick_2 | SNVZ:seis_pick_1/inf_pick_2,S1I1S2I2S1I1S2I2S1I2,2500.0,2.5,1828040.0,5662256.0,2015.394897,1.2759393314381762,-0.05645134184888505,5
ETVZ:seis_pick_2/inf_pick_1 | NGZ:seis_pick_1/inf_pick_1 | NOVZ:seis_pick_1/inf_pick_1 | OTVZ:seis_pick_2/inf_pick_1 | SNVZ:seis_pick_1/inf_pick_2,S2I1S1I1S1I1S2I1S1I2,2500.0,2.5,1828616.0,5662352.0,1694.849243,1.2762691746100583,0.13528791976863347,5
ETVZ:seis_pick_2/inf_pick_2 | NGZ:seis_pick_1/inf_pick_1 | NOVZ:seis_pick_2/inf_pick_1 | OTVZ:seis_pick_1/inf_pick_1 | SNVZ:seis_pick_1/inf_pick_2,S2I2S1I1S2I1S1I1S1I2,3000.0,3.0,1828232.0,5662448.0,1918.638916,1.276752139011506,0.20156352037035816,5
ETVZ:seis_pick_1/inf_pick_2 | NGZ:seis_pick_1/inf_pick_1 | NOVZ:seis_pick_1/inf_pick_1 | OTVZ:seis_pick_1/inf_pick_1 | SNVZ:seis_pick_1/inf_pick_1,S1I2S1I1S1I1S1I1S1I1,3000.0,3.0,1828232.0,5661872.0,1779.748779,1.2790548417519159,0.06182840985796574,5
ETVZ:seis_pick_2/inf_pick_2 | NGZ:seis_pick_1/inf_pick_2 | NOVZ:seis_pick_1/inf_pick_2 | OTVZ:seis_pick_2/inf_pick_2 | SNVZ:seis_pick_1/inf_pick_2,S2I2S1I2S1I2S2I2S1I2,3000.0,3.0,1828136.0,5662064.0,1926.312866,1.2791323122591747,0.38952445883658876,5
ETVZ:seis_pick_1/inf_pick_2 | NGZ:seis_pick_1/inf_pick_1 | NOVZ:seis_pick_2/inf_pick_1 | OTVZ:seis_pick_2/inf_pick_2 | SNVZ:seis_pick_1/inf_pick_1,S1I2S1I1S2I1S2I2S1I1,3300.0,3.3,1828040.0,5661968.0,1927.026855,1.2792825881615875,-0.21684089051253325,5
ETVZ:seis_pick_1/inf_pick_2 | NGZ:seis_pick_2/inf_pick_1 | NOVZ:seis_pick_1/inf_pick_1 | OTVZ:seis_pick_1/inf_pick_1 | SNVZ:seis_pick_2/inf_pick_1,S1I2S2I1S1I1S1I1S2I1,2500.0,2.5,1828040.0,5661584.0,1704.531738,1.2796264498097185,-0.05709048513897397,5
ETVZ:seis_pick_2/inf_pick_2 | NGZ:seis_pick_2/inf_pick_2 | NOVZ:seis_pick_1/inf_pick_1 | OTVZ:seis_pick_1/inf_pick_1 | SNVZ:seis_pick_2/inf_pick_2,S2I2S2I2S1I1S1I1S2I2,3000.0,3.0,1827944.0,5662064.0,2013.466919,1.2811287535689344,-0.3565882173644043,5
ETVZ:seis_pick_2/inf_pick_2 | NGZ:seis_pick_2/inf_pick_2 | NOVZ:seis_pick_1/inf_pick_2 | OTVZ:seis_pick_2/inf_pick_2 | SNVZ:seis_pick_2/inf_pick_2,S2I2S2I2S1I2S2I2S2I2,2500.0,2.5,1827944.0,5661872.0,1879.445679,1.2829359967442915,0.2855798245893643,5
ETVZ:seis_pick_1/inf_pick_2 | NGZ:seis_pick_1/inf_pick_1 | NOVZ:seis_pick_1/inf_pick_2 | OTVZ:seis_pick_1/inf_pick_1 | SNVZ:seis_pick_1/inf_pick_2,S1I2S1I1S1I2S1I1S1I2,3300.0,3.3,1828328.0,5662064.0,1806.550293,1.2832040328577832,0.7151529386444132,5
ETVZ:seis_pick_1/inf_pick_2 | NGZ:seis_pick_1/inf_pick_1 | NOVZ:seis_pick_2/inf_pick_2 | OTVZ:seis_pick_1/inf_pick_1 | SNVZ:seis_pick_1/inf_pick_1,S1I2S1I1S2I2S1I1S1I1,2500.0,2.5,1828232.0,5661680.0,1707.919678,1.2835792963279344,0.44043400021486967,5
ETVZ:seis_pick_1/inf_pick_1 | NGZ:seis_pick_2/inf_pick_2 | NOVZ:seis_pick_2/inf_pick_2 | OTVZ:seis_pick_2/inf_pick_2 | SNVZ:seis_pick_1/inf_pick_2,S1I1S2I2S2I2S2I2S1I2,3000.0,3.0,1828040.0,5662160.0,2012.584229,1.2836361698124465,-0.21329193746988562,5
ETVZ:seis_pick_1/inf_pick_2 | NGZ:seis_pick_1/inf_pick_2 | NOVZ:seis_pick_1/inf_pick_1 | OTVZ:seis_pick_2/inf_pick_2 | SNVZ:seis_pick_2/inf_pick_2,S1I2S1I2S1I1S2I2S2I2,2500.0,2.5,1827944.0,5662064.0,2013.466919,1.2840020295660932,0.2925084970565601,5
ETVZ:seis_pick_1/inf_pick_1 | NGZ:seis_pick_1/inf_pick_1 | NOVZ:seis_pick_1/inf_pick_2 | OTVZ:seis_pick_2/inf_pick_1 | SNVZ:seis_pick_1/inf_pick_2,S1I1S1I1S1I2S2I1S1I2,3300.0,3.3,1828616.0,5662160.0,1662.350708,1.2840628516396955,0.1538006081654979,5
ETVZ:seis_pick_2/inf_pick_1 | NGZ:seis_pick_2/inf_pick_1 | NOVZ:seis_pick_1/inf_pick_1 | OTVZ:seis_pick_2/inf_pick_1 | SNVZ:seis_pick_1/inf_pick_2,S2I1S2I1S1I1S2I1S1I2,3300.0,3.3,1828520.0,5662352.0,1747.839355,1.284078280300551,-0.4540238572031404,5
ETVZ:seis_pick_2/inf_pick_2 | NGZ:seis_pick_1/inf_pick_1 | NOVZ:seis_pick_1/inf_pick_2 | OTVZ:seis_pick_2/inf_pick_1 | SNVZ:seis_pick_2/inf_pick_1,S2I2S1I1S1I2S2I1S2I1,3000.0,3.0,1828520.0,5661488.0,1549.203247,1.2841190758262517,-0.22209783969901425,5
ETVZ:seis_pick_2/inf_pick_2 | NGZ:seis_pick_2/inf_pick_1 | NOVZ:seis_pick_2/inf_pick_2 | OTVZ:seis_pick_2/inf_pick_1 | SNVZ:seis_pick_1/inf_pick_1,S2I2S2I1S2I2S2I1S1I1,3300.0,3.3,1828328.0,5661776.0,1708.478394,1.2857243398393428,-0.507493284479289,5
ETVZ:seis_pick_1/inf_pick_2 | NGZ:seis_pick_1/inf_pick_2 | NOVZ:seis_pick_2/inf_pick_2 | OTVZ:seis_pick_1/inf_pick_1 | SNVZ:seis_pick_2/inf_pick_2,S1I2S1I2S2I2S1I1S2I2,3300.0,3.3,1828040.0,5661968.0,1927.026855,1.2861582088841237,-0.012886766588881216,5
ETVZ:seis_pick_2/inf_pick_1 | NGZ:seis_pick_2/inf_pick_1 | NOVZ:seis_pick_2/inf_pick_2 | OTVZ:seis_pick_2/inf_pick_1 | SNVZ:seis_pick_1/inf_pick_2,S2I1S2I1S2I2S2I1S1I2,3300.0,3.3,1828520.0,5662256.0,1733.170288,1.2864840642962434,-0.3315249112348374,5
ETVZ:seis_pick_1/inf_pick_2 | NGZ:seis_pick_2/inf_pick_1 | NOVZ:seis_pick_1/inf_pick_2 | OTVZ:seis_pick_2/inf_pick_2 | SNVZ:seis_pick_1/inf_pick_2,S1I2S2I1S1I2S2I2S1I2,3000.0,3.0,1828136.0,5662064.0,1926.312866,1.286655285301915,0.6570862678049277,5
ETVZ:seis_pick_1/inf_pick_1 | NGZ:seis_pick_2/inf_pick_2 | NOVZ:seis_pick_2/inf_pick_1 | OTVZ:seis_pick_1/inf_pick_1 | SNVZ:seis_pick_1/inf_pick_2,S1I1S2I2S2I1S1I1S1I2,3000.0,3.0,1827944.0,5662352.0,2080.786133,1.2873336045201267,-0.6171255545849273,5
ETVZ:seis_pick_2/inf_pick_2 | NGZ:seis_pick_1/inf_pick_1 | NOVZ:seis_pick_2/inf_pick_1 | OTVZ:seis_pick_1/inf_pick_1 | SNVZ:seis_pick_1/inf_pick_1,S2I2S1I1S2I1S1I1S1I1,2500.0,2.5,1828136.0,5661968.0,1868.978394,1.287387177778357,0.0182839430296454,5
ETVZ:seis_pick_2/inf_pick_2 | NGZ:seis_pick_1/inf_pick_1 | NOVZ:seis_pick_1/inf_pick_2 | OTVZ:seis_pick_2/inf_pick_1 | SNVZ:seis_pick_1/inf_pick_1,S2I2S1I1S1I2S2I1S1I1,3000.0,3.0,1828520.0,5661680.0,1602.574463,1.2883030940069153,-0.028844374953112782,5
ETVZ:seis_pick_1/inf_pick_2 | NGZ:seis_pick_1/inf_pick_2 | NOVZ:seis_pick_2/inf_pick_1 | OTVZ:seis_pick_1/inf_pick_1 | SNVZ:seis_pick_1/inf_pick_1,S1I2S1I2S2I1S1I1S1I1,2500.0,2.5,1827944.0,5661872.0,1879.445679,1.2883364570915472,-0.2284314651237418,5
ETVZ:seis_pick_1/inf_pick_1 | NGZ:seis_pick_1/inf_pick_1 | NOVZ:seis_pick_2/inf_pick_1 | OTVZ:seis_pick_2/inf_pick_1 | SNVZ:seis_pick_1/inf_pick_1,S1I1S1I1S2I1S2I1S1I1,2500.0,2.5,1828424.0,5661968.0,1733.215942,1.2883804244401322,-0.3836842942225521,5
ETVZ:seis_pick_1/inf_pick_2 | NGZ:seis_pick_1/inf_pick_2 | NOVZ:seis_pick_1/inf_pick_2 | OTVZ:seis_pick_1/inf_pick_1 | SNVZ:seis_pick_2/inf_pick_2,S1I2S1I2S1I2S1I1S2I2,3300.0,3.3,1828136.0,5661872.0,1836.069458,1.2893401883546527,0.18481965093312064,5
ETVZ:seis_pick_2/inf_pick_2 | NGZ:seis_pick_1/inf_pick_1 | NOVZ:seis_pick_1/inf_pick_1 | OTVZ:seis_pick_1/inf_pick_1 | SNVZ:seis_pick_1/inf_pick_2,S2I2S1I1S1I1S1I1S1I2,2500.0,2.5,1828232.0,5662256.0,1871.278687,1.2918681631690367,0.6798994946874759,5
ETVZ:seis_pick_2/inf_pick_2 | NGZ:seis_pick_1/inf_pick_2 | NOVZ:seis_pick_2/inf_pick_2 | OTVZ:seis_pick_2/inf_pick_1 | SNVZ:seis_pick_1/inf_pick_1,S2I2S1I2S2I2S2I1S1I1,3300.0,3.3,1828232.0,5661680.0,1707.919678,1.292502090177939,-0.6691139227410563,5
ETVZ:seis_pick_1/inf_pick_2 | NGZ:seis_pick_1/inf_pick_2 | NOVZ:seis_pick_2/inf_pick_1 | OTVZ:seis_pick_1/inf_pick_1 | SNVZ:seis_pick_2/inf_pick_1,S1I2S1I2S2I1S1I1S2I1,2500.0,2.5,1827944.0,5661680.0,1773.920288,1.2930815894051133,-0.37539340122704684,5
ETVZ:seis_pick_1/inf_pick_2 | NGZ:seis_pick_1/inf_pick_1 | NOVZ:seis_pick_2/inf_pick_1 | OTVZ:seis_pick_1/inf_pick_2 | SNVZ:seis_pick_2/inf_pick_1,S1I2S1I1S2I1S1I2S2I1,2500.0,2.5,1827944.0,5661776.0,1826.723999,1.2932624429638253,0.28553947323996826,5
ETVZ:seis_pick_2/inf_pick_1 | NGZ:seis_pick_2/inf_pick_1 | NOVZ:seis_pick_2/inf_pick_1 | OTVZ:seis_pick_2/inf_pick_1 | SNVZ:seis_pick_1/inf_pick_2,S2I1S2I1S2I1S2I1S1I2,3300.0,3.3,1828424.0,5662448.0,1810.776733,1.2933344442538934,-0.6487235166563734,5
ETVZ:seis_pick_2/inf_pick_2 | NGZ:seis_pick_2/inf_pick_1 | NOVZ:seis_pick_2/inf_pick_2 | OTVZ:seis_pick_2/inf_pick_1 | SNVZ:seis_pick_2/inf_pick_1,S2I2S2I1S2I2S2I1S2I1,3000.0,3.0,1828328.0,5661584.0,1637.31189,1.293724590035976,-0.5609879292002715,5
ETVZ:seis_pick_2/inf_pick_2 | NGZ:seis_pick_2/inf_pick_2 | NOVZ:seis_pick_1/inf_pick_1 | OTVZ:seis_pick_2/inf_pick_1 | SNVZ:seis_pick_2/inf_pick_1,S2I2S2I2S1I1S2I1S2I1,3000.0,3.0,1828136.0,5661584.0,1680.270508,1.2951153982786565,-1.0207096522583086,5
ETVZ:seis_pick_1/inf_pick_2 | NGZ:seis_pick_2/inf_pick_2 | NOVZ:seis_pick_2/inf_pick_1 | OTVZ:seis_pick_2/inf_pick_2 | SNVZ:seis_pick_2/inf_pick_2,S1I2S2I2S2I1S2I2S2I2,3000.0,3.0,1827752.0,5662160.0,2131.72583,1.2951706343649136,-0.4257303716979857,5
ETVZ:seis_pick_1/inf_pick_2 | NGZ:seis_pick_2/inf_pick_1 | NOVZ:seis_pick_1/inf_pick_1 | OTVZ:seis_pick_1/inf_pick_1 | SNVZ:seis_pick_2/inf_pick_2,S1I2S2I1S1I1S1I1S2I2,3000.0,3.0,1828040.0,5662064.0,1956.737061,1.2957118490020505,0.13980444679927578,5
ETVZ:seis_pick_2/inf_pick_2 | NGZ:seis_pick_2/inf_pick_2 | NOVZ:seis_pick_2/inf_pick_2 | OTVZ:seis_pick_1/inf_pick_1 | SNVZ:seis_pick_2/inf_pick_2,S2I2S2I2S2I2S1I1S2I2,3000.0,3.0,1827944.0,5661968.0,1945.640259,1.2961627279864378,-0.22626073828065074,5
ETVZ:seis_pick_1/inf_pick_2 | NGZ:seis_pick_2/inf_pick_1 | NOVZ:seis_pick_2/inf_pick_2 | OTVZ:seis_pick_2/inf_pick_2 | SNVZ:seis_pick_1/inf_pick_2,S1I2S2I1S2I2S2I2S1I2,3000.0,3.0,1828040.0,5662160.0,2012.584229,1.2962469784663762,0.44813331428669956,5
ETVZ:seis_pick_1/inf_pick_1 | NGZ:seis_pick_1/inf_pick_1 | NOVZ:seis_pick_2/inf_pick_1 | OTVZ:seis_pick_2/inf_pick_1 | SNVZ:seis_pick_2/inf_pick_2,S1I1S1I1S2I1S2I1S2I2,3000.0,3.0,1828424.0,5662352.0,1806.060791,1.2964070921337054,-0.37139660924291035,5
ETVZ:seis_pick_1/inf_pick_2 | NGZ:seis_pick_2/inf_pick_2 | NOVZ:seis_pick_1/inf_pick_1 | OTVZ:seis_pick_2/inf_pick_2 | SNVZ:seis_pick_2/inf_pick_2,S1I2S2I2S1I1S2I2S2I2,3000.0,3.0,1827848.0,5662064.0,2029.3927,1.2967935222717937,-0.1951975053315463,5
ETVZ:seis_pick_2/inf_pick_1 | NGZ:seis_pick_2/inf_pick_2 | NOVZ:seis_pick_1/inf_pick_1 | OTVZ:seis_pick_1/inf_pick_1 | SNVZ:seis_pick_1/inf_pick_2,S2I1S2I2S1I1S1I1S1I2,2500.0,2.5,1828136.0,5662256.0,1932.221924,1.2969354306710061,-0.20133223064790134,5
ETVZ:seis_pick_1/inf_pick_2 | NGZ:seis_pick_1/inf_pick_2 | NOVZ:seis_pick_1/inf_pick_1 | OTVZ:seis_pick_1/inf_pick_1 | SNVZ:seis_pick_2/inf_pick_2,S1I2S1I2S1I1S1I1S2I2,3300.0,3.3,1827944.0,5662064.0,2013.466919,1.2969728737714097,-0.17611442007451536,5
ETVZ:seis_pick_1/inf_pick_1 | NGZ:seis_pick_1/inf_pick_1 | NOVZ:seis_pick_1/inf_pick_1 | OTVZ:seis_pick_2/inf_pick_1 | SNVZ:seis_pick_2/inf_pick_2,S1I1S1I1S1I1S2I1S2I2,2500.0,2.5,1828520.0,5662160.0,1702.077515,1.298942809245831,0.11626664443222393,5
ETVZ:seis_pick_1/inf_pick_2 | NGZ:seis_pick_1/inf_pick_1 | NOVZ:seis_pick_1/inf_pick_1 | OTVZ:seis_pick_1/inf_pick_1 | SNVZ:seis_pick_2/inf_pick_2,S1I2S1I1S1I1S1I1S2I2,3000.0,3.0,1828232.0,5662160.0,1873.492554,1.2995564397598895,0.3729522385971684,5
ETVZ:seis_pick_2/inf_pick_2 | NGZ:seis_pick_1/inf_pick_1 | NOVZ:seis_pick_2/inf_pick_1 | OTVZ:seis_pick_1/inf_pick_1 | SNVZ:seis_pick_2/inf_pick_1,S2I2S1I1S2I1S1I1S2I1,3000.0,3.0,1828136.0,5661872.0,1836.069458,1.3001420827617842,-0.4122312517201053,5
ETVZ:seis_pick_2/inf_pick_2 | NGZ:seis_pick_2/inf_pick_1 | NOVZ:seis_pick_2/inf_pick_1 | OTVZ:seis_pick_1/inf_pick_1 | SNVZ:seis_pick_1/inf_pick_2,S2I2S2I1S2I1S1I1S1I2,3000.0,3.0,1828040.0,5662352.0,2016.082642,1.3009287594225634,-0.025638374419422582,5
ETVZ:seis_pick_2/inf_pick_2 | NGZ:seis_pick_1/inf_pick_2 | NOVZ:seis_pick_1/inf_pick_2 | OTVZ:seis_pick_2/inf_pick_1 | SNVZ:seis_pick_1/inf_pick_1,S2I2S1I2S1I2S2I1S1I1,3000.0,3.0,1828328.0,5661584.0,1637.31189,1.3010089732659886,-0.3885055310602324,5
ETVZ:seis_pick_2/inf_pick_1 | NGZ:seis_pick_1/inf_pick_2 | NOVZ:seis_pick_1/inf_pick_2 | OTVZ:seis_pick_2/inf_pick_1 | SNVZ:seis_pick_2/inf_pick_2,S2I1S1I2S1I2S2I1S2I2,2500.0,2.5,1828520.0,5661968.0,1675.416504,1.3011963802414226,-0.06894980370041068,5
ETVZ:seis_pick_1/inf_pick_2 | NGZ:seis_pick_1/inf_pick_1 | NOVZ:seis_pick_2/inf_pick_1 | OTVZ:seis_pick_2/inf_pick_2 | SNVZ:seis_pick_1/inf_pick_2,S1I2S1I1S2I1S2I2S1I2,3300.0,3.3,1828040.0,5662448.0,2043.867798,1.30149025984776,0.1871993546785104,5
ETVZ:seis_pick_2/inf_pick_2 | NGZ:seis_pick_2/inf_pick_2 | NOVZ:seis_pick_2/inf_pick_1 | OTVZ:seis_pick_2/inf_pick_1 | SNVZ:seis_pick_2/inf_pick_1,S2I2S2I2S2I1S2I1S2I1,3300.0,3.3,1828040.0,5661680.0,1747.83252,1.3017243436230028,-1.3105109244080793,5
ETVZ:seis_pick_1/inf_pick_2 | NGZ:seis_pick_2/inf_pick_2 | NOVZ:seis_pick_2/inf_pick_2 | OTVZ:seis_pick_2/inf_pick_2 | SNVZ:seis_pick_2/inf_pick_2,S1I2S2I2S2I2S2I2S2I2,3000.0,3.0,1827848.0,5661968.0,1976.512817,1.3018688221108687,-0.0696982756202937,5
ETVZ:seis_pick_2/inf_pick_2 | NGZ:seis_pick_1/inf_pick_1 | NOVZ:seis_pick_2/inf_pick_1 | OTVZ:seis_pick_2/inf_pick_2 | SNVZ:seis_pick_2/inf_pick_1,S2I2S1I1S2I1S2I2S2I1,2500.0,2.5,1828136.0,5661776.0,1782.875366,1.302937438013422,-0.05126664294622731,5
ETVZ:seis_pick_1/inf_pick_1 | NGZ:seis_pick_2/inf_pick_1 | NOVZ:seis_pick_2/inf_pick_1 | OTVZ:seis_pick_2/inf_pick_1 | SNVZ:seis_pick_2/inf_pick_2,S1I1S2I1S2I1S2I1S2I2,3000.0,3.0,1828328.0,5662256.0,1832.388062,1.3033502752020238,-0.5464392030047763,5
ETVZ:seis_pick_2/inf_pick_2 | NGZ:seis_pick_1/inf_pick_2 | NOVZ:seis_pick_1/inf_pick_1 | OTVZ:seis_pick_2/inf_pick_2 | SNVZ:seis_pick_1/inf_pick_2,S2I2S1I2S1I1S2I2S1I2,2500.0,2.5,1828040.0,5662256.0,2015.394897,1.303565102959195,0.3374121009393612,5
ETVZ:seis_pick_2/inf_pick_1 | NGZ:seis_pick_2/inf_pick_1 | NOVZ:seis_pick_1/inf_pick_2 | OTVZ:seis_pick_2/inf_pick_1 | SNVZ:seis_pick_1/inf_pick_2,S2I1S2I1S1I2S2I1S1I2,3300.0,3.3,1828616.0,5662160.0,1662.350708,1.304325342946172,-0.14978598350525144,5
ETVZ:seis_pick_2/inf_pick_2 | NGZ:seis_pick_1/inf_pick_2 | NOVZ:seis_pick_2/inf_pick_1 | OTVZ:seis_pick_2/inf_pick_2 | SNVZ:seis_pick_1/inf_pick_2,S2I2S1I2S2I1S2I2S1I2,2500.0,2.5,1827944.0,5662352.0,2080.786133,1.304392611617635,0.1246058869225756,5
ETVZ:seis_pick_2/inf_pick_1 | NGZ:seis_pick_2/inf_pick_2 | NOVZ:seis_pick_2/inf_pick_2 | OTVZ:seis_pick_1/inf_pick_1 | SNVZ:seis_pick_1/inf_pick_2,S2I1S2I2S2I2S1I1S1I2,3300.0,3.3,1828136.0,5662256.0,1932.221924,1.3049044259745284,-0.5029746475942032,5
ETVZ:seis_pick_2/inf_pick_2 | NGZ:seis_pick_1/inf_pick_2 | NOVZ:seis_pick_1/inf_pick_1 | OTVZ:seis_pick_2/inf_pick_1 | SNVZ:seis_pick_2/inf_pick_1,S2I2S1I2S1I1S2I1S2I1,3000.0,3.0,1828232.0,5661584.0,1658.624878,1.3057129815948998,-0.8165995820079127,5
ETVZ:seis_pick_1/inf_pick_2 | NGZ:seis_pick_2/inf_pick_1 | NOVZ:seis_pick_1/inf_pick_1 | OTVZ:seis_pick_2/inf_pick_2 | SNVZ:seis_pick_1/inf_pick_2,S1I2S2I1S1I1S2I2S1I2,3000.0,3.0,1828040.0,5662256.0,2015.394897,1.3062186041378607,0.3337300617336226,5
ETVZ:seis_pick_1/inf_pick_2 | NGZ:seis_pick_1/inf_pick_1 | NOVZ:seis_pick_1/inf_pick_1 | OTVZ:seis_pick_1/inf_pick_1 | SNVZ:seis_pick_2/inf_pick_1,S1I2S1I1S1I1S1I1S2I1,3300.0,3.3,1828232.0,5661680.0,1707.919678,1.3064835438602467,-0.21960862652254215,5
ETVZ:seis_pick_2/inf_pick_2 | NGZ:seis_pick_1/inf_pick_2 | NOVZ:seis_pick_2/inf_pick_2 | OTVZ:seis_pick_2/inf_pick_2 | SNVZ:seis_pick_1/inf_pick_2,S2I2S1I2S2I2S2I2S1I2,2500.0,2.5,1828040.0,5662160.0,2012.584229,1.3073084560109396,0.4512282474172727,5
ETVZ:seis_pick_1/inf_pick_2 | NGZ:seis_pick_2/inf_pick_1 | NOVZ:seis_pick_2/inf_pick_1 | OTVZ:seis_pick_2/inf_pick_2 | SNVZ:seis_pick_1/inf_pick_2,S1I2S2I1S2I1S2I2S1I2,3300.0,3.3,1827944.0,5662352.0,2080.786133,1.3073351246027092,-0.005222883900992237,5
ETVZ:seis_pick_1/inf_pick_1 | NGZ:seis_pick_1/inf_pick_1 | NOVZ:seis_pick_2/inf_pick_2 | OTVZ:seis_pick_2/inf_pick_1 | SNVZ:seis_pick_1/inf_pick_2,S1I1S1I1S2I2S2I1S1I2,3300.0,3.3,1828616.0,5662256.0,1674.459961,1.307408222847426,-0.008726145601969293,5
ETVZ:seis_pick_2/inf_pick_2 | NGZ:seis_pick_1/inf_pick_2 | NOVZ:seis_pick_1/inf_pick_2 | OTVZ:seis_pick_2/inf_pick_1 | SNVZ:seis_pick_2/inf_pick_1,S2I2S1I2S1I2S2I1S2I1,2500.0,2.5,1828328.0,5661392.0,1562.750488,1.307853231140846,-0.3191119182994896,5
ETVZ:seis_pick_1/inf_pick_2 | NGZ:seis_pick_2/inf_pick_2 | NOVZ:seis_pick_1/inf_pick_2 | OTVZ:seis_pick_2/inf_pick_2 | SNVZ:seis_pick_2/inf_pick_2,S1I2S2I2S1I2S2I2S2I2,3300.0,3.3,1827944.0,5661872.0,1879.445679,1.3083000868029455,0.015849898134423057,5
ETVZ:seis_pick_1/inf_pick_2 | NGZ:seis_pick_2/inf_pick_1 | NOVZ:seis_pick_2/inf_pick_1 | OTVZ:seis_pick_1/inf_pick_1 | SNVZ:seis_pick_2/inf_pick_1,S1I2S2I1S2I1S1I1S2I1,3000.0,3.0,1828040.0,5661776.0,1817.950928,1.3096998336559496,-0.48453304218740134,5
ETVZ:seis_pick_2/inf_pick_1 | NGZ:seis_pick_2/inf_pick_1 | NOVZ:seis_pick_1/inf_pick_1 | OTVZ:seis_pick_2/inf_pick_1 | SNVZ:seis_pick_1/inf_pick_2,S2I1S2I1S1I1S2I1S1I2,3000.0,3.0,1828520.0,5662352.0,1747.839355,1.3101227434937965,-0.3322888383433025,5
ETVZ:seis_pick_1/inf_pick_2 | NGZ:seis_pick_2/inf_pick_1 | NOVZ:seis_pick_2/inf_pick_1 | OTVZ:seis_pick_2/inf_pick_2 | SNVZ:seis_pick_2/inf_pick_1,S1I2S2I1S2I1S2I2S2I1,2500.0,2.5,1827944.0,5661776.0,1826.723999,1.3103045185506963,-0.16931924488546296,5
ETVZ:seis_pick_2/inf_pick_1 | NGZ:seis_pick_2/inf_pick_1 | NOVZ:seis_pick_2/inf_pick_2 | OTVZ:seis_pick_2/inf_pick_1 | SNVZ:seis_pick_1/inf_pick_2,S2I1S2I1S2I2S2I1S1I2,3000.0,3.0,1828520.0,5662256.0,1733.170288,1.3104509947575513,-0.2101449188612648,5
ETVZ:seis_pick_1/inf_pick_1 | NGZ:seis_pick_1/inf_pick_2 | NOVZ:seis_pick_1/inf_pick_1 | OTVZ:seis_pick_2/inf_pick_1 | SNVZ:seis_pick_2/inf_pick_2,S1I1S1I2S1I1S2I1S2I2,3300.0,3.3,1828328.0,5662160.0,1795.425903,1.3108591416305106,-0.6448785966836612,5
ETVZ:seis_pick_1/inf_pick_1 | NGZ:seis_pick_2/inf_pick_1 | NOVZ:seis_pick_1/inf_pick_2 | OTVZ:seis_pick_2/inf_pick_1 | SNVZ:seis_pick_2/inf_pick_2,S1I1S2I1S1I2S2I1S2I2,2500.0,2.5,1828520.0,5661968.0,1675.416504,1.3120903412962694,0.19861200526792827,5
ETVZ:seis_pick_2/inf_pick_2 | NGZ:seis_pick_2/inf_pick_1 | NOVZ:seis_pick_1/inf_pick_1 | OTVZ:seis_pick_2/inf_pick_1 | SNVZ:seis_pick_2/inf_pick_1,S2I2S2I1S1I1S2I1S2I1,3300.0,3.3,1828328.0,5661680.0,1673.186646,1.3121852352607313,-0.7737553830642145,5
ETVZ:seis_pick_1/inf_pick_2 | NGZ:seis_pick_2/inf_pick_1 | NOVZ:seis_pick_2/inf_pick_1 | OTVZ:seis_pick_2/inf_pick_2 | SNVZ:seis_pick_2/inf_pick_2,S1I2S2I1S2I1S2I2S2I2,2500.0,2.5,1827944.0,5662160.0,2062.442139,1.3124667291044883,0.264696390196449,5
ETVZ:seis_pick_1/inf_pick_2 | NGZ:seis_pick_2/inf_pick_1 | NOVZ:seis_pick_2/inf_pick_1 | OTVZ:seis_pick_1/inf_pick_1 | SNVZ:seis_pick_2/inf_pick_2,S1I2S2I1S2I1S1I1S2I2,3300.0,3.3,1828040.0,5662256.0,2015.394897,1.3125870125649783,-0.18262567432744242,5
ETVZ:seis_pick_1/inf_pick_2 | NGZ:seis_pick_1/inf_pick_1 | NOVZ:seis_pick_2/inf_pick_2 | OTVZ:seis_pick_2/inf_pick_2 | SNVZ:seis_pick_1/inf_pick_2,S1I2S1I1S2I2S2I2S1I2,2500.0,2.5,1828232.0,5662160.0,1873.492554,1.312663579111138,0.9889197813739807,5
ETVZ:seis_pick_1/inf_pick_2 | NGZ:seis_pick_1/inf_pick_1 | NOVZ:seis_pick_2/inf_pick_1 | OTVZ:seis_pick_2/inf_pick_2 | SNVZ:seis_pick_1/inf_pick_1,S1I2S1I1S2I1S2I2S1I1,3000.0,3.0,1828040.0,5661968.0,1927.026855,1.3128521258573733,-0.09454176686307605,5
ETVZ:seis_pick_2/inf_pick_1 | NGZ:seis_pick_2/inf_pick_2 | NOVZ:seis_pick_2/inf_pick_1 | OTVZ:seis_pick_2/inf_pick_1 | SNVZ:seis_pick_2/inf_pick_2,S2I1S2I2S2I1S2I1S2I2,3300.0,3.3,1828232.0,5662256.0,1871.278687,1.31290466837556,-1.1459843393173497,5
ETVZ:seis_pick_1/inf_pick_1 | NGZ:seis_pick_2/inf_pick_2 | NOVZ:seis_pick_2/inf_pick_2 | OTVZ:seis_pick_2/inf_pick_2 | SNVZ:seis_pick_1/inf_pick_2,S1I1S2I2S2I2S2I2S1I2,2500.0,2.5,1828040.0,5662160.0,2012.584229,1.3132396800855346,0.05736480462902645,5
ETVZ:seis_pick_1/inf_pick_1 | NGZ:seis_pick_2/inf_pick_2 | NOVZ:seis_pick_1/inf_pick_1 | OTVZ:seis_pick_1/inf_pick_1 | SNVZ:seis_pick_1/inf_pick_2,S1I1S2I2S1I1S1I1S1I2,3300.0,3.3,1828040.0,5662256.0,2015.394897,1.3135179264807149,-0.5256498233962266,5
ETVZ:seis_pick_1/inf_pick_1 | NGZ:seis_pick_1/inf_pick_1 | NOVZ:seis_pick_1/inf_pick_2 | OTVZ:seis_pick_2/inf_pick_1 | SNVZ:seis_pick_1/inf_pick_2,S1I1S1I1S1I2S2I1S1I2,3000.0,3.0,1828616.0,5662160.0,1662.350708,1.3135621429104323,0.27467068960496716,5
ETVZ:seis_pick_2/inf_pick_2 | NGZ:seis_pick_2/inf_pick_2 | NOVZ:seis_pick_1/inf_pick_2 | OTVZ:seis_pick_1/inf_pick_1 | SNVZ:seis_pick_2/inf_pick_2,S2I2S2I2S1I2S1I1S2I2,3300.0,3.3,1828040.0,5661872.0,1862.954834,1.314293896889636,-0.1494587932478341,5
ETVZ:seis_pick_2/inf_pick_2 | NGZ:seis_pick_2/inf_pick_1 | NOVZ:seis_pick_1/inf_pick_2 | OTVZ:seis_pick_2/inf_pick_1 | SNVZ:seis_pick_2/inf_pick_1,S2I2S2I1S1I2S2I1S2I1,2500.0,2.5,1828424.0,5661392.0,1546.132324,1.3145618428830745,-0.16128978582207837,5
ETVZ:seis_pick_1/inf_pick_2 | NGZ:seis_pick_1/inf_pick_1 | NOVZ:seis_pick_1/inf_pick_2 | OTVZ:seis_pick_1/inf_pick_1 | SNVZ:seis_pick_1/inf_pick_2,S1I2S1I1S1I2S1I1S1I2,3000.0,3.0,1828328.0,5662064.0,1806.550293,1.314964831344483,0.8365311816064235,5
ETVZ:seis_pick_2/inf_pick_1 | NGZ:seis_pick_2/inf_pick_2 | NOVZ:seis_pick_2/inf_pick_2 | OTVZ:seis_pick_1/inf_pick_1 | SNVZ:seis_pick_1/inf_pick_2,S2I1S2I2S2I2S1I1S1I2,3000.0,3.0,1828136.0,5662256.0,1932.221924,1.3153868109086868,-0.3802827224156452,5
ETVZ:seis_pick_1/inf_pick_2 | NGZ:seis_pick_1/inf_pick_2 | NOVZ:seis_pick_2/inf_pick_1 | OTVZ:seis_pick_2/inf_pick_2 | SNVZ:seis_pick_2/inf_pick_2,S1I2S1I2S2I1S2I2S2I2,2500.0,2.5,1827848.0,5662160.0,2101.272461,1.3161615605083954,0.07452212212557754,5
ETVZ:seis_pick_1/inf_pick_2 | NGZ:seis_pick_2/inf_pick_1 | NOVZ:seis_pick_1/inf_pick_2 | OTVZ:seis_pick_1/inf_pick_1 | SNVZ:seis_pick_2/inf_pick_2,S1I2S2I1S1I2S1I1S2I2,2500.0,2.5,1828232.0,5661872.0,1779.748779,1.317253625840914,0.7530516009126546,5
ETVZ:seis_pick_1/inf_pick_2 | NGZ:seis_pick_1/inf_pick_2 | NOVZ:seis_pick_2/inf_pick_2 | OTVZ:seis_pick_1/inf_pick_1 | SNVZ:seis_pick_2/inf_pick_2,S1I2S1I2S2I2S1I1S2I2,3000.0,3.0,1828040.0,5661968.0,1927.026855,1.317295566492441,0.10941235706057598,5
ETVZ:seis_pick_2/inf_pick_2 | NGZ:seis_pick_1/inf_pick_2 | NOVZ:seis_pick_1/inf_pick_1 | OTVZ:seis_pick_2/inf_pick_1 | SNVZ:seis_pick_1/inf_pick_1,S2I2S1I2S1I1S2I1S1I1,3300.0,3.3,1828232.0,5661776.0,1756.203979,1.3184787253552963,-0.7707985393143477,5
ETVZ:seis_pick_1/inf_pick_2 | NGZ:seis_pick_1/inf_pick_1 | NOVZ:seis_pick_2/inf_pick_2 | OTVZ:seis_pick_1/inf_pick_1 | SNVZ:seis_pick_1/inf_pick_2,S1I2S1I1S2I2S1I1S1I2,3300.0,3.3,1828232.0,5662256.0,1871.278687,1.3185155345967914,0.5013155812981293,5
ETVZ:seis_pick_1/inf_pick_1 | NGZ:seis_pick_1/inf_pick_2 | NOVZ:seis_pick_2/inf_pick_2 | OTVZ:seis_pick_2/inf_pick_1 | SNVZ:seis_pick_2/inf_pick_2,S1I1S1I2S2I2S2I1S2I2,3300.0,3.3,1828424.0,5662064.0,1744.648804,1.3190153391374544,-0.5087210624750617,5
ETVZ:seis_pick_1/inf_pick_2 | NGZ:seis_pick_1/inf_pick_2 | NOVZ:seis_pick_1/inf_pick_2 | OTVZ:seis_pick_1/inf_pick_1 | SNVZ:seis_pick_2/inf_pick_2,S1I2S1I2S1I2S1I1S2I2,3000.0,3.0,1828136.0,5661872.0,1836.069458,1.3191888781954362,0.3064290544242446,5
ETVZ:seis_pick_2/inf_pick_1 | NGZ:seis_pick_2/inf_pick_1 | NOVZ:seis_pick_2/inf_pick_1 | OTVZ:seis_pick_2/inf_pick_1 | SNVZ:seis_pick_1/inf_pick_2,S2I1S2I1S2I1S2I1S1I2,3000.0,3.0,1828424.0,5662448.0,1810.776733,1.3211562830717523,-0.5263326366130816,5
ETVZ:seis_pick_1/inf_pick_1 | NGZ:seis_pick_1/inf_pick_2 | NOVZ:seis_pick_2/inf_pick_1 | OTVZ:seis_pick_2/inf_pick_1 | SNVZ:seis_pick_2/inf_pick_2,S1I1S1I2S2I1S2I1S2I2,3300.0,3.3,1828232.0,5662256.0,1871.278687,1.3221541429379084,-0.8423977476466004,5
ETVZ:seis_pick_1/inf_pick_1 | NGZ:seis_pick_2/inf_pick_1 | NOVZ:seis_pick_2/inf_pick_2 | OTVZ:seis_pick_2/inf_pick_1 | SNVZ:seis_pick_2/inf_pick_2,S1I1S2I1S2I2S2I1S2I2,2500.0,2.5,1828424.0,5662064.0,1744.648804,1.3234329219773713,0.024567774305242727,5
ETVZ:seis_pick_2/inf_pick_1 | NGZ:seis_pick_1/inf_pick_1 | NOVZ:seis_pick_2/inf_pick_1 | OTVZ:seis_pick_2/inf_pick_1 | SNVZ:seis_pick_1/inf_pick_2,S2I1S1I1S2I1S2I1S1I2,2500.0,2.5,1828520.0,5662448.0,1761.89917,1.324463387174237,-0.05367741253679004,5
ETVZ:seis_pick_2/inf_pick_2 | NGZ:seis_pick_1/inf_pick_2 | NOVZ:seis_pick_1/inf_pick_1 | OTVZ:seis_pick_1/inf_pick_1 | SNVZ:seis_pick_1/inf_pick_2,S2I2S1I2S1I1S1I1S1I2,3300.0,3.3,1828040.0,5662256.0,2015.394897,1.324690045787723,-0.13178638060798029,5
ETVZ:seis_pick_2/inf_pick_2 | NGZ:seis_pick_2/inf_pick_1 | NOVZ:seis_pick_2/inf_pick_2 | OTVZ:seis_pick_2/inf_pick_1 | SNVZ:seis_pick_1/inf_pick_1,S2I2S2I1S2I2S2I1S1I1,3000.0,3.0,1828328.0,5661776.0,1708.478394,1.3256786690152225,-0.38669279208087753,5
ETVZ:seis_pick_1/inf_pick_2 | NGZ:seis_pick_1/inf_pick_2 | NOVZ:seis_pick_2/inf_pick_1 | OTVZ:seis_pick_1/inf_pick_1 | SNVZ:seis_pick_2/inf_pick_2,S1I2S1I2S2I1S1I1S2I2,3300.0,3.3,1827944.0,5662160.0,2062.442139,1.3258585350235026,-0.35123858299799443,5
ETVZ:seis_pick_2/inf_pick_1 | NGZ:seis_pick_2/inf_pick_1 | NOVZ:seis_pick_1/inf_pick_2 | OTVZ:seis_pick_2/inf_pick_1 | SNVZ:seis_pick_1/inf_pick_2,S2I1S2I1S1I2S2I1S1I2,3000.0,3.0,1828616.0,5662160.0,1662.350708,1.326111502214107,-0.028915902065782186,5
ETVZ:seis_pick_2/inf_pick_2 | NGZ:seis_pick_2/inf_pick_1 | NOVZ:seis_pick_1/inf_pick_2 | OTVZ:seis_pick_1/inf_pick_1 | SNVZ:seis_pick_1/inf_pick_2,S2I2S2I1S1I2S1I1S1I2,2500.0,2.5,1828232.0,5662064.0,1861.719849,1.326930184192335,0.7687210193577695,5
ETVZ:seis_pick_2/inf_pick_2 | NGZ:seis_pick_1/inf_pick_2 | NOVZ:seis_pick_2/inf_pick_2 | OTVZ:seis_pick_2/inf_pick_1 | SNVZ:seis_pick_1/inf_pick_1,S2I2S1I2S2I2S2I1S1I1,3000.0,3.0,1828232.0,5661680.0,1707.919678,1.3283883072494451,-0.5481366115341325,5
ETVZ:seis_pick_2/inf_pick_2 | NGZ:seis_pick_1/inf_pick_2 | NOVZ:seis_pick_2/inf_pick_1 | OTVZ:seis_pick_1/inf_pick_1 | SNVZ:seis_pick_1/inf_pick_2,S2I2S1I2S2I1S1I1S1I2,3300.0,3.3,1828040.0,5662352.0,2016.082642,1.3283964140189275,-0.29515275562664767,5
ETVZ:seis_pick_1/inf_pick_2 | NGZ:seis_pick_1/inf_pick_2 | NOVZ:seis_pick_1/inf_pick_1 | OTVZ:seis_pick_1/inf_pick_1 | SNVZ:seis_pick_2/inf_pick_2,S1I2S1I2S1I1S1I1S2I2,3000.0,3.0,1827944.0,5662064.0,2013.466919,1.3294989976806655,-0.053001625693655005,5
ETVZ:seis_pick_2/inf_pick_2 | NGZ:seis_pick_2/inf_pick_1 | NOVZ:seis_pick_2/inf_pick_2 | OTVZ:seis_pick_1/inf_pick_1 | SNVZ:seis_pick_1/inf_pick_2,S2I2S2I1S2I2S1I1S1I2,2500.0,2.5,1828232.0,5662160.0,1873.492554,1.3296642444791267,0.6106712145909116,5
ETVZ:seis_pick_1/inf_pick_1 | NGZ:seis_pick_2/inf_pick_2 | NOVZ:seis_pick_1/inf_pick_1 | OTVZ:seis_pick_1/inf_pick_1 | SNVZ:seis_pick_1/inf_pick_2,S1I1S2I2S1I1S1I1S1I2,3000.0,3.0,1828040.0,5662256.0,2015.394897,1.3296983860343798,-0.40235716513528247,5
ETVZ:seis_pick_2/inf_pick_1 | NGZ:seis_pick_2/inf_pick_2 | NOVZ:seis_pick_1/inf_pick_2 | OTVZ:seis_pick_2/inf_pick_2 | SNVZ:seis_pick_1/inf_pick_2,S2I1S2I2S1I2S2I2S1I2,3300.0,3.3,1828232.0,5662160.0,1873.492554,1.3297236412433528,-0.23002039103643046,5
ETVZ:seis_pick_1/inf_pick_1 | NGZ:seis_pick_1/inf_pick_1 | NOVZ:seis_pick_2/inf_pick_1 | OTVZ:seis_pick_2/inf_pick_1 | SNVZ:seis_pick_2/inf_pick_1,S1I1S1I1S2I1S2I1S2I1,2500.0,2.5,1828424.0,5661776.0,1675.246094,1.3297240588742774,-0.5413004910929677,5
ETVZ:seis_pick_1/inf_pick_1 | NGZ:seis_pick_1/inf_pick_1 | NOVZ:seis_pick_1/inf_pick_1 | OTVZ:seis_pick_2/inf_pick_1 | SNVZ:seis_pick_1/inf_pick_2,S1I1S1I1S1I1S2I1S1I2,3300.0,3.3,1828520.0,5662352.0,1747.839355,1.3309557144004505,-0.15043726553239106,5
ETVZ:seis_pick_1/inf_pick_1 | NGZ:seis_pick_2/inf_pick_2 | NOVZ:seis_pick_2/inf_pick_1 | OTVZ:seis_pick_1/inf_pick_1 | SNVZ:seis_pick_1/inf_pick_2,S1I1S2I2S2I1S1I1S1I2,2500.0,2.5,1827944.0,5662352.0,2080.786133,1.331512339825486,-0.34391953097799044,5
ETVZ:seis_pick_2/inf_pick_2 | NGZ:seis_pick_2/inf_pick_2 | NOVZ:seis_pick_2/inf_pick_1 | OTVZ:seis_pick_2/inf_pick_2 | SNVZ:seis_pick_1/inf_pick_2,S2I2S2I2S2I1S2I2S1I2,3300.0,3.3,1827848.0,5662352.0,2147.00293,1.3317998699867062,-0.5134643015378881,5
ETVZ:seis_pick_2/inf_pick_2 | NGZ:seis_pick_1/inf_pick_1 | NOVZ:seis_pick_2/inf_pick_2 | OTVZ:seis_pick_2/inf_pick_1 | SNVZ:seis_pick_1/inf_pick_1,S2I2S1I1S2I2S2I1S1I1,3300.0,3.3,1828424.0,5661776.0,1675.246094,1.3320480188814565,-0.30585973216085716,5
ETVZ:seis_pick_1/inf_pick_2 | NGZ:seis_pick_1/inf_pick_1 | NOVZ:seis_pick_2/inf_pick_2 | OTVZ:seis_pick_1/inf_pick_1 | SNVZ:seis_pick_2/inf_pick_2,S1I2S1I1S2I2S1I1S2I2,2500.0,2.5,1828232.0,5662064.0,1861.719849,1.3323923239745676,0.7539065083407177,5
ETVZ:seis_pick_2/inf_pick_2 | NGZ:seis_pick_1/inf_pick_2 | NOVZ:seis_pick_1/inf_pick_2 | OTVZ:seis_pick_2/inf_pick_2 | SNVZ:seis_pick_1/inf_pick_2,S2I2S1I2S1I2S2I2S1I2,2500.0,2.5,1828136.0,5662064.0,1926.312866,1.3324607109005169,0.6583647386009984,5
ETVZ:seis_pick_2/inf_pick_2 | NGZ:seis_pick_2/inf_pick_1 | NOVZ:seis_pick_1/inf_pick_1 | OTVZ:seis_pick_2/inf_pick_1 | SNVZ:seis_pick_1/inf_pick_1,S2I2S2I1S1I1S2I1S1I1,3300.0,3.3,1828328.0,5661776.0,1708.478394,1.3325409580713214,-0.5984650281043734,5
ETVZ:seis_pick_1/inf_pick_2 | NGZ:seis_pick_1/inf_pick_1 | NOVZ:seis_pick_2/inf_pick_2 | OTVZ:seis_pick_1/inf_pick_1 | SNVZ:seis_pick_2/inf_pick_1,S1I2S1I1S2I2S1I1S2I1,2500.0,2.5,1828232.0,5661584.0,1658.624878,1.3330022515759474,0.2628312163538645,5
ETVZ:seis_pick_1/inf_pick_2 | NGZ:seis_pick_2/inf_pick_2 | NOVZ:seis_pick_1/inf_pick_2 | OTVZ:seis_pick_2/inf_pick_2 | SNVZ:seis_pick_2/inf_pick_2,S1I2S2I2S1I2S2I2S2I2,3000.0,3.0,1827944.0,5661872.0,1879.445679,1.3346944637410854,0.13815397028302262,5
ETVZ:seis_pick_2/inf_pick_2 | NGZ:seis_pick_1/inf_pick_2 | NOVZ:seis_pick_2/inf_pick_2 | OTVZ:seis_pick_1/inf_pick_1 | SNVZ:seis_pick_1/inf_pick_2,S2I2S1I2S2I2S1I1S1I2,3300.0,3.3,1828136.0,5662160.0,1946.274292,1.3349383528423873,0.030592875111363504,5
ETVZ:seis_pick_2/inf_pick_1 | NGZ:seis_pick_2/inf_pick_2 | NOVZ:seis_pick_1/inf_pick_2 | OTVZ:seis_pick_2/inf_pick_2 | SNVZ:seis_pick_1/inf_pick_2,S2I1S2I2S1I2S2I2S1I2,3000.0,3.0,1828136.0,5662160.0,1946.274292,1.3351601908802746,-0.15130554024676462,5
ETVZ:seis_pick_2/inf_pick_2 | NGZ:seis_pick_2/inf_pick_2 | NOVZ:seis_pick_1/inf_pick_2 | OTVZ:seis_pick_1/inf_pick_1 | SNVZ:seis_pick_2/inf_pick_2,S2I2S2I2S1I2S1I1S2I2,3000.0,3.0,1828040.0,5661872.0,1862.954834,1.3365790593404843,-0.027503770109427172,5
ETVZ:seis_pick_1/inf_pick_1 | NGZ:seis_pick_2/inf_pick_1 | NOVZ:seis_pick_1/inf_pick_1 | OTVZ:seis_pick_2/inf_pick_1 | SNVZ:seis_pick_2/inf_pick_2,S1I1S2I1S1I1S2I1S2I2,2500.0,2.5,1828424.0,5662160.0,1740.991333,1.3367484500788884,-0.08419697092557979,5
ETVZ:seis_pick_2/inf_pick_1 | NGZ:seis_pick_2/inf_pick_2 | NOVZ:seis_pick_2/inf_pick_1 | OTVZ:seis_pick_2/inf_pick_1 | SNVZ:seis_pick_2/inf_pick_2,S2I1S2I2S2I1S2I1S2I2,3000.0,3.0,1828232.0,5662256.0,1871.278687,1.3372975906077504,-1.0237347263689096,5
ETVZ:seis_pick_1/inf_pick_1 | NGZ:seis_pick_1/inf_pick_2 | NOVZ:seis_pick_1/inf_pick_2 | OTVZ:seis_pick_2/inf_pick_1 | SNVZ:seis_pick_2/inf_pick_2,S1I1S1I2S1I2S2I1S2I2,3300.0,3.3,1828424.0,5661968.0,1733.215942,1.337325765461763,-0.35537202863739437,5
ETVZ:seis_pick_1/inf_pick_2 | NGZ:seis_pick_1/inf_pick_1 | NOVZ:seis_pick_2/inf_pick_1 | OTVZ:seis_pick_2/inf_pick_2 | SNVZ:seis_pick_1/inf_pick_2,S1I2S1I1S2I1S2I2S1I2,3000.0,3.0,1828040.0,5662352.0,2016.082642,1.3373361119460152,0.35261019236364655,5
ETVZ:seis_pick_1/inf_pick_1 | NGZ:seis_pick_1/inf_pick_1 | NOVZ:seis_pick_2/inf_pick_2 | OTVZ:seis_pick_2/inf_pick_1 | SNVZ:seis_pick_1/inf_pick_2,S1I1S1I1S2I2S2I1S1I2,3000.0,3.0,1828616.0,5662256.0,1674.459961,1.337438569534431,0.11243749929677715,5
ETVZ:seis_pick_2/inf_pick_2 | NGZ:seis_pick_2/inf_pick_1 | NOVZ:seis_pick_1/inf_pick_1 | OTVZ:seis_pick_1/inf_pick_1 | SNVZ:seis_pick_1/inf_pick_2,S2I2S2I1S1I1S1I1S1I2,2500.0,2.5,1828136.0,5662256.0,1932.221924,1.337959560374079,0.4600930211086839,5
ETVZ:seis_pick_2/inf_pick_2 | NGZ:seis_pick_2/inf_pick_2 | NOVZ:seis_pick_2/inf_pick_1 | OTVZ:seis_pick_1/inf_pick_1 | SNVZ:seis_pick_2/inf_pick_2,S2I2S2I2S2I1S1I1S2I2,2500.0,2.5,1827848.0,5662160.0,2101.272461,1.3385062559262322,-0.3037264446574916,5
ETVZ:seis_pick_1/inf_pick_2 | NGZ:seis_pick_1/inf_pick_1 | NOVZ:seis_pick_2/inf_pick_1 | OTVZ:seis_pick_1/inf_pick_1 | SNVZ:seis_pick_2/inf_pick_2,S1I2S1I1S2I1S1I1S2I2,3300.0,3.3,1828136.0,5662256.0,1932.221924,1.3389419153243491,0.05266434952024586,5
ETVZ:seis_pick_2/inf_pick_2 | NGZ:seis_pick_2/inf_pick_2 | NOVZ:seis_pick_2/inf_pick_1 | OTVZ:seis_pick_2/inf_pick_1 | SNVZ:seis_pick_2/inf_pick_1,S2I2S2I2S2I1S2I1S2I1,3000.0,3.0,1828040.0,5661680.0,1747.83252,1.3389548262109738,-1.1889696569251367,5
ETVZ:seis_pick_1/inf_pick_2 | NGZ:seis_pick_1/inf_pick_1 | NOVZ:seis_pick_1/inf_pick_1 | OTVZ:seis_pick_1/inf_pick_1 | SNVZ:seis_pick_2/inf_pick_1,S1I2S1I1S1I1S1I1S2I1,3000.0,3.0,1828232.0,5661680.0,1707.919678,1.3399317423049626,-0.09863131531561838,5
ETVZ:seis_pick_2/inf_pick_2 | NGZ:seis_pick_1/inf_pick_2 | NOVZ:seis_pick_2/inf_pick_1 | OTVZ:seis_pick_2/inf_pick_1 | SNVZ:seis_pick_2/inf_pick_1,S2I2S1I2S2I1S2I1S2I1,3300.0,3.3,1828136.0,5661776.0,1782.875366,1.339968150155096,-1.115154770370258,5
ETVZ:seis_pick_1/inf_pick_2 | NGZ:seis_pick_2/inf_pick_1 | NOVZ:seis_pick_2/inf_pick_1 | OTVZ:seis_pick_2/inf_pick_2 | SNVZ:seis_pick_1/inf_pick_2,S1I2S2I1S2I1S2I2S1I2,3000.0,3.0,1827944.0,5662352.0,2080.786133,1.340235898396883,0.11896167228397765,5
ETVZ:seis_pick_1/inf_pick_1 | NGZ:seis_pick_1/inf_pick_2 | NOVZ:seis_pick_1/inf_pick_1 | OTVZ:seis_pick_2/inf_pick_1 | SNVZ:seis_pick_2/inf_pick_2,S1I1S1I2S1I1S2I1S2I2,3000.0,3.0,1828328.0,5662160.0,1795.425903,1.340488731149051,-0.5233165950927896,5
ETVZ:seis_pick_1/inf_pick_2 | NGZ:seis_pick_1/inf_pick_1 | NOVZ:seis_pick_1/inf_pick_1 | OTVZ:seis_pick_2/inf_pick_2 | SNVZ:seis_pick_2/inf_pick_1,S1I2S1I1S1I1S2I2S2I1,2500.0,2.5,1828136.0,5661680.0,1731.645752,1.3417700041693157,0.21895939997997155,5
ETVZ:seis_pick_2/inf_pick_2 | NGZ:seis_pick_2/inf_pick_2 | NOVZ:seis_pick_2/inf_pick_2 | OTVZ:seis_pick_2/inf_pick_1 | SNVZ:seis_pick_1/inf_pick_1,S2I2S2I2S2I2S2I1S1I1,3300.0,3.3,1828136.0,5661680.0,1731.645752,1.3419070900431926,-0.875146817817356,5
ETVZ:seis_pick_1/inf_pick_2 | NGZ:seis_pick_2/inf_pick_1 | NOVZ:seis_pick_2/inf_pick_2 | OTVZ:seis_pick_1/inf_pick_1 | SNVZ:seis_pick_2/inf_pick_2,S1I2S2I1S2I2S1I1S2I2,2500.0,2.5,1828136.0,5661968.0,1868.978394,1.342598295002412,0.5644618510339562,5
ETVZ:seis_pick_2/inf_pick_1 | NGZ:seis_pick_2/inf_pick_2 | NOVZ:seis_pick_2/inf_pick_2 | OTVZ:seis_pick_1/inf_pick_1 | SNVZ:seis_pick_1/inf_pick_2,S2I1S2I2S2I2S1I1S1I2,2500.0,2.5,1828136.0,5662256.0,1932.221924,1.343581629912047,-0.11036048702281694,5
ETVZ:seis_pick_2/inf_pick_2 | NGZ:seis_pick_2/inf_pick_2 | NOVZ:seis_pick_1/inf_pick_1 | OTVZ:seis_pick_1/inf_pick_1 | SNVZ:seis_pick_2/inf_pick_2,S2I2S2I2S1I1S1I1S2I2,2500.0,2.5,1827944.0,5661968.0,1945.640259,1.3439217541188015,-0.047370441968005036,5
ETVZ:seis_pick_1/inf_pick_2 | NGZ:seis_pick_1/inf_pick_2 | NOVZ:seis_pick_1/inf_pick_1 | OTVZ:seis_pick_2/inf_pick_2 | SNVZ:seis_pick_1/inf_pick_2,S1I2S1I2S1I1S2I2S1I2,3300.0,3.3,1827944.0,5662256.0,2088.119141,1.345019227757978,0.008278140097654684,5
ETVZ:seis_pick_1/inf_pick_2 | NGZ:seis_pick_1/inf_pick_1 | NOVZ:seis_pick_1/inf_pick_1 | OTVZ:seis_pick_2/inf_pick_2 | SNVZ:seis_pick_1/inf_pick_2,S1I2S1I1S1I1S2I2S1I2,2500.0,2.5,1828136.0,5662256.0,1932.221924,1.345123753037631,0.8383415878917531,5
ETVZ:seis_pick_1/inf_pick_1 | NGZ:seis_pick_1/inf_pick_2 | NOVZ:seis_pick_2/inf_pick_2 | OTVZ:seis_pick_2/inf_pick_1 | SNVZ:seis_pick_2/inf_pick_2,S1I1S1I2S2I2S2I1S2I2,3000.0,3.0,1828424.0,5662064.0,1744.648804,1.3462219763978367,-0.3876678961523913,5
ETVZ:seis_pick_2/inf_pick_1 | NGZ:seis_pick_2/inf_pick_2 | NOVZ:seis_pick_1/inf_pick_1 | OTVZ:seis_pick_2/inf_pick_1 | SNVZ:seis_pick_2/inf_pick_2,S2I1S2I2S1I1S2I1S2I2,3300.0,3.3,1828328.0,5662160.0,1795.425903,1.3463398316801254,-0.9484651883544105,5
ETVZ:seis_pick_2/inf_pick_2 | NGZ:seis_pick_1/inf_pick_1 | NOVZ:seis_pick_2/inf_pick_2 | OTVZ:seis_pick_2/inf_pick_1 | SNVZ:seis_pick_2/inf_pick_1,S2I2S1I1S2I2S2I1S2I1,3300.0,3.3,1828424.0,5661584.0,1603.305054,1.3473359999538075,-0.48297248333540743,5
ETVZ:seis_pick_1/inf_pick_2 | NGZ:seis_pick_1/inf_pick_2 | NOVZ:seis_pick_2/inf_pick_2 | OTVZ:seis_pick_2/inf_pick_2 | SNVZ:seis_pick_1/inf_pick_2,S1I2S1I2S2I2S2I2S1I2,3300.0,3.3,1827944.0,5662160.0,2062.442139,1.3482159497505222,0.13279623842721086,5
ETVZ:seis_pick_2/inf_pick_2 | NGZ:seis_pick_2/inf_pick_2 | NOVZ:seis_pick_1/inf_pick_2 | OTVZ:seis_pick_2/inf_pick_1 | SNVZ:seis_pick_2/inf_pick_1,S2I2S2I2S1I2S2I1S2I1,2500.0,2.5,1828232.0,5661392.0,1581.285278,1.3499120527175077,-0.5164456730789052,5
ETVZ:seis_pick_2/inf_pick_2 | NGZ:seis_pick_2/inf_pick_2 | NOVZ:seis_pick_1/inf_pick_2 | OTVZ:seis_pick_2/inf_pick_1 | SNVZ:seis_pick_1/inf_pick_1,S2I2S2I2S1I2S2I1S1I1,3300.0,3.3,1828232.0,5661584.0,1658.624878,1.3499166111607341,-0.7100968264192545,5
ETVZ:seis_pick_1/inf_pick_2 | NGZ:seis_pick_2/inf_pick_1 | NOVZ:seis_pick_2/inf_pick_1 | OTVZ:seis_pick_1/inf_pick_1 | SNVZ:seis_pick_2/inf_pick_2,S1I2S2I1S2I1S1I1S2I2,3000.0,3.0,1828040.0,5662256.0,2015.394897,1.3501496556195005,-0.059333016066498344,5
ETVZ:seis_pick_1/inf_pick_2 | NGZ:seis_pick_2/inf_pick_1 | NOVZ:seis_pick_2/inf_pick_1 | OTVZ:seis_pick_1/inf_pick_1 | SNVZ:seis_pick_1/inf_pick_1,S1I2S2I1S2I1S1I1S1I1,2500.0,2.5,1828040.0,5661872.0,1862.954834,1.3505649368457882,-0.05263332925795598,5
ETVZ:seis_pick_1/inf_pick_1 | NGZ:seis_pick_2/inf_pick_2 | NOVZ:seis_pick_1/inf_pick_2 | OTVZ:seis_pick_2/inf_pick_2 | SNVZ:seis_pick_1/inf_pick_2,S1I1S2I2S1I2S2I2S1I2,3300.0,3.3,1828136.0,5662064.0,1926.312866,1.3510102802334625,-0.1265391111172976,5
ETVZ:seis_pick_2/inf_pick_2 | NGZ:seis_pick_2/inf_pick_1 | NOVZ:seis_pick_1/inf_pick_1 | OTVZ:seis_pick_2/inf_pick_1 | SNVZ:seis_pick_2/inf_pick_1,S2I2S2I1S1I1S2I1S2I1,3000.0,3.0,1828328.0,5661680.0,1673.186646,1.351338925618049,-0.6530298113058903,5
ETVZ:seis_pick_2/inf_pick_1 | NGZ:seis_pick_2/inf_pick_2 | NOVZ:seis_pick_1/inf_pick_2 | OTVZ:seis_pick_2/inf_pick_2 | SNVZ:seis_pick_1/inf_pick_2,S2I1S2I2S1I2S2I2S1I2,2500.0,2.5,1828136.0,5662064.0,1926.312866,1.3516750629213279,0.1428581913921752,5
ETVZ:seis_pick_1/inf_pick_2 | NGZ:seis_pick_1/inf_pick_1 | NOVZ:seis_pick_2/inf_pick_1 | OTVZ:seis_pick_2/inf_pick_2 | SNVZ:seis_pick_2/inf_pick_2,S1I2S1I1S2I1S2I2S2I2,2500.0,2.5,1828040.0,5662256.0,2015.394897,1.3522576935410109,0.4685162944700714,5
ETVZ:seis_pick_1/inf_pick_2 | NGZ:seis_pick_1/inf_pick_1 | NOVZ:seis_pick_1/inf_pick_1 | OTVZ:seis_pick_1/inf_pick_1 | SNVZ:seis_pick_1/inf_pick_2,S1I2S1I1S1I1S1I1S1I2,3300.0,3.3,1828232.0,5662256.0,1871.278687,1.3522936810199302,0.41034383767304483,5
ETVZ:seis_pick_2/inf_pick_2 | NGZ:seis_pick_1/inf_pick_2 | NOVZ:seis_pick_2/inf_pick_2 | OTVZ:seis_pick_2/inf_pick_1 | SNVZ:seis_pick_2/inf_pick_1,S2I2S1I2S2I2S2I1S2I1,2500.0,2.5,1828232.0,5661488.0,1616.910156,1.3523382875391092,-0.46221264555366603,5
ETVZ:seis_pick_2/inf_pick_2 | NGZ:seis_pick_1/inf_pick_2 | NOVZ:seis_pick_1/inf_pick_1 | OTVZ:seis_pick_1/inf_pick_1 | SNVZ:seis_pick_1/inf_pick_2,S2I2S1I2S1I1S1I1S1I2,3000.0,3.0,1828040.0,5662256.0,2015.394897,1.3524088025619405,-0.008493722347036225,5
ETVZ:seis_pick_2/inf_pick_2 | NGZ:seis_pick_2/inf_pick_2 | NOVZ:seis_pick_1/inf_pick_1 | OTVZ:seis_pick_2/inf_pick_1 | SNVZ:seis_pick_1/inf_pick_1,S2I2S2I2S1I1S2I1S1I1,3300.0,3.3,1828136.0,5661776.0,1782.875366,1.3525576794429355,-0.9786971549326292,5
ETVZ:seis_pick_1/inf_pick_1 | NGZ:seis_pick_1/inf_pick_2 | NOVZ:seis_pick_2/inf_pick_1 | OTVZ:seis_pick_2/inf_pick_1 | SNVZ:seis_pick_2/inf_pick_2,S1I1S1I2S2I1S2I1S2I2,3000.0,3.0,1828232.0,5662256.0,1871.278687,1.3529412333893969,-0.7201481346981602,5
ETVZ:seis_pick_1/inf_pick_2 | NGZ:seis_pick_1/inf_pick_2 | NOVZ:seis_pick_2/inf_pick_1 | OTVZ:seis_pick_2/inf_pick_2 | SNVZ:seis_pick_1/inf_pick_2,S1I2S1I2S2I1S2I2S1I2,3300.0,3.3,1827848.0,5662352.0,2147.00293,1.353532071695197,-0.20987770986713877,5
ETVZ:seis_pick_1/inf_pick_2 | NGZ:seis_pick_1/inf_pick_1 | NOVZ:seis_pick_2/inf_pick_2 | OTVZ:seis_pick_1/inf_pick_1 | SNVZ:seis_pick_1/inf_pick_2,S1I2S1I1S2I2S1I1S1I2,3000.0,3.0,1828232.0,5662160.0,1873.492554,1.3536882207974683,0.6458674694724245,5
ETVZ:seis_pick_2/inf_pick_2 | NGZ:seis_pick_2/inf_pick_2 | NOVZ:seis_pick_2/inf_pick_2 | OTVZ:seis_pick_1/inf_pick_1 | SNVZ:seis_pick_2/inf_pick_2,S2I2S2I2S2I2S1I1S2I2,2500.0,2.5,1827944.0,5661968.0,1945.640259,1.3538954846224986,0.04360130165707936,5
ETVZ:seis_pick_1/inf_pick_2 | NGZ:seis_pick_2/inf_pick_1 | NOVZ:seis_pick_1/inf_pick_2 | OTVZ:seis_pick_2/inf_pick_2 | SNVZ:seis_pick_1/inf_pick_2,S1I2S2I1S1I2S2I2S1I2,2500.0,2.5,1828136.0,5662064.0,1926.312866,1.354137874391746,0.9259265475693373,5
ETVZ:seis_pick_1/inf_pick_2 | NGZ:seis_pick_1/inf_pick_1 | NOVZ:seis_pick_2/inf_pick_1 | OTVZ:seis_pick_1/inf_pick_1 | SNVZ:seis_pick_1/inf_pick_1,S1I2S1I1S2I1S1I1S1I1,3300.0,3.3,1828136.0,5661968.0,1868.978394,1.3551962093247276,-0.2499321446341499,5
ETVZ:seis_pick_2/inf_pick_2 | NGZ:seis_pick_1/inf_pick_1 | NOVZ:seis_pick_2/inf_pick_1 | OTVZ:seis_pick_1/inf_pick_1 | SNVZ:seis_pick_1/inf_pick_2,S2I2S1I1S2I1S1I1S1I2,2500.0,2.5,1828232.0,5662448.0,1918.638916,1.3555542447270494,0.4723400024106567,5
ETVZ:seis_pick_2/inf_pick_2 | NGZ:seis_pick_1/inf_pick_2 | NOVZ:seis_pick_1/inf_pick_1 | OTVZ:seis_pick_2/inf_pick_1 | SNVZ:seis_pick_1/inf_pick_1,S2I2S1I2S1I1S2I1S1I1,3000.0,3.0,1828232.0,5661776.0,1756.203979,1.355944344512986,-0.6497005909002521,5
ETVZ:seis_pick_1/inf_pick_2 | NGZ:seis_pick_1/inf_pick_1 | NOVZ:seis_pick_1/inf_pick_1 | OTVZ:seis_pick_1/inf_pick_1 | SNVZ:seis_pick_1/inf_pick_1,S1I2S1I1S1I1S1I1S1I1,2500.0,2.5,1828232.0,5661776.0,1756.203979,1.3560366566342894,0.3391354227045268,5
ETVZ:seis_pick_1/inf_pick_1 | NGZ:seis_pick_2/inf_pick_2 | NOVZ:seis_pick_2/inf_pick_2 | OTVZ:seis_pick_1/inf_pick_1 | SNVZ:seis_pick_1/inf_pick_2,S1I1S2I2S2I2S1I1S1I2,3300.0,3.3,1828136.0,5662256.0,1932.221924,1.3564352181456742,-0.3813315431736262,5
ETVZ:seis_pick_2/inf_pick_2 | NGZ:seis_pick_2/inf_pick_1 | NOVZ:seis_pick_1/inf_pick_2 | OTVZ:seis_pick_2/inf_pick_1 | SNVZ:seis_pick_1/inf_pick_1,S2I2S2I1S1I2S2I1S1I1,2500.0,2.5,1828424.0,5661584.0,1603.305054,1.3570443947832116,0.039163099137131493,5
ETVZ:seis_pick_2/inf_pick_2 | NGZ:seis_pick_1/inf_pick_2 | NOVZ:seis_pick_2/inf_pick_1 | OTVZ:seis_pick_1/inf_pick_1 | SNVZ:seis_pick_1/inf_pick_2,S2I2S1I2S2I1S1I1S1I2,3000.0,3.0,1827944.0,5662352.0,2080.786133,1.3573936631076013,-0.22326211179668115,5
ETVZ:seis_pick_2/inf_pick_2 | NGZ:seis_pick_2/inf_pick_2 | NOVZ:seis_pick_2/inf_pick_1 | OTVZ:seis_pick_2/inf_pick_2 | SNVZ:seis_pick_1/inf_pick_2,S2I2S2I2S2I1S2I2S1I2,3000.0,3.0,1827848.0,5662352.0,2147.00293,1.3580764897727047,-0.38861832038482086,5
ETVZ:seis_pick_2/inf_pick_2 | NGZ:seis_pick_2/inf_pick_2 | NOVZ:seis_pick_2/inf_pick_2 | OTVZ:seis_pick_2/inf_pick_1 | SNVZ:seis_pick_2/inf_pick_1,S2I2S2I2S2I2S2I1S2I1,2500.0,2.5,1828136.0,5661488.0,1647.28064,1.359120504302676,-0.6655472418258539,5
ETVZ:seis_pick_1/inf_pick_1 | NGZ:seis_pick_2/inf_pick_2 | NOVZ:seis_pick_1/inf_pick_2 | OTVZ:seis_pick_2/inf_pick_2 | SNVZ:seis_pick_1/inf_pick_2,S1I1S2I2S1I2S2I2S1I2,3000.0,3.0,1828136.0,5662064.0,1926.312866,1.3599314162612213,-0.004338983951657482,5
ETVZ:seis_pick_1/inf_pick_2 | NGZ:seis_pick_1/inf_pick_2 | NOVZ:seis_pick_2/inf_pick_1 | OTVZ:seis_pick_1/inf_pick_1 | SNVZ:seis_pick_2/inf_pick_2,S1I2S1I2S2I1S1I1S2I2,3000.0,3.0,1827944.0,5662160.0,2062.442139,1.3599771263855929,-0.2276903662685063,5
ETVZ:seis_pick_1/inf_pick_2 | NGZ:seis_pick_2/inf_pick_2 | NOVZ:seis_pick_1/inf_pick_1 | OTVZ:seis_pick_2/inf_pick_2 | SNVZ:seis_pick_2/inf_pick_2,S1I2S2I2S1I1S2I2S2I2,2500.0,2.5,1827752.0,5661968.0,2023.887207,1.3605220306212928,0.06156357275667208,5
ETVZ:seis_pick_2/inf_pick_2 | NGZ:seis_pick_1/inf_pick_2 | NOVZ:seis_pick_2/inf_pick_2 | OTVZ:seis_pick_1/inf_pick_1 | SNVZ:seis_pick_1/inf_pick_2,S2I2S1I2S2I2S1I1S1I2,3000.0,3.0,1828136.0,5662160.0,1946.274292,1.3606988178890993,0.15308141641210932,5
ETVZ:seis_pick_2/inf_pick_2 | NGZ:seis_pick_1/inf_pick_2 | NOVZ:seis_pick_1/inf_pick_2 | OTVZ:seis_pick_1/inf_pick_1 | SNVZ:seis_pick_1/inf_pick_2,S2I2S1I2S1I2S1I1S1I2,3300.0,3.3,1828136.0,5662064.0,1926.312866,1.3610338303665033,0.19266235655862882,5
ETVZ:seis_pick_2/inf_pick_2 | NGZ:seis_pick_2/inf_pick_2 | NOVZ:seis_pick_1/inf_pick_1 | OTVZ:seis_pick_2/inf_pick_2 | SNVZ:seis_pick_1/inf_pick_2,S2I2S2I2S1I1S2I2S1I2,3300.0,3.3,1827848.0,5662160.0,2101.272461,1.3623289349303398,-0.30767202768983565,5
ETVZ:seis_pick_1/inf_pick_2 | NGZ:seis_pick_1/inf_pick_2 | NOVZ:seis_pick_1/inf_pick_2 | OTVZ:seis_pick_2/inf_pick_2 | SNVZ:seis_pick_1/inf_pick_2,S1I2S1I2S1I2S2I2S1I2,3300.0,3.3,1828040.0,5662064.0,1956.737061,1.3624755513402276,0.35534177941976497,5
ETVZ:seis_pick_1/inf_pick_1 | NGZ:seis_pick_1/inf_pick_2 | NOVZ:seis_pick_1/inf_pick_2 | OTVZ:seis_pick_2/inf_pick_1 | SNVZ:seis_pick_2/inf_pick_2,S1I1S1I2S1I2S2I1S2I2,3000.0,3.0,1828424.0,5661968.0,1733.215942,1.3630206659693167,-0.23450907585975625,5
ETVZ:seis_pick_1/inf_pick_1 | NGZ:seis_pick_1/inf_pick_1 | NOVZ:seis_pick_1/inf_pick_1 | OTVZ:seis_pick_2/inf_pick_1 | SNVZ:seis_pick_1/inf_pick_2,S1I1S1I1S1I1S2I1S1I2,3000.0,3.0,1828520.0,5662352.0,1747.839355,1.3630526912792764,-0.028702246672553146,5
ETVZ:seis_pick_1/inf_pick_2 | NGZ:seis_pick_2/inf_pick_2 | NOVZ:seis_pick_2/inf_pick_1 | OTVZ:seis_pick_2/inf_pick_2 | SNVZ:seis_pick_2/inf_pick_2,S1I2S2I2S2I1S2I2S2I2,2500.0,2.5,1827752.0,5662064.0,2083.736328,1.3642689444888865,-0.11303481925448952,5
ETVZ:seis_pick_1/inf_pick_2 | NGZ:seis_pick_2/inf_pick_1 | NOVZ:seis_pick_2/inf_pick_2 | OTVZ:seis_pick_2/inf_pick_2 | SNVZ:seis_pick_1/inf_pick_2,S1I2S2I1S2I2S2I2S1I2,2500.0,2.5,1828040.0,5662160.0,2012.584229,1.3656448153307168,0.7187900563856117,5
ETVZ:seis_pick_1/inf_pick_2 | NGZ:seis_pick_2/inf_pick_2 | NOVZ:seis_pick_2/inf_pick_2 | OTVZ:seis_pick_2/inf_pick_2 | SNVZ:seis_pick_2/inf_pick_2,S1I2S2I2S2I2S2I2S2I2,2500.0,2.5,1827848.0,5661872.0,1910.128296,1.3663242803813713,0.23342102246697252,5
ETVZ:seis_pick_2/inf_pick_1 | NGZ:seis_pick_2/inf_pick_1 | NOVZ:seis_pick_2/inf_pick_2 | OTVZ:seis_pick_2/inf_pick_1 | SNVZ:seis_pick_1/inf_pick_2,S2I1S2I1S2I2S2I1S1I2,2500.0,2.5,1828520.0,5662256.0,1733.170288,1.3670114767844748,0.05689106436059603,5
ETVZ:seis_pick_2/inf_pick_2 | NGZ:seis_pick_1/inf_pick_1 | NOVZ:seis_pick_2/inf_pick_1 | OTVZ:seis_pick_1/inf_pick_1 | SNVZ:seis_pick_2/inf_pick_1,S2I2S1I1S2I1S1I1S2I1,2500.0,2.5,1828232.0,5661776.0,1756.203979,1.3671553737061684,-0.10090878440385129,5
ETVZ:seis_pick_2/inf_pick_1 | NGZ:seis_pick_2/inf_pick_2 | NOVZ:seis_pick_1/inf_pick_1 | OTVZ:seis_pick_2/inf_pick_1 | SNVZ:seis_pick_2/inf_pick_2,S2I1S2I2S1I1S2I1S2I2,3000.0,3.0,1828328.0,5662160.0,1795.425903,1.3686029144729657,-0.8269031867635389,5
ETVZ:seis_pick_2/inf_pick_1 | NGZ:seis_pick_2/inf_pick_1 | NOVZ:seis_pick_1/inf_pick_1 | OTVZ:seis_pick_2/inf_pick_1 | SNVZ:seis_pick_1/inf_pick_2,S2I1S2I1S1I1S2I1S1I2,2500.0,2.5,1828520.0,5662256.0,1733.170288,1.3689880733368607,-0.034080679264488364,5
ETVZ:seis_pick_2/inf_pick_2 | NGZ:seis_pick_2/inf_pick_1 | NOVZ:seis_pick_1/inf_pick_1 | OTVZ:seis_pick_2/inf_pick_1 | SNVZ:seis_pick_1/inf_pick_1,S2I2S2I1S1I1S2I1S1I1,3000.0,3.0,1828328.0,5661776.0,1708.478394,1.3692058895946304,-0.47766453570596196,5
ETVZ:seis_pick_1/inf_pick_1 | NGZ:seis_pick_2/inf_pick_2 | NOVZ:seis_pick_1/inf_pick_1 | OTVZ:seis_pick_1/inf_pick_1 | SNVZ:seis_pick_1/inf_pick_2,S1I1S2I2S1I1S1I1S1I2,2500.0,2.5,1828040.0,5662256.0,2015.394897,1.369990742869542,-0.13111331696120487,5
ETVZ:seis_pick_1/inf_pick_2 | NGZ:seis_pick_1/inf_pick_2 | NOVZ:seis_pick_1/inf_pick_2 | OTVZ:seis_pick_2/inf_pick_1 | SNVZ:seis_pick_2/inf_pick_1,S1I2S1I2S1I2S2I1S2I1,3300.0,3.3,1828232.0,5661488.0,1616.910156,1.3702192431214872,-0.5911751226595848,5
ETVZ:seis_pick_2/inf_pick_2 | NGZ:seis_pick_1/inf_pick_1 | NOVZ:seis_pick_2/inf_pick_2 | OTVZ:seis_pick_2/inf_pick_1 | SNVZ:seis_pick_1/inf_pick_1,S2I2S1I1S2I2S2I1S1I1,3000.0,3.0,1828424.0,5661776.0,1675.246094,1.3703444958688022,-0.18528096874871683,5
ETVZ:seis_pick_2/inf_pick_2 | NGZ:seis_pick_2/inf_pick_1 | NOVZ:seis_pick_2/inf_pick_1 | OTVZ:seis_pick_1/inf_pick_1 | SNVZ:seis_pick_1/inf_pick_2,S2I2S2I1S2I1S1I1S1I2,2500.0,2.5,1828040.0,5662352.0,2016.082642,1.3704731319918733,0.24627211423139544,5
ETVZ:seis_pick_1/inf_pick_1 | NGZ:seis_pick_2/inf_pick_2 | NOVZ:seis_pick_2/inf_pick_2 | OTVZ:seis_pick_1/inf_pick_1 | SNVZ:seis_pick_1/inf_pick_2,S1I1S2I2S2I2S1I1S1I2,3000.0,3.0,1828136.0,5662160.0,1946.274292,1.3714348138020516,-0.24078202637613694,5
ETVZ:seis_pick_2/inf_pick_2 | NGZ:seis_pick_1/inf_pick_1 | NOVZ:seis_pick_1/inf_pick_2 | OTVZ:seis_pick_2/inf_pick_1 | SNVZ:seis_pick_2/inf_pick_1,S2I2S1I1S1I2S2I1S2I1,2500.0,2.5,1828520.0,5661488.0,1549.203247,1.3718378562055062,0.042958227032901954,5
ETVZ:seis_pick_1/inf_pick_1 | NGZ:seis_pick_1/inf_pick_1 | NOVZ:seis_pick_2/inf_pick_1 | OTVZ:seis_pick_2/inf_pick_1 | SNVZ:seis_pick_2/inf_pick_2,S1I1S1I1S2I1S2I1S2I2,2500.0,2.5,1828424.0,5662256.0,1795.46814,1.3719167582654221,-0.07331908071900539,5
ETVZ:seis_pick_1/inf_pick_2 | NGZ:seis_pick_2/inf_pick_1 | NOVZ:seis_pick_1/inf_pick_1 | OTVZ:seis_pick_1/inf_pick_1 | SNVZ:seis_pick_2/inf_pick_2,S1I2S2I1S1I1S1I1S2I2,2500.0,2.5,1828040.0,5662064.0,1956.737061,1.3719788311740102,0.40947777216457604,5
ETVZ:seis_pick_1/inf_pick_2 | NGZ:seis_pick_2/inf_pick_1 | NOVZ:seis_pick_1/inf_pick_2 | OTVZ:seis_pick_1/inf_pick_1 | SNVZ:seis_pick_1/inf_pick_2,S1I2S2I1S1I2S1I1S1I2,3300.0,3.3,1828232.0,5662064.0,1861.719849,1.3721447698977365,0.500785341419921,5
ETVZ:seis_pick_2/inf_pick_2 | NGZ:seis_pick_1/inf_pick_1 | NOVZ:seis_pick_1/inf_pick_2 | OTVZ:seis_pick_2/inf_pick_1 | SNVZ:seis_pick_1/inf_pick_1,S2I2S1I1S1I2S2I1S1I1,2500.0,2.5,1828520.0,5661584.0,1580.752686,1.37393843423216,0.23275918895722966,5
ETVZ:seis_pick_1/inf_pick_2 | NGZ:seis_pick_1/inf_pick_2 | NOVZ:seis_pick_1/inf_pick_1 | OTVZ:seis_pick_2/inf_pick_2 | SNVZ:seis_pick_1/inf_pick_2,S1I2S1I2S1I1S2I2S1I2,3000.0,3.0,1827944.0,5662160.0,2062.442139,1.3744717653275187,0.1653727115316146,5
ETVZ:seis_pick_2/inf_pick_1 | NGZ:seis_pick_2/inf_pick_2 | NOVZ:seis_pick_2/inf_pick_2 | OTVZ:seis_pick_2/inf_pick_1 | SNVZ:seis_pick_2/inf_pick_2,S2I1S2I2S2I2S2I1S2I2,3300.0,3.3,1828328.0,5662064.0,1806.550293,1.3747644380747532,-0.8411752383459813,5
ETVZ:seis_pick_1/inf_pick_2 | NGZ:seis_pick_1/inf_pick_1 | NOVZ:seis_pick_2/inf_pick_1 | OTVZ:seis_pick_1/inf_pick_1 | SNVZ:seis_pick_2/inf_pick_2,S1I2S1I1S2I1S1I1S2I2,3000.0,3.0,1828136.0,5662256.0,1932.221924,1.375555938133996,0.17535627469880383,5
ETVZ:seis_pick_1/inf_pick_2 | NGZ:seis_pick_1/inf_pick_1 | NOVZ:seis_pick_2/inf_pick_1 | OTVZ:seis_pick_2/inf_pick_2 | SNVZ:seis_pick_2/inf_pick_1,S1I2S1I1S2I1S2I2S2I1,3300.0,3.3,1828040.0,5661872.0,1862.954834,1.3762095066321265,-0.3682274281885379,5
ETVZ:seis_pick_1/inf_pick_2 | NGZ:seis_pick_1/inf_pick_2 | NOVZ:seis_pick_2/inf_pick_2 | OTVZ:seis_pick_2/inf_pick_2 | SNVZ:seis_pick_1/inf_pick_2,S1I2S1I2S2I2S2I2S1I2,3000.0,3.0,1827944.0,5662160.0,2062.442139,1.3764569656896486,0.256344455156699,5
ETVZ:seis_pick_2/inf_pick_2 | NGZ:seis_pick_1/inf_pick_2 | NOVZ:seis_pick_2/inf_pick_1 | OTVZ:seis_pick_2/inf_pick_1 | SNVZ:seis_pick_1/inf_pick_1,S2I2S1I2S2I1S2I1S1I1,3300.0,3.3,1828136.0,5661872.0,1836.069458,1.376669525353854,-0.9526745906342509,5
ETVZ:seis_pick_1/inf_pick_1 | NGZ:seis_pick_2/inf_pick_1 | NOVZ:seis_pick_2/inf_pick_1 | OTVZ:seis_pick_2/inf_pick_1 | SNVZ:seis_pick_2/inf_pick_2,S1I1S2I1S2I1S2I1S2I2,2500.0,2.5,1828328.0,5662256.0,1832.388062,1.3767834521685336,-0.27818637378802347,5
ETVZ:seis_pick_2/inf_pick_2 | NGZ:seis_pick_2/inf_pick_2 | NOVZ:seis_pick_2/inf_pick_2 | OTVZ:seis_pick_2/inf_pick_1 | SNVZ:seis_pick_1/inf_pick_1,S2I2S2I2S2I2S2I1S1I1,3000.0,3.0,1828136.0,5661680.0,1731.645752,1.377138494392303,-0.7538982368122555,5
ETVZ:seis_pick_2/inf_pick_2 | NGZ:seis_pick_2/inf_pick_2 | NOVZ:seis_pick_2/inf_pick_1 | OTVZ:seis_pick_2/inf_pick_1 | SNVZ:seis_pick_1/inf_pick_1,S2I2S2I2S2I1S2I1S1I1,3300.0,3.3,1828040.0,5661872.0,1862.954834,1.3775761085898481,-1.1653099303946286,5
ETVZ:seis_pick_1/inf_pick_2 | NGZ:seis_pick_2/inf_pick_1 | NOVZ:seis_pick_2/inf_pick_2 | OTVZ:seis_pick_1/inf_pick_1 | SNVZ:seis_pick_1/inf_pick_2,S1I2S2I1S2I2S1I1S1I2,3300.0,3.3,1828136.0,5662160.0,1946.274292,1.3782092411684126,0.29815468407970247,5
ETVZ:seis_pick_2/inf_pick_1 | NGZ:seis_pick_2/inf_pick_1 | NOVZ:seis_pick_1/inf_pick_2 | OTVZ:seis_pick_2/inf_pick_1 | SNVZ:seis_pick_1/inf_pick_2,S2I1S2I1S1I2S2I1S1I2,2500.0,2.5,1828616.0,5662160.0,1662.350708,1.3784176739586178,0.23699827710105142,5
ETVZ:seis_pick_2/inf_pick_2 | NGZ:seis_pick_1/inf_pick_2 | NOVZ:seis_pick_2/inf_pick_1 | OTVZ:seis_pick_2/inf_pick_1 | SNVZ:seis_pick_2/inf_pick_1,S2I2S1I2S2I1S2I1S2I1,3000.0,3.0,1828136.0,5661776.0,1782.875366,1.3795380965668051,-0.9937645423582216,5
ETVZ:seis_pick_1/inf_pick_2 | NGZ:seis_pick_2/inf_pick_1 | NOVZ:seis_pick_1/inf_pick_2 | OTVZ:seis_pick_2/inf_pick_1 | SNVZ:seis_pick_2/inf_pick_1,S1I2S2I1S1I2S2I1S2I1,3300.0,3.3,1828328.0,5661488.0,1598.106201,1.3801426186363932,-0.42792150660372386,5
ETVZ:seis_pick_1/inf_pick_2 | NGZ:seis_pick_2/inf_pick_1 | NOVZ:seis_pick_1/inf_pick_1 | OTVZ:seis_pick_2/inf_pick_2 | SNVZ:seis_pick_1/inf_pick_2,S1I2S2I1S1I1S2I2S1I2,2500.0,2.5,1828040.0,5662256.0,2015.394897,1.3802749848497782,0.6049739099077002,5
ETVZ:seis_pick_1/inf_pick_2 | NGZ:seis_pick_1/inf_pick_1 | NOVZ:seis_pick_1/inf_pick_1 | OTVZ:seis_pick_1/inf_pick_1 | SNVZ:seis_pick_2/inf_pick_2,S1I2S1I1S1I1S1I1S2I2,2500.0,2.5,1828232.0,5662064.0,1861.719849,1.3807220256477835,0.6629347647156333,5
ETVZ:seis_pick_1/inf_pick_1 | NGZ:seis_pick_1/inf_pick_1 | NOVZ:seis_pick_1/inf_pick_2 | OTVZ:seis_pick_2/inf_pick_1 | SNVZ:seis_pick_1/inf_pick_2,S1I1S1I1S1I2S2I1S1I2,2500.0,2.5,1828712.0,5662064.0,1605.389038,1.3809652623082798,0.5724277318804815,5
ETVZ:seis_pick_1/inf_pick_2 | NGZ:seis_pick_2/inf_pick_2 | NOVZ:seis_pick_1/inf_pick_1 | OTVZ:seis_pick_1/inf_pick_1 | SNVZ:seis_pick_2/inf_pick_2,S1I2S2I2S1I1S1I1S2I2,3300.0,3.3,1827848.0,5662064.0,2029.3927,1.3810574131207003,-0.3933699219209901,5
ETVZ:seis_pick_2/inf_pick_2 | NGZ:seis_pick_2/inf_pick_2 | NOVZ:seis_pick_1/inf_pick_1 | OTVZ:seis_pick_2/inf_pick_1 | SNVZ:seis_pick_2/inf_pick_1,S2I2S2I2S1I1S2I1S2I1,2500.0,2.5,1828040.0,5661584.0,1704.531738,1.3818117931750262,-0.7795110122327442,5
ETVZ:seis_pick_2/inf_pick_2 | NGZ:seis_pick_2/inf_pick_2 | NOVZ:seis_pick_1/inf_pick_1 | OTVZ:seis_pick_2/inf_pick_2 | SNVZ:seis_pick_1/inf_pick_2,S2I2S2I2S1I1S2I2S1I2,3000.0,3.0,1827848.0,5662160.0,2101.272461,1.3824535848149353,-0.1836068211796901,5
ETVZ:seis_pick_2/inf_pick_2 | NGZ:seis_pick_2/inf_pick_1 | NOVZ:seis_pick_2/inf_pick_2 | OTVZ:seis_pick_2/inf_pick_1 | SNVZ:seis_pick_2/inf_pick_1,S2I2S2I1S2I2S2I1S2I1,2500.0,2.5,1828328.0,5661584.0,1637.31189,1.382563065858587,-0.29541848500431234,5
ETVZ:seis_pick_1/inf_pick_1 | NGZ:seis_pick_1/inf_pick_1 | NOVZ:seis_pick_2/inf_pick_1 | OTVZ:seis_pick_2/inf_pick_1 | SNVZ:seis_pick_1/inf_pick_2,S1I1S1I1S2I1S2I1S1I2,3300.0,3.3,1828424.0,5662448.0,1810.776733,1.382583676749119,-0.34513692498562404,5
ETVZ:seis_pick_2/inf_pick_2 | NGZ:seis_pick_1/inf_pick_1 | NOVZ:seis_pick_2/inf_pick_2 | OTVZ:seis_pick_2/inf_pick_1 | SNVZ:seis_pick_2/inf_pick_1,S2I2S1I1S2I2S2I1S2I1,3000.0,3.0,1828424.0,5661584.0,1603.305054,1.383160507087474,-0.36244811863699855,5
ETVZ:seis_pick_2/inf_pick_2 | NGZ:seis_pick_1/inf_pick_2 | NOVZ:seis_pick_1/inf_pick_2 | OTVZ:seis_pick_2/inf_pick_1 | SNVZ:seis_pick_1/inf_pick_1,S2I2S1I2S1I2S2I1S1I1,2500.0,2.5,1828328.0,5661584.0,1637.31189,1.3839405629878485,-0.12293608686427326,5
ETVZ:seis_pick_2/inf_pick_2 | NGZ:seis_pick_2/inf_pick_2 | NOVZ:seis_pick_1/inf_pick_2 | OTVZ:seis_pick_2/inf_pick_1 | SNVZ:seis_pick_1/inf_pick_1,S2I2S2I2S1I2S2I1S1I1,3000.0,3.0,1828232.0,5661584.0,1658.624878,1.3842702424868605,-0.5891702229451996,5
ETVZ:seis_pick_2/inf_pick_2 | NGZ:seis_pick_1/inf_pick_2 | NOVZ:seis_pick_1/inf_pick_2 | OTVZ:seis_pick_1/inf_pick_1 | SNVZ:seis_pick_1/inf_pick_2,S2I2S1I2S1I2S1I1S1I2,3000.0,3.0,1828136.0,5662064.0,1926.312866,1.3844815961800685,0.31486248372426895,5
ETVZ:seis_pick_1/inf_pick_2 | NGZ:seis_pick_2/inf_pick_2 | NOVZ:seis_pick_2/inf_pick_1 | OTVZ:seis_pick_1/inf_pick_1 | SNVZ:seis_pick_2/inf_pick_2,S1I2S2I2S2I1S1I1S2I2,3300.0,3.3,1827752.0,5662160.0,2131.72583,1.3848615178186336,-0.6249742311644061,5
ETVZ:seis_pick_2/inf_pick_1 | NGZ:seis_pick_2/inf_pick_1 | NOVZ:seis_pick_2/inf_pick_1 | OTVZ:seis_pick_2/inf_pick_1 | SNVZ:seis_pick_1/inf_pick_2,S2I1S2I1S2I1S2I1S1I2,2500.0,2.5,1828424.0,5662448.0,1810.776733,1.385120078337501,-0.2570727005178405,5
ETVZ:seis_pick_1/inf_pick_1 | NGZ:seis_pick_2/inf_pick_2 | NOVZ:seis_pick_1/inf_pick_2 | OTVZ:seis_pick_2/inf_pick_2 | SNVZ:seis_pick_1/inf_pick_2,S1I1S2I2S1I2S2I2S1I2,2500.0,2.5,1828136.0,5662064.0,1926.312866,1.3851414057819764,0.26450129581275217,5
ETVZ:seis_pick_1/inf_pick_2 | NGZ:seis_pick_1/inf_pick_2 | NOVZ:seis_pick_2/inf_pick_1 | OTVZ:seis_pick_2/inf_pick_2 | SNVZ:seis_pick_1/inf_pick_2,S1I2S1I2S2I1S2I2S1I2,3000.0,3.0,1827848.0,5662352.0,2147.00293,1.3851813765378658,-0.08503172871407152,5
ETVZ:seis_pick_1/inf_pick_2 | NGZ:seis_pick_1/inf_pick_1 | NOVZ:seis_pick_1/inf_pick_1 | OTVZ:seis_pick_1/inf_pick_1 | SNVZ:seis_pick_1/inf_pick_2,S1I2S1I1S1I1S1I1S1I2,3000.0,3.0,1828232.0,5662256.0,1871.278687,1.3862419492782418,0.532593450621485,5
ETVZ:seis_pick_2/inf_pick_2 | NGZ:seis_pick_2/inf_pick_2 | NOVZ:seis_pick_2/inf_pick_2 | OTVZ:seis_pick_2/inf_pick_2 | SNVZ:seis_pick_1/inf_pick_2,S2I2S2I2S2I2S2I2S1I2,3300.0,3.3,1827944.0,5662160.0,2062.442139,1.3871755448990564,-0.17079035324353847,5
ETVZ:seis_pick_1/inf_pick_2 | NGZ:seis_pick_1/inf_pick_2 | NOVZ:seis_pick_1/inf_pick_2 | OTVZ:seis_pick_1/inf_pick_1 | SNVZ:seis_pick_2/inf_pick_2,S1I2S1I2S1I2S1I1S2I2,2500.0,2.5,1828040.0,5661872.0,1862.954834,1.3873958047857209,0.5443838724658177,5
ETVZ:seis_pick_1/inf_pick_2 | NGZ:seis_pick_1/inf_pick_1 | NOVZ:seis_pick_1/inf_pick_2 | OTVZ:seis_pick_1/inf_pick_1 | SNVZ:seis_pick_1/inf_pick_2,S1I2S1I1S1I2S1I1S1I2,2500.0,2.5,1828328.0,5662064.0,1806.550293,1.3880020852254555,1.1035633161228477,5
ETVZ:seis_pick_2/inf_pick_1 | NGZ:seis_pick_1/inf_pick_2 | NOVZ:seis_pick_2/inf_pick_1 | OTVZ:seis_pick_2/inf_pick_1 | SNVZ:seis_pick_1/inf_pick_2,S2I1S1I2S2I1S2I1S1I2,3300.0,3.3,1828328.0,5662448.0,1861.943481,1.3888983541157691,-0.8220349535569088,5
ETVZ:seis_pick_1/inf_pick_2 | NGZ:seis_pick_2/inf_pick_1 | NOVZ:seis_pick_2/inf_pick_1 | OTVZ:seis_pick_1/inf_pick_1 | SNVZ:seis_pick_2/inf_pick_1,S1I2S2I1S2I1S1I1S2I1,2500.0,2.5,1828040.0,5661680.0,1747.83252,1.3891070054697856,-0.19915834136889252,5
ETVZ:seis_pick_1/inf_pick_2 | NGZ:seis_pick_1/inf_pick_2 | NOVZ:seis_pick_1/inf_pick_2 | OTVZ:seis_pick_2/inf_pick_2 | SNVZ:seis_pick_1/inf_pick_2,S1I2S1I2S1I2S2I2S1I2,3000.0,3.0,1828040.0,5662064.0,1956.737061,1.3893986675004324,0.4779205636767191,5
ETVZ:seis_pick_1/inf_pick_2 | NGZ:seis_pick_1/inf_pick_2 | NOVZ:seis_pick_2/inf_pick_2 | OTVZ:seis_pick_1/inf_pick_1 | SNVZ:seis_pick_2/inf_pick_2,S1I2S1I2S2I2S1I1S2I2,2500.0,2.5,1828040.0,5661968.0,1927.026855,1.3894487032644915,0.37847042908938383,5
ETVZ:seis_pick_2/inf_pick_2 | NGZ:seis_pick_2/inf_pick_2 | NOVZ:seis_pick_1/inf_pick_1 | OTVZ:seis_pick_2/inf_pick_1 | SNVZ:seis_pick_1/inf_pick_1,S2I2S2I2S1I1S2I1S1I1,3000.0,3.0,1828136.0,5661776.0,1782.875366,1.389796637640039,-0.8573069269205928,5
ETVZ:seis_pick_2/inf_pick_1 | NGZ:seis_pick_2/inf_pick_2 | NOVZ:seis_pick_1/inf_pick_2 | OTVZ:seis_pick_1/inf_pick_1 | SNVZ:seis_pick_1/inf_pick_2,S2I1S2I2S1I2S1I1S1I2,3300.0,3.3,1828232.0,5662160.0,1873.492554,1.3898451820688962,-0.30468236614875027,5
ETVZ:seis_pick_1/inf_pick_2 | NGZ:seis_pick_1/inf_pick_1 | NOVZ:seis_pick_2/inf_pick_1 | OTVZ:seis_pick_2/inf_pick_2 | SNVZ:seis_pick_1/inf_pick_1,S1I2S1I1S2I1S2I2S1I1,2500.0,2.5,1828040.0,5661968.0,1927.026855,1.3899551784047466,0.17451630516573183,5
ETVZ:seis_pick_2/inf_pick_2 | NGZ:seis_pick_1/inf_pick_2 | NOVZ:seis_pick_1/inf_pick_1 | OTVZ:seis_pick_2/inf_pick_1 | SNVZ:seis_pick_2/inf_pick_1,S2I2S1I2S1I1S2I1S2I1,2500.0,2.5,1828232.0,5661584.0,1658.624878,1.389962423403409,-0.5505610543649901,5
ETVZ:seis_pick_1/inf_pick_2 | NGZ:seis_pick_1/inf_pick_1 | NOVZ:seis_pick_2/inf_pick_1 | OTVZ:seis_pick_1/inf_pick_1 | SNVZ:seis_pick_1/inf_pick_1,S1I2S1I1S2I1S1I1S1I1,3000.0,3.0,1828136.0,5661968.0,1868.978394,1.390632097267477,-0.1281011471077836,5
ETVZ:seis_pick_2/inf_pick_2 | NGZ:seis_pick_2/inf_pick_2 | NOVZ:seis_pick_1/inf_pick_2 | OTVZ:seis_pick_1/inf_pick_1 | SNVZ:seis_pick_2/inf_pick_2,S2I2S2I2S1I2S1I1S2I2,2500.0,2.5,1828040.0,5661872.0,1862.954834,1.3907599767300776,0.24079728079506832,5
ETVZ:seis_pick_1/inf_pick_2 | NGZ:seis_pick_2/inf_pick_2 | NOVZ:seis_pick_2/inf_pick_2 | OTVZ:seis_pick_1/inf_pick_1 | SNVZ:seis_pick_2/inf_pick_2,S1I2S2I2S2I2S1I1S2I2,3300.0,3.3,1827944.0,5661968.0,1945.640259,1.3914527641362093,-0.2272821974681321,5
ETVZ:seis_pick_1/inf_pick_2 | NGZ:seis_pick_2/inf_pick_1 | NOVZ:seis_pick_1/inf_pick_1 | OTVZ:seis_pick_1/inf_pick_1 | SNVZ:seis_pick_1/inf_pick_2,S1I2S2I1S1I1S1I1S1I2,3300.0,3.3,1828136.0,5662256.0,1932.221924,1.393503155482466,0.1891219649578746,5
ETVZ:seis_pick_2/inf_pick_1 | NGZ:seis_pick_2/inf_pick_2 | NOVZ:seis_pick_2/inf_pick_2 | OTVZ:seis_pick_2/inf_pick_1 | SNVZ:seis_pick_2/inf_pick_2,S2I1S2I2S2I2S2I1S2I2,3000.0,3.0,1828328.0,5662064.0,1806.550293,1.394535436596978,-0.719796995383971,5
ETVZ:seis_pick_2/inf_pick_1 | NGZ:seis_pick_2/inf_pick_2 | NOVZ:seis_pick_2/inf_pick_1 | OTVZ:seis_pick_2/inf_pick_1 | SNVZ:seis_pick_2/inf_pick_2,S2I1S2I2S2I1S2I1S2I2,2500.0,2.5,1828232.0,5662256.0,1871.278687,1.3946439029210302,-0.7547855778823417,5
ETVZ:seis_pick_2/inf_pick_2 | NGZ:seis_pick_1/inf_pick_1 | NOVZ:seis_pick_1/inf_pick_1 | OTVZ:seis_pick_2/inf_pick_1 | SNVZ:seis_pick_1/inf_pick_1,S2I2S1I1S1I1S2I1S1I1,3300.0,3.3,1828424.0,5661872.0,1701.829712,1.3946896170548653,-0.4063310155409464,5
ETVZ:seis_pick_1/inf_pick_2 | NGZ:seis_pick_2/inf_pick_2 | NOVZ:seis_pick_1/inf_pick_2 | OTVZ:seis_pick_2/inf_pick_2 | SNVZ:seis_pick_2/inf_pick_2,S1I2S2I2S1I2S2I2S2I2,2500.0,2.5,1827944.0,5661776.0,1826.723999,1.3951683353115452,0.42769795683830997,5
ETVZ:seis_pick_2/inf_pick_1 | NGZ:seis_pick_2/inf_pick_2 | NOVZ:seis_pick_1/inf_pick_2 | OTVZ:seis_pick_1/inf_pick_1 | SNVZ:seis_pick_1/inf_pick_2,S2I1S2I2S1I2S1I1S1I2,3000.0,3.0,1828232.0,5662160.0,1873.492554,1.3984327246607293,-0.1826867585172806,5
ETVZ:seis_pick_1/inf_pick_2 | NGZ:seis_pick_2/inf_pick_2 | NOVZ:seis_pick_1/inf_pick_2 | OTVZ:seis_pick_2/inf_pick_1 | SNVZ:seis_pick_2/inf_pick_1,S1I2S2I2S1I2S2I1S2I1,3300.0,3.3,1828136.0,5661392.0,1605.433472,1.400764860913594,-0.8022291558757388,5
ETVZ:seis_pick_1/inf_pick_2 | NGZ:seis_pick_2/inf_pick_1 | NOVZ:seis_pick_1/inf_pick_2 | OTVZ:seis_pick_1/inf_pick_1 | SNVZ:seis_pick_1/inf_pick_2,S1I2S2I1S1I2S1I1S1I2,3000.0,3.0,1828232.0,5662064.0,1861.719849,1.4021769507311406,0.6225287109069286,5
ETVZ:seis_pick_2/inf_pick_1 | NGZ:seis_pick_1/inf_pick_2 | NOVZ:seis_pick_1/inf_pick_1 | OTVZ:seis_pick_2/inf_pick_1 | SNVZ:seis_pick_1/inf_pick_2,S2I1S1I2S1I1S2I1S1I2,3300.0,3.3,1828424.0,5662352.0,1806.060791,1.4031905619676912,-0.6245125026946591,5
ETVZ:seis_pick_1/inf_pick_2 | NGZ:seis_pick_1/inf_pick_2 | NOVZ:seis_pick_1/inf_pick_1 | OTVZ:seis_pick_1/inf_pick_1 | SNVZ:seis_pick_2/inf_pick_2,S1I2S1I2S1I1S1I1S2I2,2500.0,2.5,1827944.0,5662064.0,2013.466919,1.404238077166636,0.2178465219442403,5
ETVZ:seis_pick_2/inf_pick_2 | NGZ:seis_pick_1/inf_pick_1 | NOVZ:seis_pick_1/inf_pick_2 | OTVZ:seis_pick_2/inf_pick_1 | SNVZ:seis_pick_2/inf_pick_2,S2I2S1I1S1I2S2I1S2I2,3300.0,3.3,1828520.0,5661968.0,1675.416504,1.4049202616440621,0.20651038363027058,5
ETVZ:seis_pick_1/inf_pick_2 | NGZ:seis_pick_1/inf_pick_1 | NOVZ:seis_pick_2/inf_pick_1 | OTVZ:seis_pick_2/inf_pick_2 | SNVZ:seis_pick_2/inf_pick_1,S1I2S1I1S2I1S2I2S2I1,3000.0,3.0,1828136.0,5661776.0,1782.875366,1.4059473889485339,-0.1966820401521316,5
ETVZ:seis_pick_1/inf_pick_1 | NGZ:seis_pick_1/inf_pick_1 | NOVZ:seis_pick_2/inf_pick_2 | OTVZ:seis_pick_2/inf_pick_1 | SNVZ:seis_pick_1/inf_pick_2,S1I1S1I1S2I2S2I1S1I2,2500.0,2.5,1828616.0,5662256.0,1674.459961,1.4064627360096664,0.3789975180740207,5
ETVZ:seis_pick_1/inf_pick_1 | NGZ:seis_pick_2/inf_pick_2 | NOVZ:seis_pick_2/inf_pick_2 | OTVZ:seis_pick_1/inf_pick_1 | SNVZ:seis_pick_1/inf_pick_2,S1I1S2I2S2I2S1I1S1I2,2500.0,2.5,1828136.0,5662160.0,1946.274292,1.4068470408376994,0.028692764485503553,5
ETVZ:seis_pick_1/inf_pick_1 | NGZ:seis_pick_1/inf_pick_2 | NOVZ:seis_pick_1/inf_pick_1 | OTVZ:seis_pick_2/inf_pick_1 | SNVZ:seis_pick_2/inf_pick_2,S1I1S1I2S1I1S2I1S2I2,2500.0,2.5,1828328.0,5662064.0,1806.550293,1.4074875029194154,-0.24015001282188192,5
ETVZ:seis_pick_2/inf_pick_2 | NGZ:seis_pick_2/inf_pick_1 | NOVZ:seis_pick_2/inf_pick_1 | OTVZ:seis_pick_2/inf_pick_1 | SNVZ:seis_pick_2/inf_pick_1,S2I2S2I1S2I1S2I1S2I1,3300.0,3.3,1828232.0,5661776.0,1756.203979,1.4074931022427044,-0.9432809374543869,5
ETVZ:seis_pick_2/inf_pick_2 | NGZ:seis_pick_2/inf_pick_2 | NOVZ:seis_pick_2/inf_pick_2 | OTVZ:seis_pick_2/inf_pick_2 | SNVZ:seis_pick_1/inf_pick_2,S2I2S2I2S2I2S2I2S1I2,3000.0,3.0,1827944.0,5662160.0,2062.442139,1.4088661303761703,-0.047242136514050334,5
ETVZ:seis_pick_2/inf_pick_2 | NGZ:seis_pick_2/inf_pick_1 | NOVZ:seis_pick_2/inf_pick_2 | OTVZ:seis_pick_2/inf_pick_1 | SNVZ:seis_pick_1/inf_pick_1,S2I2S2I1S2I2S2I1S1I1,2500.0,2.5,1828328.0,5661680.0,1673.186646,1.4090638582678499,-0.11451832256231978,5
ETVZ:seis_pick_1/inf_pick_2 | NGZ:seis_pick_2/inf_pick_1 | NOVZ:seis_pick_2/inf_pick_2 | OTVZ:seis_pick_1/inf_pick_1 | SNVZ:seis_pick_1/inf_pick_2,S1I2S2I1S2I2S1I1S1I2,3000.0,3.0,1828136.0,5662160.0,1946.274292,1.4094565486312873,0.4206432253804483,5
ETVZ:seis_pick_1/inf_pick_1 | NGZ:seis_pick_1/inf_pick_2 | NOVZ:seis_pick_2/inf_pick_2 | OTVZ:seis_pick_2/inf_pick_1 | SNVZ:seis_pick_2/inf_pick_2,S1I1S1I2S2I2S2I1S2I2,2500.0,2.5,1828424.0,5662064.0,1744.648804,1.409873346669252,-0.12135093024251926,5
ETVZ:seis_pick_2/inf_pick_2 | NGZ:seis_pick_1/inf_pick_2 | NOVZ:seis_pick_2/inf_pick_2 | OTVZ:seis_pick_2/inf_pick_1 | SNVZ:seis_pick_1/inf_pick_1,S2I2S1I2S2I2S2I1S1I1,2500.0,2.5,1828232.0,5661680.0,1707.919678,1.410960876325218,-0.2819865268789005,5
ETVZ:seis_pick_1/inf_pick_2 | NGZ:seis_pick_2/inf_pick_2 | NOVZ:seis_pick_1/inf_pick_1 | OTVZ:seis_pick_1/inf_pick_1 | SNVZ:seis_pick_2/inf_pick_2,S1I2S2I2S1I1S1I1S2I2,3000.0,3.0,1827848.0,5661968.0,1976.512817,1.4111421010720673,-0.23533199435769792,5
ETVZ:seis_pick_1/inf_pick_2 | NGZ:seis_pick_1/inf_pick_2 | NOVZ:seis_pick_1/inf_pick_2 | OTVZ:seis_pick_2/inf_pick_1 | SNVZ:seis_pick_2/inf_pick_1,S1I2S1I2S1I2S2I1S2I1,3000.0,3.0,1828232.0,5661392.0,1581.285278,1.4114361600458862,-0.4791898331073906,5
ETVZ:seis_pick_2/inf_pick_2 | NGZ:seis_pick_2/inf_pick_1 | NOVZ:seis_pick_2/inf_pick_1 | OTVZ:seis_pick_2/inf_pick_1 | SNVZ:seis_pick_1/inf_pick_1,S2I2S2I1S2I1S2I1S1I1,3300.0,3.3,1828232.0,5661968.0,1833.125488,1.4119514588544109,-0.7960045369663687,5
ETVZ:seis_pick_1/inf_pick_2 | NGZ:seis_pick_1/inf_pick_1 | NOVZ:seis_pick_2/inf_pick_1 | OTVZ:seis_pick_2/inf_pick_2 | SNVZ:seis_pick_1/inf_pick_2,S1I2S1I1S2I1S2I2S1I2,2500.0,2.5,1828040.0,5662352.0,2016.082642,1.4121934864659933,0.6245206810144646,5
ETVZ:seis_pick_1/inf_pick_1 | NGZ:seis_pick_2/inf_pick_1 | NOVZ:seis_pick_2/inf_pick_2 | OTVZ:seis_pick_2/inf_pick_1 | SNVZ:seis_pick_1/inf_pick_2,S1I1S2I1S2I2S2I1S1I2,3300.0,3.3,1828520.0,5662256.0,1733.170288,1.412282748509133,-0.2098818068142604,5
ETVZ:seis_pick_2/inf_pick_2 | NGZ:seis_pick_1/inf_pick_2 | NOVZ:seis_pick_2/inf_pick_1 | OTVZ:seis_pick_2/inf_pick_1 | SNVZ:seis_pick_1/inf_pick_1,S2I2S1I2S2I1S2I1S1I1,3000.0,3.0,1828136.0,5661872.0,1836.069458,1.4135576346534935,-0.8310651871431268,5
ETVZ:seis_pick_2/inf_pick_1 | NGZ:seis_pick_1/inf_pick_2 | NOVZ:seis_pick_2/inf_pick_1 | OTVZ:seis_pick_2/inf_pick_1 | SNVZ:seis_pick_1/inf_pick_2,S2I1S1I2S2I1S2I1S1I2,3000.0,3.0,1828328.0,5662448.0,1861.943481,1.4144628101270118,-0.6993356051182765,5
ETVZ:seis_pick_2/inf_pick_2 | NGZ:seis_pick_2/inf_pick_2 | NOVZ:seis_pick_2/inf_pick_1 | OTVZ:seis_pick_2/inf_pick_2 | SNVZ:seis_pick_1/inf_pick_2,S2I2S2I2S2I1S2I2S1I2,2500.0,2.5,1827752.0,5662256.0,2200.287842,1.4145494544989632,-0.14521408135474853,5
ETVZ:seis_pick_1/inf_pick_2 | NGZ:seis_pick_1/inf_pick_1 | NOVZ:seis_pick_2/inf_pick_1 | OTVZ:seis_pick_1/inf_pick_1 | SNVZ:seis_pick_1/inf_pick_2,S1I2S1I1S2I1S1I1S1I2,3300.0,3.3,1828136.0,5662352.0,1970.850952,1.4148795872557376,0.19396167613728998,5
ETVZ:seis_pick_1/inf_pick_2 | NGZ:seis_pick_2/inf_pick_1 | NOVZ:seis_pick_2/inf_pick_1 | OTVZ:seis_pick_2/inf_pick_2 | SNVZ:seis_pick_1/inf_pick_2,S1I2S2I1S2I1S2I2S1I2,2500.0,2.5,1827944.0,5662352.0,2080.786133,1.4149574460817413,0.39216769589091455,5
ETVZ:seis_pick_2/inf_pick_2 | NGZ:seis_pick_2/inf_pick_2 | NOVZ:seis_pick_2/inf_pick_1 | OTVZ:seis_pick_2/inf_pick_1 | SNVZ:seis_pick_1/inf_pick_1,S2I2S2I2S2I1S2I1S1I1,3000.0,3.0,1828040.0,5661872.0,1862.954834,1.4150364114137928,-1.0433549072562216,5
ETVZ:seis_pick_1/inf_pick_1 | NGZ:seis_pick_1/inf_pick_1 | NOVZ:seis_pick_2/inf_pick_1 | OTVZ:seis_pick_2/inf_pick_1 | SNVZ:seis_pick_1/inf_pick_2,S1I1S1I1S2I1S2I1S1I2,3000.0,3.0,1828424.0,5662448.0,1810.776733,1.4152054895854893,-0.22274604494233224,5
ETVZ:seis_pick_1/inf_pick_1 | NGZ:seis_pick_2/inf_pick_1 | NOVZ:seis_pick_1/inf_pick_1 | OTVZ:seis_pick_2/inf_pick_1 | SNVZ:seis_pick_1/inf_pick_2,S1I1S2I1S1I1S2I1S1I2,3300.0,3.3,1828424.0,5662352.0,1806.060791,1.4159111142820056,-0.3569506937263201,5
ETVZ:seis_pick_1/inf_pick_2 | NGZ:seis_pick_1/inf_pick_1 | NOVZ:seis_pick_1/inf_pick_1 | OTVZ:seis_pick_1/inf_pick_1 | SNVZ:seis_pick_2/inf_pick_1,S1I2S1I1S1I1S1I1S2I1,2500.0,2.5,1828232.0,5661584.0,1658.624878,1.415995365313772,0.1718594727287801,5
ETVZ:seis_pick_2/inf_pick_2 | NGZ:seis_pick_1/inf_pick_1 | NOVZ:seis_pick_1/inf_pick_1 | OTVZ:seis_pick_2/inf_pick_1 | SNVZ:seis_pick_2/inf_pick_1,S2I2S1I1S1I1S2I1S2I1,3300.0,3.3,1828424.0,5661680.0,1639.828735,1.4165419285757297,-0.5734965971520364,5
ETVZ:seis_pick_1/inf_pick_1 | NGZ:seis_pick_2/inf_pick_1 | NOVZ:seis_pick_1/inf_pick_2 | OTVZ:seis_pick_2/inf_pick_1 | SNVZ:seis_pick_1/inf_pick_2,S1I1S2I1S1I2S2I1S1I2,3300.0,3.3,1828520.0,5662160.0,1702.077515,1.4166098568760517,-0.04364694719904705,5
ETVZ:seis_pick_2/inf_pick_2 | NGZ:seis_pick_1/inf_pick_2 | NOVZ:seis_pick_1/inf_pick_1 | OTVZ:seis_pick_1/inf_pick_1 | SNVZ:seis_pick_1/inf_pick_2,S2I2S1I2S1I1S1I1S1I2,2500.0,2.5,1828040.0,5662256.0,2015.394897,1.4166681618560413,0.2627501258270414,5
ETVZ:seis_pick_1/inf_pick_2 | NGZ:seis_pick_2/inf_pick_2 | NOVZ:seis_pick_2/inf_pick_1 | OTVZ:seis_pick_1/inf_pick_1 | SNVZ:seis_pick_2/inf_pick_2,S1I2S2I2S2I1S1I1S2I2,3000.0,3.0,1827752.0,5662160.0,2131.72583,1.4166797816952226,-0.5003923468103055,5
ETVZ:seis_pick_1/inf_pick_2 | NGZ:seis_pick_2/inf_pick_2 | NOVZ:seis_pick_1/inf_pick_2 | OTVZ:seis_pick_1/inf_pick_1 | SNVZ:seis_pick_2/inf_pick_2,S1I2S2I2S1I2S1I1S2I2,3300.0,3.3,1827944.0,5661872.0,1879.445679,1.4180088793510566,-0.05881207697789677,5
ETVZ:seis_pick_1/inf_pick_2 | NGZ:seis_pick_1/inf_pick_2 | NOVZ:seis_pick_2/inf_pick_2 | OTVZ:seis_pick_2/inf_pick_1 | SNVZ:seis_pick_2/inf_pick_1,S1I2S1I2S2I2S2I1S2I1,3300.0,3.3,1828232.0,5661584.0,1658.624878,1.4191950974413718,-0.7249113374363063,5
ETVZ:seis_pick_2/inf_pick_1 | NGZ:seis_pick_1/inf_pick_2 | NOVZ:seis_pick_2/inf_pick_2 | OTVZ:seis_pick_2/inf_pick_1 | SNVZ:seis_pick_1/inf_pick_2,S2I1S1I2S2I2S2I1S1I2,3300.0,3.3,1828424.0,5662256.0,1795.46814,1.4197462627048083,-0.5027805233057263,5
ETVZ:seis_pick_2/inf_pick_1 | NGZ:seis_pick_2/inf_pick_2 | NOVZ:seis_pick_1/inf_pick_1 | OTVZ:seis_pick_2/inf_pick_1 | SNVZ:seis_pick_2/inf_pick_2,S2I1S2I2S1I1S2I1S2I2,2500.0,2.5,1828328.0,5662064.0,1806.550293,1.419804159045648,-0.5437366044926313,5
ETVZ:seis_pick_2/inf_pick_1 | NGZ:seis_pick_2/inf_pick_2 | NOVZ:seis_pick_1/inf_pick_2 | OTVZ:seis_pick_1/inf_pick_1 | SNVZ:seis_pick_1/inf_pick_2,S2I1S2I2S1I2S1I1S1I2,2500.0,2.5,1828232.0,5662064.0,1861.719849,1.4198377921226972,0.10729576760118427,5
ETVZ:seis_pick_1/inf_pick_2 | NGZ:seis_pick_2/inf_pick_2 | NOVZ:seis_pick_2/inf_pick_2 | OTVZ:seis_pick_2/inf_pick_1 | SNVZ:seis_pick_2/inf_pick_1,S1I2S2I2S2I2S2I1S2I1,3300.0,3.3,1828040.0,5661488.0,1663.414795,1.420051292644138,-0.9558582299231274,5
ETVZ:seis_pick_1/inf_pick_2 | NGZ:seis_pick_2/inf_pick_2 | NOVZ:seis_pick_2/inf_pick_2 | OTVZ:seis_pick_1/inf_pick_1 | SNVZ:seis_pick_2/inf_pick_2,S1I2S2I2S2I2S1I1S2I2,3000.0,3.0,1827848.0,5661968.0,1976.512817,1.4204266071629927,-0.14436025073261352,5
ETVZ:seis_pick_2/inf_pick_2 | NGZ:seis_pick_1/inf_pick_2 | NOVZ:seis_pick_2/inf_pick_2 | OTVZ:seis_pick_1/inf_pick_1 | SNVZ:seis_pick_1/inf_pick_2,S2I2S1I2S2I2S1I1S1I2,2500.0,2.5,1828136.0,5662160.0,1946.274292,1.4210961672873064,0.42255620727374976,5
ETVZ:seis_pick_1/inf_pick_2 | NGZ:seis_pick_2/inf_pick_1 | NOVZ:seis_pick_1/inf_pick_2 | OTVZ:seis_pick_2/inf_pick_1 | SNVZ:seis_pick_2/inf_pick_1,S1I2S2I1S1I2S2I1S2I1,3000.0,3.0,1828328.0,5661488.0,1598.106201,1.4219753901773067,-0.30715946525451604,5
ETVZ:seis_pick_1/inf_pick_2 | NGZ:seis_pick_2/inf_pick_1 | NOVZ:seis_pick_1/inf_pick_2 | OTVZ:seis_pick_2/inf_pick_1 | SNVZ:seis_pick_1/inf_pick_1,S1I2S2I1S1I2S2I1S1I1,3300.0,3.3,1828328.0,5661584.0,1637.31189,1.422232805860779,-0.24165710581732877,5
ETVZ:seis_pick_1/inf_pick_1 | NGZ:seis_pick_1/inf_pick_2 | NOVZ:seis_pick_2/inf_pick_1 | OTVZ:seis_pick_2/inf_pick_1 | SNVZ:seis_pick_2/inf_pick_2,S1I1S1I2S2I1S2I1S2I2,2500.0,2.5,1828232.0,5662256.0,1871.278687,1.4234056511361746,-0.4511989862115923,5
ETVZ:seis_pick_2/inf_pick_2 | NGZ:seis_pick_1/inf_pick_2 | NOVZ:seis_pick_2/inf_pick_1 | OTVZ:seis_pick_1/inf_pick_1 | SNVZ:seis_pick_1/inf_pick_2,S2I2S1I2S2I1S1I1S1I2,2500.0,2.5,1827944.0,5662352.0,2080.786133,1.4237113527928225,0.04994391181025577,5
ETVZ:seis_pick_1/inf_pick_1 | NGZ:seis_pick_1/inf_pick_2 | NOVZ:seis_pick_1/inf_pick_2 | OTVZ:seis_pick_2/inf_pick_1 | SNVZ:seis_pick_2/inf_pick_2,S1I1S1I2S1I2S2I1S2I2,2500.0,2.5,1828424.0,5661968.0,1733.215942,1.4237828236679406,0.03138942025104914,5
ETVZ:seis_pick_2/inf_pick_2 | NGZ:seis_pick_2/inf_pick_2 | NOVZ:seis_pick_2/inf_pick_1 | OTVZ:seis_pick_2/inf_pick_1 | SNVZ:seis_pick_2/inf_pick_1,S2I2S2I2S2I1S2I1S2I1,2500.0,2.5,1828040.0,5661680.0,1747.83252,1.4243169554902115,-0.9215788684626627,5
ETVZ:seis_pick_1/inf_pick_2 | NGZ:seis_pick_2/inf_pick_1 | NOVZ:seis_pick_2/inf_pick_1 | OTVZ:seis_pick_1/inf_pick_1 | SNVZ:seis_pick_1/inf_pick_2,S1I2S2I1S2I1S1I1S1I2,3300.0,3.3,1828040.0,5662352.0,2016.082642,1.4244232052208248,-0.027590946658308725,5
ETVZ:seis_pick_2/inf_pick_1 | NGZ:seis_pick_1/inf_pick_2 | NOVZ:seis_pick_1/inf_pick_1 | OTVZ:seis_pick_2/inf_pick_1 | SNVZ:seis_pick_1/inf_pick_2,S2I1S1I2S1I1S2I1S1I2,3000.0,3.0,1828424.0,5662256.0,1795.46814,1.426006378288354,-0.4720869567179687,5
ETVZ:seis_pick_1/inf_pick_2 | NGZ:seis_pick_2/inf_pick_1 | NOVZ:seis_pick_1/inf_pick_1 | OTVZ:seis_pick_1/inf_pick_1 | SNVZ:seis_pick_1/inf_pick_2,S1I2S2I1S1I1S1I1S1I2,3000.0,3.0,1828136.0,5662256.0,1932.221924,1.4266346821161044,0.31181389013643257,5
ETVZ:seis_pick_1/inf_pick_2 | NGZ:seis_pick_1/inf_pick_1 | NOVZ:seis_pick_2/inf_pick_2 | OTVZ:seis_pick_1/inf_pick_1 | SNVZ:seis_pick_1/inf_pick_2,S1I2S1I1S2I2S1I1S1I2,2500.0,2.5,1828232.0,5662160.0,1873.492554,1.4276390727386197,0.9142578062616609,5
ETVZ:seis_pick_1/inf_pick_1 | NGZ:seis_pick_2/inf_pick_2 | NOVZ:seis_pick_1/inf_pick_2 | OTVZ:seis_pick_1/inf_pick_1 | SNVZ:seis_pick_1/inf_pick_2,S1I1S2I2S1I2S1I1S1I2,3300.0,3.3,1828136.0,5662064.0,1926.312866,1.427824670295342,-0.2012010862296174,5
ETVZ:seis_pick_1/inf_pick_2 | NGZ:seis_pick_2/inf_pick_1 | NOVZ:seis_pick_2/inf_pick_1 | OTVZ:seis_pick_1/inf_pick_1 | SNVZ:seis_pick_2/inf_pick_2,S1I2S2I1S2I1S1I1S2I2,2500.0,2.5,1828040.0,5662160.0,2012.584229,1.4281279148368273,0.23475523496040634,5
ETVZ:seis_pick_2/inf_pick_2 | NGZ:seis_pick_2/inf_pick_2 | NOVZ:seis_pick_1/inf_pick_1 | OTVZ:seis_pick_2/inf_pick_2 | SNVZ:seis_pick_1/inf_pick_2,S2I2S2I2S1I1S2I2S1I2,2500.0,2.5,1827848.0,5662160.0,2101.272461,1.4312877472408196,0.0893366331426293,5
ETVZ:seis_pick_1/inf_pick_1 | NGZ:seis_pick_2/inf_pick_2 | NOVZ:seis_pick_2/inf_pick_1 | OTVZ:seis_pick_2/inf_pick_1 | SNVZ:seis_pick_2/inf_pick_2,S1I1S2I2S2I1S2I1S2I2,3300.0,3.3,1828136.0,5662256.0,1932.221924,1.432824361550812,-1.0636196203617705,5
ETVZ:seis_pick_2/inf_pick_2 | NGZ:seis_pick_1/inf_pick_1 | NOVZ:seis_pick_1/inf_pick_1 | OTVZ:seis_pick_2/inf_pick_1 | SNVZ:seis_pick_1/inf_pick_1,S2I2S1I1S1I1S2I1S1I1,3000.0,3.0,1828424.0,5661872.0,1701.829712,1.433067003494519,-0.28564527821518004,5
ETVZ:seis_pick_1/inf_pick_1 | NGZ:seis_pick_1/inf_pick_1 | NOVZ:seis_pick_1/inf_pick_1 | OTVZ:seis_pick_2/inf_pick_1 | SNVZ:seis_pick_1/inf_pick_2,S1I1S1I1S1I1S2I1S1I2,2500.0,2.5,1828520.0,5662256.0,1733.170288,1.4338351139379046,0.269505912406261,5
ETVZ:seis_pick_2/inf_pick_1 | NGZ:seis_pick_2/inf_pick_2 | NOVZ:seis_pick_1/inf_pick_2 | OTVZ:seis_pick_2/inf_pick_1 | SNVZ:seis_pick_2/inf_pick_2,S2I1S2I2S1I2S2I1S2I2,3300.0,3.3,1828424.0,5661968.0,1733.215942,1.4342933412777605,-0.6589586203081437,5
ETVZ:seis_pick_1/inf_pick_1 | NGZ:seis_pick_2/inf_pick_1 | NOVZ:seis_pick_2/inf_pick_1 | OTVZ:seis_pick_2/inf_pick_1 | SNVZ:seis_pick_1/inf_pick_2,S1I1S2I1S2I1S2I1S1I2,3300.0,3.3,1828328.0,5662448.0,1861.943481,1.4351516067282695,-0.5544731445885699,5
ETVZ:seis_pick_1/inf_pick_2 | NGZ:seis_pick_1/inf_pick_1 | NOVZ:seis_pick_2/inf_pick_1 | OTVZ:seis_pick_1/inf_pick_1 | SNVZ:seis_pick_2/inf_pick_1,S1I2S1I1S2I1S1I1S2I1,3300.0,3.3,1828136.0,5661776.0,1782.875366,1.4352941838435043,-0.39273424327648776,5
ETVZ:seis_pick_2/inf_pick_2 | NGZ:seis_pick_2/inf_pick_1 | NOVZ:seis_pick_1/inf_pick_1 | OTVZ:seis_pick_2/inf_pick_1 | SNVZ:seis_pick_2/inf_pick_1,S2I2S2I1S1I1S2I1S2I1,2500.0,2.5,1828328.0,5661584.0,1637.31189,1.435604521118318,-0.38639022862939676,5
ETVZ:seis_pick_1/inf_pick_2 | NGZ:seis_pick_1/inf_pick_2 | NOVZ:seis_pick_2/inf_pick_1 | OTVZ:seis_pick_1/inf_pick_1 | SNVZ:seis_pick_2/inf_pick_2,S1I2S1I2S2I1S1I1S2I2,2500.0,2.5,1827944.0,5662160.0,2062.442139,1.4376175492888885,0.0441157105363672,5
ETVZ:seis_pick_1/inf_pick_2 | NGZ:seis_pick_1/inf_pick_2 | NOVZ:seis_pick_2/inf_pick_2 | OTVZ:seis_pick_2/inf_pick_2 | SNVZ:seis_pick_1/inf_pick_2,S1I2S1I2S2I2S2I2S1I2,2500.0,2.5,1827944.0,5662064.0,2013.466919,1.4382426329965237,0.5654237279318162,5
ETVZ:seis_pick_1/inf_pick_2 | NGZ:seis_pick_1/inf_pick_2 | NOVZ:seis_pick_1/inf_pick_1 | OTVZ:seis_pick_2/inf_pick_2 | SNVZ:seis_pick_1/inf_pick_2,S1I2S1I2S1I1S2I2S1I2,2500.0,2.5,1827944.0,5662160.0,2062.442139,1.4385962623070325,0.4371787883364881,5
ETVZ:seis_pick_1/inf_pick_2 | NGZ:seis_pick_2/inf_pick_2 | NOVZ:seis_pick_1/inf_pick_2 | OTVZ:seis_pick_2/inf_pick_1 | SNVZ:seis_pick_2/inf_pick_1,S1I2S2I2S1I2S2I1S2I1,3000.0,3.0,1828136.0,5661392.0,1605.433472,1.4388717313290107,-0.6809440942029849,5
ETVZ:seis_pick_1/inf_pick_1 | NGZ:seis_pick_2/inf_pick_2 | NOVZ:seis_pick_1/inf_pick_2 | OTVZ:seis_pick_1/inf_pick_1 | SNVZ:seis_pick_1/inf_pick_2,S1I1S2I2S1I2S1I1S1I2,3000.0,3.0,1828136.0,5662064.0,1926.312866,1.4391699099494266,-0.0790009590639773,5
ETVZ:seis_pick_1/inf_pick_2 | NGZ:seis_pick_2/inf_pick_2 | NOVZ:seis_pick_1/inf_pick_1 | OTVZ:seis_pick_2/inf_pick_1 | SNVZ:seis_pick_2/inf_pick_1,S1I2S2I2S1I1S2I1S2I1,3300.0,3.3,1828040.0,5661584.0,1704.531738,1.4392936182479938,-1.0465902409981758,5
ETVZ:seis_pick_1/inf_pick_1 | NGZ:seis_pick_2/inf_pick_1 | NOVZ:seis_pick_2/inf_pick_2 | OTVZ:seis_pick_2/inf_pick_1 | SNVZ:seis_pick_1/inf_pick_2,S1I1S2I1S2I2S2I1S1I2,3000.0,3.0,1828520.0,5662256.0,1733.170288,1.4399510631711934,-0.0885018144406878,5
ETVZ:seis_pick_2/inf_pick_2 | NGZ:seis_pick_1/inf_pick_2 | NOVZ:seis_pick_1/inf_pick_2 | OTVZ:seis_pick_1/inf_pick_1 | SNVZ:seis_pick_1/inf_pick_2,S2I2S1I2S1I2S1I1S1I2,2500.0,2.5,1828136.0,5662064.0,1926.312866,1.4402825757836226,0.5837027634886786,5
ETVZ:seis_pick_2/inf_pick_2 | NGZ:seis_pick_1/inf_pick_1 | NOVZ:seis_pick_1/inf_pick_2 | OTVZ:seis_pick_2/inf_pick_1 | SNVZ:seis_pick_2/inf_pick_2,S2I2S1I1S1I2S2I1S2I2,3000.0,3.0,1828520.0,5661968.0,1675.416504,1.4404640652725107,0.3271244662633658,5
ETVZ:seis_pick_1/inf_pick_2 | NGZ:seis_pick_1/inf_pick_2 | NOVZ:seis_pick_1/inf_pick_2 | OTVZ:seis_pick_2/inf_pick_1 | SNVZ:seis_pick_1/inf_pick_1,S1I2S1I2S1I2S2I1S1I1,3300.0,3.3,1828232.0,5661584.0,1658.624878,1.440917927472779,-0.4065102347485052,5
ETVZ:seis_pick_2/inf_pick_1 | NGZ:seis_pick_1/inf_pick_2 | NOVZ:seis_pick_2/inf_pick_2 | OTVZ:seis_pick_2/inf_pick_1 | SNVZ:seis_pick_1/inf_pick_2,S2I1S1I2S2I2S2I1S1I2,3000.0,3.0,1828424.0,5662256.0,1795.46814,1.4413170178699004,-0.38111521309288426,5
ETVZ:seis_pick_2/inf_pick_2 | NGZ:seis_pick_1/inf_pick_2 | NOVZ:seis_pick_1/inf_pick_1 | OTVZ:seis_pick_2/inf_pick_1 | SNVZ:seis_pick_1/inf_pick_1,S2I2S1I2S1I1S2I1S1I1,2500.0,2.5,1828232.0,5661776.0,1756.203979,1.4413219395174117,-0.38328510438924346,5
ETVZ:seis_pick_1/inf_pick_2 | NGZ:seis_pick_1/inf_pick_1 | NOVZ:seis_pick_1/inf_pick_2 | OTVZ:seis_pick_2/inf_pick_1 | SNVZ:seis_pick_2/inf_pick_1,S1I2S1I1S1I2S2I1S2I1,3300.0,3.3,1828424.0,5661488.0,1577.636108,1.441760235012182,-0.23194469006850832,5
ETVZ:seis_pick_2/inf_pick_1 | NGZ:seis_pick_2/inf_pick_2 | NOVZ:seis_pick_2/inf_pick_2 | OTVZ:seis_pick_2/inf_pick_1 | SNVZ:seis_pick_2/inf_pick_2,S2I1S2I2S2I2S2I1S2I2,2500.0,2.5,1828328.0,5662064.0,1806.550293,1.4425867592768051,-0.45276486086754686,5
ETVZ:seis_pick_1/inf_pick_1 | NGZ:seis_pick_2/inf_pick_1 | NOVZ:seis_pick_1/inf_pick_1 | OTVZ:seis_pick_2/inf_pick_1 | SNVZ:seis_pick_1/inf_pick_2,S1I1S2I1S1I1S2I1S1I2,3000.0,3.0,1828424.0,5662256.0,1795.46814,1.4427808661961499,-0.2045251477496297,5
ETVZ:seis_pick_2/inf_pick_2 | NGZ:seis_pick_2/inf_pick_2 | NOVZ:seis_pick_2/inf_pick_1 | OTVZ:seis_pick_1/inf_pick_1 | SNVZ:seis_pick_1/inf_pick_2,S2I2S2I2S2I1S1I1S1I2,3300.0,3.3,1827848.0,5662352.0,2147.00293,1.4430019558297689,-0.5881262766502079,5
ETVZ:seis_pick_1/inf_pick_1 | NGZ:seis_pick_2/inf_pick_1 | NOVZ:seis_pick_1/inf_pick_2 | OTVZ:seis_pick_2/inf_pick_1 | SNVZ:seis_pick_1/inf_pick_2,S1I1S2I1S1I2S2I1S1I2,3000.0,3.0,1828520.0,5662160.0,1702.077515,1.443136939361733,0.07739772489282278,5
ETVZ:seis_pick_2/inf_pick_2 | NGZ:seis_pick_2/inf_pick_2 | NOVZ:seis_pick_1/inf_pick_2 | OTVZ:seis_pick_2/inf_pick_2 | SNVZ:seis_pick_1/inf_pick_2,S2I2S2I2S1I2S2I2S1I2,3300.0,3.3,1828040.0,5662064.0,1956.737061,1.4433667948305533,0.05175518774901562,5
ETVZ:seis_pick_2/inf_pick_2 | NGZ:seis_pick_2/inf_pick_1 | NOVZ:seis_pick_2/inf_pick_1 | OTVZ:seis_pick_2/inf_pick_1 | SNVZ:seis_pick_2/inf_pick_1,S2I2S2I1S2I1S2I1S2I1,3000.0,3.0,1828232.0,5661776.0,1756.203979,1.444881883718531,-0.8221829890402912,5
ETVZ:seis_pick_1/inf_pick_2 | NGZ:seis_pick_2/inf_pick_2 | NOVZ:seis_pick_1/inf_pick_2 | OTVZ:seis_pick_1/inf_pick_1 | SNVZ:seis_pick_2/inf_pick_2,S1I2S2I2S1I2S1I1S2I2,3000.0,3.0,1827944.0,5661872.0,1879.445679,1.445040462865801,0.06349199517070278,5
ETVZ:seis_pick_1/inf_pick_2 | NGZ:seis_pick_1/inf_pick_1 | NOVZ:seis_pick_1/inf_pick_2 | OTVZ:seis_pick_2/inf_pick_1 | SNVZ:seis_pick_1/inf_pick_1,S1I2S1I1S1I2S2I1S1I1,3300.0,3.3,1828424.0,5661680.0,1639.828735,1.4454097874542708,-0.042480646418573895,5
ETVZ:seis_pick_1/inf_pick_2 | NGZ:seis_pick_1/inf_pick_2 | NOVZ:seis_pick_1/inf_pick_2 | OTVZ:seis_pick_2/inf_pick_2 | SNVZ:seis_pick_1/inf_pick_2,S1I2S1I2S1I2S2I2S1I2,2500.0,2.5,1828040.0,5661968.0,1927.026855,1.448161550048447,0.7715335068895047,5
ETVZ:seis_pick_1/inf_pick_2 | NGZ:seis_pick_2/inf_pick_2 | NOVZ:seis_pick_2/inf_pick_1 | OTVZ:seis_pick_2/inf_pick_2 | SNVZ:seis_pick_1/inf_pick_2,S1I2S2I2S2I1S2I2S1I2,3300.0,3.3,1827752.0,5662256.0,2200.287842,1.4484796133418132,-0.42424656690130097,5
ETVZ:seis_pick_2/inf_pick_2 | NGZ:seis_pick_2/inf_pick_1 | NOVZ:seis_pick_2/inf_pick_1 | OTVZ:seis_pick_2/inf_pick_1 | SNVZ:seis_pick_1/inf_pick_1,S2I2S2I1S2I1S2I1S1I1,3000.0,3.0,1828232.0,5661872.0,1779.748779,1.4486451818096036,-0.6511310281256719,5
ETVZ:seis_pick_1/inf_pick_2 | NGZ:seis_pick_1/inf_pick_1 | NOVZ:seis_pick_2/inf_pick_1 | OTVZ:seis_pick_1/inf_pick_1 | SNVZ:seis_pick_1/inf_pick_2,S1I2S1I1S2I1S1I1S1I2,3000.0,3.0,1828136.0,5662352.0,1970.850952,1.4489004072999345,0.3171113160040296,5
ETVZ:seis_pick_2/inf_pick_1 | NGZ:seis_pick_2/inf_pick_2 | NOVZ:seis_pick_1/inf_pick_2 | OTVZ:seis_pick_2/inf_pick_1 | SNVZ:seis_pick_2/inf_pick_2,S2I1S2I2S1I2S2I1S2I2,3000.0,3.0,1828424.0,5661968.0,1733.215942,1.4519150779516856,-0.5380956675305055,5
ETVZ:seis_pick_1/inf_pick_1 | NGZ:seis_pick_2/inf_pick_2 | NOVZ:seis_pick_1/inf_pick_1 | OTVZ:seis_pick_2/inf_pick_1 | SNVZ:seis_pick_2/inf_pick_2,S1I1S2I2S1I1S2I1S2I2,3300.0,3.3,1828232.0,5662064.0,1861.719849,1.4522964498498165,-0.8429279875248085,5
ETVZ:seis_pick_2/inf_pick_2 | NGZ:seis_pick_1/inf_pick_1 | NOVZ:seis_pick_1/inf_pick_1 | OTVZ:seis_pick_2/inf_pick_1 | SNVZ:seis_pick_2/inf_pick_1,S2I2S1I1S1I1S2I1S2I1,3000.0,3.0,1828424.0,5661680.0,1639.828735,1.4523964551331514,-0.4529772731938847,5
ETVZ:seis_pick_1/inf_pick_2 | NGZ:seis_pick_2/inf_pick_1 | NOVZ:seis_pick_2/inf_pick_2 | OTVZ:seis_pick_2/inf_pick_1 | SNVZ:seis_pick_2/inf_pick_1,S1I2S2I1S2I2S2I1S2I1,3300.0,3.3,1828328.0,5661584.0,1637.31189,1.45262604890419,-0.5600582085051299,5
ETVZ:seis_pick_2/inf_pick_2 | NGZ:seis_pick_2/inf_pick_1 | NOVZ:seis_pick_1/inf_pick_1 | OTVZ:seis_pick_2/inf_pick_1 | SNVZ:seis_pick_1/inf_pick_1,S2I2S2I1S1I1S2I1S1I1,2500.0,2.5,1828328.0,5661776.0,1708.478394,1.4529242100290147,-0.2119034524294568,5
ETVZ:seis_pick_2/inf_pick_2 | NGZ:seis_pick_2/inf_pick_2 | NOVZ:seis_pick_2/inf_pick_2 | OTVZ:seis_pick_2/inf_pick_2 | SNVZ:seis_pick_1/inf_pick_2,S2I2S2I2S2I2S2I2S1I2,2500.0,2.5,1827944.0,5662064.0,2013.466919,1.455191831361494,0.26183713626106686,5
ETVZ:seis_pick_2/inf_pick_2 | NGZ:seis_pick_1/inf_pick_1 | NOVZ:seis_pick_2/inf_pick_2 | OTVZ:seis_pick_2/inf_pick_1 | SNVZ:seis_pick_2/inf_pick_2,S2I2S1I1S2I2S2I1S2I2,3300.0,3.3,1828424.0,5662064.0,1744.648804,1.455528384254567,0.031061084860946588,5
ETVZ:seis_pick_1/inf_pick_2 | NGZ:seis_pick_1/inf_pick_2 | NOVZ:seis_pick_2/inf_pick_1 | OTVZ:seis_pick_2/inf_pick_2 | SNVZ:seis_pick_1/inf_pick_2,S1I2S1I2S2I1S2I2S1I2,2500.0,2.5,1827848.0,5662256.0,2154.689941,1.455742907195664,0.2108709462887166,5
ETVZ:seis_pick_2/inf_pick_2 | NGZ:seis_pick_1/inf_pick_1 | NOVZ:seis_pick_2/inf_pick_2 | OTVZ:seis_pick_2/inf_pick_1 | SNVZ:seis_pick_1/inf_pick_1,S2I2S1I1S2I2S2I1S1I1,2500.0,2.5,1828424.0,5661680.0,1639.828735,1.4565780296063395,0.08508047038930773,5
ETVZ:seis_pick_2/inf_pick_1 | NGZ:seis_pick_1/inf_pick_2 | NOVZ:seis_pick_1/inf_pick_2 | OTVZ:seis_pick_2/inf_pick_1 | SNVZ:seis_pick_1/inf_pick_2,S2I1S1I2S1I2S2I1S1I2,3300.0,3.3,1828520.0,5662160.0,1702.077515,1.4568687373020295,-0.311208756167386,5
ETVZ:seis_pick_1/inf_pick_2 | NGZ:seis_pick_1/inf_pick_1 | NOVZ:seis_pick_2/inf_pick_1 | OTVZ:seis_pick_1/inf_pick_1 | SNVZ:seis_pick_2/inf_pick_2,S1I2S1I1S2I1S1I1S2I2,2500.0,2.5,1828136.0,5662256.0,1932.221924,1.4578584292465822,0.4452785100916321,5
ETVZ:seis_pick_1/inf_pick_2 | NGZ:seis_pick_2/inf_pick_2 | NOVZ:seis_pick_2/inf_pick_2 | OTVZ:seis_pick_2/inf_pick_1 | SNVZ:seis_pick_2/inf_pick_1,S1I2S2I2S2I2S2I1S2I1,3000.0,3.0,1828040.0,5661488.0,1663.414795,1.4579070641121146,-0.834379801184439,5
ETVZ:seis_pick_1/inf_pick_2 | NGZ:seis_pick_2/inf_pick_1 | NOVZ:seis_pick_2/inf_pick_1 | OTVZ:seis_pick_1/inf_pick_1 | SNVZ:seis_pick_1/inf_pick_2,S1I2S2I1S2I1S1I1S1I2,3000.0,3.0,1828040.0,5662352.0,2016.082642,1.4582230579677953,0.09600473000115439,5
ETVZ:seis_pick_2/inf_pick_2 | NGZ:seis_pick_2/inf_pick_2 | NOVZ:seis_pick_2/inf_pick_2 | OTVZ:seis_pick_2/inf_pick_1 | SNVZ:seis_pick_1/inf_pick_1,S2I2S2I2S2I2S2I1S1I1,2500.0,2.5,1828136.0,5661680.0,1731.645752,1.4583085545509658,-0.4871513586010348,5
ETVZ:seis_pick_1/inf_pick_2 | NGZ:seis_pick_1/inf_pick_2 | NOVZ:seis_pick_2/inf_pick_2 | OTVZ:seis_pick_2/inf_pick_1 | SNVZ:seis_pick_2/inf_pick_1,S1I2S1I2S2I2S2I1S2I1,3000.0,3.0,1828232.0,5661488.0,1616.910156,1.4587127604164727,-0.6066754890459249,5
ETVZ:seis_pick_1/inf_pick_2 | NGZ:seis_pick_1/inf_pick_2 | NOVZ:seis_pick_1/inf_pick_1 | OTVZ:seis_pick_2/inf_pick_1 | SNVZ:seis_pick_2/inf_pick_1,S1I2S1I2S1I1S2I1S2I1,3300.0,3.3,1828136.0,5661584.0,1680.270508,1.459004700154509,-0.8383021239512036,5
ETVZ:seis_pick_1/inf_pick_2 | NGZ:seis_pick_1/inf_pick_2 | NOVZ:seis_pick_2/inf_pick_2 | OTVZ:seis_pick_1/inf_pick_1 | SNVZ:seis_pick_1/inf_pick_2,S1I2S1I2S2I2S1I1S1I2,3300.0,3.3,1828040.0,5662160.0,2012.584229,1.460324861246105,0.10452684276347597,5
ETVZ:seis_pick_1/inf_pick_2 | NGZ:seis_pick_2/inf_pick_1 | NOVZ:seis_pick_1/inf_pick_2 | OTVZ:seis_pick_2/inf_pick_1 | SNVZ:seis_pick_1/inf_pick_1,S1I2S2I1S1I2S2I1S1I1,3000.0,3.0,1828328.0,5661584.0,1637.31189,1.4605655567687885,-0.12094372209189341,5
ETVZ:seis_pick_1/inf_pick_1 | NGZ:seis_pick_2/inf_pick_2 | NOVZ:seis_pick_2/inf_pick_1 | OTVZ:seis_pick_2/inf_pick_1 | SNVZ:seis_pick_2/inf_pick_2,S1I1S2I2S2I1S2I1S2I2,3000.0,3.0,1828136.0,5662256.0,1932.221924,1.4612446221010673,-0.9409276951832126,5
ETVZ:seis_pick_2/inf_pick_2 | NGZ:seis_pick_2/inf_pick_2 | NOVZ:seis_pick_1/inf_pick_2 | OTVZ:seis_pick_2/inf_pick_2 | SNVZ:seis_pick_1/inf_pick_2,S2I2S2I2S1I2S2I2S1I2,3000.0,3.0,1827944.0,5662064.0,2013.466919,1.4625054364422942,0.12744660406080097,5
ETVZ:seis_pick_1/inf_pick_2 | NGZ:seis_pick_1/inf_pick_1 | NOVZ:seis_pick_1/inf_pick_1 | OTVZ:seis_pick_1/inf_pick_1 | SNVZ:seis_pick_1/inf_pick_2,S1I2S1I1S1I1S1I1S1I2,2500.0,2.5,1828232.0,5662256.0,1871.278687,1.4630935425285745,0.8015425991080528,5
ETVZ:seis_pick_1/inf_pick_2 | NGZ:seis_pick_2/inf_pick_2 | NOVZ:seis_pick_1/inf_pick_1 | OTVZ:seis_pick_2/inf_pick_2 | SNVZ:seis_pick_1/inf_pick_2,S1I2S2I2S1I1S2I2S1I2,3300.0,3.3,1827848.0,5662160.0,2101.272461,1.4633682085830992,-0.18602892326925868,5
ETVZ:seis_pick_2/inf_pick_2 | NGZ:seis_pick_1/inf_pick_2 | NOVZ:seis_pick_2/inf_pick_1 | OTVZ:seis_pick_2/inf_pick_1 | SNVZ:seis_pick_2/inf_pick_1,S2I2S1I2S2I1S2I1S2I1,2500.0,2.5,1828136.0,5661680.0,1731.645752,1.463614032860867,-0.714580717663748,5
ETVZ:seis_pick_2/inf_pick_2 | NGZ:seis_pick_2/inf_pick_2 | NOVZ:seis_pick_1/inf_pick_2 | OTVZ:seis_pick_2/inf_pick_1 | SNVZ:seis_pick_1/inf_pick_1,S2I2S2I2S1I2S2I1S1I1,2500.0,2.5,1828232.0,5661584.0,1658.624878,1.4639135512742367,-0.323131695302277,5
ETVZ:seis_pick_1/inf_pick_2 | NGZ:seis_pick_1/inf_pick_2 | NOVZ:seis_pick_1/inf_pick_1 | OTVZ:seis_pick_1/inf_pick_1 | SNVZ:seis_pick_1/inf_pick_2,S1I2S1I2S1I1S1I1S1I2,3300.0,3.3,1828040.0,5662256.0,2015.394897,1.463957419326423,-0.010143276187403317,5
ETVZ:seis_pick_2/inf_pick_2 | NGZ:seis_pick_1/inf_pick_1 | NOVZ:seis_pick_2/inf_pick_2 | OTVZ:seis_pick_2/inf_pick_1 | SNVZ:seis_pick_2/inf_pick_1,S2I2S1I1S2I2S2I1S2I1,2500.0,2.5,1828424.0,5661584.0,1603.305054,1.4657520660673335,-0.09729451630049724,5
ETVZ:seis_pick_1/inf_pick_1 | NGZ:seis_pick_2/inf_pick_1 | NOVZ:seis_pick_2/inf_pick_1 | OTVZ:seis_pick_2/inf_pick_1 | SNVZ:seis_pick_1/inf_pick_2,S1I1S2I1S2I1S2I1S1I2,3000.0,3.0,1828328.0,5662448.0,1861.943481,1.4660490312274053,-0.43177379614993755,5
ETVZ:seis_pick_1/inf_pick_2 | NGZ:seis_pick_1/inf_pick_1 | NOVZ:seis_pick_2/inf_pick_1 | OTVZ:seis_pick_1/inf_pick_1 | SNVZ:seis_pick_2/inf_pick_1,S1I2S1I1S2I1S1I1S2I1,3000.0,3.0,1828136.0,5661776.0,1782.875366,1.4666362985116335,-0.2713440152644514,5
ETVZ:seis_pick_2/inf_pick_2 | NGZ:seis_pick_2/inf_pick_2 | NOVZ:seis_pick_1/inf_pick_1 | OTVZ:seis_pick_1/inf_pick_1 | SNVZ:seis_pick_1/inf_pick_2,S2I2S2I2S1I1S1I1S1I2,3300.0,3.3,1827944.0,5662160.0,2062.442139,1.4666438138915845,-0.3364240719809427,5
ETVZ:seis_pick_1/inf_pick_2 | NGZ:seis_pick_1/inf_pick_1 | NOVZ:seis_pick_2/inf_pick_1 | OTVZ:seis_pick_1/inf_pick_1 | SNVZ:seis_pick_1/inf_pick_1,S1I2S1I1S2I1S1I1S1I1,2500.0,2.5,1828136.0,5661872.0,1836.069458,1.4688721722793807,0.15889602763111643,5
ETVZ:seis_pick_2/inf_pick_2 | NGZ:seis_pick_2/inf_pick_2 | NOVZ:seis_pick_1/inf_pick_1 | OTVZ:seis_pick_2/inf_pick_1 | SNVZ:seis_pick_1/inf_pick_1,S2I2S2I2S1I1S2I1S1I1,2500.0,2.5,1828136.0,5661680.0,1731.645752,1.4690053458592685,-0.5781231022261192,5
ETVZ:seis_pick_1/inf_pick_1 | NGZ:seis_pick_2/inf_pick_2 | NOVZ:seis_pick_1/inf_pick_2 | OTVZ:seis_pick_1/inf_pick_1 | SNVZ:seis_pick_1/inf_pick_2,S1I1S2I2S1I2S1I1S1I2,2500.0,2.5,1828136.0,5662064.0,1926.312866,1.469273909418475,0.18983932070043236,5
ETVZ:seis_pick_2/inf_pick_2 | NGZ:seis_pick_2/inf_pick_2 | NOVZ:seis_pick_2/inf_pick_1 | OTVZ:seis_pick_1/inf_pick_1 | SNVZ:seis_pick_1/inf_pick_2,S2I2S2I2S2I1S1I1S1I2,3000.0,3.0,1827848.0,5662256.0,2154.689941,1.4696651956456837,-0.4414928674814192,5
ETVZ:seis_pick_2/inf_pick_1 | NGZ:seis_pick_1/inf_pick_2 | NOVZ:seis_pick_2/inf_pick_1 | OTVZ:seis_pick_2/inf_pick_1 | SNVZ:seis_pick_1/inf_pick_2,S2I1S1I2S2I1S2I1S1I2,2500.0,2.5,1828328.0,5662352.0,1871.990356,1.4710480168160338,-0.4013974543017582,5
ETVZ:seis_pick_1/inf_pick_2 | NGZ:seis_pick_2/inf_pick_1 | NOVZ:seis_pick_1/inf_pick_2 | OTVZ:seis_pick_1/inf_pick_1 | SNVZ:seis_pick_1/inf_pick_2,S1I2S2I1S1I2S1I1S1I2,2500.0,2.5,1828232.0,5661968.0,1833.125488,1.4710787699231607,0.912195857468503,5
ETVZ:seis_pick_1/inf_pick_2 | NGZ:seis_pick_1/inf_pick_2 | NOVZ:seis_pick_2/inf_pick_1 | OTVZ:seis_pick_1/inf_pick_1 | SNVZ:seis_pick_1/inf_pick_2,S1I2S1I2S2I1S1I1S1I2,3300.0,3.3,1827944.0,5662352.0,2080.786133,1.4711757984386151,-0.22580356356107406,5
ETVZ:seis_pick_1/inf_pick_1 | NGZ:seis_pick_2/inf_pick_2 | NOVZ:seis_pick_2/inf_pick_2 | OTVZ:seis_pick_2/inf_pick_1 | SNVZ:seis_pick_2/inf_pick_2,S1I1S2I2S2I2S2I1S2I2,3300.0,3.3,1828232.0,5662064.0,1861.719849,1.4730247610179752,-0.751956243899724,5
ETVZ:seis_pick_1/inf_pick_2 | NGZ:seis_pick_1/inf_pick_2 | NOVZ:seis_pick_2/inf_pick_2 | OTVZ:seis_pick_2/inf_pick_1 | SNVZ:seis_pick_1/inf_pick_1,S1I2S1I2S2I2S2I1S1I1,3300.0,3.3,1828232.0,5661680.0,1707.919678,1.4738156730056413,-0.5474708183204793,5
ETVZ:seis_pick_1/inf_pick_2 | NGZ:seis_pick_1/inf_pick_1 | NOVZ:seis_pick_2/inf_pick_1 | OTVZ:seis_pick_2/inf_pick_2 | SNVZ:seis_pick_2/inf_pick_1,S1I2S1I1S2I1S2I2S2I1,2500.0,2.5,1828040.0,5661776.0,1817.950928,1.4741293236238604,0.03991381829449807,5
ETVZ:seis_pick_2/inf_pick_1 | NGZ:seis_pick_1/inf_pick_2 | NOVZ:seis_pick_1/inf_pick_1 | OTVZ:seis_pick_2/inf_pick_1 | SNVZ:seis_pick_1/inf_pick_2,S2I1S1I2S1I1S2I1S1I2,2500.0,2.5,1828424.0,5662256.0,1795.46814,1.4752926317908561,-0.20442327424971563,5
ETVZ:seis_pick_2/inf_pick_2 | NGZ:seis_pick_2/inf_pick_1 | NOVZ:seis_pick_1/inf_pick_2 | OTVZ:seis_pick_2/inf_pick_1 | SNVZ:seis_pick_2/inf_pick_2,S2I2S2I1S1I2S2I1S2I2,3300.0,3.3,1828424.0,5661968.0,1733.215942,1.475513642042978,0.002466631448441525,5
ETVZ:seis_pick_1/inf_pick_2 | NGZ:seis_pick_2/inf_pick_2 | NOVZ:seis_pick_1/inf_pick_1 | OTVZ:seis_pick_1/inf_pick_1 | SNVZ:seis_pick_2/inf_pick_2,S1I2S2I2S1I1S1I1S2I2,2500.0,2.5,1827848.0,5661968.0,1976.512817,1.4756283113729676,0.035525847083065186,5
ETVZ:seis_pick_1/inf_pick_2 | NGZ:seis_pick_2/inf_pick_2 | NOVZ:seis_pick_2/inf_pick_1 | OTVZ:seis_pick_2/inf_pick_2 | SNVZ:seis_pick_1/inf_pick_2,S1I2S2I2S2I1S2I2S1I2,3000.0,3.0,1827752.0,5662256.0,2200.287842,1.4756795699948018,-0.2990354450365736,5
ETVZ:seis_pick_1/inf_pick_1 | NGZ:seis_pick_2/inf_pick_2 | NOVZ:seis_pick_1/inf_pick_1 | OTVZ:seis_pick_2/inf_pick_1 | SNVZ:seis_pick_2/inf_pick_2,S1I1S2I2S1I1S2I1S2I2,3000.0,3.0,1828232.0,5662064.0,1861.719849,1.4760407515596403,-0.7211846180378009,5
ETVZ:seis_pick_1/inf_pick_2 | NGZ:seis_pick_1/inf_pick_2 | NOVZ:seis_pick_1/inf_pick_2 | OTVZ:seis_pick_1/inf_pick_1 | SNVZ:seis_pick_1/inf_pick_2,S1I2S1I2S1I2S1I1S1I2,3300.0,3.3,1828136.0,5662064.0,1926.312866,1.4762467487436093,0.3143054609792058,5
ETVZ:seis_pick_2/inf_pick_1 | NGZ:seis_pick_1/inf_pick_2 | NOVZ:seis_pick_1/inf_pick_2 | OTVZ:seis_pick_2/inf_pick_1 | SNVZ:seis_pick_1/inf_pick_2,S2I1S1I2S1I2S2I1S1I2,3000.0,3.0,1828520.0,5662160.0,1702.077515,1.4764054971596072,-0.1901640840755162,5
ETVZ:seis_pick_1/inf_pick_2 | NGZ:seis_pick_2/inf_pick_1 | NOVZ:seis_pick_2/inf_pick_2 | OTVZ:seis_pick_2/inf_pick_1 | SNVZ:seis_pick_1/inf_pick_1,S1I2S2I1S2I2S2I1S1I1,3300.0,3.3,1828328.0,5661680.0,1673.186646,1.4785973784028235,-0.37919704776838153,5
ETVZ:seis_pick_1/inf_pick_2 | NGZ:seis_pick_2/inf_pick_2 | NOVZ:seis_pick_1/inf_pick_1 | OTVZ:seis_pick_2/inf_pick_1 | SNVZ:seis_pick_2/inf_pick_1,S1I2S2I2S1I1S2I1S2I1,3000.0,3.0,1828040.0,5661584.0,1704.531738,1.4789510440997227,-0.9251145118775481,5
ETVZ:seis_pick_1/inf_pick_2 | NGZ:seis_pick_1/inf_pick_2 | NOVZ:seis_pick_1/inf_pick_2 | OTVZ:seis_pick_2/inf_pick_1 | SNVZ:seis_pick_1/inf_pick_1,S1I2S1I2S1I2S2I1S1I1,3000.0,3.0,1828232.0,5661584.0,1658.624878,1.479085073229033,-0.28558363127445024,5
ETVZ:seis_pick_1/inf_pick_2 | NGZ:seis_pick_2/inf_pick_2 | NOVZ:seis_pick_2/inf_pick_2 | OTVZ:seis_pick_2/inf_pick_2 | SNVZ:seis_pick_1/inf_pick_2,S1I2S2I2S2I2S2I2S1I2,3300.0,3.3,1827848.0,5662064.0,2029.3927,1.479804629420013,-0.045792715933414205,5
ETVZ:seis_pick_1/inf_pick_2 | NGZ:seis_pick_2/inf_pick_1 | NOVZ:seis_pick_2/inf_pick_2 | OTVZ:seis_pick_1/inf_pick_1 | SNVZ:seis_pick_1/inf_pick_2,S1I2S2I1S2I2S1I1S1I2,2500.0,2.5,1828136.0,5662160.0,1946.274292,1.4810288344872617,0.6901180162420888,5
ETVZ:seis_pick_1/inf_pick_2 | NGZ:seis_pick_1/inf_pick_1 | NOVZ:seis_pick_1/inf_pick_2 | OTVZ:seis_pick_2/inf_pick_1 | SNVZ:seis_pick_2/inf_pick_1,S1I2S1I1S1I2S2I1S2I1,3000.0,3.0,1828424.0,5661488.0,1577.636108,1.481439415838495,-0.11134067744422324,5
ETVZ:seis_pick_1/inf_pick_2 | NGZ:seis_pick_2/inf_pick_2 | NOVZ:seis_pick_2/inf_pick_1 | OTVZ:seis_pick_1/inf_pick_1 | SNVZ:seis_pick_2/inf_pick_2,S1I2S2I2S2I1S1I1S2I2,2500.0,2.5,1827752.0,5662064.0,2083.736328,1.483831186422839,-0.18769679436680936,5
ETVZ:seis_pick_1/inf_pick_2 | NGZ:seis_pick_2/inf_pick_2 | NOVZ:seis_pick_2/inf_pick_2 | OTVZ:seis_pick_1/inf_pick_1 | SNVZ:seis_pick_2/inf_pick_2,S1I2S2I2S2I2S1I1S2I2,2500.0,2.5,1827848.0,5661872.0,1910.128296,1.4842423064972652,0.15875904735465268,5
ETVZ:seis_pick_1/inf_pick_2 | NGZ:seis_pick_1/inf_pick_1 | NOVZ:seis_pick_1/inf_pick_2 | OTVZ:seis_pick_2/inf_pick_1 | SNVZ:seis_pick_1/inf_pick_1,S1I2S1I1S1I2S2I1S1I1,3000.0,3.0,1828424.0,5661584.0,1603.305054,1.485095505550675,0.07759608847137951,5
ETVZ:seis_pick_1/inf_pick_1 | NGZ:seis_pick_1/inf_pick_1 | NOVZ:seis_pick_2/inf_pick_1 | OTVZ:seis_pick_2/inf_pick_1 | SNVZ:seis_pick_1/inf_pick_2,S1I1S1I1S2I1S2I1S1I2,2500.0,2.5,1828520.0,5662352.0,1747.839355,1.4885988338973817,0.10265717938146288,5
ETVZ:seis_pick_2/inf_pick_1 | NGZ:seis_pick_1/inf_pick_2 | NOVZ:seis_pick_2/inf_pick_2 | OTVZ:seis_pick_2/inf_pick_1 | SNVZ:seis_pick_1/inf_pick_2,S2I1S1I2S2I2S2I1S1I2,2500.0,2.5,1828424.0,5662160.0,1740.991333,1.488984810951201,-0.07884354901866271,5
ETVZ:seis_pick_2/inf_pick_2 | NGZ:seis_pick_2/inf_pick_2 | NOVZ:seis_pick_1/inf_pick_1 | OTVZ:seis_pick_1/inf_pick_1 | SNVZ:seis_pick_1/inf_pick_2,S2I2S2I2S1I1S1I1S1I2,3000.0,3.0,1827944.0,5662160.0,2062.442139,1.4890098503636144,-0.21287585525145455,5
ETVZ:seis_pick_1/inf_pick_2 | NGZ:seis_pick_2/inf_pick_2 | NOVZ:seis_pick_1/inf_pick_1 | OTVZ:seis_pick_2/inf_pick_2 | SNVZ:seis_pick_1/inf_pick_2,S1I2S2I2S1I1S2I2S1I2,3000.0,3.0,1827848.0,5662160.0,2101.272461,1.4892343196441857,-0.06196371675911312,5
ETVZ:seis_pick_1/inf_pick_2 | NGZ:seis_pick_1/inf_pick_2 | NOVZ:seis_pick_2/inf_pick_2 | OTVZ:seis_pick_1/inf_pick_1 | SNVZ:seis_pick_1/inf_pick_2,S1I2S1I2S2I2S1I1S1I2,3000.0,3.0,1828040.0,5662160.0,2012.584229,1.4899689953970852,0.22755263462661776,5
ETVZ:seis_pick_1/inf_pick_2 | NGZ:seis_pick_2/inf_pick_2 | NOVZ:seis_pick_2/inf_pick_1 | OTVZ:seis_pick_2/inf_pick_1 | SNVZ:seis_pick_2/inf_pick_1,S1I2S2I2S2I1S2I1S2I1,3300.0,3.3,1827944.0,5661680.0,1773.920288,1.4901188263050515,-1.2203174652806779,5
ETVZ:seis_pick_2/inf_pick_2 | NGZ:seis_pick_2/inf_pick_2 | NOVZ:seis_pick_2/inf_pick_2 | OTVZ:seis_pick_1/inf_pick_1 | SNVZ:seis_pick_1/inf_pick_2,S2I2S2I2S2I2S1I1S1I2,3300.0,3.3,1827944.0,5662160.0,2062.442139,1.4910661227167292,-0.24545232835585828,5
ETVZ:seis_pick_2/inf_pick_2 | NGZ:seis_pick_1/inf_pick_1 | NOVZ:seis_pick_2/inf_pick_2 | OTVZ:seis_pick_2/inf_pick_1 | SNVZ:seis_pick_2/inf_pick_2,S2I2S1I1S2I2S2I1S2I2,3000.0,3.0,1828424.0,5662064.0,1744.648804,1.4911032423538888,0.15211425118361693,5
ETVZ:seis_pick_1/inf_pick_2 | NGZ:seis_pick_1/inf_pick_2 | NOVZ:seis_pick_1/inf_pick_1 | OTVZ:seis_pick_1/inf_pick_1 | SNVZ:seis_pick_1/inf_pick_2,S1I2S1I2S1I1S1I1S1I2,3000.0,3.0,1827944.0,5662160.0,2062.442139,1.4924639666768462,0.09071073641929477,5
ETVZ:seis_pick_1/inf_pick_2 | NGZ:seis_pick_2/inf_pick_1 | NOVZ:seis_pick_2/inf_pick_2 | OTVZ:seis_pick_2/inf_pick_1 | SNVZ:seis_pick_2/inf_pick_1,S1I2S2I1S2I2S2I1S2I1,3000.0,3.0,1828328.0,5661584.0,1637.31189,1.4930545562057809,-0.4393448247796945,5
ETVZ:seis_pick_2/inf_pick_2 | NGZ:seis_pick_1/inf_pick_1 | NOVZ:seis_pick_1/inf_pick_1 | OTVZ:seis_pick_2/inf_pick_1 | SNVZ:seis_pick_2/inf_pick_2,S2I2S1I1S1I1S2I1S2I2,3300.0,3.3,1828424.0,5662160.0,1740.991333,1.4934201751603682,-0.07836880069683687,5
ETVZ:seis_pick_2/inf_pick_2 | NGZ:seis_pick_2/inf_pick_1 | NOVZ:seis_pick_2/inf_pick_2 | OTVZ:seis_pick_2/inf_pick_1 | SNVZ:seis_pick_2/inf_pick_2,S2I2S2I1S2I2S2I1S2I2,3300.0,3.3,1828328.0,5662064.0,1806.550293,1.4952942414886716,-0.17974998658939612,5
ETVZ:seis_pick_2/inf_pick_1 | NGZ:seis_pick_2/inf_pick_2 | NOVZ:seis_pick_1/inf_pick_2 | OTVZ:seis_pick_2/inf_pick_1 | SNVZ:seis_pick_2/inf_pick_2,S2I1S2I2S1I2S2I1S2I2,2500.0,2.5,1828424.0,5661968.0,1733.215942,1.4955381321731167,-0.2721971714197002,5
ETVZ:seis_pick_2/inf_pick_2 | NGZ:seis_pick_1/inf_pick_1 | NOVZ:seis_pick_2/inf_pick_1 | OTVZ:seis_pick_2/inf_pick_1 | SNVZ:seis_pick_1/inf_pick_1,S2I2S1I1S2I1S2I1S1I1,3300.0,3.3,1828328.0,5661968.0,1780.70813,1.4969601201773084,-0.583410461699879,5
ETVZ:seis_pick_2/inf_pick_2 | NGZ:seis_pick_2/inf_pick_2 | NOVZ:seis_pick_2/inf_pick_1 | OTVZ:seis_pick_2/inf_pick_1 | SNVZ:seis_pick_1/inf_pick_1,S2I2S2I2S2I1S2I1S1I1,2500.0,2.5,1828040.0,5661776.0,1817.950928,1.4970822354706905,-0.7571686839115926,5
ETVZ:seis_pick_1/inf_pick_2 | NGZ:seis_pick_1/inf_pick_2 | NOVZ:seis_pick_1/inf_pick_1 | OTVZ:seis_pick_2/inf_pick_1 | SNVZ:seis_pick_2/inf_pick_1,S1I2S1I2S1I1S2I1S2I1,3000.0,3.0,1828136.0,5661584.0,1680.270508,1.4973457499356728,-0.7171230605875593,5
ETVZ:seis_pick_2/inf_pick_2 | NGZ:seis_pick_1/inf_pick_2 | NOVZ:seis_pick_2/inf_pick_1 | OTVZ:seis_pick_2/inf_pick_1 | SNVZ:seis_pick_1/inf_pick_1,S2I2S1I2S2I1S2I1S1I1,2500.0,2.5,1828136.0,5661872.0,1836.069458,1.4974031613606276,-0.5635244994626538,5
ETVZ:seis_pick_1/inf_pick_1 | NGZ:seis_pick_2/inf_pick_1 | NOVZ:seis_pick_2/inf_pick_2 | OTVZ:seis_pick_2/inf_pick_1 | SNVZ:seis_pick_1/inf_pick_2,S1I1S2I1S2I2S2I1S1I2,2500.0,2.5,1828520.0,5662160.0,1702.077515,1.497539631777577,0.2072383880573076,5
ETVZ:seis_pick_1/inf_pick_1 | NGZ:seis_pick_2/inf_pick_2 | NOVZ:seis_pick_2/inf_pick_2 | OTVZ:seis_pick_2/inf_pick_1 | SNVZ:seis_pick_2/inf_pick_2,S1I1S2I2S2I2S2I1S2I2,3000.0,3.0,1828232.0,5662064.0,1861.719849,1.4976237513853121,-0.6302128744127165,5
ETVZ:seis_pick_1/inf_pick_2 | NGZ:seis_pick_1/inf_pick_2 | NOVZ:seis_pick_1/inf_pick_2 | OTVZ:seis_pick_2/inf_pick_1 | SNVZ:seis_pick_2/inf_pick_1,S1I2S1I2S1I2S2I1S2I1,2500.0,2.5,1828232.0,5661392.0,1581.285278,1.4991848345054006,-0.21285908140815585,5
ETVZ:seis_pick_1/inf_pick_1 | NGZ:seis_pick_2/inf_pick_1 | NOVZ:seis_pick_1/inf_pick_2 | OTVZ:seis_pick_2/inf_pick_1 | SNVZ:seis_pick_1/inf_pick_2,S1I1S2I1S1I2S2I1S1I2,2500.0,2.5,1828520.0,5662064.0,1695.895142,1.4993617427557893,0.36334140590894143,5
ETVZ:seis_pick_1/inf_pick_2 | NGZ:seis_pick_2/inf_pick_1 | NOVZ:seis_pick_1/inf_pick_1 | OTVZ:seis_pick_1/inf_pick_1 | SNVZ:seis_pick_1/inf_pick_2,S1I2S2I1S1I1S1I1S1I2,2500.0,2.5,1828040.0,5662256.0,2015.394897,1.5009260885233529,0.5303119347953803,5
ETVZ:seis_pick_2/inf_pick_2 | NGZ:seis_pick_2/inf_pick_2 | NOVZ:seis_pick_1/inf_pick_2 | OTVZ:seis_pick_2/inf_pick_2 | SNVZ:seis_pick_1/inf_pick_2,S2I2S2I2S1I2S2I2S1I2,2500.0,2.5,1827944.0,5661968.0,1945.640259,1.5013416363704108,0.43666437945720027,5
ETVZ:seis_pick_1/inf_pick_2 | NGZ:seis_pick_2/inf_pick_2 | NOVZ:seis_pick_2/inf_pick_2 | OTVZ:seis_pick_2/inf_pick_2 | SNVZ:seis_pick_1/inf_pick_2,S1I2S2I2S2I2S2I2S1I2,3000.0,3.0,1827848.0,5662064.0,2029.3927,1.5027872634298676,0.07771772554370973,5
ETVZ:seis_pick_1/inf_pick_2 | NGZ:seis_pick_1/inf_pick_2 | NOVZ:seis_pick_1/inf_pick_2 | OTVZ:seis_pick_1/inf_pick_1 | SNVZ:seis_pick_1/inf_pick_2,S1I2S1I2S1I2S1I1S1I2,3000.0,3.0,1828136.0,5661968.0,1868.978394,1.5029418018836493,0.46891605461598934,5
ETVZ:seis_pick_1/inf_pick_2 | NGZ:seis_pick_1/inf_pick_2 | NOVZ:seis_pick_1/inf_pick_1 | OTVZ:seis_pick_2/inf_pick_1 | SNVZ:seis_pick_1/inf_pick_1,S1I2S1I2S1I1S2I1S1I1,3300.0,3.3,1828136.0,5661776.0,1782.875366,1.5033584956351194,-0.6751105632618799,5
ETVZ:seis_pick_1/inf_pick_2 | NGZ:seis_pick_1/inf_pick_2 | NOVZ:seis_pick_2/inf_pick_1 | OTVZ:seis_pick_1/inf_pick_1 | SNVZ:seis_pick_1/inf_pick_2,S1I2S1I2S2I1S1I1S1I2,3000.0,3.0,1827944.0,5662352.0,2080.786133,1.5038802942065441,-0.10161900737610416,5
ETVZ:seis_pick_1/inf_pick_1 | NGZ:seis_pick_2/inf_pick_1 | NOVZ:seis_pick_1/inf_pick_1 | OTVZ:seis_pick_2/inf_pick_1 | SNVZ:seis_pick_1/inf_pick_2,S1I1S2I1S1I1S2I1S1I2,2500.0,2.5,1828424.0,5662256.0,1795.46814,1.5049384337960356,0.06313853471862334,5
ETVZ:seis_pick_1/inf_pick_2 | NGZ:seis_pick_2/inf_pick_2 | NOVZ:seis_pick_1/inf_pick_2 | OTVZ:seis_pick_1/inf_pick_1 | SNVZ:seis_pick_2/inf_pick_2,S1I2S2I2S1I2S1I1S2I2,2500.0,2.5,1827944.0,5661776.0,1826.723999,1.5062212158363726,0.35303598172599016,5
ETVZ:seis_pick_1/inf_pick_2 | NGZ:seis_pick_2/inf_pick_2 | NOVZ:seis_pick_1/inf_pick_2 | OTVZ:seis_pick_2/inf_pick_1 | SNVZ:seis_pick_1/inf_pick_1,S1I2S2I2S1I2S2I1S1I1,3300.0,3.3,1828136.0,5661584.0,1680.270508,1.5063276470426095,-0.6108727648884905,5
ETVZ:seis_pick_1/inf_pick_2 | NGZ:seis_pick_2/inf_pick_1 | NOVZ:seis_pick_1/inf_pick_1 | OTVZ:seis_pick_2/inf_pick_1 | SNVZ:seis_pick_2/inf_pick_1,S1I2S2I1S1I1S2I1S2I1,3300.0,3.3,1828232.0,5661680.0,1707.919678,1.506789263648064,-0.6744673446479734,5
ETVZ:seis_pick_2/inf_pick_2 | NGZ:seis_pick_2/inf_pick_1 | NOVZ:seis_pick_1/inf_pick_2 | OTVZ:seis_pick_2/inf_pick_1 | SNVZ:seis_pick_2/inf_pick_2,S2I2S2I1S1I2S2I1S2I2,3000.0,3.0,1828424.0,5661872.0,1701.829712,1.508433564561226,0.1388895253685538,5
ETVZ:seis_pick_1/inf_pick_2 | NGZ:seis_pick_2/inf_pick_2 | NOVZ:seis_pick_2/inf_pick_2 | OTVZ:seis_pick_2/inf_pick_1 | SNVZ:seis_pick_1/inf_pick_1,S1I2S2I2S2I2S2I1S1I1,3300.0,3.3,1828040.0,5661680.0,1747.83252,1.5099463513769877,-0.7794949736746168,5
ETVZ:seis_pick_1/inf_pick_2 | NGZ:seis_pick_2/inf_pick_1 | NOVZ:seis_pick_1/inf_pick_2 | OTVZ:seis_pick_2/inf_pick_1 | SNVZ:seis_pick_2/inf_pick_1,S1I2S2I1S1I2S2I1S2I1,2500.0,2.5,1828328.0,5661392.0,1562.750488,1.5106449058178362,-0.05155010933115065,5
ETVZ:seis_pick_1/inf_pick_2 | NGZ:seis_pick_1/inf_pick_2 | NOVZ:seis_pick_2/inf_pick_2 | OTVZ:seis_pick_2/inf_pick_1 | SNVZ:seis_pick_1/inf_pick_1,S1I2S1I2S2I2S2I1S1I1,3000.0,3.0,1828232.0,5661680.0,1707.919678,1.5121605088758,-0.42649350711355555,5
ETVZ:seis_pick_1/inf_pick_1 | NGZ:seis_pick_1/inf_pick_2 | NOVZ:seis_pick_1/inf_pick_1 | OTVZ:seis_pick_2/inf_pick_1 | SNVZ:seis_pick_1/inf_pick_2,S1I1S1I2S1I1S2I1S1I2,3300.0,3.3,1828328.0,5662256.0,1832.388062,1.5127233377555993,-0.4958899090541699,5
ETVZ:seis_pick_2/inf_pick_2 | NGZ:seis_pick_1/inf_pick_1 | NOVZ:seis_pick_1/inf_pick_1 | OTVZ:seis_pick_2/inf_pick_1 | SNVZ:seis_pick_1/inf_pick_1,S2I2S1I1S1I1S2I1S1I1,2500.0,2.5,1828424.0,5661776.0,1675.246094,1.5132963648744437,-0.010979432867092775,5
ETVZ:seis_pick_2/inf_pick_2 | NGZ:seis_pick_2/inf_pick_2 | NOVZ:seis_pick_2/inf_pick_2 | OTVZ:seis_pick_1/inf_pick_1 | SNVZ:seis_pick_1/inf_pick_2,S2I2S2I2S2I2S1I1S1I2,3000.0,3.0,1827944.0,5662064.0,2013.466919,1.5136799661675915,-0.0836729864891483,5
ETVZ:seis_pick_1/inf_pick_1 | NGZ:seis_pick_1/inf_pick_2 | NOVZ:seis_pick_2/inf_pick_1 | OTVZ:seis_pick_2/inf_pick_1 | SNVZ:seis_pick_1/inf_pick_2,S1I1S1I2S2I1S2I1S1I2,3300.0,3.3,1828232.0,5662352.0,1933.467285,1.5158619157431195,-0.7076649487195825,5
ETVZ:seis_pick_1/inf_pick_2 | NGZ:seis_pick_2/inf_pick_1 | NOVZ:seis_pick_2/inf_pick_2 | OTVZ:seis_pick_2/inf_pick_1 | SNVZ:seis_pick_1/inf_pick_1,S1I2S2I1S2I2S2I1S1I1,3000.0,3.0,1828328.0,5661680.0,1673.186646,1.5163539496117886,-0.25847147601005727,5
ETVZ:seis_pick_1/inf_pick_1 | NGZ:seis_pick_2/inf_pick_2 | NOVZ:seis_pick_1/inf_pick_2 | OTVZ:seis_pick_2/inf_pick_1 | SNVZ:seis_pick_2/inf_pick_2,S1I1S2I2S1I2S2I1S2I2,3300.0,3.3,1828328.0,5661968.0,1780.70813,1.5175758981905765,-0.5622001900145239,5
ETVZ:seis_pick_2/inf_pick_2 | NGZ:seis_pick_2/inf_pick_1 | NOVZ:seis_pick_1/inf_pick_1 | OTVZ:seis_pick_2/inf_pick_1 | SNVZ:seis_pick_2/inf_pick_2,S2I2S2I1S1I1S2I1S2I2,3300.0,3.3,1828328.0,5662064.0,1806.550293,1.5177134104855952,-0.27072173021448054,5
ETVZ:seis_pick_2/inf_pick_2 | NGZ:seis_pick_1/inf_pick_1 | NOVZ:seis_pick_1/inf_pick_2 | OTVZ:seis_pick_2/inf_pick_1 | SNVZ:seis_pick_2/inf_pick_2,S2I2S1I1S1I2S2I1S2I2,2500.0,2.5,1828520.0,5661872.0,1667.41626,1.5199213422502988,0.6029770526669317,5
ETVZ:seis_pick_2/inf_pick_1 | NGZ:seis_pick_1/inf_pick_2 | NOVZ:seis_pick_1/inf_pick_2 | OTVZ:seis_pick_2/inf_pick_1 | SNVZ:seis_pick_1/inf_pick_2,S2I1S1I2S1I2S2I1S1I2,2500.0,2.5,1828520.0,5662064.0,1695.895142,1.5201468105350373,0.09577959694060248,5
ETVZ:seis_pick_1/inf_pick_1 | NGZ:seis_pick_2/inf_pick_2 | NOVZ:seis_pick_2/inf_pick_1 | OTVZ:seis_pick_2/inf_pick_1 | SNVZ:seis_pick_2/inf_pick_2,S1I1S2I2S2I1S2I1S2I2,2500.0,2.5,1828136.0,5662160.0,1946.274292,1.5207233836671707,-0.6535953127026408,5
ETVZ:seis_pick_1/inf_pick_2 | NGZ:seis_pick_2/inf_pick_1 | NOVZ:seis_pick_1/inf_pick_1 | OTVZ:seis_pick_2/inf_pick_1 | SNVZ:seis_pick_1/inf_pick_1,S1I2S2I1S1I1S2I1S1I1,3300.0,3.3,1828232.0,5661776.0,1756.203979,1.5211336076125552,-0.5032367303460088,5
ETVZ:seis_pick_1/inf_pick_2 | NGZ:seis_pick_2/inf_pick_2 | NOVZ:seis_pick_1/inf_pick_2 | OTVZ:seis_pick_2/inf_pick_2 | SNVZ:seis_pick_1/inf_pick_2,S1I2S2I2S1I2S2I2S1I2,3300.0,3.3,1827944.0,5661968.0,1945.640259,1.522122493650766,0.16578088033198882,5
ETVZ:seis_pick_1/inf_pick_2 | NGZ:seis_pick_2/inf_pick_2 | NOVZ:seis_pick_1/inf_pick_1 | OTVZ:seis_pick_2/inf_pick_1 | SNVZ:seis_pick_1/inf_pick_1,S1I2S2I2S1I1S2I1S1I1,3300.0,3.3,1828040.0,5661680.0,1747.83252,1.5239043881832621,-0.8704667172997013,5
ETVZ:seis_pick_1/inf_pick_1 | NGZ:seis_pick_1/inf_pick_2 | NOVZ:seis_pick_2/inf_pick_2 | OTVZ:seis_pick_2/inf_pick_1 | SNVZ:seis_pick_1/inf_pick_2,S1I1S1I2S2I2S2I1S1I2,3300.0,3.3,1828424.0,5662160.0,1740.991333,1.524557332470344,-0.34523571715758905,5
ETVZ:seis_pick_1/inf_pick_2 | NGZ:seis_pick_1/inf_pick_1 | NOVZ:seis_pick_2/inf_pick_1 | OTVZ:seis_pick_1/inf_pick_1 | SNVZ:seis_pick_1/inf_pick_2,S1I2S1I1S2I1S1I1S1I2,2500.0,2.5,1828136.0,5662352.0,1970.850952,1.5256176508882209,0.5880405237108566,5
ETVZ:seis_pick_2/inf_pick_2 | NGZ:seis_pick_2/inf_pick_2 | NOVZ:seis_pick_2/inf_pick_1 | OTVZ:seis_pick_1/inf_pick_1 | SNVZ:seis_pick_1/inf_pick_2,S2I2S2I2S2I1S1I1S1I2,2500.0,2.5,1827848.0,5662256.0,2154.689941,1.525786075421955,-0.16737762049435254,5
ETVZ:seis_pick_1/inf_pick_2 | NGZ:seis_pick_1/inf_pick_1 | NOVZ:seis_pick_2/inf_pick_2 | OTVZ:seis_pick_2/inf_pick_1 | SNVZ:seis_pick_1/inf_pick_1,S1I2S1I1S2I2S2I1S1I1,3300.0,3.3,1828424.0,5661776.0,1675.246094,1.5261766974603381,-0.1842166277402802,5
ETVZ:seis_pick_1/inf_pick_2 | NGZ:seis_pick_2/inf_pick_2 | NOVZ:seis_pick_1/inf_pick_2 | OTVZ:seis_pick_2/inf_pick_1 | SNVZ:seis_pick_2/inf_pick_1,S1I2S2I2S1I2S2I1S2I1,2500.0,2.5,1828136.0,5661392.0,1605.433472,1.5266608408578097,-0.41411695852292796,5
ETVZ:seis_pick_1/inf_pick_2 | NGZ:seis_pick_2/inf_pick_2 | NOVZ:seis_pick_2/inf_pick_1 | OTVZ:seis_pick_2/inf_pick_1 | SNVZ:seis_pick_2/inf_pick_1,S1I2S2I2S2I1S2I1S2I1,3000.0,3.0,1827944.0,5661680.0,1773.920288,1.5289011932614895,-1.0984220446781152,5
ETVZ:seis_pick_2/inf_pick_2 | NGZ:seis_pick_2/inf_pick_1 | NOVZ:seis_pick_2/inf_pick_1 | OTVZ:seis_pick_2/inf_pick_1 | SNVZ:seis_pick_2/inf_pick_1,S2I2S2I1S2I1S2I1S2I1,2500.0,2.5,1828232.0,5661680.0,1707.919678,1.529258072848023,-0.5454406686440241,5
ETVZ:seis_pick_2/inf_pick_2 | NGZ:seis_pick_1/inf_pick_1 | NOVZ:seis_pick_1/inf_pick_1 | OTVZ:seis_pick_2/inf_pick_1 | SNVZ:seis_pick_2/inf_pick_2,S2I2S1I1S1I1S2I1S2I2,3000.0,3.0,1828424.0,5662160.0,1740.991333,1.5298598266746262,0.042892221978006975,5
ETVZ:seis_pick_2/inf_pick_2 | NGZ:seis_pick_2/inf_pick_1 | NOVZ:seis_pick_2/inf_pick_2 | OTVZ:seis_pick_2/inf_pick_1 | SNVZ:seis_pick_2/inf_pick_2,S2I2S2I1S2I2S2I1S2I2,3000.0,3.0,1828328.0,5662064.0,1806.550293,1.5299445955111182,-0.0583717436273858,5
ETVZ:seis_pick_2/inf_pick_2 | NGZ:seis_pick_2/inf_pick_1 | NOVZ:seis_pick_2/inf_pick_1 | OTVZ:seis_pick_2/inf_pick_1 | SNVZ:seis_pick_1/inf_pick_1,S2I2S2I1S2I1S2I1S1I1,2500.0,2.5,1828232.0,5661872.0,1779.748779,1.5299639594482248,-0.38444264065471695,5
ETVZ:seis_pick_1/inf_pick_1 | NGZ:seis_pick_2/inf_pick_2 | NOVZ:seis_pick_1/inf_pick_1 | OTVZ:seis_pick_2/inf_pick_1 | SNVZ:seis_pick_2/inf_pick_2,S1I1S2I2S1I1S2I1S2I2,2500.0,2.5,1828232.0,5662064.0,1861.719849,1.5321789931812173,-0.4533492051663831,5
ETVZ:seis_pick_1/inf_pick_1 | NGZ:seis_pick_2/inf_pick_1 | NOVZ:seis_pick_2/inf_pick_1 | OTVZ:seis_pick_2/inf_pick_1 | SNVZ:seis_pick_1/inf_pick_2,S1I1S2I1S2I1S2I1S1I2,2500.0,2.5,1828328.0,5662352.0,1871.990356,1.5321980613860546,-0.13383564533341924,5
ETVZ:seis_pick_2/inf_pick_2 | NGZ:seis_pick_1/inf_pick_1 | NOVZ:seis_pick_2/inf_pick_1 | OTVZ:seis_pick_2/inf_pick_1 | SNVZ:seis_pick_2/inf_pick_1,S2I2S1I1S2I1S2I1S2I1,3300.0,3.3,1828328.0,5661776.0,1708.478394,1.5334502397841638,-0.7349226435420022,5
ETVZ:seis_pick_2/inf_pick_2 | NGZ:seis_pick_1/inf_pick_1 | NOVZ:seis_pick_2/inf_pick_1 | OTVZ:seis_pick_2/inf_pick_1 | SNVZ:seis_pick_1/inf_pick_1,S2I2S1I1S2I1S2I1S1I1,3000.0,3.0,1828328.0,5661968.0,1780.70813,1.5338299364025154,-0.4622672836640341,5
ETVZ:seis_pick_1/inf_pick_2 | NGZ:seis_pick_2/inf_pick_1 | NOVZ:seis_pick_2/inf_pick_1 | OTVZ:seis_pick_1/inf_pick_1 | SNVZ:seis_pick_1/inf_pick_2,S1I2S2I1S2I1S1I1S1I2,2500.0,2.5,1828040.0,5662352.0,2016.082642,1.5345320864064782,0.3679152186519724,5
ETVZ:seis_pick_2/inf_pick_2 | NGZ:seis_pick_1/inf_pick_1 | NOVZ:seis_pick_1/inf_pick_1 | OTVZ:seis_pick_2/inf_pick_1 | SNVZ:seis_pick_2/inf_pick_1,S2I2S1I1S1I1S2I1S2I1,2500.0,2.5,1828424.0,5661680.0,1639.828735,1.5345886965731632,-0.18783476048594833,5
ETVZ:seis_pick_1/inf_pick_2 | NGZ:seis_pick_1/inf_pick_1 | NOVZ:seis_pick_2/inf_pick_2 | OTVZ:seis_pick_2/inf_pick_1 | SNVZ:seis_pick_2/inf_pick_1,S1I2S1I1S2I2S2I1S2I1,3300.0,3.3,1828424.0,5661584.0,1603.305054,1.5359717897246243,-0.36132937891483047,5
ETVZ:seis_pick_2/inf_pick_2 | NGZ:seis_pick_2/inf_pick_2 | NOVZ:seis_pick_1/inf_pick_2 | OTVZ:seis_pick_1/inf_pick_1 | SNVZ:seis_pick_1/inf_pick_2,S2I2S2I2S1I2S1I1S1I2,3300.0,3.3,1828040.0,5662064.0,1956.737061,1.53726557556359,-0.022906787363304204,5
ETVZ:seis_pick_1/inf_pick_2 | NGZ:seis_pick_1/inf_pick_2 | NOVZ:seis_pick_2/inf_pick_1 | OTVZ:seis_pick_2/inf_pick_1 | SNVZ:seis_pick_2/inf_pick_1,S1I2S1I2S2I1S2I1S2I1,3300.0,3.3,1828136.0,5661680.0,1731.645752,1.5377335163366905,-0.9809330724594922,5
ETVZ:seis_pick_1/inf_pick_1 | NGZ:seis_pick_1/inf_pick_2 | NOVZ:seis_pick_1/inf_pick_1 | OTVZ:seis_pick_2/inf_pick_1 | SNVZ:seis_pick_1/inf_pick_2,S1I1S1I2S1I1S2I1S1I2,3000.0,3.0,1828328.0,5662256.0,1832.388062,1.537735175824065,-0.37395680486473726,5
ETVZ:seis_pick_1/inf_pick_2 | NGZ:seis_pick_2/inf_pick_2 | NOVZ:seis_pick_2/inf_pick_1 | OTVZ:seis_pick_2/inf_pick_2 | SNVZ:seis_pick_1/inf_pick_2,S1I2S2I2S2I1S2I2S1I2,2500.0,2.5,1827752.0,5662256.0,2200.287842,1.5388622473563371,-0.02357097693417156,5
ETVZ:seis_pick_1/inf_pick_2 | NGZ:seis_pick_1/inf_pick_1 | NOVZ:seis_pick_2/inf_pick_1 | OTVZ:seis_pick_1/inf_pick_1 | SNVZ:seis_pick_2/inf_pick_1,S1I2S1I1S2I1S1I1S2I1,2500.0,2.5,1828136.0,5661776.0,1782.875366,1.5393573274998027,-0.004285513637970162,5
ETVZ:seis_pick_1/inf_pick_1 | NGZ:seis_pick_2/inf_pick_2 | NOVZ:seis_pick_1/inf_pick_2 | OTVZ:seis_pick_2/inf_pick_1 | SNVZ:seis_pick_2/inf_pick_2,S1I1S2I2S1I2S2I1S2I2,3000.0,3.0,1828328.0,5661968.0,1780.70813,1.5404335562834008,-0.441057011978679,5
ETVZ:seis_pick_2/inf_pick_2 | NGZ:seis_pick_2/inf_pick_2 | NOVZ:seis_pick_1/inf_pick_1 | OTVZ:seis_pick_1/inf_pick_1 | SNVZ:seis_pick_1/inf_pick_2,S2I2S2I2S1I1S1I1S1I2,2500.0,2.5,1827944.0,5662160.0,2062.442139,1.5421378960309033,0.05893022155341896,5
ETVZ:seis_pick_1/inf_pick_1 | NGZ:seis_pick_1/inf_pick_2 | NOVZ:seis_pick_2/inf_pick_1 | OTVZ:seis_pick_2/inf_pick_1 | SNVZ:seis_pick_1/inf_pick_2,S1I1S1I2S2I1S2I1S1I2,3000.0,3.0,1828232.0,5662352.0,1933.467285,1.5422035496100148,-0.5848836982155152,5
ETVZ:seis_pick_1/inf_pick_2 | NGZ:seis_pick_1/inf_pick_2 | NOVZ:seis_pick_1/inf_pick_1 | OTVZ:seis_pick_2/inf_pick_1 | SNVZ:seis_pick_1/inf_pick_1,S1I2S1I2S1I1S2I1S1I1,3000.0,3.0,1828136.0,5661776.0,1782.875366,1.5424957910934372,-0.5537203352498435,5
ETVZ:seis_pick_1/inf_pick_2 | NGZ:seis_pick_2/inf_pick_2 | NOVZ:seis_pick_1/inf_pick_2 | OTVZ:seis_pick_2/inf_pick_1 | SNVZ:seis_pick_1/inf_pick_1,S1I2S2I2S1I2S2I1S1I1,3000.0,3.0,1828136.0,5661584.0,1680.270508,1.543511381723883,-0.48969370152484615,5
ETVZ:seis_pick_1/inf_pick_2 | NGZ:seis_pick_2/inf_pick_2 | NOVZ:seis_pick_1/inf_pick_2 | OTVZ:seis_pick_2/inf_pick_2 | SNVZ:seis_pick_1/inf_pick_2,S1I2S2I2S1I2S2I2S1I2,3000.0,3.0,1827944.0,5661968.0,1945.640259,1.543539631935398,0.2884454439400471,5
ETVZ:seis_pick_2/inf_pick_1 | NGZ:seis_pick_2/inf_pick_2 | NOVZ:seis_pick_2/inf_pick_1 | OTVZ:seis_pick_2/inf_pick_1 | SNVZ:seis_pick_1/inf_pick_2,S2I1S2I2S2I1S2I1S1I2,3300.0,3.3,1828232.0,5662352.0,1933.467285,1.5445911962937577,-1.0112515403903317,5
ETVZ:seis_pick_1/inf_pick_2 | NGZ:seis_pick_2/inf_pick_2 | NOVZ:seis_pick_2/inf_pick_2 | OTVZ:seis_pick_2/inf_pick_1 | SNVZ:seis_pick_2/inf_pick_1,S1I2S2I2S2I2S2I1S2I1,2500.0,2.5,1828040.0,5661488.0,1663.414795,1.5448859616348367,-0.5671272579593218,5
ETVZ:seis_pick_1/inf_pick_2 | NGZ:seis_pick_1/inf_pick_2 | NOVZ:seis_pick_2/inf_pick_2 | OTVZ:seis_pick_2/inf_pick_1 | SNVZ:seis_pick_2/inf_pick_1,S1I2S1I2S2I2S2I1S2I1,2500.0,2.5,1828232.0,5661488.0,1616.910156,1.5454433330492945,-0.34056954113308907,5
ETVZ:seis_pick_1/inf_pick_2 | NGZ:seis_pick_2/inf_pick_1 | NOVZ:seis_pick_1/inf_pick_1 | OTVZ:seis_pick_2/inf_pick_1 | SNVZ:seis_pick_2/inf_pick_1,S1I2S2I1S1I1S2I1S2I1,3000.0,3.0,1828232.0,5661584.0,1658.624878,1.5456510654965483,-0.5490377730395737,5
ETVZ:seis_pick_2/inf_pick_2 | NGZ:seis_pick_1/inf_pick_1 | NOVZ:seis_pick_1/inf_pick_2 | OTVZ:seis_pick_2/inf_pick_1 | SNVZ:seis_pick_1/inf_pick_2,S2I2S1I1S1I2S2I1S1I2,3300.0,3.3,1828520.0,5662064.0,1695.895142,1.5456642119435324,0.3705962850208907,5
ETVZ:seis_pick_1/inf_pick_1 | NGZ:seis_pick_1/inf_pick_2 | NOVZ:seis_pick_2/inf_pick_2 | OTVZ:seis_pick_2/inf_pick_1 | SNVZ:seis_pick_1/inf_pick_2,S1I1S1I2S2I2S2I1S1I2,3000.0,3.0,1828424.0,5662160.0,1740.991333,1.5473445410921112,-0.2239746944827452,5
ETVZ:seis_pick_1/inf_pick_2 | NGZ:seis_pick_2/inf_pick_2 | NOVZ:seis_pick_1/inf_pick_1 | OTVZ:seis_pick_2/inf_pick_2 | SNVZ:seis_pick_1/inf_pick_2,S1I2S2I2S1I1S2I2S1I2,2500.0,2.5,1827752.0,5662160.0,2131.72583,1.547377977238769,0.166750876568838,5
ETVZ:seis_pick_1/inf_pick_2 | NGZ:seis_pick_2/inf_pick_2 | NOVZ:seis_pick_2/inf_pick_2 | OTVZ:seis_pick_2/inf_pick_1 | SNVZ:seis_pick_1/inf_pick_1,S1I2S2I2S2I2S2I1S1I1,3000.0,3.0,1828040.0,5661680.0,1747.83252,1.5474524675170176,-0.6579537061916743,5
ETVZ:seis_pick_1/inf_pick_2 | NGZ:seis_pick_2/inf_pick_1 | NOVZ:seis_pick_1/inf_pick_2 | OTVZ:seis_pick_2/inf_pick_1 | SNVZ:seis_pick_1/inf_pick_1,S1I2S2I1S1I2S2I1S1I1,2500.0,2.5,1828328.0,5661584.0,1637.31189,1.5480567868311488,0.1446257221040657,5
ETVZ:seis_pick_1/inf_pick_1 | NGZ:seis_pick_2/inf_pick_2 | NOVZ:seis_pick_2/inf_pick_2 | OTVZ:seis_pick_2/inf_pick_1 | SNVZ:seis_pick_2/inf_pick_2,S1I1S2I2S2I2S2I1S2I2,2500.0,2.5,1828232.0,5661968.0,1833.125488,1.5505601041366608,-0.34054572785114223,5
ETVZ:seis_pick_2/inf_pick_2 | NGZ:seis_pick_2/inf_pick_1 | NOVZ:seis_pick_1/inf_pick_1 | OTVZ:seis_pick_2/inf_pick_1 | SNVZ:seis_pick_2/inf_pick_2,S2I2S2I1S1I1S2I1S2I2,3000.0,3.0,1828328.0,5662064.0,1806.550293,1.5506122660657355,-0.1493434872524702,5
ETVZ:seis_pick_1/inf_pick_2 | NGZ:seis_pick_1/inf_pick_2 | NOVZ:seis_pick_2/inf_pick_2 | OTVZ:seis_pick_1/inf_pick_1 | SNVZ:seis_pick_1/inf_pick_2,S1I2S1I2S2I2S1I1S1I2,2500.0,2.5,1828040.0,5662064.0,1956.737061,1.5515273524943578,0.5364742984920701,5
ETVZ:seis_pick_1/inf_pick_1 | NGZ:seis_pick_1/inf_pick_2 | NOVZ:seis_pick_1/inf_pick_2 | OTVZ:seis_pick_2/inf_pick_1 | SNVZ:seis_pick_1/inf_pick_2,S1I1S1I2S1I2S2I1S1I2,3300.0,3.3,1828424.0,5662064.0,1744.648804,1.552843835962002,-0.19031995978726055,5
ETVZ:seis_pick_1/inf_pick_2 | NGZ:seis_pick_1/inf_pick_2 | NOVZ:seis_pick_1/inf_pick_1 | OTVZ:seis_pick_1/inf_pick_1 | SNVZ:seis_pick_1/inf_pick_2,S1I2S1I2S1I1S1I1S1I2,2500.0,2.5,1827944.0,5662160.0,2062.442139,1.5570315020373608,0.3625168132241683,5
ETVZ:seis_pick_1/inf_pick_2 | NGZ:seis_pick_2/inf_pick_2 | NOVZ:seis_pick_2/inf_pick_1 | OTVZ:seis_pick_2/inf_pick_1 | SNVZ:seis_pick_1/inf_pick_1,S1I2S2I2S2I1S2I1S1I1,3300.0,3.3,1827944.0,5661872.0,1879.445679,1.5574128794331965,-1.0746632141246912,5
ETVZ:seis_pick_1/inf_pick_2 | NGZ:seis_pick_2/inf_pick_2 | NOVZ:seis_pick_2/inf_pick_2 | OTVZ:seis_pick_2/inf_pick_2 | SNVZ:seis_pick_1/inf_pick_2,S1I2S2I2S2I2S2I2S1I2,2500.0,2.5,1827848.0,5662064.0,2029.3927,1.5575105499595112,0.34944069679338374,5
ETVZ:seis_pick_2/inf_pick_2 | NGZ:seis_pick_2/inf_pick_2 | NOVZ:seis_pick_1/inf_pick_2 | OTVZ:seis_pick_1/inf_pick_1 | SNVZ:seis_pick_1/inf_pick_2,S2I2S2I2S1I2S1I1S1I2,3000.0,3.0,1828040.0,5662064.0,1956.737061,1.5583652840773545,0.09967199689364996,5
ETVZ:seis_pick_1/inf_pick_2 | NGZ:seis_pick_2/inf_pick_1 | NOVZ:seis_pick_1/inf_pick_1 | OTVZ:seis_pick_2/inf_pick_1 | SNVZ:seis_pick_1/inf_pick_1,S1I2S2I1S1I1S2I1S1I1,3000.0,3.0,1828232.0,5661776.0,1756.203979,1.559528028969049,-0.38213878193191314,5
ETVZ:seis_pick_1/inf_pick_2 | NGZ:seis_pick_2/inf_pick_2 | NOVZ:seis_pick_1/inf_pick_1 | OTVZ:seis_pick_2/inf_pick_1 | SNVZ:seis_pick_1/inf_pick_1,S1I2S2I2S1I1S2I1S1I1,3000.0,3.0,1828040.0,5661680.0,1747.83252,1.5595381430766175,-0.7489254498167586,5
ETVZ:seis_pick_2/inf_pick_2 | NGZ:seis_pick_2/inf_pick_2 | NOVZ:seis_pick_2/inf_pick_2 | OTVZ:seis_pick_1/inf_pick_1 | SNVZ:seis_pick_1/inf_pick_2,S2I2S2I2S2I2S1I1S1I2,2500.0,2.5,1827944.0,5662064.0,2013.466919,1.5608416520401023,0.18717516114874702,5
ETVZ:seis_pick_2/inf_pick_2 | NGZ:seis_pick_2/inf_pick_1 | NOVZ:seis_pick_2/inf_pick_1 | OTVZ:seis_pick_2/inf_pick_1 | SNVZ:seis_pick_2/inf_pick_2,S2I2S2I1S2I1S2I1S2I2,3300.0,3.3,1828232.0,5662256.0,1871.278687,1.5611741666880006,-0.4845590875607645,5
ETVZ:seis_pick_1/inf_pick_2 | NGZ:seis_pick_1/inf_pick_2 | NOVZ:seis_pick_1/inf_pick_2 | OTVZ:seis_pick_1/inf_pick_1 | SNVZ:seis_pick_1/inf_pick_2,S1I2S1I2S1I2S1I1S1I2,2500.0,2.5,1828136.0,5661968.0,1868.978394,1.5615562914497274,0.7369442491739953,5
ETVZ:seis_pick_2/inf_pick_2 | NGZ:seis_pick_1/inf_pick_2 | NOVZ:seis_pick_2/inf_pick_2 | OTVZ:seis_pick_2/inf_pick_1 | SNVZ:seis_pick_2/inf_pick_2,S2I2S1I2S2I2S2I1S2I2,3300.0,3.3,1828232.0,5661968.0,1833.125488,1.5632585505613938,-0.3354449506802245,5
ETVZ:seis_pick_2/inf_pick_2 | NGZ:seis_pick_1/inf_pick_2 | NOVZ:seis_pick_1/inf_pick_2 | OTVZ:seis_pick_2/inf_pick_1 | SNVZ:seis_pick_2/inf_pick_2,S2I2S1I2S1I2S2I1S2I2,3300.0,3.3,1828328.0,5661872.0,1752.691528,1.5633829165302493,-0.15202323466496653,5
ETVZ:seis_pick_1/inf_pick_2 | NGZ:seis_pick_1/inf_pick_1 | NOVZ:seis_pick_2/inf_pick_2 | OTVZ:seis_pick_2/inf_pick_1 | SNVZ:seis_pick_1/inf_pick_1,S1I2S1I1S2I2S2I1S1I1,3000.0,3.0,1828424.0,5661680.0,1639.828735,1.563817229824615,-0.05841893789805166,5
ETVZ:seis_pick_2/inf_pick_1 | NGZ:seis_pick_2/inf_pick_2 | NOVZ:seis_pick_2/inf_pick_1 | OTVZ:seis_pick_2/inf_pick_1 | SNVZ:seis_pick_1/inf_pick_2,S2I1S2I2S2I1S2I1S1I2,3000.0,3.0,1828232.0,5662352.0,1933.467285,1.5647950705062033,-0.8884702898862645,5
ETVZ:seis_pick_2/inf_pick_2 | NGZ:seis_pick_1/inf_pick_1 | NOVZ:seis_pick_2/inf_pick_1 | OTVZ:seis_pick_2/inf_pick_1 | SNVZ:seis_pick_2/inf_pick_2,S2I2S1I1S2I1S2I1S2I2,3300.0,3.3,1828328.0,5662256.0,1832.388062,1.565570379981526,-0.2745088644059628,5
ETVZ:seis_pick_1/inf_pick_2 | NGZ:seis_pick_1/inf_pick_2 | NOVZ:seis_pick_2/inf_pick_1 | OTVZ:seis_pick_2/inf_pick_1 | SNVZ:seis_pick_1/inf_pick_1,S1I2S1I2S2I1S2I1S1I1,3300.0,3.3,1828040.0,5661872.0,1862.954834,1.5658753665184884,-0.8617233387238793,5
ETVZ:seis_pick_1/inf_pick_2 | NGZ:seis_pick_1/inf_pick_2 | NOVZ:seis_pick_1/inf_pick_2 | OTVZ:seis_pick_2/inf_pick_1 | SNVZ:seis_pick_1/inf_pick_1,S1I2S1I2S1I2S2I1S1I1,2500.0,2.5,1828232.0,5661584.0,1658.624878,1.5662289385002552,-0.019545103631527637,5
ETVZ:seis_pick_1/inf_pick_2 | NGZ:seis_pick_2/inf_pick_2 | NOVZ:seis_pick_2/inf_pick_1 | OTVZ:seis_pick_1/inf_pick_1 | SNVZ:seis_pick_1/inf_pick_2,S1I2S2I2S2I1S1I1S1I2,3300.0,3.3,1827752.0,5662256.0,2200.287842,1.5663467893429714,-0.4989085420136208,5
ETVZ:seis_pick_2/inf_pick_2 | NGZ:seis_pick_1/inf_pick_1 | NOVZ:seis_pick_2/inf_pick_1 | OTVZ:seis_pick_2/inf_pick_1 | SNVZ:seis_pick_2/inf_pick_1,S2I2S1I1S2I1S2I1S2I1,3000.0,3.0,1828328.0,5661776.0,1708.478394,1.5674426681155536,-0.6141221511435907,5
ETVZ:seis_pick_2/inf_pick_2 | NGZ:seis_pick_1/inf_pick_2 | NOVZ:seis_pick_1/inf_pick_1 | OTVZ:seis_pick_2/inf_pick_1 | SNVZ:seis_pick_2/inf_pick_2,S2I2S1I2S1I1S2I1S2I2,3300.0,3.3,1828232.0,5662064.0,1861.719849,1.567752950108809,-0.44906454473656227,5
ETVZ:seis_pick_1/inf_pick_2 | NGZ:seis_pick_2/inf_pick_2 | NOVZ:seis_pick_1/inf_pick_1 | OTVZ:seis_pick_2/inf_pick_1 | SNVZ:seis_pick_2/inf_pick_1,S1I2S2I2S1I1S2I1S2I1,2500.0,2.5,1828040.0,5661488.0,1663.414795,1.5681978270672845,-0.6580990015844062,5
ETVZ:seis_pick_1/inf_pick_2 | NGZ:seis_pick_1/inf_pick_1 | NOVZ:seis_pick_1/inf_pick_2 | OTVZ:seis_pick_2/inf_pick_1 | SNVZ:seis_pick_2/inf_pick_1,S1I2S1I1S1I2S2I1S2I1,2500.0,2.5,1828520.0,5661392.0,1523.879517,1.5690500434152397,0.1510319560187682,5
ETVZ:seis_pick_1/inf_pick_2 | NGZ:seis_pick_1/inf_pick_1 | NOVZ:seis_pick_1/inf_pick_2 | OTVZ:seis_pick_2/inf_pick_1 | SNVZ:seis_pick_1/inf_pick_1,S1I2S1I1S1I2S2I1S1I1,2500.0,2.5,1828424.0,5661584.0,1603.305054,1.5704940624722965,0.3427496908078808,5
ETVZ:seis_pick_2/inf_pick_2 | NGZ:seis_pick_1/inf_pick_1 | NOVZ:seis_pick_2/inf_pick_2 | OTVZ:seis_pick_2/inf_pick_1 | SNVZ:seis_pick_2/inf_pick_2,S2I2S1I1S2I2S2I1S2I2,2500.0,2.5,1828520.0,5661968.0,1675.416504,1.571170092174726,0.45601783261854506,5
ETVZ:seis_pick_1/inf_pick_2 | NGZ:seis_pick_1/inf_pick_1 | NOVZ:seis_pick_2/inf_pick_2 | OTVZ:seis_pick_2/inf_pick_1 | SNVZ:seis_pick_2/inf_pick_1,S1I2S1I1S2I2S2I1S2I1,3000.0,3.0,1828424.0,5661584.0,1603.305054,1.5737199820209036,-0.2408050142164216,5
ETVZ:seis_pick_1/inf_pick_2 | NGZ:seis_pick_1/inf_pick_2 | NOVZ:seis_pick_2/inf_pick_1 | OTVZ:seis_pick_1/inf_pick_1 | SNVZ:seis_pick_1/inf_pick_2,S1I2S1I2S2I1S1I1S1I2,2500.0,2.5,1827944.0,5662256.0,2088.119141,1.5737655677613143,0.19372168812280055,5
ETVZ:seis_pick_1/inf_pick_1 | NGZ:seis_pick_1/inf_pick_2 | NOVZ:seis_pick_1/inf_pick_2 | OTVZ:seis_pick_2/inf_pick_1 | SNVZ:seis_pick_1/inf_pick_2,S1I1S1I2S1I2S2I1S1I2,3000.0,3.0,1828424.0,5662064.0,1744.648804,1.5740443902863455,-0.06926679346459022,5
ETVZ:seis_pick_1/inf_pick_2 | NGZ:seis_pick_2/inf_pick_2 | NOVZ:seis_pick_1/inf_pick_1 | OTVZ:seis_pick_1/inf_pick_1 | SNVZ:seis_pick_1/inf_pick_2,S1I2S2I2S1I1S1I1S1I2,3300.0,3.3,1827848.0,5662160.0,2101.272461,1.5744085263242684,-0.2606908983815785,5
ETVZ:seis_pick_1/inf_pick_2 | NGZ:seis_pick_1/inf_pick_2 | NOVZ:seis_pick_2/inf_pick_1 | OTVZ:seis_pick_2/inf_pick_1 | SNVZ:seis_pick_2/inf_pick_1,S1I2S1I2S2I1S2I1S2I1,3000.0,3.0,1828136.0,5661680.0,1731.645752,1.5753794203243574,-0.8596844914543917,5
ETVZ:seis_pick_2/inf_pick_2 | NGZ:seis_pick_1/inf_pick_1 | NOVZ:seis_pick_1/inf_pick_2 | OTVZ:seis_pick_2/inf_pick_1 | SNVZ:seis_pick_1/inf_pick_2,S2I2S1I1S1I2S2I1S1I2,3000.0,3.0,1828520.0,5662064.0,1695.895142,1.5770955042944796,0.4914114611697332,5
ETVZ:seis_pick_1/inf_pick_2 | NGZ:seis_pick_2/inf_pick_1 | NOVZ:seis_pick_2/inf_pick_2 | OTVZ:seis_pick_2/inf_pick_1 | SNVZ:seis_pick_2/inf_pick_1,S1I2S2I1S2I2S2I1S2I1,2500.0,2.5,1828328.0,5661488.0,1598.106201,1.5781365180843727,-0.17794058972388632,5
ETVZ:seis_pick_2/inf_pick_2 | NGZ:seis_pick_2/inf_pick_1 | NOVZ:seis_pick_1/inf_pick_2 | OTVZ:seis_pick_2/inf_pick_1 | SNVZ:seis_pick_2/inf_pick_2,S2I2S2I1S1I2S2I1S2I2,2500.0,2.5,1828424.0,5661872.0,1701.829712,1.57909288248418,0.40439814748524155,5
ETVZ:seis_pick_2/inf_pick_1 | NGZ:seis_pick_2/inf_pick_2 | NOVZ:seis_pick_1/inf_pick_1 | OTVZ:seis_pick_2/inf_pick_1 | SNVZ:seis_pick_1/inf_pick_2,S2I1S2I2S1I1S2I1S1I2,3300.0,3.3,1828328.0,5662256.0,1832.388062,1.5793000284451457,-0.7994765007249193,5
ETVZ:seis_pick_2/inf_pick_2 | NGZ:seis_pick_1/inf_pick_1 | NOVZ:seis_pick_2/inf_pick_2 | OTVZ:seis_pick_2/inf_pick_1 | SNVZ:seis_pick_1/inf_pick_2,S2I2S1I1S2I2S2I1S1I2,3300.0,3.3,1828520.0,5662160.0,1702.077515,1.5824785129140986,0.21375888015156974,5
ETVZ:seis_pick_1/inf_pick_2 | NGZ:seis_pick_1/inf_pick_1 | NOVZ:seis_pick_1/inf_pick_2 | OTVZ:seis_pick_2/inf_pick_1 | SNVZ:seis_pick_2/inf_pick_2,S1I2S1I1S1I2S2I1S2I2,3300.0,3.3,1828424.0,5661968.0,1733.215942,1.584002529292043,0.30605322311919086,5
ETVZ:seis_pick_1/inf_pick_2 | NGZ:seis_pick_1/inf_pick_2 | NOVZ:seis_pick_1/inf_pick_1 | OTVZ:seis_pick_2/inf_pick_1 | SNVZ:seis_pick_2/inf_pick_1,S1I2S1I2S1I1S2I1S2I1,2500.0,2.5,1828136.0,5661584.0,1680.270508,1.5848485400785686,-0.4505291211875422,5
ETVZ:seis_pick_1/inf_pick_2 | NGZ:seis_pick_1/inf_pick_1 | NOVZ:seis_pick_1/inf_pick_1 | OTVZ:seis_pick_2/inf_pick_1 | SNVZ:seis_pick_1/inf_pick_1,S1I2S1I1S1I1S2I1S1I1,3300.0,3.3,1828328.0,5661776.0,1708.478394,1.5868086520369804,-0.2948784364336241,5
ETVZ:seis_pick_1/inf_pick_1 | NGZ:seis_pick_2/inf_pick_2 | NOVZ:seis_pick_1/inf_pick_2 | OTVZ:seis_pick_2/inf_pick_1 | SNVZ:seis_pick_2/inf_pick_2,S1I1S2I2S1I2S2I1S2I2,2500.0,2.5,1828328.0,5661872.0,1752.691528,1.5884645482893052,-0.1588163662086881,5
ETVZ:seis_pick_1/inf_pick_2 | NGZ:seis_pick_2/inf_pick_2 | NOVZ:seis_pick_2/inf_pick_2 | OTVZ:seis_pick_1/inf_pick_1 | SNVZ:seis_pick_1/inf_pick_2,S1I2S2I2S2I2S1I1S1I2,3300.0,3.3,1827944.0,5662064.0,2013.466919,1.5922702416047398,-0.08514267644943167,5
ETVZ:seis_pick_2/inf_pick_2 | NGZ:seis_pick_1/inf_pick_2 | NOVZ:seis_pick_1/inf_pick_2 | OTVZ:seis_pick_2/inf_pick_1 | SNVZ:seis_pick_2/inf_pick_2,S2I2S1I2S1I2S2I1S2I2,3000.0,3.0,1828328.0,5661872.0,1752.691528,1.5924946479139455,-0.031063762401052842,5
ETVZ:seis_pick_2/inf_pick_2 | NGZ:seis_pick_1/inf_pick_2 | NOVZ:seis_pick_2/inf_pick_2 | OTVZ:seis_pick_2/inf_pick_1 | SNVZ:seis_pick_2/inf_pick_2,S2I2S1I2S2I2S2I1S2I2,3000.0,3.0,1828232.0,5661968.0,1833.125488,1.5933884216804248,-0.2139566176748092,5
ETVZ:seis_pick_2/inf_pick_2 | NGZ:seis_pick_1/inf_pick_2 | NOVZ:seis_pick_2/inf_pick_1 | OTVZ:seis_pick_2/inf_pick_1 | SNVZ:seis_pick_2/inf_pick_2,S2I2S1I2S2I1S2I1S2I2,3300.0,3.3,1828136.0,5662160.0,1946.274292,1.5934107877124895,-0.6516952020767809,5
ETVZ:seis_pick_1/inf_pick_2 | NGZ:seis_pick_2/inf_pick_2 | NOVZ:seis_pick_2/inf_pick_1 | OTVZ:seis_pick_1/inf_pick_1 | SNVZ:seis_pick_1/inf_pick_2,S1I2S2I2S2I1S1I1S1I2,3000.0,3.0,1827752.0,5662256.0,2200.287842,1.593634986202569,-0.3736974201488934,5
ETVZ:seis_pick_1/inf_pick_2 | NGZ:seis_pick_2/inf_pick_2 | NOVZ:seis_pick_2/inf_pick_1 | OTVZ:seis_pick_2/inf_pick_1 | SNVZ:seis_pick_1/inf_pick_1,S1I2S2I2S2I1S2I1S1I1,3000.0,3.0,1827944.0,5661776.0,1826.723999,1.594448200446881,-0.9313579015211703,5
ETVZ:seis_pick_1/inf_pick_2 | NGZ:seis_pick_2/inf_pick_2 | NOVZ:seis_pick_1/inf_pick_2 | OTVZ:seis_pick_2/inf_pick_2 | SNVZ:seis_pick_1/inf_pick_2,S1I2S2I2S1I2S2I2S1I2,2500.0,2.5,1827944.0,5661968.0,1945.640259,1.5950393924656716,0.5583074838777773,5
ETVZ:seis_pick_1/inf_pick_1 | NGZ:seis_pick_1/inf_pick_2 | NOVZ:seis_pick_1/inf_pick_1 | OTVZ:seis_pick_2/inf_pick_1 | SNVZ:seis_pick_1/inf_pick_2,S1I1S1I2S1I1S2I1S1I2,2500.0,2.5,1828328.0,5662256.0,1832.388062,1.5958964910614017,-0.10570397564798437,5
ETVZ:seis_pick_2/inf_pick_2 | NGZ:seis_pick_2/inf_pick_1 | NOVZ:seis_pick_2/inf_pick_1 | OTVZ:seis_pick_2/inf_pick_1 | SNVZ:seis_pick_2/inf_pick_2,S2I2S2I1S2I1S2I1S2I2,3000.0,3.0,1828232.0,5662160.0,1873.492554,1.5970222243777021,-0.3400071993864692,5
ETVZ:seis_pick_2/inf_pick_1 | NGZ:seis_pick_2/inf_pick_2 | NOVZ:seis_pick_1/inf_pick_1 | OTVZ:seis_pick_2/inf_pick_1 | SNVZ:seis_pick_1/inf_pick_2,S2I1S2I2S1I1S2I1S1I2,3000.0,3.0,1828328.0,5662256.0,1832.388062,1.5976101974757841,-0.6775433965354866,5
ETVZ:seis_pick_1/inf_pick_2 | NGZ:seis_pick_1/inf_pick_2 | NOVZ:seis_pick_2/inf_pick_2 | OTVZ:seis_pick_2/inf_pick_1 | SNVZ:seis_pick_1/inf_pick_1,S1I2S1I2S2I2S2I1S1I1,2500.0,2.5,1828232.0,5661584.0,1658.624878,1.5990155919701836,-0.15600271906915708,5
ETVZ:seis_pick_2/inf_pick_2 | NGZ:seis_pick_1/inf_pick_2 | NOVZ:seis_pick_1/inf_pick_1 | OTVZ:seis_pick_2/inf_pick_1 | SNVZ:seis_pick_2/inf_pick_2,S2I2S1I2S1I1S2I1S2I2,3000.0,3.0,1828232.0,5662064.0,1861.719849,1.5997681935480785,-0.3273211752495547,5
ETVZ:seis_pick_1/inf_pick_2 | NGZ:seis_pick_2/inf_pick_2 | NOVZ:seis_pick_1/inf_pick_1 | OTVZ:seis_pick_1/inf_pick_1 | SNVZ:seis_pick_1/inf_pick_2,S1I2S2I2S1I1S1I1S1I2,3000.0,3.0,1827848.0,5662160.0,2101.272461,1.6007061832834013,-0.13662569187143295,5
ETVZ:seis_pick_1/inf_pick_1 | NGZ:seis_pick_1/inf_pick_2 | NOVZ:seis_pick_2/inf_pick_2 | OTVZ:seis_pick_2/inf_pick_1 | SNVZ:seis_pick_1/inf_pick_2,S1I1S1I2S2I2S2I1S1I2,2500.0,2.5,1828424.0,5662160.0,1740.991333,1.6010709966992316,0.04279955540191427,5
ETVZ:seis_pick_2/inf_pick_2 | NGZ:seis_pick_1/inf_pick_1 | NOVZ:seis_pick_2/inf_pick_1 | OTVZ:seis_pick_2/inf_pick_1 | SNVZ:seis_pick_2/inf_pick_2,S2I2S1I1S2I1S2I1S2I2,3000.0,3.0,1828328.0,5662256.0,1832.388062,1.6016686495265957,-0.15257576021653013,5
ETVZ:seis_pick_1/inf_pick_2 | NGZ:seis_pick_2/inf_pick_1 | NOVZ:seis_pick_2/inf_pick_1 | OTVZ:seis_pick_2/inf_pick_1 | SNVZ:seis_pick_2/inf_pick_1,S1I2S2I1S2I1S2I1S2I1,3300.0,3.3,1828136.0,5661776.0,1782.875366,1.6019044496141652,-0.847592961401919,5
ETVZ:seis_pick_1/inf_pick_2 | NGZ:seis_pick_2/inf_pick_1 | NOVZ:seis_pick_2/inf_pick_2 | OTVZ:seis_pick_2/inf_pick_1 | SNVZ:seis_pick_1/inf_pick_1,S1I2S2I1S2I2S2I1S1I1,2500.0,2.5,1828328.0,5661680.0,1673.186646,1.6022840828536702,0.007124781858257201,5
ETVZ:seis_pick_2/inf_pick_2 | NGZ:seis_pick_2/inf_pick_2 | NOVZ:seis_pick_1/inf_pick_2 | OTVZ:seis_pick_1/inf_pick_1 | SNVZ:seis_pick_1/inf_pick_2,S2I2S2I2S1I2S1I1S1I2,2500.0,2.5,1828040.0,5661968.0,1927.026855,1.602628812450445,0.3932849401064356,5
ETVZ:seis_pick_1/inf_pick_1 | NGZ:seis_pick_1/inf_pick_2 | NOVZ:seis_pick_2/inf_pick_1 | OTVZ:seis_pick_2/inf_pick_1 | SNVZ:seis_pick_1/inf_pick_2,S1I1S1I2S2I1S2I1S1I2,2500.0,2.5,1828232.0,5662352.0,1933.467285,1.6029212616120714,-0.314764947106565,5
ETVZ:seis_pick_2/inf_pick_2 | NGZ:seis_pick_2/inf_pick_1 | NOVZ:seis_pick_2/inf_pick_2 | OTVZ:seis_pick_2/inf_pick_1 | SNVZ:seis_pick_2/inf_pick_2,S2I2S2I1S2I2S2I1S2I2,2500.0,2.5,1828328.0,5661968.0,1780.70813,1.6033209494686906,0.2287825115985596,5
ETVZ:seis_pick_1/inf_pick_2 | NGZ:seis_pick_2/inf_pick_1 | NOVZ:seis_pick_2/inf_pick_1 | OTVZ:seis_pick_2/inf_pick_1 | SNVZ:seis_pick_1/inf_pick_1,S1I2S2I1S2I1S2I1S1I1,3300.0,3.3,1828136.0,5661872.0,1836.069458,1.603574189134991,-0.6851127816659119,5
ETVZ:seis_pick_1/inf_pick_2 | NGZ:seis_pick_1/inf_pick_2 | NOVZ:seis_pick_2/inf_pick_1 | OTVZ:seis_pick_2/inf_pick_1 | SNVZ:seis_pick_1/inf_pick_1,S1I2S1I2S2I1S2I1S1I1,3000.0,3.0,1828040.0,5661872.0,1862.954834,1.604120721351069,-0.7397683155854724,5
ETVZ:seis_pick_1/inf_pick_2 | NGZ:seis_pick_1/inf_pick_1 | NOVZ:seis_pick_1/inf_pick_1 | OTVZ:seis_pick_2/inf_pick_1 | SNVZ:seis_pick_2/inf_pick_1,S1I2S1I1S1I1S2I1S2I1,3300.0,3.3,1828328.0,5661680.0,1673.186646,1.6050822431998593,-0.47016879139346524,5
ETVZ:seis_pick_2/inf_pick_2 | NGZ:seis_pick_1/inf_pick_1 | NOVZ:seis_pick_1/inf_pick_1 | OTVZ:seis_pick_2/inf_pick_1 | SNVZ:seis_pick_2/inf_pick_2,S2I2S1I1S1I1S2I1S2I2,2500.0,2.5,1828424.0,5662064.0,1744.648804,1.6084800141276427,0.32745947346840454,5
ETVZ:seis_pick_2/inf_pick_2 | NGZ:seis_pick_1/inf_pick_1 | NOVZ:seis_pick_1/inf_pick_1 | OTVZ:seis_pick_2/inf_pick_1 | SNVZ:seis_pick_1/inf_pick_2,S2I2S1I1S1I1S2I1S1I2,3300.0,3.3,1828424.0,5662256.0,1795.46814,1.6105553844673082,0.06767298482577448,5
ETVZ:seis_pick_2/inf_pick_1 | NGZ:seis_pick_2/inf_pick_2 | NOVZ:seis_pick_2/inf_pick_2 | OTVZ:seis_pick_2/inf_pick_1 | SNVZ:seis_pick_1/inf_pick_2,S2I1S2I2S2I2S2I1S1I2,3300.0,3.3,1828328.0,5662160.0,1795.425903,1.6108225534451899,-0.6755499574791545,5
ETVZ:seis_pick_2/inf_pick_1 | NGZ:seis_pick_2/inf_pick_2 | NOVZ:seis_pick_2/inf_pick_1 | OTVZ:seis_pick_2/inf_pick_1 | SNVZ:seis_pick_1/inf_pick_2,S2I1S2I2S2I1S2I1S1I2,2500.0,2.5,1828232.0,5662352.0,1933.467285,1.6126178261390478,-0.6183515387773143,5
ETVZ:seis_pick_2/inf_pick_2 | NGZ:seis_pick_1/inf_pick_1 | NOVZ:seis_pick_2/inf_pick_2 | OTVZ:seis_pick_2/inf_pick_1 | SNVZ:seis_pick_1/inf_pick_2,S2I2S1I1S2I2S2I1S1I2,3000.0,3.0,1828520.0,5662160.0,1702.077515,1.614161917823939,0.33480355224343955,5
ETVZ:seis_pick_2/inf_pick_2 | NGZ:seis_pick_1/inf_pick_1 | NOVZ:seis_pick_2/inf_pick_1 | OTVZ:seis_pick_2/inf_pick_1 | SNVZ:seis_pick_1/inf_pick_1,S2I2S1I1S2I1S2I1S1I1,2500.0,2.5,1828328.0,5661872.0,1752.691528,1.6150761035006855,-0.18002663789404316,5
ETVZ:seis_pick_1/inf_pick_2 | NGZ:seis_pick_2/inf_pick_2 | NOVZ:seis_pick_2/inf_pick_2 | OTVZ:seis_pick_1/inf_pick_1 | SNVZ:seis_pick_1/inf_pick_2,S1I2S2I2S2I2S1I1S1I2,3000.0,3.0,1827848.0,5662064.0,2029.3927,1.6160470791563613,0.0030557504313899033,5
ETVZ:seis_pick_1/inf_pick_2 | NGZ:seis_pick_2/inf_pick_2 | NOVZ:seis_pick_2/inf_pick_1 | OTVZ:seis_pick_2/inf_pick_1 | SNVZ:seis_pick_2/inf_pick_1,S1I2S2I2S2I1S2I1S2I1,2500.0,2.5,1827944.0,5661680.0,1773.920288,1.6170824661902259,-0.8302521193524781,5
ETVZ:seis_pick_1/inf_pick_2 | NGZ:seis_pick_1/inf_pick_1 | NOVZ:seis_pick_1/inf_pick_2 | OTVZ:seis_pick_2/inf_pick_1 | SNVZ:seis_pick_2/inf_pick_2,S1I2S1I1S1I2S2I1S2I2,3000.0,3.0,1828520.0,5661872.0,1667.41626,1.6194696916281281,0.45953906879577655,5
ETVZ:seis_pick_1/inf_pick_2 | NGZ:seis_pick_1/inf_pick_1 | NOVZ:seis_pick_1/inf_pick_1 | OTVZ:seis_pick_2/inf_pick_1 | SNVZ:seis_pick_1/inf_pick_1,S1I2S1I1S1I1S2I1S1I1,3000.0,3.0,1828328.0,5661776.0,1708.478394,1.6232903942776096,-0.17407794403521262,5
ETVZ:seis_pick_1/inf_pick_2 | NGZ:seis_pick_2/inf_pick_2 | NOVZ:seis_pick_1/inf_pick_2 | OTVZ:seis_pick_2/inf_pick_1 | SNVZ:seis_pick_1/inf_pick_1,S1I2S2I2S1I2S2I1S1I1,2500.0,2.5,1828136.0,5661488.0,1647.28064,1.6236406039159026,-0.2255030347174758,5
ETVZ:seis_pick_1/inf_pick_1 | NGZ:seis_pick_1/inf_pick_2 | NOVZ:seis_pick_1/inf_pick_2 | OTVZ:seis_pick_2/inf_pick_1 | SNVZ:seis_pick_1/inf_pick_2,S1I1S1I2S1I2S2I1S1I2,2500.0,2.5,1828424.0,5662064.0,1744.648804,1.6246107681454183,0.19705017244528183,5
ETVZ:seis_pick_2/inf_pick_2 | NGZ:seis_pick_2/inf_pick_1 | NOVZ:seis_pick_1/inf_pick_1 | OTVZ:seis_pick_2/inf_pick_1 | SNVZ:seis_pick_2/inf_pick_2,S2I2S2I1S1I1S2I1S2I2,2500.0,2.5,1828328.0,5662064.0,1806.550293,1.6255305438092107,0.11768864726395396,5
ETVZ:seis_pick_2/inf_pick_2 | NGZ:seis_pick_1/inf_pick_2 | NOVZ:seis_pick_2/inf_pick_1 | OTVZ:seis_pick_2/inf_pick_1 | SNVZ:seis_pick_2/inf_pick_2,S2I2S1I2S2I1S2I1S2I2,3000.0,3.0,1828136.0,5662160.0,1946.274292,1.6260396982164635,-0.5292066607760351,5
ETVZ:seis_pick_1/inf_pick_2 | NGZ:seis_pick_2/inf_pick_2 | NOVZ:seis_pick_1/inf_pick_2 | OTVZ:seis_pick_1/inf_pick_1 | SNVZ:seis_pick_1/inf_pick_2,S1I2S2I2S1I2S1I1S1I2,3300.0,3.3,1827944.0,5661968.0,1945.640259,1.6266195230084868,0.09111890521966899,5
ETVZ:seis_pick_1/inf_pick_2 | NGZ:seis_pick_1/inf_pick_2 | NOVZ:seis_pick_1/inf_pick_1 | OTVZ:seis_pick_2/inf_pick_1 | SNVZ:seis_pick_1/inf_pick_1,S1I2S1I2S1I1S2I1S1I1,2500.0,2.5,1828136.0,5661680.0,1731.645752,1.6267943721764342,-0.2745365105553699,5
ETVZ:seis_pick_2/inf_pick_1 | NGZ:seis_pick_2/inf_pick_2 | NOVZ:seis_pick_2/inf_pick_2 | OTVZ:seis_pick_2/inf_pick_1 | SNVZ:seis_pick_1/inf_pick_2,S2I1S2I2S2I2S2I1S1I2,3000.0,3.0,1828328.0,5662160.0,1795.425903,1.6269071654834908,-0.5539879558882829,5
ETVZ:seis_pick_1/inf_pick_2 | NGZ:seis_pick_2/inf_pick_2 | NOVZ:seis_pick_2/inf_pick_2 | OTVZ:seis_pick_2/inf_pick_1 | SNVZ:seis_pick_1/inf_pick_1,S1I2S2I2S2I2S2I1S1I1,2500.0,2.5,1828040.0,5661584.0,1704.531738,1.6291182946224487,-0.38495267693691115,5
ETVZ:seis_pick_1/inf_pick_2 | NGZ:seis_pick_2/inf_pick_1 | NOVZ:seis_pick_1/inf_pick_1 | OTVZ:seis_pick_2/inf_pick_1 | SNVZ:seis_pick_2/inf_pick_1,S1I2S2I1S1I1S2I1S2I1,2500.0,2.5,1828232.0,5661584.0,1658.624878,1.629752884895765,-0.2829992453966511,5
ETVZ:seis_pick_1/inf_pick_2 | NGZ:seis_pick_1/inf_pick_1 | NOVZ:seis_pick_2/inf_pick_2 | OTVZ:seis_pick_2/inf_pick_1 | SNVZ:seis_pick_2/inf_pick_2,S1I2S1I1S2I2S2I1S2I2,3300.0,3.3,1828424.0,5662064.0,1744.648804,1.633367369953213,0.15270418928152357,5
ETVZ:seis_pick_1/inf_pick_2 | NGZ:seis_pick_2/inf_pick_1 | NOVZ:seis_pick_1/inf_pick_2 | OTVZ:seis_pick_2/inf_pick_1 | SNVZ:seis_pick_2/inf_pick_2,S1I2S2I1S1I2S2I1S2I2,3300.0,3.3,1828328.0,5661872.0,1752.691528,1.6358357725181119,0.11553857430337242,5
ETVZ:seis_pick_1/inf_pick_2 | NGZ:seis_pick_2/inf_pick_1 | NOVZ:seis_pick_2/inf_pick_1 | OTVZ:seis_pick_2/inf_pick_1 | SNVZ:seis_pick_2/inf_pick_1,S1I2S2I1S2I1S2I1S2I1,3000.0,3.0,1828136.0,5661776.0,1782.875366,1.6405826140891142,-0.7262027333898826,5
ETVZ:seis_pick_1/inf_pick_2 | NGZ:seis_pick_2/inf_pick_1 | NOVZ:seis_pick_2/inf_pick_1 | OTVZ:seis_pick_2/inf_pick_1 | SNVZ:seis_pick_1/inf_pick_1,S1I2S2I1S2I1S2I1S1I1,3000.0,3.0,1828136.0,5661872.0,1836.069458,1.6407757975765145,-0.5635033781747879,5
ETVZ:seis_pick_1/inf_pick_2 | NGZ:seis_pick_2/inf_pick_2 | NOVZ:seis_pick_1/inf_pick_1 | OTVZ:seis_pick_2/inf_pick_1 | SNVZ:seis_pick_1/inf_pick_1,S1I2S2I2S1I1S2I1S1I1,2500.0,2.5,1828040.0,5661680.0,1747.83252,1.6411800355074826,-0.4815346613542847,5
ETVZ:seis_pick_2/inf_pick_1 | NGZ:seis_pick_2/inf_pick_2 | NOVZ:seis_pick_1/inf_pick_1 | OTVZ:seis_pick_2/inf_pick_1 | SNVZ:seis_pick_1/inf_pick_2,S2I1S2I2S1I1S2I1S1I2,2500.0,2.5,1828328.0,5662256.0,1832.388062,1.6415642837782038,-0.4092905673187337,5
ETVZ:seis_pick_2/inf_pick_2 | NGZ:seis_pick_2/inf_pick_1 | NOVZ:seis_pick_1/inf_pick_2 | OTVZ:seis_pick_2/inf_pick_1 | SNVZ:seis_pick_1/inf_pick_2,S2I2S2I1S1I2S2I1S1I2,3300.0,3.3,1828424.0,5662064.0,1744.648804,1.6422882750751162,0.16751870029857532,5
ETVZ:seis_pick_1/inf_pick_2 | NGZ:seis_pick_1/inf_pick_1 | NOVZ:seis_pick_1/inf_pick_1 | OTVZ:seis_pick_2/inf_pick_1 | SNVZ:seis_pick_2/inf_pick_1,S1I2S1I1S1I1S2I1S2I1,3000.0,3.0,1828328.0,5661680.0,1673.186646,1.642743864251263,-0.34944321963514097,5
ETVZ:seis_pick_2/inf_pick_2 | NGZ:seis_pick_1/inf_pick_1 | NOVZ:seis_pick_1/inf_pick_1 | OTVZ:seis_pick_2/inf_pick_1 | SNVZ:seis_pick_1/inf_pick_2,S2I2S1I1S1I1S2I1S1I2,3000.0,3.0,1828424.0,5662256.0,1795.46814,1.643771210968741,0.18933829503861652,5
ETVZ:seis_pick_1/inf_pick_1 | NGZ:seis_pick_2/inf_pick_2 | NOVZ:seis_pick_2/inf_pick_1 | OTVZ:seis_pick_2/inf_pick_1 | SNVZ:seis_pick_1/inf_pick_2,S1I1S2I2S2I1S2I1S1I2,3300.0,3.3,1828136.0,5662352.0,1970.850952,1.6445520993935565,-0.9223222937447264,5
ETVZ:seis_pick_2/inf_pick_2 | NGZ:seis_pick_1/inf_pick_1 | NOVZ:seis_pick_2/inf_pick_1 | OTVZ:seis_pick_2/inf_pick_1 | SNVZ:seis_pick_2/inf_pick_1,S2I2S1I1S2I1S2I1S2I1,2500.0,2.5,1828328.0,5661776.0,1708.478394,1.6453282489265337,-0.34836106786708554,5
ETVZ:seis_pick_1/inf_pick_2 | NGZ:seis_pick_1/inf_pick_1 | NOVZ:seis_pick_2/inf_pick_2 | OTVZ:seis_pick_2/inf_pick_1 | SNVZ:seis_pick_1/inf_pick_1,S1I2S1I1S2I2S2I1S1I1,2500.0,2.5,1828424.0,5661680.0,1639.828735,1.6462725284883968,0.2067235748098847,5
ETVZ:seis_pick_1/inf_pick_2 | NGZ:seis_pick_2/inf_pick_1 | NOVZ:seis_pick_1/inf_pick_1 | OTVZ:seis_pick_2/inf_pick_1 | SNVZ:seis_pick_1/inf_pick_1,S1I2S2I1S1I1S2I1S1I1,2500.0,2.5,1828232.0,5661776.0,1756.203979,1.6464295950517904,-0.11572329542090447,5
ETVZ:seis_pick_1/inf_pick_2 | NGZ:seis_pick_2/inf_pick_2 | NOVZ:seis_pick_1/inf_pick_2 | OTVZ:seis_pick_1/inf_pick_1 | SNVZ:seis_pick_1/inf_pick_2,S1I2S2I2S1I2S1I1S1I2,3000.0,3.0,1827944.0,5661968.0,1945.640259,1.6489845972514716,0.2137834688277273,5
ETVZ:seis_pick_2/inf_pick_2 | NGZ:seis_pick_1/inf_pick_1 | NOVZ:seis_pick_1/inf_pick_2 | OTVZ:seis_pick_2/inf_pick_1 | SNVZ:seis_pick_1/inf_pick_2,S2I2S1I1S1I2S2I1S1I2,2500.0,2.5,1828520.0,5662064.0,1695.895142,1.648986364483484,0.7572048486971876,5
ETVZ:seis_pick_2/inf_pick_2 | NGZ:seis_pick_2/inf_pick_1 | NOVZ:seis_pick_2/inf_pick_2 | OTVZ:seis_pick_2/inf_pick_1 | SNVZ:seis_pick_1/inf_pick_2,S2I2S2I1S2I2S2I1S1I2,3300.0,3.3,1828328.0,5662160.0,1795.425903,1.6506755410600626,-0.014124705722569252,5
ETVZ:seis_pick_1/inf_pick_2 | NGZ:seis_pick_2/inf_pick_2 | NOVZ:seis_pick_2/inf_pick_1 | OTVZ:seis_pick_1/inf_pick_1 | SNVZ:seis_pick_1/inf_pick_2,S1I2S2I2S2I1S1I1S1I2,2500.0,2.5,1827752.0,5662160.0,2131.72583,1.6556461968966865,-0.044368713981111266,5
ETVZ:seis_pick_1/inf_pick_2 | NGZ:seis_pick_1/inf_pick_1 | NOVZ:seis_pick_2/inf_pick_2 | OTVZ:seis_pick_2/inf_pick_1 | SNVZ:seis_pick_2/inf_pick_1,S1I2S1I1S2I2S2I1S2I1,2500.0,2.5,1828424.0,5661488.0,1577.636108,1.6579212366568954,0.0175305348915769,5
ETVZ:seis_pick_1/inf_pick_2 | NGZ:seis_pick_2/inf_pick_2 | NOVZ:seis_pick_1/inf_pick_1 | OTVZ:seis_pick_1/inf_pick_1 | SNVZ:seis_pick_1/inf_pick_2,S1I2S2I2S1I1S1I1S1I2,2500.0,2.5,1827848.0,5662064.0,2029.3927,1.6592560915237071,0.18380697805597954,5
ETVZ:seis_pick_1/inf_pick_2 | NGZ:seis_pick_1/inf_pick_2 | NOVZ:seis_pick_2/inf_pick_1 | OTVZ:seis_pick_2/inf_pick_1 | SNVZ:seis_pick_2/inf_pick_1,S1I2S1I2S2I1S2I1S2I1,2500.0,2.5,1828040.0,5661680.0,1747.83252,1.6597343951512036,-0.6179922767919134,5
ETVZ:seis_pick_2/inf_pick_2 | NGZ:seis_pick_1/inf_pick_2 | NOVZ:seis_pick_1/inf_pick_2 | OTVZ:seis_pick_2/inf_pick_1 | SNVZ:seis_pick_2/inf_pick_2,S2I2S1I2S1I2S2I1S2I2,2500.0,2.5,1828328.0,5661872.0,1752.691528,1.6600125480411507,0.23504707657955812,5
ETVZ:seis_pick_1/inf_pick_2 | NGZ:seis_pick_2/inf_pick_1 | NOVZ:seis_pick_2/inf_pick_2 | OTVZ:seis_pick_2/inf_pick_1 | SNVZ:seis_pick_2/inf_pick_2,S1I2S2I1S2I2S2I1S2I2,3300.0,3.3,1828328.0,5661968.0,1780.70813,1.661735919204153,-0.037232553695568174,5
ETVZ:seis_pick_2/inf_pick_2 | NGZ:seis_pick_1/inf_pick_2 | NOVZ:seis_pick_2/inf_pick_2 | OTVZ:seis_pick_2/inf_pick_1 | SNVZ:seis_pick_2/inf_pick_2,S2I2S1I2S2I2S2I1S2I2,2500.0,2.5,1828232.0,5661968.0,1833.125488,1.6627767467150787,0.05331771493710402,5
ETVZ:seis_pick_2/inf_pick_2 | NGZ:seis_pick_2/inf_pick_1 | NOVZ:seis_pick_1/inf_pick_1 | OTVZ:seis_pick_2/inf_pick_1 | SNVZ:seis_pick_1/inf_pick_2,S2I2S2I1S1I1S2I1S1I2,3300.0,3.3,1828328.0,5662256.0,1832.388062,1.6644714263766092,-0.13805124896833404,5
ETVZ:seis_pick_2/inf_pick_1 | NGZ:seis_pick_2/inf_pick_2 | NOVZ:seis_pick_2/inf_pick_2 | OTVZ:seis_pick_2/inf_pick_1 | SNVZ:seis_pick_1/inf_pick_2,S2I1S2I2S2I2S2I1S1I2,2500.0,2.5,1828328.0,5662160.0,1795.425903,1.6662910375659739,-0.2865515523883639,5
ETVZ:seis_pick_1/inf_pick_1 | NGZ:seis_pick_2/inf_pick_2 | NOVZ:seis_pick_1/inf_pick_1 | OTVZ:seis_pick_2/inf_pick_1 | SNVZ:seis_pick_1/inf_pick_2,S1I1S2I2S1I1S2I1S1I2,3300.0,3.3,1828232.0,5662256.0,1871.278687,1.6676429830708521,-0.7059401322089716,5
ETVZ:seis_pick_1/inf_pick_1 | NGZ:seis_pick_2/inf_pick_2 | NOVZ:seis_pick_2/inf_pick_1 | OTVZ:seis_pick_2/inf_pick_1 | SNVZ:seis_pick_1/inf_pick_2,S1I1S2I2S2I1S2I1S1I2,3000.0,3.0,1828136.0,5662352.0,1970.850952,1.6686620674711057,-0.7991726538779869,5
ETVZ:seis_pick_1/inf_pick_2 | NGZ:seis_pick_2/inf_pick_1 | NOVZ:seis_pick_1/inf_pick_2 | OTVZ:seis_pick_2/inf_pick_1 | SNVZ:seis_pick_2/inf_pick_2,S1I2S2I1S1I2S2I1S2I2,3000.0,3.0,1828328.0,5661872.0,1752.691528,1.6691699847384895,0.23649804656728612,5
ETVZ:seis_pick_2/inf_pick_2 | NGZ:seis_pick_1/inf_pick_1 | NOVZ:seis_pick_2/inf_pick_1 | OTVZ:seis_pick_2/inf_pick_1 | SNVZ:seis_pick_1/inf_pick_2,S2I2S1I1S2I1S2I1S1I2,3300.0,3.3,1828328.0,5662352.0,1871.990356,1.669265181864236,-0.13156343340654378,5
ETVZ:seis_pick_2/inf_pick_2 | NGZ:seis_pick_2/inf_pick_2 | NOVZ:seis_pick_2/inf_pick_1 | OTVZ:seis_pick_2/inf_pick_1 | SNVZ:seis_pick_2/inf_pick_2,S2I2S2I2S2I1S2I1S2I2,3300.0,3.3,1828040.0,5662160.0,2012.584229,1.66971674789981,-0.8813478260954177,5
ETVZ:seis_pick_1/inf_pick_2 | NGZ:seis_pick_1/inf_pick_1 | NOVZ:seis_pick_2/inf_pick_2 | OTVZ:seis_pick_2/inf_pick_1 | SNVZ:seis_pick_2/inf_pick_2,S1I2S1I1S2I2S2I1S2I2,3000.0,3.0,1828424.0,5661968.0,1733.215942,1.6700541391842094,0.2904585604591995,5
ETVZ:seis_pick_2/inf_pick_1 | NGZ:seis_pick_2/inf_pick_2 | NOVZ:seis_pick_1/inf_pick_2 | OTVZ:seis_pick_2/inf_pick_1 | SNVZ:seis_pick_1/inf_pick_2,S2I1S2I2S1I2S2I1S1I2,3300.0,3.3,1828424.0,5662064.0,1744.648804,1.6705990027308808,-0.4939065514580099,5
ETVZ:seis_pick_2/inf_pick_2 | NGZ:seis_pick_2/inf_pick_2 | NOVZ:seis_pick_1/inf_pick_1 | OTVZ:seis_pick_2/inf_pick_1 | SNVZ:seis_pick_2/inf_pick_2,S2I2S2I2S1I1S2I1S2I2,3300.0,3.3,1828136.0,5662064.0,1926.312866,1.671109537304874,-0.6715692078796879,5
ETVZ:seis_pick_1/inf_pick_2 | NGZ:seis_pick_2/inf_pick_2 | NOVZ:seis_pick_2/inf_pick_2 | OTVZ:seis_pick_1/inf_pick_1 | SNVZ:seis_pick_1/inf_pick_2,S1I2S2I2S2I2S1I1S1I2,2500.0,2.5,1827848.0,5662064.0,2029.3927,1.6717877479342345,0.27477872168106393,5
ETVZ:seis_pick_2/inf_pick_2 | NGZ:seis_pick_2/inf_pick_1 | NOVZ:seis_pick_1/inf_pick_2 | OTVZ:seis_pick_2/inf_pick_1 | SNVZ:seis_pick_1/inf_pick_2,S2I2S2I1S1I2S2I1S1I2,3000.0,3.0,1828424.0,5662064.0,1744.648804,1.6718719516484277,0.2885718666212457,5
ETVZ:seis_pick_2/inf_pick_2 | NGZ:seis_pick_2/inf_pick_1 | NOVZ:seis_pick_2/inf_pick_1 | OTVZ:seis_pick_2/inf_pick_1 | SNVZ:seis_pick_2/inf_pick_2,S2I2S2I1S2I1S2I1S2I2,2500.0,2.5,1828232.0,5662160.0,1873.492554,1.6723213951316722,-0.0716168625972328,5
ETVZ:seis_pick_2/inf_pick_2 | NGZ:seis_pick_1/inf_pick_2 | NOVZ:seis_pick_1/inf_pick_1 | OTVZ:seis_pick_2/inf_pick_1 | SNVZ:seis_pick_2/inf_pick_2,S2I2S1I2S1I1S2I1S2I2,2500.0,2.5,1828232.0,5662064.0,1861.719849,1.672801615451692,-0.059485762378136894,5
ETVZ:seis_pick_1/inf_pick_2 | NGZ:seis_pick_2/inf_pick_2 | NOVZ:seis_pick_2/inf_pick_1 | OTVZ:seis_pick_2/inf_pick_1 | SNVZ:seis_pick_1/inf_pick_1,S1I2S2I2S2I1S2I1S1I1,2500.0,2.5,1827944.0,5661776.0,1826.723999,1.6755492915276795,-0.6628151554208044,5
ETVZ:seis_pick_2/inf_pick_2 | NGZ:seis_pick_2/inf_pick_2 | NOVZ:seis_pick_2/inf_pick_2 | OTVZ:seis_pick_2/inf_pick_1 | SNVZ:seis_pick_2/inf_pick_2,S2I2S2I2S2I2S2I1S2I2,3300.0,3.3,1828136.0,5661968.0,1868.978394,1.6760614241368628,-0.5478178681441863,5
ETVZ:seis_pick_1/inf_pick_2 | NGZ:seis_pick_1/inf_pick_1 | NOVZ:seis_pick_1/inf_pick_1 | OTVZ:seis_pick_2/inf_pick_1 | SNVZ:seis_pick_2/inf_pick_2,S1I2S1I1S1I1S2I1S2I2,3300.0,3.3,1828328.0,5662160.0,1795.425903,1.6763170564534495,0.016546655072924032,5
ETVZ:seis_pick_2/inf_pick_2 | NGZ:seis_pick_1/inf_pick_1 | NOVZ:seis_pick_2/inf_pick_1 | OTVZ:seis_pick_2/inf_pick_1 | SNVZ:seis_pick_2/inf_pick_2,S2I2S1I1S2I1S2I1S2I2,2500.0,2.5,1828328.0,5662160.0,1795.425903,1.6811872735139626,0.14744434030550818,5
ETVZ:seis_pick_2/inf_pick_2 | NGZ:seis_pick_2/inf_pick_1 | NOVZ:seis_pick_2/inf_pick_2 | OTVZ:seis_pick_2/inf_pick_1 | SNVZ:seis_pick_1/inf_pick_2,S2I2S2I1S2I2S2I1S1I2,3000.0,3.0,1828328.0,5662160.0,1795.425903,1.6812503027264447,0.10743729586830231,5
ETVZ:seis_pick_2/inf_pick_1 | NGZ:seis_pick_2/inf_pick_2 | NOVZ:seis_pick_1/inf_pick_2 | OTVZ:seis_pick_2/inf_pick_1 | SNVZ:seis_pick_1/inf_pick_2,S2I1S2I2S1I2S2I1S1I2,3000.0,3.0,1828424.0,5662064.0,1744.648804,1.6848334449673474,-0.37285338513533955,5
ETVZ:seis_pick_1/inf_pick_2 | NGZ:seis_pick_2/inf_pick_1 | NOVZ:seis_pick_1/inf_pick_1 | OTVZ:seis_pick_2/inf_pick_1 | SNVZ:seis_pick_2/inf_pick_2,S1I2S2I1S1I1S2I1S2I2,3300.0,3.3,1828232.0,5662064.0,1861.719849,1.6857992588475832,-0.1815027357682233,5
ETVZ:seis_pick_2/inf_pick_2 | NGZ:seis_pick_1/inf_pick_1 | NOVZ:seis_pick_2/inf_pick_2 | OTVZ:seis_pick_2/inf_pick_1 | SNVZ:seis_pick_1/inf_pick_2,S2I2S1I1S2I2S2I1S1I2,2500.0,2.5,1828520.0,5662160.0,1702.077515,1.6862899399094462,0.6011018308455538,5
ETVZ:seis_pick_1/inf_pick_2 | NGZ:seis_pick_1/inf_pick_1 | NOVZ:seis_pick_2/inf_pick_1 | OTVZ:seis_pick_2/inf_pick_1 | SNVZ:seis_pick_1/inf_pick_1,S1I2S1I1S2I1S2I1S1I1,3300.0,3.3,1828328.0,5661872.0,1752.691528,1.6889262587533334,-0.4454538447179909,5
ETVZ:seis_pick_1/inf_pick_2 | NGZ:seis_pick_1/inf_pick_2 | NOVZ:seis_pick_2/inf_pick_1 | OTVZ:seis_pick_2/inf_pick_1 | SNVZ:seis_pick_1/inf_pick_1,S1I2S1I2S2I1S2I1S1I1,2500.0,2.5,1828040.0,5661776.0,1817.950928,1.6890140736191952,-0.45358209224084334,5
ETVZ:seis_pick_1/inf_pick_1 | NGZ:seis_pick_2/inf_pick_2 | NOVZ:seis_pick_1/inf_pick_1 | OTVZ:seis_pick_2/inf_pick_1 | SNVZ:seis_pick_1/inf_pick_2,S1I1S2I2S1I1S2I1S1I2,3000.0,3.0,1828232.0,5662256.0,1871.278687,1.6902881914638028,-0.5836905192605315,5
ETVZ:seis_pick_1/inf_pick_1 | NGZ:seis_pick_2/inf_pick_2 | NOVZ:seis_pick_2/inf_pick_2 | OTVZ:seis_pick_2/inf_pick_1 | SNVZ:seis_pick_1/inf_pick_2,S1I1S2I2S2I2S2I1S1I2,3300.0,3.3,1828232.0,5662160.0,1873.492554,1.6950962108561534,-0.5924121080410616,5
ETVZ:seis_pick_1/inf_pick_2 | NGZ:seis_pick_2/inf_pick_1 | NOVZ:seis_pick_2/inf_pick_2 | OTVZ:seis_pick_2/inf_pick_1 | SNVZ:seis_pick_2/inf_pick_2,S1I2S2I1S2I2S2I1S2I2,3000.0,3.0,1828328.0,5661968.0,1780.70813,1.6956098475429218,0.08391062434027674,5
ETVZ:seis_pick_2/inf_pick_2 | NGZ:seis_pick_2/inf_pick_1 | NOVZ:seis_pick_1/inf_pick_1 | OTVZ:seis_pick_2/inf_pick_1 | SNVZ:seis_pick_1/inf_pick_2,S2I2S2I1S1I1S2I1S1I2,3000.0,3.0,1828328.0,5662256.0,1832.388062,1.6965075410113353,-0.01611814477890139,5
ETVZ:seis_pick_1/inf_pick_2 | NGZ:seis_pick_1/inf_pick_1 | NOVZ:seis_pick_1/inf_pick_2 | OTVZ:seis_pick_2/inf_pick_1 | SNVZ:seis_pick_2/inf_pick_2,S1I2S1I1S1I2S2I1S2I2,2500.0,2.5,1828520.0,5661872.0,1667.41626,1.696937200152279,0.7246201570875087,5
ETVZ:seis_pick_2/inf_pick_2 | NGZ:seis_pick_2/inf_pick_1 | NOVZ:seis_pick_2/inf_pick_1 | OTVZ:seis_pick_2/inf_pick_1 | SNVZ:seis_pick_1/inf_pick_2,S2I2S2I1S2I1S2I1S1I2,3300.0,3.3,1828232.0,5662352.0,1933.467285,1.698113004334096,-0.3498262886337466,5
ETVZ:seis_pick_2/inf_pick_2 | NGZ:seis_pick_1/inf_pick_2 | NOVZ:seis_pick_2/inf_pick_1 | OTVZ:seis_pick_2/inf_pick_1 | SNVZ:seis_pick_2/inf_pick_2,S2I2S1I2S2I1S2I1S2I2,2500.0,2.5,1828136.0,5662160.0,1946.274292,1.7001035239379982,-0.25973186991439456,5
ETVZ:seis_pick_2/inf_pick_2 | NGZ:seis_pick_2/inf_pick_2 | NOVZ:seis_pick_1/inf_pick_1 | OTVZ:seis_pick_2/inf_pick_1 | SNVZ:seis_pick_2/inf_pick_2,S2I2S2I2S1I1S2I1S2I2,3000.0,3.0,1828136.0,5661968.0,1868.978394,1.7007487871346803,-0.5169586142429043,5
ETVZ:seis_pick_2/inf_pick_2 | NGZ:seis_pick_2/inf_pick_2 | NOVZ:seis_pick_2/inf_pick_1 | OTVZ:seis_pick_2/inf_pick_1 | SNVZ:seis_pick_2/inf_pick_2,S2I2S2I2S2I1S2I1S2I2,3000.0,3.0,1828040.0,5662160.0,2012.584229,1.7011043864482267,-0.758322034232276,5
ETVZ:seis_pick_1/inf_pick_2 | NGZ:seis_pick_2/inf_pick_2 | NOVZ:seis_pick_1/inf_pick_2 | OTVZ:seis_pick_1/inf_pick_1 | SNVZ:seis_pick_1/inf_pick_2,S1I2S2I2S1I2S1I1S1I2,2500.0,2.5,1827944.0,5661968.0,1945.640259,1.702207212237193,0.4836455087654574,5
ETVZ:seis_pick_2/inf_pick_2 | NGZ:seis_pick_2/inf_pick_2 | NOVZ:seis_pick_1/inf_pick_2 | OTVZ:seis_pick_2/inf_pick_1 | SNVZ:seis_pick_2/inf_pick_2,S2I2S2I2S1I2S2I1S2I2,3300.0,3.3,1828232.0,5661872.0,1779.748779,1.7024542009815902,-0.35727930795704965,5
ETVZ:seis_pick_2/inf_pick_2 | NGZ:seis_pick_1/inf_pick_1 | NOVZ:seis_pick_2/inf_pick_1 | OTVZ:seis_pick_2/inf_pick_1 | SNVZ:seis_pick_1/inf_pick_2,S2I2S1I1S2I1S2I1S1I2,3000.0,3.0,1828328.0,5662352.0,1871.990356,1.7026768691106051,-0.009191173762365779,5
ETVZ:seis_pick_2/inf_pick_2 | NGZ:seis_pick_2/inf_pick_2 | NOVZ:seis_pick_2/inf_pick_2 | OTVZ:seis_pick_2/inf_pick_1 | SNVZ:seis_pick_2/inf_pick_2,S2I2S2I2S2I2S2I1S2I2,3000.0,3.0,1828136.0,5661968.0,1868.978394,1.7044681058826558,-0.4259868706178199,5
ETVZ:seis_pick_1/inf_pick_2 | NGZ:seis_pick_1/inf_pick_1 | NOVZ:seis_pick_1/inf_pick_1 | OTVZ:seis_pick_2/inf_pick_1 | SNVZ:seis_pick_1/inf_pick_1,S1I2S1I1S1I1S2I1S1I1,2500.0,2.5,1828328.0,5661776.0,1708.478394,1.7061790967911843,0.09168313924129254,5
ETVZ:seis_pick_1/inf_pick_2 | NGZ:seis_pick_1/inf_pick_2 | NOVZ:seis_pick_1/inf_pick_2 | OTVZ:seis_pick_2/inf_pick_1 | SNVZ:seis_pick_2/inf_pick_2,S1I2S1I2S1I2S2I1S2I2,3300.0,3.3,1828232.0,5661872.0,1779.748779,1.7072817883375466,-0.053692716286300346,5
ETVZ:seis_pick_1/inf_pick_2 | NGZ:seis_pick_1/inf_pick_1 | NOVZ:seis_pick_1/inf_pick_2 | OTVZ:seis_pick_2/inf_pick_1 | SNVZ:seis_pick_1/inf_pick_2,S1I2S1I1S1I2S2I1S1I2,3300.0,3.3,1828520.0,5662064.0,1695.895142,1.7074603747887518,0.4922393894414677,5
ETVZ:seis_pick_1/inf_pick_2 | NGZ:seis_pick_1/inf_pick_1 | NOVZ:seis_pick_1/inf_pick_1 | OTVZ:seis_pick_2/inf_pick_1 | SNVZ:seis_pick_2/inf_pick_2,S1I2S1I1S1I1S2I1S2I2,3000.0,3.0,1828328.0,5662064.0,1806.550293,1.7118530186598837,0.15424310441827913,5
ETVZ:seis_pick_1/inf_pick_2 | NGZ:seis_pick_1/inf_pick_2 | NOVZ:seis_pick_2/inf_pick_2 | OTVZ:seis_pick_2/inf_pick_1 | SNVZ:seis_pick_2/inf_pick_2,S1I2S1I2S2I2S2I1S2I2,3300.0,3.3,1828232.0,5661968.0,1833.125488,1.7139098348549486,-0.21380184625964754,5
ETVZ:seis_pick_1/inf_pick_1 | NGZ:seis_pick_2/inf_pick_2 | NOVZ:seis_pick_2/inf_pick_2 | OTVZ:seis_pick_2/inf_pick_1 | SNVZ:seis_pick_1/inf_pick_2,S1I1S2I2S2I2S2I1S1I2,3000.0,3.0,1828232.0,5662160.0,1873.492554,1.7156167890383496,-0.470416500409592,5
ETVZ:seis_pick_1/inf_pick_2 | NGZ:seis_pick_1/inf_pick_1 | NOVZ:seis_pick_2/inf_pick_1 | OTVZ:seis_pick_2/inf_pick_1 | SNVZ:seis_pick_2/inf_pick_1,S1I2S1I1S2I1S2I1S2I1,3300.0,3.3,1828328.0,5661776.0,1708.478394,1.718397166582432,-0.6132795391214252,5
ETVZ:seis_pick_2/inf_pick_2 | NGZ:seis_pick_1/inf_pick_1 | NOVZ:seis_pick_1/inf_pick_1 | OTVZ:seis_pick_2/inf_pick_1 | SNVZ:seis_pick_1/inf_pick_2,S2I2S1I1S1I1S2I1S1I2,2500.0,2.5,1828424.0,5662256.0,1795.46814,1.7187825379159376,0.45700197750686955,5
ETVZ:seis_pick_2/inf_pick_1 | NGZ:seis_pick_2/inf_pick_2 | NOVZ:seis_pick_1/inf_pick_2 | OTVZ:seis_pick_2/inf_pick_1 | SNVZ:seis_pick_1/inf_pick_2,S2I1S2I2S1I2S2I1S1I2,2500.0,2.5,1828424.0,5662064.0,1744.648804,1.7203616547369187,-0.1065364192254675,5
ETVZ:seis_pick_1/inf_pick_2 | NGZ:seis_pick_2/inf_pick_1 | NOVZ:seis_pick_1/inf_pick_1 | OTVZ:seis_pick_2/inf_pick_1 | SNVZ:seis_pick_2/inf_pick_2,S1I2S2I1S1I1S2I1S2I2,3000.0,3.0,1828232.0,5662064.0,1861.719849,1.7208371529965096,-0.0597593662812157,5
ETVZ:seis_pick_1/inf_pick_1 | NGZ:seis_pick_2/inf_pick_2 | NOVZ:seis_pick_2/inf_pick_1 | OTVZ:seis_pick_2/inf_pick_1 | SNVZ:seis_pick_1/inf_pick_2,S1I1S2I2S2I1S2I1S1I2,2500.0,2.5,1828136.0,5662256.0,1932.221924,1.721669005460517,-0.48906197254021266,5
ETVZ:seis_pick_1/inf_pick_2 | NGZ:seis_pick_2/inf_pick_1 | NOVZ:seis_pick_2/inf_pick_1 | OTVZ:seis_pick_2/inf_pick_1 | SNVZ:seis_pick_2/inf_pick_1,S1I2S2I1S2I1S2I1S2I1,2500.0,2.5,1828136.0,5661680.0,1731.645752,1.7224937321568363,-0.44701890869540895,5
ETVZ:seis_pick_1/inf_pick_2 | NGZ:seis_pick_1/inf_pick_1 | NOVZ:seis_pick_2/inf_pick_1 | OTVZ:seis_pick_2/inf_pick_1 | SNVZ:seis_pick_1/inf_pick_1,S1I2S1I1S2I1S2I1S1I1,3000.0,3.0,1828328.0,5661872.0,1752.691528,1.724216392824569,-0.32449437245407714,5
ETVZ:seis_pick_1/inf_pick_2 | NGZ:seis_pick_1/inf_pick_1 | NOVZ:seis_pick_1/inf_pick_1 | OTVZ:seis_pick_2/inf_pick_1 | SNVZ:seis_pick_2/inf_pick_1,S1I2S1I1S1I1S2I1S2I1,2500.0,2.5,1828328.0,5661584.0,1637.31189,1.7247852878579444,-0.08280363695864743,5
ETVZ:seis_pick_1/inf_pick_2 | NGZ:seis_pick_2/inf_pick_1 | NOVZ:seis_pick_2/inf_pick_1 | OTVZ:seis_pick_2/inf_pick_1 | SNVZ:seis_pick_1/inf_pick_1,S1I2S2I1S2I1S2I1S1I1,2500.0,2.5,1828136.0,5661872.0,1836.069458,1.7249080243788883,-0.2959626904943148,5
ETVZ:seis_pick_1/inf_pick_2 | NGZ:seis_pick_1/inf_pick_2 | NOVZ:seis_pick_1/inf_pick_1 | OTVZ:seis_pick_2/inf_pick_1 | SNVZ:seis_pick_2/inf_pick_2,S1I2S1I2S1I1S2I1S2I2,3300.0,3.3,1828136.0,5662064.0,1926.312866,1.7273224344605822,-0.3679826162089386,5
ETVZ:seis_pick_2/inf_pick_2 | NGZ:seis_pick_2/inf_pick_2 | NOVZ:seis_pick_1/inf_pick_2 | OTVZ:seis_pick_2/inf_pick_1 | SNVZ:seis_pick_2/inf_pick_2,S2I2S2I2S1I2S2I1S2I2,3000.0,3.0,1828232.0,5661872.0,1779.748779,1.7295614781988673,-0.23605731365207064,5
ETVZ:seis_pick_2/inf_pick_2 | NGZ:seis_pick_2/inf_pick_1 | NOVZ:seis_pick_2/inf_pick_1 | OTVZ:seis_pick_2/inf_pick_1 | SNVZ:seis_pick_1/inf_pick_2,S2I2S2I1S2I1S2I1S1I2,3000.0,3.0,1828232.0,5662352.0,1933.467285,1.73073691282932,-0.22704503812967936,5
ETVZ:seis_pick_1/inf_pick_2 | NGZ:seis_pick_2/inf_pick_1 | NOVZ:seis_pick_2/inf_pick_1 | OTVZ:seis_pick_2/inf_pick_1 | SNVZ:seis_pick_2/inf_pick_2,S1I2S2I1S2I1S2I1S2I2,3300.0,3.3,1828232.0,5662160.0,1873.492554,1.7369267293546282,-0.3403597025973619,5
ETVZ:seis_pick_2/inf_pick_2 | NGZ:seis_pick_1/inf_pick_2 | NOVZ:seis_pick_1/inf_pick_1 | OTVZ:seis_pick_2/inf_pick_1 | SNVZ:seis_pick_1/inf_pick_2,S2I2S1I2S1I1S2I1S1I2,3300.0,3.3,1828232.0,5662256.0,1871.278687,1.7390398340612947,-0.31207668942072536,5
ETVZ:seis_pick_1/inf_pick_2 | NGZ:seis_pick_1/inf_pick_2 | NOVZ:seis_pick_1/inf_pick_2 | OTVZ:seis_pick_2/inf_pick_1 | SNVZ:seis_pick_2/inf_pick_2,S1I2S1I2S1I2S2I1S2I2,3000.0,3.0,1828232.0,5661872.0,1779.748779,1.7393807875700023,0.0675292780186787,5
ETVZ:seis_pick_2/inf_pick_2 | NGZ:seis_pick_1/inf_pick_2 | NOVZ:seis_pick_2/inf_pick_2 | OTVZ:seis_pick_2/inf_pick_1 | SNVZ:seis_pick_1/inf_pick_2,S2I2S1I2S2I2S2I1S1I2,3300.0,3.3,1828232.0,5662160.0,1873.492554,1.739556928917605,-0.1985486652528154,5
ETVZ:seis_pick_2/inf_pick_2 | NGZ:seis_pick_2/inf_pick_1 | NOVZ:seis_pick_1/inf_pick_2 | OTVZ:seis_pick_2/inf_pick_1 | SNVZ:seis_pick_1/inf_pick_2,S2I2S2I1S1I2S2I1S1I2,2500.0,2.5,1828424.0,5662064.0,1744.648804,1.7397578697356133,0.5548888325311176,5
ETVZ:seis_pick_1/inf_pick_2 | NGZ:seis_pick_1/inf_pick_1 | NOVZ:seis_pick_1/inf_pick_2 | OTVZ:seis_pick_2/inf_pick_1 | SNVZ:seis_pick_1/inf_pick_2,S1I2S1I1S1I2S2I1S1I2,3000.0,3.0,1828520.0,5662064.0,1695.895142,1.7409561426242504,0.6130545655903102,5
ETVZ:seis_pick_1/inf_pick_1 | NGZ:seis_pick_2/inf_pick_2 | NOVZ:seis_pick_1/inf_pick_1 | OTVZ:seis_pick_2/inf_pick_1 | SNVZ:seis_pick_1/inf_pick_2,S1I1S2I2S1I1S2I1S1I2,2500.0,2.5,1828232.0,5662160.0,1873.492554,1.7414375738275547,-0.29299790724543995,5
ETVZ:seis_pick_1/inf_pick_1 | NGZ:seis_pick_2/inf_pick_2 | NOVZ:seis_pick_1/inf_pick_2 | OTVZ:seis_pick_2/inf_pick_1 | SNVZ:seis_pick_1/inf_pick_2,S1I1S2I2S1I2S2I1S1I2,3300.0,3.3,1828328.0,5662064.0,1806.550293,1.7422305785651853,-0.40113103123760324,5
ETVZ:seis_pick_1/inf_pick_2 | NGZ:seis_pick_1/inf_pick_1 | NOVZ:seis_pick_2/inf_pick_2 | OTVZ:seis_pick_2/inf_pick_1 | SNVZ:seis_pick_1/inf_pick_2,S1I2S1I1S2I2S2I1S1I2,3300.0,3.3,1828424.0,5662160.0,1740.991333,1.7433126140377306,0.3161895345989961,5
ETVZ:seis_pick_1/inf_pick_2 | NGZ:seis_pick_2/inf_pick_1 | NOVZ:seis_pick_1/inf_pick_2 | OTVZ:seis_pick_2/inf_pick_1 | SNVZ:seis_pick_2/inf_pick_2,S1I2S2I1S1I2S2I1S2I2,2500.0,2.5,1828328.0,5661872.0,1752.691528,1.7452746607272664,0.5026088855478971,5
ETVZ:seis_pick_1/inf_pick_2 | NGZ:seis_pick_1/inf_pick_2 | NOVZ:seis_pick_2/inf_pick_2 | OTVZ:seis_pick_2/inf_pick_1 | SNVZ:seis_pick_2/inf_pick_2,S1I2S1I2S2I2S2I1S2I2,3000.0,3.0,1828232.0,5661968.0,1833.125488,1.747022977465957,-0.09231351325423223,5
ETVZ:seis_pick_1/inf_pick_2 | NGZ:seis_pick_1/inf_pick_1 | NOVZ:seis_pick_2/inf_pick_2 | OTVZ:seis_pick_2/inf_pick_1 | SNVZ:seis_pick_2/inf_pick_2,S1I2S1I1S2I2S2I1S2I2,2500.0,2.5,1828424.0,5661968.0,1733.215942,1.747639045466376,0.5563570565700049,5
ETVZ:seis_pick_1/inf_pick_2 | NGZ:seis_pick_1/inf_pick_1 | NOVZ:seis_pick_2/inf_pick_1 | OTVZ:seis_pick_2/inf_pick_1 | SNVZ:seis_pick_2/inf_pick_2,S1I2S1I1S2I1S2I1S2I2,3300.0,3.3,1828328.0,5662160.0,1795.425903,1.7480068080889273,-0.11991096036470542,5
ETVZ:seis_pick_2/inf_pick_2 | NGZ:seis_pick_1/inf_pick_2 | NOVZ:seis_pick_1/inf_pick_2 | OTVZ:seis_pick_2/inf_pick_1 | SNVZ:seis_pick_1/inf_pick_2,S2I2S1I2S1I2S2I1S1I2,3300.0,3.3,1828328.0,5662064.0,1806.550293,1.749631844791954,-0.0072675884493570205,5
ETVZ:seis_pick_2/inf_pick_2 | NGZ:seis_pick_2/inf_pick_1 | NOVZ:seis_pick_2/inf_pick_2 | OTVZ:seis_pick_2/inf_pick_1 | SNVZ:seis_pick_1/inf_pick_2,S2I2S2I1S2I2S2I1S1I2,2500.0,2.5,1828328.0,5662160.0,1795.425903,1.7509571507946413,0.3748736993682213,5
ETVZ:seis_pick_2/inf_pick_2 | NGZ:seis_pick_1/inf_pick_2 | NOVZ:seis_pick_2/inf_pick_1 | OTVZ:seis_pick_2/inf_pick_1 | SNVZ:seis_pick_1/inf_pick_2,S2I2S1I2S2I1S2I1S1I2,3300.0,3.3,1828136.0,5662256.0,1932.221924,1.7527271180488295,-0.4878126903233527,5
ETVZ:seis_pick_1/inf_pick_2 | NGZ:seis_pick_1/inf_pick_1 | NOVZ:seis_pick_2/inf_pick_1 | OTVZ:seis_pick_2/inf_pick_1 | SNVZ:seis_pick_2/inf_pick_1,S1I2S1I1S2I1S2I1S2I1,3000.0,3.0,1828328.0,5661776.0,1708.478394,1.7543766842107402,-0.4924790467230137,5
ETVZ:seis_pick_1/inf_pick_2 | NGZ:seis_pick_1/inf_pick_2 | NOVZ:seis_pick_2/inf_pick_1 | OTVZ:seis_pick_2/inf_pick_1 | SNVZ:seis_pick_2/inf_pick_2,S1I2S1I2S2I1S2I1S2I2,3300.0,3.3,1828136.0,5662160.0,1946.274292,1.7589408369007697,-0.5300520976562039,5
ETVZ:seis_pick_1/inf_pick_1 | NGZ:seis_pick_2/inf_pick_2 | NOVZ:seis_pick_1/inf_pick_2 | OTVZ:seis_pick_2/inf_pick_1 | SNVZ:seis_pick_1/inf_pick_2,S1I1S2I2S1I2S2I1S1I2,3000.0,3.0,1828328.0,5662064.0,1806.550293,1.7611822954818548,-0.2797527882755929,5
ETVZ:seis_pick_1/inf_pick_2 | NGZ:seis_pick_1/inf_pick_2 | NOVZ:seis_pick_1/inf_pick_1 | OTVZ:seis_pick_2/inf_pick_1 | SNVZ:seis_pick_2/inf_pick_2,S1I2S1I2S1I1S2I1S2I2,3000.0,3.0,1828136.0,5662064.0,1926.312866,1.7616225214025623,-0.24578248904329847,5
ETVZ:seis_pick_1/inf_pick_1 | NGZ:seis_pick_2/inf_pick_2 | NOVZ:seis_pick_2/inf_pick_2 | OTVZ:seis_pick_2/inf_pick_1 | SNVZ:seis_pick_1/inf_pick_2,S1I1S2I2S2I2S2I1S1I2,2500.0,2.5,1828232.0,5662160.0,1873.492554,1.7642206596875294,-0.20202616362035553,5
ETVZ:seis_pick_2/inf_pick_2 | NGZ:seis_pick_2/inf_pick_2 | NOVZ:seis_pick_1/inf_pick_1 | OTVZ:seis_pick_2/inf_pick_1 | SNVZ:seis_pick_2/inf_pick_2,S2I2S2I2S1I1S2I1S2I2,2500.0,2.5,1828136.0,5661968.0,1868.978394,1.7642262352038185,-0.2489304196848984,5
ETVZ:seis_pick_2/inf_pick_2 | NGZ:seis_pick_2/inf_pick_1 | NOVZ:seis_pick_1/inf_pick_1 | OTVZ:seis_pick_2/inf_pick_1 | SNVZ:seis_pick_1/inf_pick_2,S2I2S2I1S1I1S2I1S1I2,2500.0,2.5,1828328.0,5662160.0,1795.425903,1.7645704722579432,0.2839019557431369,5
ETVZ:seis_pick_2/inf_pick_2 | NGZ:seis_pick_2/inf_pick_2 | NOVZ:seis_pick_2/inf_pick_1 | OTVZ:seis_pick_2/inf_pick_1 | SNVZ:seis_pick_2/inf_pick_2,S2I2S2I2S2I1S2I1S2I2,2500.0,2.5,1828040.0,5662064.0,1956.737061,1.7671003949989335,-0.44940037036682356,5
ETVZ:seis_pick_2/inf_pick_2 | NGZ:seis_pick_1/inf_pick_2 | NOVZ:seis_pick_1/inf_pick_1 | OTVZ:seis_pick_2/inf_pick_1 | SNVZ:seis_pick_1/inf_pick_2,S2I2S1I2S1I1S2I1S1I2,3000.0,3.0,1828232.0,5662160.0,1873.492554,1.7681191352713326,-0.16752480124643016,5
ETVZ:seis_pick_2/inf_pick_2 | NGZ:seis_pick_1/inf_pick_2 | NOVZ:seis_pick_2/inf_pick_2 | OTVZ:seis_pick_2/inf_pick_1 | SNVZ:seis_pick_1/inf_pick_2,S2I2S1I2S2I2S2I1S1I2,3000.0,3.0,1828232.0,5662160.0,1873.492554,1.7685337798188472,-0.07655305762134575,5
ETVZ:seis_pick_2/inf_pick_2 | NGZ:seis_pick_2/inf_pick_2 | NOVZ:seis_pick_2/inf_pick_2 | OTVZ:seis_pick_2/inf_pick_1 | SNVZ:seis_pick_2/inf_pick_2,S2I2S2I2S2I2S2I1S2I2,2500.0,2.5,1828136.0,5661968.0,1868.978394,1.770107332112479,-0.157958676059814,5
ETVZ:seis_pick_1/inf_pick_2 | NGZ:seis_pick_2/inf_pick_1 | NOVZ:seis_pick_2/inf_pick_1 | OTVZ:seis_pick_2/inf_pick_1 | SNVZ:seis_pick_2/inf_pick_2,S1I2S2I1S2I1S2I1S2I2,3000.0,3.0,1828232.0,5662160.0,1873.492554,1.772220580449088,-0.21836409496589226,5
ETVZ:seis_pick_1/inf_pick_2 | NGZ:seis_pick_2/inf_pick_1 | NOVZ:seis_pick_2/inf_pick_2 | OTVZ:seis_pick_2/inf_pick_1 | SNVZ:seis_pick_2/inf_pick_2,S1I2S2I1S2I2S2I1S2I2,2500.0,2.5,1828328.0,5661968.0,1780.70813,1.7725555134099784,0.3504256160191366,5
ETVZ:seis_pick_1/inf_pick_2 | NGZ:seis_pick_1/inf_pick_1 | NOVZ:seis_pick_2/inf_pick_2 | OTVZ:seis_pick_2/inf_pick_1 | SNVZ:seis_pick_1/inf_pick_2,S1I2S1I1S2I2S2I1S1I2,3000.0,3.0,1828424.0,5662160.0,1740.991333,1.7773891088511495,0.43745055727383997,5
ETVZ:seis_pick_2/inf_pick_2 | NGZ:seis_pick_1/inf_pick_2 | NOVZ:seis_pick_1/inf_pick_2 | OTVZ:seis_pick_2/inf_pick_1 | SNVZ:seis_pick_1/inf_pick_2,S2I2S1I2S1I2S2I1S1I2,3000.0,3.0,1828328.0,5662064.0,1806.550293,1.7774951597265918,0.1141106545126533,5
ETVZ:seis_pick_2/inf_pick_2 | NGZ:seis_pick_1/inf_pick_1 | NOVZ:seis_pick_2/inf_pick_1 | OTVZ:seis_pick_2/inf_pick_1 | SNVZ:seis_pick_1/inf_pick_2,S2I2S1I1S2I1S2I1S1I2,2500.0,2.5,1828328.0,5662352.0,1871.990356,1.7778279468852107,0.26002779745482696,5
ETVZ:seis_pick_1/inf_pick_2 | NGZ:seis_pick_1/inf_pick_1 | NOVZ:seis_pick_1/inf_pick_1 | OTVZ:seis_pick_2/inf_pick_1 | SNVZ:seis_pick_1/inf_pick_2,S1I2S1I1S1I1S2I1S1I2,3300.0,3.3,1828328.0,5662256.0,1832.388062,1.779125947419763,0.16553534270241527,5
ETVZ:seis_pick_2/inf_pick_2 | NGZ:seis_pick_1/inf_pick_2 | NOVZ:seis_pick_2/inf_pick_1 | OTVZ:seis_pick_2/inf_pick_1 | SNVZ:seis_pick_1/inf_pick_2,S2I2S1I2S2I1S2I1S1I2,3000.0,3.0,1828136.0,5662256.0,1932.221924,1.7817484036608402,-0.36512076514479475,5
ETVZ:seis_pick_1/inf_pick_2 | NGZ:seis_pick_1/inf_pick_1 | NOVZ:seis_pick_2/inf_pick_1 | OTVZ:seis_pick_2/inf_pick_1 | SNVZ:seis_pick_2/inf_pick_2,S1I2S1I1S2I1S2I1S2I2,3000.0,3.0,1828328.0,5662160.0,1795.425903,1.7829097155206355,0.00165104122616615,5
ETVZ:seis_pick_1/inf_pick_2 | NGZ:seis_pick_2/inf_pick_1 | NOVZ:seis_pick_1/inf_pick_2 | OTVZ:seis_pick_2/inf_pick_1 | SNVZ:seis_pick_1/inf_pick_2,S1I2S2I1S1I2S2I1S1I2,3300.0,3.3,1828328.0,5662064.0,1806.550293,1.7902342745334674,0.26029422051898193,5
ETVZ:seis_pick_1/inf_pick_2 | NGZ:seis_pick_1/inf_pick_1 | NOVZ:seis_pick_1/inf_pick_1 | OTVZ:seis_pick_2/inf_pick_1 | SNVZ:seis_pick_2/inf_pick_2,S1I2S1I1S1I1S2I1S2I2,2500.0,2.5,1828328.0,5662064.0,1806.550293,1.7911469678678422,0.4212752389347033,5
ETVZ:seis_pick_2/inf_pick_2 | NGZ:seis_pick_2/inf_pick_2 | NOVZ:seis_pick_1/inf_pick_2 | OTVZ:seis_pick_2/inf_pick_1 | SNVZ:seis_pick_2/inf_pick_2,S2I2S2I2S1I2S2I1S2I2,2500.0,2.5,1828232.0,5661872.0,1779.748779,1.7926477247115693,0.030631073818884323,5
ETVZ:seis_pick_1/inf_pick_2 | NGZ:seis_pick_1/inf_pick_2 | NOVZ:seis_pick_2/inf_pick_1 | OTVZ:seis_pick_2/inf_pick_1 | SNVZ:seis_pick_2/inf_pick_2,S1I2S1I2S2I1S2I1S2I2,3000.0,3.0,1828136.0,5662160.0,1946.274292,1.7939751581606624,-0.4075635563554581,5
ETVZ:seis_pick_1/inf_pick_2 | NGZ:seis_pick_2/inf_pick_1 | NOVZ:seis_pick_1/inf_pick_1 | OTVZ:seis_pick_2/inf_pick_1 | SNVZ:seis_pick_2/inf_pick_2,S1I2S2I1S1I1S2I1S2I2,2500.0,2.5,1828232.0,5662064.0,1861.719849,1.7999396575380893,0.20807604659020207,5
ETVZ:seis_pick_2/inf_pick_2 | NGZ:seis_pick_2/inf_pick_1 | NOVZ:seis_pick_2/inf_pick_1 | OTVZ:seis_pick_2/inf_pick_1 | SNVZ:seis_pick_1/inf_pick_2,S2I2S2I1S2I1S2I1S1I2,2500.0,2.5,1828232.0,5662256.0,1871.278687,1.8003271517239847,0.08858316112441518,5
ETVZ:seis_pick_1/inf_pick_2 | NGZ:seis_pick_2/inf_pick_1 | NOVZ:seis_pick_2/inf_pick_2 | OTVZ:seis_pick_2/inf_pick_1 | SNVZ:seis_pick_1/inf_pick_2,S1I2S2I1S2I2S2I1S1I2,3300.0,3.3,1828328.0,5662160.0,1795.425903,1.8026790230121081,0.10751839869800772,5
ETVZ:seis_pick_1/inf_pick_2 | NGZ:seis_pick_1/inf_pick_1 | NOVZ:seis_pick_2/inf_pick_1 | OTVZ:seis_pick_2/inf_pick_1 | SNVZ:seis_pick_1/inf_pick_1,S1I2S1I1S2I1S2I1S1I1,2500.0,2.5,1828328.0,5661872.0,1752.691528,1.8042711740084976,-0.058383533473466184,5
ETVZ:seis_pick_1/inf_pick_1 | NGZ:seis_pick_2/inf_pick_2 | NOVZ:seis_pick_1/inf_pick_2 | OTVZ:seis_pick_2/inf_pick_1 | SNVZ:seis_pick_1/inf_pick_2,S1I1S2I2S1I2S2I1S1I2,2500.0,2.5,1828328.0,5662064.0,1806.550293,1.8065732909843137,-0.012720653759168777,5
ETVZ:seis_pick_1/inf_pick_2 | NGZ:seis_pick_2/inf_pick_2 | NOVZ:seis_pick_1/inf_pick_1 | OTVZ:seis_pick_2/inf_pick_1 | SNVZ:seis_pick_2/inf_pick_2,S1I2S2I2S1I1S2I1S2I2,3300.0,3.3,1828040.0,5661968.0,1927.026855,1.809318267236998,-0.5587172283393969,5
ETVZ:seis_pick_1/inf_pick_2 | NGZ:seis_pick_1/inf_pick_2 | NOVZ:seis_pick_1/inf_pick_2 | OTVZ:seis_pick_2/inf_pick_1 | SNVZ:seis_pick_2/inf_pick_2,S1I2S1I2S1I2S2I1S2I2,2500.0,2.5,1828232.0,5661872.0,1779.748779,1.8128354817521553,0.33421766548963366,5
ETVZ:seis_pick_1/inf_pick_2 | NGZ:seis_pick_2/inf_pick_2 | NOVZ:seis_pick_2/inf_pick_2 | OTVZ:seis_pick_2/inf_pick_1 | SNVZ:seis_pick_2/inf_pick_2,S1I2S2I2S2I2S2I1S2I2,3300.0,3.3,1828040.0,5661968.0,1927.026855,1.8137730420695382,-0.46774548471431243,5
ETVZ:seis_pick_1/inf_pick_2 | NGZ:seis_pick_1/inf_pick_1 | NOVZ:seis_pick_1/inf_pick_1 | OTVZ:seis_pick_2/inf_pick_1 | SNVZ:seis_pick_1/inf_pick_2,S1I2S1I1S1I1S2I1S1I2,3000.0,3.0,1828328.0,5662256.0,1832.388062,1.8141360630919798,0.2874684468918479,5
ETVZ:seis_pick_1/inf_pick_2 | NGZ:seis_pick_1/inf_pick_1 | NOVZ:seis_pick_1/inf_pick_2 | OTVZ:seis_pick_2/inf_pick_1 | SNVZ:seis_pick_1/inf_pick_2,S1I2S1I1S1I2S2I1S1I2,2500.0,2.5,1828520.0,5661968.0,1675.416504,1.8143493987034183,0.8960620397269231,5
ETVZ:seis_pick_1/inf_pick_2 | NGZ:seis_pick_2/inf_pick_2 | NOVZ:seis_pick_2/inf_pick_1 | OTVZ:seis_pick_2/inf_pick_1 | SNVZ:seis_pick_2/inf_pick_2,S1I2S2I2S2I1S2I1S2I2,3300.0,3.3,1827944.0,5662064.0,2013.466919,1.8180617412560853,-0.7674307536375761,5
ETVZ:seis_pick_1/inf_pick_2 | NGZ:seis_pick_1/inf_pick_2 | NOVZ:seis_pick_2/inf_pick_2 | OTVZ:seis_pick_2/inf_pick_1 | SNVZ:seis_pick_2/inf_pick_2,S1I2S1I2S2I2S2I1S2I2,2500.0,2.5,1828232.0,5661872.0,1779.748779,1.8212328987198734,0.1977600500520042,5
ETVZ:seis_pick_1/inf_pick_2 | NGZ:seis_pick_2/inf_pick_1 | NOVZ:seis_pick_1/inf_pick_1 | OTVZ:seis_pick_2/inf_pick_1 | SNVZ:seis_pick_1/inf_pick_2,S1I2S2I1S1I1S2I1S1I2,3300.0,3.3,1828232.0,5662160.0,1873.492554,1.821558954815723,-0.02195859990956084,5
ETVZ:seis_pick_1/inf_pick_2 | NGZ:seis_pick_2/inf_pick_1 | NOVZ:seis_pick_1/inf_pick_2 | OTVZ:seis_pick_2/inf_pick_1 | SNVZ:seis_pick_1/inf_pick_2,S1I2S2I1S1I2S2I1S1I2,3000.0,3.0,1828328.0,5662064.0,1806.550293,1.8224731053489622,0.38167246348099226,5
ETVZ:seis_pick_1/inf_pick_2 | NGZ:seis_pick_2/inf_pick_2 | NOVZ:seis_pick_1/inf_pick_2 | OTVZ:seis_pick_2/inf_pick_1 | SNVZ:seis_pick_2/inf_pick_2,S1I2S2I2S1I2S2I1S2I2,3300.0,3.3,1828136.0,5661872.0,1836.069458,1.8290192884175915,-0.27003906719231063,5
ETVZ:seis_pick_2/inf_pick_2 | NGZ:seis_pick_1/inf_pick_2 | NOVZ:seis_pick_1/inf_pick_1 | OTVZ:seis_pick_2/inf_pick_1 | SNVZ:seis_pick_1/inf_pick_2,S2I2S1I2S1I1S2I1S1I2,2500.0,2.5,1828232.0,5662160.0,1873.492554,1.8325655339894187,0.1008655355428063,5
ETVZ:seis_pick_2/inf_pick_2 | NGZ:seis_pick_1/inf_pick_2 | NOVZ:seis_pick_2/inf_pick_2 | OTVZ:seis_pick_2/inf_pick_1 | SNVZ:seis_pick_1/inf_pick_2,S2I2S1I2S2I2S2I1S1I2,2500.0,2.5,1828232.0,5662064.0,1861.719849,1.832723730373566,0.21342946849711913,5
ETVZ:seis_pick_1/inf_pick_2 | NGZ:seis_pick_1/inf_pick_1 | NOVZ:seis_pick_2/inf_pick_1 | OTVZ:seis_pick_2/inf_pick_1 | SNVZ:seis_pick_2/inf_pick_1,S1I2S1I1S2I1S2I1S2I1,2500.0,2.5,1828328.0,5661680.0,1673.186646,1.8332794649061677,-0.22030457720445593,5
ETVZ:seis_pick_1/inf_pick_2 | NGZ:seis_pick_1/inf_pick_2 | NOVZ:seis_pick_1/inf_pick_1 | OTVZ:seis_pick_2/inf_pick_1 | SNVZ:seis_pick_2/inf_pick_2,S1I2S1I2S1I1S2I1S2I2,2500.0,2.5,1828136.0,5661968.0,1868.978394,1.8334231022786176,0.05465617198585093,5
ETVZ:seis_pick_1/inf_pick_2 | NGZ:seis_pick_2/inf_pick_1 | NOVZ:seis_pick_2/inf_pick_2 | OTVZ:seis_pick_2/inf_pick_1 | SNVZ:seis_pick_1/inf_pick_2,S1I2S2I1S2I2S2I1S1I2,3000.0,3.0,1828328.0,5662160.0,1795.425903,1.8356927277361685,0.22908040028887927,5
ETVZ:seis_pick_2/inf_pick_2 | NGZ:seis_pick_1/inf_pick_2 | NOVZ:seis_pick_1/inf_pick_2 | OTVZ:seis_pick_2/inf_pick_1 | SNVZ:seis_pick_1/inf_pick_2,S2I2S1I2S1I2S2I1S1I2,2500.0,2.5,1828328.0,5661968.0,1780.70813,1.8372109709590805,0.4012649097385987,5
ETVZ:seis_pick_1/inf_pick_2 | NGZ:seis_pick_1/inf_pick_1 | NOVZ:seis_pick_2/inf_pick_1 | OTVZ:seis_pick_2/inf_pick_1 | SNVZ:seis_pick_1/inf_pick_2,S1I2S1I1S2I1S2I1S1I2,3300.0,3.3,1828328.0,5662352.0,1871.990356,1.8390813879936525,-0.009920328985966797,5
ETVZ:seis_pick_1/inf_pick_2 | NGZ:seis_pick_2/inf_pick_2 | NOVZ:seis_pick_1/inf_pick_1 | OTVZ:seis_pick_2/inf_pick_1 | SNVZ:seis_pick_2/inf_pick_2,S1I2S2I2S1I1S2I1S2I2,3000.0,3.0,1828040.0,5661968.0,1927.026855,1.8397044890101475,-0.4364181046899397,5
ETVZ:seis_pick_1/inf_pick_2 | NGZ:seis_pick_2/inf_pick_2 | NOVZ:seis_pick_2/inf_pick_2 | OTVZ:seis_pick_2/inf_pick_1 | SNVZ:seis_pick_2/inf_pick_2,S1I2S2I2S2I2S2I1S2I2,3000.0,3.0,1828040.0,5661872.0,1862.954834,1.8441747692939237,-0.31523351200173855,5
ETVZ:seis_pick_2/inf_pick_2 | NGZ:seis_pick_1/inf_pick_2 | NOVZ:seis_pick_2/inf_pick_1 | OTVZ:seis_pick_2/inf_pick_1 | SNVZ:seis_pick_1/inf_pick_2,S2I2S1I2S2I1S2I1S1I2,2500.0,2.5,1828136.0,5662256.0,1932.221924,1.8479270485480828,-0.09519852975196645,5
ETVZ:seis_pick_1/inf_pick_2 | NGZ:seis_pick_2/inf_pick_2 | NOVZ:seis_pick_2/inf_pick_1 | OTVZ:seis_pick_2/inf_pick_1 | SNVZ:seis_pick_2/inf_pick_2,S1I2S2I2S2I1S2I1S2I2,3000.0,3.0,1827944.0,5662064.0,2013.466919,1.8491199718205673,-0.6443179592567156,5
ETVZ:seis_pick_1/inf_pick_2 | NGZ:seis_pick_2/inf_pick_1 | NOVZ:seis_pick_2/inf_pick_1 | OTVZ:seis_pick_2/inf_pick_1 | SNVZ:seis_pick_2/inf_pick_2,S1I2S2I1S2I1S2I1S2I2,2500.0,2.5,1828232.0,5662160.0,1873.492554,1.851592476403477,0.050026241823344184,5
ETVZ:seis_pick_2/inf_pick_2 | NGZ:seis_pick_2/inf_pick_2 | NOVZ:seis_pick_2/inf_pick_1 | OTVZ:seis_pick_2/inf_pick_1 | SNVZ:seis_pick_1/inf_pick_2,S2I2S2I2S2I1S2I1S1I2,3300.0,3.3,1828040.0,5662256.0,2015.394897,1.8519926507336602,-0.723102714171041,5
ETVZ:seis_pick_1/inf_pick_2 | NGZ:seis_pick_2/inf_pick_1 | NOVZ:seis_pick_1/inf_pick_1 | OTVZ:seis_pick_2/inf_pick_1 | SNVZ:seis_pick_1/inf_pick_2,S1I2S2I1S1I1S2I1S1I2,3000.0,3.0,1828232.0,5662160.0,1873.492554,1.8532609984317339,0.10003700772190882,5
ETVZ:seis_pick_1/inf_pick_2 | NGZ:seis_pick_1/inf_pick_1 | NOVZ:seis_pick_2/inf_pick_2 | OTVZ:seis_pick_2/inf_pick_1 | SNVZ:seis_pick_1/inf_pick_2,S1I2S1I1S2I2S2I1S1I2,2500.0,2.5,1828424.0,5662160.0,1740.991333,1.8542400284745064,0.7042248071584994,5
ETVZ:seis_pick_1/inf_pick_2 | NGZ:seis_pick_2/inf_pick_1 | NOVZ:seis_pick_2/inf_pick_1 | OTVZ:seis_pick_2/inf_pick_1 | SNVZ:seis_pick_1/inf_pick_2,S1I2S2I1S2I1S2I1S1I2,3300.0,3.3,1828232.0,5662256.0,1871.278687,1.8583717246556857,-0.18097249589001585,5
ETVZ:seis_pick_1/inf_pick_2 | NGZ:seis_pick_2/inf_pick_2 | NOVZ:seis_pick_1/inf_pick_2 | OTVZ:seis_pick_2/inf_pick_1 | SNVZ:seis_pick_2/inf_pick_2,S1I2S2I2S1I2S2I1S2I2,3000.0,3.0,1828136.0,5661776.0,1782.875366,1.8591417881778376,-0.12918553166610974,5
ETVZ:seis_pick_1/inf_pick_2 | NGZ:seis_pick_1/inf_pick_1 | NOVZ:seis_pick_2/inf_pick_1 | OTVZ:seis_pick_2/inf_pick_1 | SNVZ:seis_pick_2/inf_pick_2,S1I2S1I1S2I1S2I1S2I2,2500.0,2.5,1828328.0,5662160.0,1795.425903,1.8614568294801683,0.26908744472608515,5
ETVZ:seis_pick_2/inf_pick_2 | NGZ:seis_pick_2/inf_pick_2 | NOVZ:seis_pick_1/inf_pick_1 | OTVZ:seis_pick_2/inf_pick_1 | SNVZ:seis_pick_1/inf_pick_2,S2I2S2I2S1I1S2I1S1I2,3300.0,3.3,1828136.0,5662160.0,1946.274292,1.8626764440214165,-0.5152375866391521,5
ETVZ:seis_pick_1/inf_pick_2 | NGZ:seis_pick_1/inf_pick_2 | NOVZ:seis_pick_2/inf_pick_1 | OTVZ:seis_pick_2/inf_pick_1 | SNVZ:seis_pick_2/inf_pick_2,S1I2S1I2S2I1S2I1S2I2,2500.0,2.5,1828040.0,5662064.0,1956.737061,1.8685933324161295,-0.14581377869607426,5
ETVZ:seis_pick_1/inf_pick_2 | NGZ:seis_pick_1/inf_pick_1 | NOVZ:seis_pick_2/inf_pick_1 | OTVZ:seis_pick_2/inf_pick_1 | SNVZ:seis_pick_1/inf_pick_2,S1I2S1I1S2I1S2I1S1I2,3000.0,3.0,1828328.0,5662352.0,1871.990356,1.8741538539391442,0.1124519306582112,5
ETVZ:seis_pick_2/inf_pick_2 | NGZ:seis_pick_2/inf_pick_2 | NOVZ:seis_pick_2/inf_pick_2 | OTVZ:seis_pick_2/inf_pick_1 | SNVZ:seis_pick_1/inf_pick_2,S2I2S2I2S2I2S2I1S1I2,3300.0,3.3,1828136.0,5662064.0,1926.312866,1.8775896134773113,-0.39865397700443184,5
ETVZ:seis_pick_1/inf_pick_2 | NGZ:seis_pick_1/inf_pick_2 | NOVZ:seis_pick_2/inf_pick_2 | OTVZ:seis_pick_2/inf_pick_1 | SNVZ:seis_pick_1/inf_pick_2,S1I2S1I2S2I2S2I1S1I2,3300.0,3.3,1828232.0,5662064.0,1861.719849,1.8779753859401047,-0.05450620944072924,5
ETVZ:seis_pick_2/inf_pick_2 | NGZ:seis_pick_2/inf_pick_2 | NOVZ:seis_pick_2/inf_pick_1 | OTVZ:seis_pick_2/inf_pick_1 | SNVZ:seis_pick_1/inf_pick_2,S2I2S2I2S2I1S2I1S1I2,3000.0,3.0,1828040.0,5662256.0,2015.394897,1.8795661418209602,-0.599810055910097,5
ETVZ:seis_pick_1/inf_pick_2 | NGZ:seis_pick_1/inf_pick_2 | NOVZ:seis_pick_1/inf_pick_2 | OTVZ:seis_pick_2/inf_pick_1 | SNVZ:seis_pick_1/inf_pick_2,S1I2S1I2S1I2S2I1S1I2,3300.0,3.3,1828232.0,5661968.0,1833.125488,1.8825110938841128,0.10459925642815353,5
ETVZ:seis_pick_1/inf_pick_2 | NGZ:seis_pick_1/inf_pick_2 | NOVZ:seis_pick_1/inf_pick_1 | OTVZ:seis_pick_2/inf_pick_1 | SNVZ:seis_pick_1/inf_pick_2,S1I2S1I2S1I1S2I1S1I2,3300.0,3.3,1828136.0,5662160.0,1946.274292,1.8832224129533002,-0.2116509949684028,5
ETVZ:seis_pick_1/inf_pick_2 | NGZ:seis_pick_1/inf_pick_1 | NOVZ:seis_pick_1/inf_pick_1 | OTVZ:seis_pick_2/inf_pick_1 | SNVZ:seis_pick_1/inf_pick_2,S1I2S1I1S1I1S2I1S1I2,2500.0,2.5,1828328.0,5662160.0,1795.425903,1.8888113499457289,0.5874885474138862,5
ETVZ:seis_pick_2/inf_pick_2 | NGZ:seis_pick_2/inf_pick_2 | NOVZ:seis_pick_1/inf_pick_1 | OTVZ:seis_pick_2/inf_pick_1 | SNVZ:seis_pick_1/inf_pick_2,S2I2S2I2S1I1S2I1S1I2,3000.0,3.0,1828136.0,5662160.0,1946.274292,1.8891253147176081,-0.3927490453384063,5
ETVZ:seis_pick_1/inf_pick_2 | NGZ:seis_pick_2/inf_pick_1 | NOVZ:seis_pick_1/inf_pick_2 | OTVZ:seis_pick_2/inf_pick_1 | SNVZ:seis_pick_1/inf_pick_2,S1I2S2I1S1I2S2I1S1I2,2500.0,2.5,1828328.0,5661968.0,1780.70813,1.8901680763477908,0.6688267187069377,5
ETVZ:seis_pick_1/inf_pick_2 | NGZ:seis_pick_2/inf_pick_1 | NOVZ:seis_pick_2/inf_pick_1 | OTVZ:seis_pick_2/inf_pick_1 | SNVZ:seis_pick_1/inf_pick_2,S1I2S2I1S2I1S2I1S1I2,3000.0,3.0,1828232.0,5662256.0,1871.278687,1.8907762272946689,-0.0587228829415757,5
ETVZ:seis_pick_1/inf_pick_2 | NGZ:seis_pick_1/inf_pick_2 | NOVZ:seis_pick_2/inf_pick_1 | OTVZ:seis_pick_2/inf_pick_1 | SNVZ:seis_pick_1/inf_pick_2,S1I2S1I2S2I1S2I1S1I2,3300.0,3.3,1828136.0,5662256.0,1932.221924,1.90033182804285,-0.3661695859027757,5
ETVZ:seis_pick_2/inf_pick_2 | NGZ:seis_pick_2/inf_pick_2 | NOVZ:seis_pick_2/inf_pick_2 | OTVZ:seis_pick_2/inf_pick_1 | SNVZ:seis_pick_1/inf_pick_2,S2I2S2I2S2I2S2I1S1I2,3000.0,3.0,1828136.0,5662064.0,1926.312866,1.9020944710702292,-0.27645384983879173,5
ETVZ:seis_pick_1/inf_pick_2 | NGZ:seis_pick_2/inf_pick_1 | NOVZ:seis_pick_2/inf_pick_2 | OTVZ:seis_pick_2/inf_pick_1 | SNVZ:seis_pick_1/inf_pick_2,S1I2S2I1S2I2S2I1S1I2,2500.0,2.5,1828328.0,5662064.0,1806.550293,1.9065476637160892,0.512246982559787,5
ETVZ:seis_pick_1/inf_pick_2 | NGZ:seis_pick_1/inf_pick_2 | NOVZ:seis_pick_2/inf_pick_2 | OTVZ:seis_pick_2/inf_pick_1 | SNVZ:seis_pick_1/inf_pick_2,S1I2S1I2S2I2S2I1S1I2,3000.0,3.0,1828232.0,5662064.0,1861.719849,1.907351779586003,0.06723716004627836,5
ETVZ:seis_pick_2/inf_pick_2 | NGZ:seis_pick_2/inf_pick_2 | NOVZ:seis_pick_1/inf_pick_2 | OTVZ:seis_pick_2/inf_pick_1 | SNVZ:seis_pick_1/inf_pick_2,S2I2S2I2S1I2S2I1S1I2,3300.0,3.3,1828232.0,5661968.0,1833.125488,1.907890218996138,-0.1989873352425958,5
ETVZ:seis_pick_1/inf_pick_2 | NGZ:seis_pick_2/inf_pick_2 | NOVZ:seis_pick_1/inf_pick_1 | OTVZ:seis_pick_2/inf_pick_1 | SNVZ:seis_pick_2/inf_pick_2,S1I2S2I2S1I1S2I1S2I2,2500.0,2.5,1828040.0,5661968.0,1927.026855,1.9092947525460713,-0.1673600326611318,5
ETVZ:seis_pick_1/inf_pick_2 | NGZ:seis_pick_2/inf_pick_2 | NOVZ:seis_pick_2/inf_pick_2 | OTVZ:seis_pick_2/inf_pick_1 | SNVZ:seis_pick_2/inf_pick_2,S1I2S2I2S2I2S2I1S2I2,2500.0,2.5,1828040.0,5661872.0,1862.954834,1.9096328124923116,-0.04693246109724303,5
ETVZ:seis_pick_1/inf_pick_2 | NGZ:seis_pick_1/inf_pick_2 | NOVZ:seis_pick_1/inf_pick_2 | OTVZ:seis_pick_2/inf_pick_1 | SNVZ:seis_pick_1/inf_pick_2,S1I2S1I2S1I2S2I1S1I2,3000.0,3.0,1828232.0,5661968.0,1833.125488,1.9106469578698826,0.22608758943356885,5
ETVZ:seis_pick_1/inf_pick_2 | NGZ:seis_pick_1/inf_pick_2 | NOVZ:seis_pick_1/inf_pick_1 | OTVZ:seis_pick_2/inf_pick_1 | SNVZ:seis_pick_1/inf_pick_2,S1I2S1I2S1I1S2I1S1I2,3000.0,3.0,1828136.0,5662160.0,1946.274292,1.9138936971505252,-0.089162453667657,5
ETVZ:seis_pick_1/inf_pick_2 | NGZ:seis_pick_2/inf_pick_2 | NOVZ:seis_pick_2/inf_pick_1 | OTVZ:seis_pick_2/inf_pick_1 | SNVZ:seis_pick_2/inf_pick_2,S1I2S2I2S2I1S2I1S2I2,2500.0,2.5,1827944.0,5662064.0,2013.466919,1.9199451969016954,-0.37346981161882037,5
ETVZ:seis_pick_1/inf_pick_2 | NGZ:seis_pick_2/inf_pick_2 | NOVZ:seis_pick_1/inf_pick_2 | OTVZ:seis_pick_2/inf_pick_1 | SNVZ:seis_pick_2/inf_pick_2,S1I2S2I2S1I2S2I1S2I2,2500.0,2.5,1828136.0,5661776.0,1782.875366,1.9227534580750962,0.13787296996037152,5
ETVZ:seis_pick_1/inf_pick_2 | NGZ:seis_pick_2/inf_pick_1 | NOVZ:seis_pick_1/inf_pick_1 | OTVZ:seis_pick_2/inf_pick_1 | SNVZ:seis_pick_1/inf_pick_2,S1I2S2I1S1I1S2I1S1I2,2500.0,2.5,1828232.0,5662160.0,1873.492554,1.9251053988846087,0.3684273445111453,5
ETVZ:seis_pick_2/inf_pick_2 | NGZ:seis_pick_2/inf_pick_2 | NOVZ:seis_pick_1/inf_pick_2 | OTVZ:seis_pick_2/inf_pick_1 | SNVZ:seis_pick_1/inf_pick_2,S2I2S2I2S1I2S2I1S1I2,3000.0,3.0,1828232.0,5661968.0,1833.125488,1.9310987607873578,-0.07749900223718047,5
ETVZ:seis_pick_1/inf_pick_2 | NGZ:seis_pick_1/inf_pick_2 | NOVZ:seis_pick_2/inf_pick_1 | OTVZ:seis_pick_2/inf_pick_1 | SNVZ:seis_pick_1/inf_pick_2,S1I2S1I2S2I1S2I1S1I2,3000.0,3.0,1828136.0,5662256.0,1932.221924,1.9320821222514144,-0.24347766072421778,5
ETVZ:seis_pick_2/inf_pick_2 | NGZ:seis_pick_2/inf_pick_2 | NOVZ:seis_pick_2/inf_pick_1 | OTVZ:seis_pick_2/inf_pick_1 | SNVZ:seis_pick_1/inf_pick_2,S2I2S2I2S2I1S2I1S1I2,2500.0,2.5,1828040.0,5662256.0,2015.394897,1.942631654700382,-0.3285662077360193,5
ETVZ:seis_pick_1/inf_pick_2 | NGZ:seis_pick_1/inf_pick_1 | NOVZ:seis_pick_2/inf_pick_1 | OTVZ:seis_pick_2/inf_pick_1 | SNVZ:seis_pick_1/inf_pick_2,S1I2S1I1S2I1S2I1S1I2,2500.0,2.5,1828328.0,5662256.0,1832.388062,1.949114376833946,0.41926366067097137,5
ETVZ:seis_pick_2/inf_pick_2 | NGZ:seis_pick_2/inf_pick_2 | NOVZ:seis_pick_1/inf_pick_1 | OTVZ:seis_pick_2/inf_pick_1 | SNVZ:seis_pick_1/inf_pick_2,S2I2S2I2S1I1S2I1S1I2,2500.0,2.5,1828136.0,5662160.0,1946.274292,1.9499604134021375,-0.12327425447676585,5
ETVZ:seis_pick_2/inf_pick_2 | NGZ:seis_pick_2/inf_pick_2 | NOVZ:seis_pick_2/inf_pick_2 | OTVZ:seis_pick_2/inf_pick_1 | SNVZ:seis_pick_1/inf_pick_2,S2I2S2I2S2I2S2I1S1I2,2500.0,2.5,1828136.0,5662064.0,1926.312866,1.959011409684494,-0.007613570074382103,5
ETVZ:seis_pick_1/inf_pick_2 | NGZ:seis_pick_2/inf_pick_1 | NOVZ:seis_pick_2/inf_pick_1 | OTVZ:seis_pick_2/inf_pick_1 | SNVZ:seis_pick_1/inf_pick_2,S1I2S2I1S2I1S2I1S1I2,2500.0,2.5,1828232.0,5662256.0,1871.278687,1.9638626035015982,0.21022626554499216,5
ETVZ:seis_pick_1/inf_pick_2 | NGZ:seis_pick_1/inf_pick_2 | NOVZ:seis_pick_2/inf_pick_2 | OTVZ:seis_pick_2/inf_pick_1 | SNVZ:seis_pick_1/inf_pick_2,S1I2S1I2S2I2S2I1S1I2,2500.0,2.5,1828232.0,5662064.0,1861.719849,1.9744711807203361,0.3350725729176961,5
ETVZ:seis_pick_1/inf_pick_2 | NGZ:seis_pick_1/inf_pick_2 | NOVZ:seis_pick_1/inf_pick_2 | OTVZ:seis_pick_2/inf_pick_1 | SNVZ:seis_pick_1/inf_pick_2,S1I2S1I2S1I2S2I1S1I2,2500.0,2.5,1828232.0,5661968.0,1833.125488,1.9753641062755605,0.49336192204548207,5
ETVZ:seis_pick_1/inf_pick_2 | NGZ:seis_pick_1/inf_pick_2 | NOVZ:seis_pick_1/inf_pick_1 | OTVZ:seis_pick_2/inf_pick_1 | SNVZ:seis_pick_1/inf_pick_2,S1I2S1I2S1I1S2I1S1I2,2500.0,2.5,1828136.0,5662160.0,1946.274292,1.9835446957825575,0.18031233719398349,5
ETVZ:seis_pick_2/inf_pick_2 | NGZ:seis_pick_2/inf_pick_2 | NOVZ:seis_pick_1/inf_pick_2 | OTVZ:seis_pick_2/inf_pick_1 | SNVZ:seis_pick_1/inf_pick_2,S2I2S2I2S1I2S2I1S1I2,2500.0,2.5,1828232.0,5661968.0,1833.125488,1.985410739467965,0.18977533037473276,5
ETVZ:seis_pick_1/inf_pick_2 | NGZ:seis_pick_2/inf_pick_2 | NOVZ:seis_pick_2/inf_pick_1 | OTVZ:seis_pick_2/inf_pick_1 | SNVZ:seis_pick_1/inf_pick_2,S1I2S2I2S2I1S2I1S1I2,3300.0,3.3,1827944.0,5662256.0,2088.119141,1.9885710529123697,-0.6577001685777258,5
ETVZ:seis_pick_1/inf_pick_2 | NGZ:seis_pick_2/inf_pick_2 | NOVZ:seis_pick_1/inf_pick_1 | OTVZ:seis_pick_2/inf_pick_1 | SNVZ:seis_pick_1/inf_pick_2,S1I2S2I2S1I1S2I1S1I2,3300.0,3.3,1828040.0,5662160.0,2012.584229,1.990034497655857,-0.4413036189870397,5
ETVZ:seis_pick_1/inf_pick_2 | NGZ:seis_pick_2/inf_pick_2 | NOVZ:seis_pick_2/inf_pick_2 | OTVZ:seis_pick_2/inf_pick_1 | SNVZ:seis_pick_1/inf_pick_2,S1I2S2I2S2I2S2I1S1I2,3300.0,3.3,1828040.0,5662064.0,1956.737061,1.9970870718381175,-0.3106365292556156,5
ETVZ:seis_pick_1/inf_pick_2 | NGZ:seis_pick_1/inf_pick_2 | NOVZ:seis_pick_2/inf_pick_1 | OTVZ:seis_pick_2/inf_pick_1 | SNVZ:seis_pick_1/inf_pick_2,S1I2S1I2S2I1S2I1S1I2,2500.0,2.5,1828136.0,5662256.0,1932.221924,2.0037913746180878,0.02644457466861052,5
ETVZ:seis_pick_1/inf_pick_2 | NGZ:seis_pick_2/inf_pick_2 | NOVZ:seis_pick_1/inf_pick_1 | OTVZ:seis_pick_2/inf_pick_1 | SNVZ:seis_pick_1/inf_pick_2,S1I2S2I2S1I1S2I1S1I2,3000.0,3.0,1828040.0,5662064.0,1956.737061,2.0173611082843417,-0.27902948862374577,5
ETVZ:seis_pick_1/inf_pick_2 | NGZ:seis_pick_2/inf_pick_2 | NOVZ:seis_pick_1/inf_pick_2 | OTVZ:seis_pick_2/inf_pick_1 | SNVZ:seis_pick_1/inf_pick_2,S1I2S2I2S1I2S2I1S1I2,3300.0,3.3,1828136.0,5661968.0,1868.978394,2.018349788625055,-0.10777366103580821,5
ETVZ:seis_pick_1/inf_pick_2 | NGZ:seis_pick_2/inf_pick_2 | NOVZ:seis_pick_2/inf_pick_1 | OTVZ:seis_pick_2/inf_pick_1 | SNVZ:seis_pick_1/inf_pick_2,S1I2S2I2S2I1S2I1S1I2,3000.0,3.0,1827944.0,5662256.0,2088.119141,2.0185447883282635,-0.5337741877730091,5
ETVZ:seis_pick_1/inf_pick_2 | NGZ:seis_pick_2/inf_pick_2 | NOVZ:seis_pick_2/inf_pick_2 | OTVZ:seis_pick_2/inf_pick_1 | SNVZ:seis_pick_1/inf_pick_2,S1I2S2I2S2I2S2I1S1I2,3000.0,3.0,1828040.0,5662064.0,1956.737061,2.0245377371659945,-0.1880577449986614,5
ETVZ:seis_pick_1/inf_pick_2 | NGZ:seis_pick_2/inf_pick_2 | NOVZ:seis_pick_1/inf_pick_2 | OTVZ:seis_pick_2/inf_pick_1 | SNVZ:seis_pick_1/inf_pick_2,S1I2S2I2S1I2S2I1S1I2,3000.0,3.0,1828136.0,5661968.0,1868.978394,2.044830273033919,0.014057336490558115,5
ETVZ:seis_pick_1/inf_pick_2 | NGZ:seis_pick_2/inf_pick_2 | NOVZ:seis_pick_1/inf_pick_1 | OTVZ:seis_pick_2/inf_pick_1 | SNVZ:seis_pick_1/inf_pick_2,S1I2S2I2S1I1S2I1S1I2,2500.0,2.5,1828040.0,5662064.0,1956.737061,2.079050942742236,-0.009356163258445526,5
ETVZ:seis_pick_1/inf_pick_2 | NGZ:seis_pick_2/inf_pick_2 | NOVZ:seis_pick_2/inf_pick_1 | OTVZ:seis_pick_2/inf_pick_1 | SNVZ:seis_pick_1/inf_pick_2,S1I2S2I2S2I1S2I1S1I2,2500.0,2.5,1827944.0,5662160.0,2062.442139,2.0831168039287875,-0.2287995203388924,5
ETVZ:seis_pick_1/inf_pick_2 | NGZ:seis_pick_2/inf_pick_2 | NOVZ:seis_pick_2/inf_pick_2 | OTVZ:seis_pick_2/inf_pick_1 | SNVZ:seis_pick_1/inf_pick_2,S1I2S2I2S2I2S2I1S1I2,2500.0,2.5,1828040.0,5662064.0,1956.737061,2.0875313725396065,0.08161558036663888,5
ETVZ:seis_pick_1/inf_pick_2 | NGZ:seis_pick_2/inf_pick_2 | NOVZ:seis_pick_1/inf_pick_2 | OTVZ:seis_pick_2/inf_pick_1 | SNVZ:seis_pick_1/inf_pick_2,S1I2S2I2S1I2S2I1S1I2,2500.0,2.5,1828136.0,5661968.0,1868.978394,2.1059067069228763,0.28208553104856404,5
