event_id,origintime,event_magnitude,event_azimuth_from_crater_deg,event_distance_from_crater_km,network,station,location,channel,latitude,longitude,hypocentral_distance_km,epicentral_distance_km,p_guide_s,s_guide_s,coda_start_s,frequency_min_hz,frequency_max_hz,frequency_band,window_index,window_start_s,window_end_s,noise_rms,coda_rms,snr,passes_snr
2025p910674,2025-12-03T22:47:13.676Z,4.780924459628688,158.96376595736206,157.11515126043463,NZ,OTVZ,10,HHZ,-39.163113759,175.665073554,155.6199090203908,155.45139555791772,25.936651503398465,44.46283114868309,88.92566229736617,1.0,10.0,1-10Hz,0,88.92566229736617,98.92566229736617,1.0896775164018756e-07,3.5763057056485174e-06,32.81985405606522,True
2025p910674,2025-12-03T22:47:13.676Z,4.780924459628688,158.96376595736206,157.11515126043463,NZ,OTVZ,10,HHZ,-39.163113759,175.665073554,155.6199090203908,155.45139555791772,25.936651503398465,44.46283114868309,88.92566229736617,1.0,10.0,1-10Hz,1,93.92566229736617,103.92566229736617,1.0896775164018756e-07,2.810143675507858e-06,25.788764411575418,True
2025p910674,2025-12-03T22:47:13.676Z,4.780924459628688,158.96376595736206,157.11515126043463,NZ,OTVZ,10,HHZ,-39.163113759,175.665073554,155.6199090203908,155.45139555791772,25.936651503398465,44.46283114868309,88.92566229736617,1.0,10.0,1-10Hz,2,98.92566229736617,108.92566229736617,1.0896775164018756e-07,2.2237348373587265e-06,20.407274665090988,True
2025p910674,2025-12-03T22:47:13.676Z,4.780924459628688,158.96376595736206,157.11515126043463,NZ,SNVZ,10,EHZ,-39.1862267,175.6403333,153.9777861585819,153.80747357553037,25.66296435976365,43.993653188166256,87.98730637633251,1.0,10.0,1-10Hz,0,87.98730637633251,97.98730637633251,6.333451499173347e-08,1.9582608809673992e-06,30.919331761252057,True
2025p910674,2025-12-03T22:47:13.676Z,4.780924459628688,158.96376595736206,157.11515126043463,NZ,SNVZ,10,EHZ,-39.1862267,175.6403333,153.9777861585819,153.80747357553037,25.66296435976365,43.993653188166256,87.98730637633251,1.0,10.0,1-10Hz,1,92.98730637633251,102.98730637633251,6.333451499173347e-08,2.7190023348993448e-06,42.930814821179794,True
2025p910674,2025-12-03T22:47:13.676Z,4.780924459628688,158.96376595736206,157.11515126043463,NZ,SNVZ,10,EHZ,-39.1862267,175.6403333,153.9777861585819,153.80747357553037,25.66296435976365,43.993653188166256,87.98730637633251,1.0,10.0,1-10Hz,2,97.98730637633251,107.98730637633251,6.333451499173347e-08,2.6925885567853125e-06,42.51376294800322,True
2025p910674,2025-12-03T22:47:13.676Z,4.780924459628688,158.96376595736206,157.11515126043463,NZ,ETVZ,10,HHZ,-39.1357,175.7106,157.18729434087777,157.0204629963727,26.197882390146294,44.910655525965076,89.82131105193015,1.0,10.0,1-10Hz,0,89.82131105193015,99.82131105193015,2.650542955781519e-07,3.7398185488208415e-06,14.109631917729653,True
2025p910674,2025-12-03T22:47:13.676Z,4.780924459628688,158.96376595736206,157.11515126043463,NZ,ETVZ,10,HHZ,-39.1357,175.7106,157.18729434087777,157.0204629963727,26.197882390146294,44.910655525965076,89.82131105193015,1.0,10.0,1-10Hz,1,94.82131105193015,104.82131105193015,2.650542955781519e-07,2.68079702631744e-06,10.114142917283905,True
2025p910674,2025-12-03T22:47:13.676Z,4.780924459628688,158.96376595736206,157.11515126043463,NZ,ETVZ,10,HHZ,-39.1357,175.7106,157.18729434087777,157.0204629963727,26.197882390146294,44.910655525965076,89.82131105193015,1.0,10.0,1-10Hz,2,99.82131105193015,109.82131105193015,2.650542955781519e-07,2.3031288615553106e-06,8.689271971735419,True
2025p910674,2025-12-03T22:47:13.676Z,4.780924459628688,158.96376595736206,157.11515126043463,NZ,NGZ,10,HHZ,-39.175583868,175.601172722,156.32584360636457,156.15809193452338,26.054307267727427,44.66452674467559,89.32905348935118,1.0,10.0,1-10Hz,0,89.32905348935118,99.32905348935118,1.8338884151951832e-07,3.705446365812721e-06,20.20540800143691,True
2025p910674,2025-12-03T22:47:13.676Z,4.780924459628688,158.96376595736206,157.11515126043463,NZ,NGZ,10,HHZ,-39.175583868,175.601172722,156.32584360636457,156.15809193452338,26.054307267727427,44.66452674467559,89.32905348935118,1.0,10.0,1-10Hz,1,94.32905348935118,104.32905348935118,1.8338884151951832e-07,3.1760470915026882e-06,17.318649625498928,True
2025p910674,2025-12-03T22:47:13.676Z,4.780924459628688,158.96376595736206,157.11515126043463,NZ,NGZ,10,HHZ,-39.175583868,175.601172722,156.32584360636457,156.15809193452338,26.054307267727427,44.66452674467559,89.32905348935118,1.0,10.0,1-10Hz,2,99.32905348935118,109.32905348935118,1.8338884151951832e-07,2.354234405801167e-06,12.837391775282045,True
2025p910674,2025-12-03T22:47:13.676Z,4.780924459628688,158.96376595736206,157.11515126043463,NZ,WTVZ,10,HHZ,-39.115252619,175.589692806,162.90290045254886,162.74192844268052,27.150483408758145,46.543685843585386,93.08737168717077,1.0,10.0,1-10Hz,0,93.08737168717077,103.08737168717077,9.21627166643205e-08,2.174229212413464e-06,23.591201421856375,True
2025p910674,2025-12-03T22:47:13.676Z,4.780924459628688,158.96376595736206,157.11515126043463,NZ,WTVZ,10,HHZ,-39.115252619,175.589692806,162.90290045254886,162.74192844268052,27.150483408758145,46.543685843585386,93.08737168717077,1.0,10.0,1-10Hz,1,98.08737168717077,108.08737168717077,9.21627166643205e-08,1.875160233952499e-06,20.346190974190772,True
2025p910674,2025-12-03T22:47:13.676Z,4.780924459628688,158.96376595736206,157.11515126043463,NZ,WTVZ,10,HHZ,-39.115252619,175.589692806,162.90290045254886,162.74192844268052,27.150483408758145,46.543685843585386,93.08737168717077,1.0,10.0,1-10Hz,2,103.08737168717077,113.08737168717077,9.21627166643205e-08,2.1869993425332377e-06,23.729762117351992,True
2025p910674,2025-12-03T22:47:13.676Z,4.780924459628688,158.96376595736206,157.11515126043463,NZ,NOVZ,10,EHZ,-39.126493,175.610657,161.08060631421108,160.91781140676554,26.84676771903518,46.02303037548888,92.04606075097776,1.0,10.0,1-10Hz,0,92.04606075097776,102.04606075097776,8.056039425102794e-08,2.790570209718783e-06,34.63948054950309,True
2025p910674,2025-12-03T22:47:13.676Z,4.780924459628688,158.96376595736206,157.11515126043463,NZ,NOVZ,10,EHZ,-39.126493,175.610657,161.08060631421108,160.91781140676554,26.84676771903518,46.02303037548888,92.04606075097776,1.0,10.0,1-10Hz,1,97.04606075097776,107.04606075097776,8.056039425102794e-08,2.673631602467719e-06,33.18791606377477,True
2025p910674,2025-12-03T22:47:13.676Z,4.780924459628688,158.96376595736206,157.11515126043463,NZ,NOVZ,10,EHZ,-39.126493,175.610657,161.08060631421108,160.91781140676554,26.84676771903518,46.02303037548888,92.04606075097776,1.0,10.0,1-10Hz,2,102.04606075097776,112.04606075097776,8.056039425102794e-08,2.1294358393232845e-06,26.432788209649473,True
2025p910674,2025-12-03T22:47:13.676Z,4.780924459628688,158.96376595736206,157.11515126043463,NZ,KRVZ,10,HHZ,-39.094442315,175.641203517,163.4810907857875,163.32068865241902,27.246848464297916,46.708883081653575,93.41776616330715,1.0,10.0,1-10Hz,0,93.41776616330715,103.41776616330715,9.997200619863138e-08,1.8221870456960589e-06,18.226972879544,True
2025p910674,2025-12-03T22:47:13.676Z,4.780924459628688,158.96376595736206,157.11515126043463,NZ,KRVZ,10,HHZ,-39.094442315,175.641203517,163.4810907857875,163.32068865241902,27.246848464297916,46.708883081653575,93.41776616330715,1.0,10.0,1-10Hz,1,98.41776616330715,108.41776616330715,9.997200619863138e-08,1.7734600686252535e-06,17.739566665308477,True
2025p910674,2025-12-03T22:47:13.676Z,4.780924459628688,158.96376595736206,157.11515126043463,NZ,KRVZ,10,HHZ,-39.094442315,175.641203517,163.4810907857875,163.32068865241902,27.246848464297916,46.708883081653575,93.41776616330715,1.0,10.0,1-10Hz,2,103.41776616330715,113.41776616330715,9.997200619863138e-08,1.6056116592054677e-06,16.060612568035555,True
2025p910674,2025-12-03T22:47:13.676Z,4.780924459628688,158.96376595736206,157.11515126043463,NZ,NTVZ,10,HHZ,-39.0984817,175.6759733,162.05733677221974,161.89552402427358,27.00955612870329,46.30209622063421,92.60419244126842,1.0,10.0,1-10Hz,0,92.60419244126842,102.60419244126842,8.504150897093522e-08,2.2919797293938698e-06,26.951305981379086,True
2025p910674,2025-12-03T22:47:13.676Z,4.780924459628688,158.96376595736206,157.11515126043463,NZ,NTVZ,10,HHZ,-39.0984817,175.6759733,162.05733677221974,161.89552402427358,27.00955612870329,46.30209622063421,92.60419244126842,1.0,10.0,1-10Hz,1,97.60419244126842,107.60419244126842,8.504150897093522e-08,1.954203075052591e-06,22.9794026317252,True
2025p910674,2025-12-03T22:47:13.676Z,4.780924459628688,158.96376595736206,157.11515126043463,NZ,NTVZ,10,HHZ,-39.0984817,175.6759733,162.05733677221974,161.89552402427358,27.00955612870329,46.30209622063421,92.60419244126842,1.0,10.0,1-10Hz,2,102.60419244126842,112.60419244126842,8.504150897093522e-08,1.1441910300766421e-06,13.454500560046439,True
2025p910674,2025-12-03T22:47:13.676Z,4.780924459628688,158.96376595736206,157.11515126043463,NZ,COVZ,11,HHZ,-39.199923,175.542296,155.85232335097436,155.68406145552012,25.975387225162393,44.52923524313553,89.05847048627106,1.0,10.0,1-10Hz,0,89.05847048627106,99.05847048627106,7.548267652564857e-08,3.1816932741644793e-06,42.151304386819916,True
2025p910674,2025-12-03T22:47:13.676Z,4.780924459628688,158.96376595736206,157.11515126043463,NZ,COVZ,11,HHZ,-39.199923,175.542296,155.85232335097436,155.68406145552012,25.975387225162393,44.52923524313553,89.05847048627106,1.0,10.0,1-10Hz,1,94.05847048627106,104.05847048627106,7.548267652564857e-08,2.314469588353164e-06,30.662261791508154,True
2025p910674,2025-12-03T22:47:13.676Z,4.780924459628688,158.96376595736206,157.11515126043463,NZ,COVZ,11,HHZ,-39.199923,175.542296,155.85232335097436,155.68406145552012,25.975387225162393,44.52923524313553,89.05847048627106,1.0,10.0,1-10Hz,2,99.05847048627106,109.05847048627106,7.548267652564857e-08,2.7776711341101175e-06,36.79878962911816,True
2025p910674,2025-12-03T22:47:13.676Z,4.780924459628688,158.96376595736206,157.11515126043463,NZ,FWVZ,10,HHZ,-39.254945374,175.55295183,149.92224293948848,149.74731792388303,24.987040489914747,42.834926554139564,85.66985310827913,1.0,10.0,1-10Hz,0,85.66985310827913,95.66985310827913,4.979616202410152e-08,2.811390193130988e-06,56.45796942684589,True
2025p910674,2025-12-03T22:47:13.676Z,4.780924459628688,158.96376595736206,157.11515126043463,NZ,FWVZ,10,HHZ,-39.254945374,175.55295183,149.92224293948848,149.74731792388303,24.987040489914747,42.834926554139564,85.66985310827913,1.0,10.0,1-10Hz,1,90.66985310827913,100.66985310827913,4.979616202410152e-08,2.3203708398155716e-06,46.59738312146434,True
2025p910674,2025-12-03T22:47:13.676Z,4.780924459628688,158.96376595736206,157.11515126043463,NZ,FWVZ,10,HHZ,-39.254945374,175.55295183,149.92224293948848,149.74731792388303,24.987040489914747,42.834926554139564,85.66985310827913,1.0,10.0,1-10Hz,2,95.66985310827913,105.66985310827913,4.979616202410152e-08,1.7608296423244703e-06,35.360750121108175,True
2025p910674,2025-12-03T22:47:13.676Z,4.780924459628688,158.96376595736206,157.11515126043463,NZ,WHVZ,10,HHZ,-39.2825,175.5886,145.86343388734437,145.68363546670977,24.310572314557394,41.675266824955536,83.35053364991107,1.0,10.0,1-10Hz,0,83.35053364991107,93.35053364991107,6.072421485467978e-08,3.6124708215338527e-06,59.489790525557595,True
2025p910674,2025-12-03T22:47:13.676Z,4.780924459628688,158.96376595736206,157.11515126043463,NZ,WHVZ,10,HHZ,-39.2825,175.5886,145.86343388734437,145.68363546670977,24.310572314557394,41.675266824955536,83.35053364991107,1.0,10.0,1-10Hz,1,88.35053364991107,98.35053364991107,6.072421485467978e-08,2.7003960970025065e-06,44.469839642470035,True
2025p910674,2025-12-03T22:47:13.676Z,4.780924459628688,158.96376595736206,157.11515126043463,NZ,WHVZ,10,HHZ,-39.2825,175.5886,145.86343388734437,145.68363546670977,24.310572314557394,41.675266824955536,83.35053364991107,1.0,10.0,1-10Hz,2,93.35053364991107,103.35053364991107,6.072421485467978e-08,1.7350579515802861e-06,28.572752331709594,True
2025p910674,2025-12-03T22:47:13.676Z,4.780924459628688,158.96376595736206,157.11515126043463,NZ,TWVZ,10,HHZ,-39.071001379,175.437731105,172.61549250740643,172.46358615940926,28.769248751234404,49.31871214497327,98.63742428994654,1.0,10.0,1-10Hz,0,98.63742428994654,108.63742428994654,9.91817679084187e-08,1.4568929133891892e-06,14.689120229581286,True
2025p910674,2025-12-03T22:47:13.676Z,4.780924459628688,158.96376595736206,157.11515126043463,NZ,TWVZ,10,HHZ,-39.071001379,175.437731105,172.61549250740643,172.46358615940926,28.769248751234404,49.31871214497327,98.63742428994654,1.0,10.0,1-10Hz,1,103.63742428994654,113.63742428994654,9.91817679084187e-08,1.4247115343186955e-06,14.364651531864494,True
2025p910674,2025-12-03T22:47:13.676Z,4.780924459628688,158.96376595736206,157.11515126043463,NZ,TWVZ,10,HHZ,-39.071001379,175.437731105,172.61549250740643,172.46358615940926,28.769248751234404,49.31871214497327,98.63742428994654,1.0,10.0,1-10Hz,2,108.63742428994654,118.63742428994654,9.91817679084187e-08,8.705598961830948e-07,8.777418617774007,True
2025p910674,2025-12-03T22:47:13.676Z,4.780924459628688,158.96376595736206,157.11515126043463,NZ,MAVZ,11,HHZ,-39.2679133,175.5616533,148.30204595354957,148.1252076163886,24.717007658924928,42.37201312958559,84.74402625917118,1.0,10.0,1-10Hz,0,84.74402625917118,94.74402625917118,9.78824547285166e-07,2.645465672738816e-06,2.7026964945619603,True
2025p910674,2025-12-03T22:47:13.676Z,4.780924459628688,158.96376595736206,157.11515126043463,NZ,MAVZ,11,HHZ,-39.2679133,175.5616533,148.30204595354957,148.1252076163886,24.717007658924928,42.37201312958559,84.74402625917118,1.0,10.0,1-10Hz,1,89.74402625917118,99.74402625917118,9.78824547285166e-07,2.8378193333918335e-06,2.8992114483261697,True
2025p910674,2025-12-03T22:47:13.676Z,4.780924459628688,158.96376595736206,157.11515126043463,NZ,MAVZ,11,HHZ,-39.2679133,175.5616533,148.30204595354957,148.1252076163886,24.717007658924928,42.37201312958559,84.74402625917118,1.0,10.0,1-10Hz,2,94.74402625917118,104.74402625917118,9.78824547285166e-07,2.467345319273916e-06,2.5207227649911927,True
2025p910674,2025-12-03T22:47:13.676Z,4.780924459628688,158.96376595736206,157.11515126043463,NZ,TRVZ,10,HHZ,-39.298816259,175.547821602,145.71823518027134,145.53825738080818,24.286372530045224,41.63378148007752,83.26756296015505,1.0,10.0,1-10Hz,0,83.26756296015505,93.26756296015505,3.164368112703597e-08,2.73140958715385e-06,86.31769408206327,True
2025p910674,2025-12-03T22:47:13.676Z,4.780924459628688,158.96376595736206,157.11515126043463,NZ,TRVZ,10,HHZ,-39.298816259,175.547821602,145.71823518027134,145.53825738080818,24.286372530045224,41.63378148007752,83.26756296015505,1.0,10.0,1-10Hz,1,88.26756296015505,98.26756296015505,3.164368112703597e-08,2.444746163700392e-06,77.25858928630244,True
2025p910674,2025-12-03T22:47:13.676Z,4.780924459628688,158.96376595736206,157.11515126043463,NZ,TRVZ,10,HHZ,-39.298816259,175.547821602,145.71823518027134,145.53825738080818,24.286372530045224,41.63378148007752,83.26756296015505,1.0,10.0,1-10Hz,2,93.26756296015505,103.26756296015505,3.164368112703597e-08,1.9737609908967417e-06,62.37456960120814,True
2025p910674,2025-12-03T22:47:13.676Z,4.780924459628688,158.96376595736206,157.11515126043463,NZ,TUVZ,10,EHZ,-39.267675863,175.654153029,145.14419612886292,144.9635056394654,24.190699354810487,41.46977032253226,82.93954064506453,1.0,10.0,1-10Hz,0,82.93954064506453,92.93954064506453,1.3613499595017067e-07,7.817946126829846e-06,57.427894071348405,True
2025p910674,2025-12-03T22:47:13.676Z,4.780924459628688,158.96376595736206,157.11515126043463,NZ,TUVZ,10,EHZ,-39.267675863,175.654153029,145.14419612886292,144.9635056394654,24.190699354810487,41.46977032253226,82.93954064506453,1.0,10.0,1-10Hz,1,87.93954064506453,97.93954064506453,1.3613499595017067e-07,7.066588220318013e-06,51.908682047521324,True
2025p910674,2025-12-03T22:47:13.676Z,4.780924459628688,158.96376595736206,157.11515126043463,NZ,TUVZ,10,EHZ,-39.267675863,175.654153029,145.14419612886292,144.9635056394654,24.190699354810487,41.46977032253226,82.93954064506453,1.0,10.0,1-10Hz,2,92.93954064506453,102.93954064506453,1.3613499595017067e-07,5.309875437180603e-06,39.0044852179242,True
2025p969626,2025-12-25T18:16:50.734Z,4.71959311567875,166.7650367596879,167.00015900285425,NZ,OTVZ,10,HHZ,-39.163113759,175.665073554,166.39828689032373,165.6751215013829,27.733047815053954,47.54236768294964,95.08473536589928,1.0,10.0,1-10Hz,0,95.08473536589928,105.08473536589928,1.7478633912688855e-07,3.3107816626306036e-06,18.94187886289612,True
2025p969626,2025-12-25T18:16:50.734Z,4.71959311567875,166.7650367596879,167.00015900285425,NZ,OTVZ,10,HHZ,-39.163113759,175.665073554,166.39828689032373,165.6751215013829,27.733047815053954,47.54236768294964,95.08473536589928,1.0,10.0,1-10Hz,1,100.08473536589928,110.08473536589928,1.7478633912688855e-07,3.2028785440984692e-06,18.32453588820403,True
2025p969626,2025-12-25T18:16:50.734Z,4.71959311567875,166.7650367596879,167.00015900285425,NZ,OTVZ,10,HHZ,-39.163113759,175.665073554,166.39828689032373,165.6751215013829,27.733047815053954,47.54236768294964,95.08473536589928,1.0,10.0,1-10Hz,2,105.08473536589928,115.08473536589928,1.7478633912688855e-07,2.594558371078983e-06,14.844171369682543,True
2025p969626,2025-12-25T18:16:50.734Z,4.71959311567875,166.7650367596879,167.00015900285425,NZ,SNVZ,10,EHZ,-39.1862267,175.6403333,164.37949789019586,163.6474116235769,27.39658298169931,46.96557082577025,93.9311416515405,1.0,10.0,1-10Hz,0,93.9311416515405,103.9311416515405,1.683403167918654e-07,1.9810189174251746e-06,11.76794100889385,True
2025p969626,2025-12-25T18:16:50.734Z,4.71959311567875,166.7650367596879,167.00015900285425,NZ,SNVZ,10,EHZ,-39.1862267,175.6403333,164.37949789019586,163.6474116235769,27.39658298169931,46.96557082577025,93.9311416515405,1.0,10.0,1-10Hz,1,98.9311416515405,108.9311416515405,1.683403167918654e-07,2.054746218654712e-06,12.205906807192147,True
2025p969626,2025-12-25T18:16:50.734Z,4.71959311567875,166.7650367596879,167.00015900285425,NZ,SNVZ,10,EHZ,-39.1862267,175.6403333,164.37949789019586,163.6474116235769,27.39658298169931,46.96557082577025,93.9311416515405,1.0,10.0,1-10Hz,2,103.9311416515405,113.9311416515405,1.683403167918654e-07,2.005126448763742e-06,11.911148125275682,True
2025p969626,2025-12-25T18:16:50.734Z,4.71959311567875,166.7650367596879,167.00015900285425,NZ,ETVZ,10,HHZ,-39.1357,175.7106,168.5780037371075,167.86422891268924,28.096333956184584,48.16514392488786,96.33028784977571,1.0,10.0,1-10Hz,0,96.33028784977571,106.33028784977571,2.4078512959885355e-07,3.918314360276181e-06,16.273074532484905,True
2025p969626,2025-12-25T18:16:50.734Z,4.71959311567875,166.7650367596879,167.00015900285425,NZ,ETVZ,10,HHZ,-39.1357,175.7106,168.5780037371075,167.86422891268924,28.096333956184584,48.16514392488786,96.33028784977571,1.0,10.0,1-10Hz,1,101.33028784977571,111.33028784977571,2.4078512959885355e-07,2.9919216269685555e-06,12.425691038117998,True
2025p969626,2025-12-25T18:16:50.734Z,4.71959311567875,166.7650367596879,167.00015900285425,NZ,ETVZ,10,HHZ,-39.1357,175.7106,168.5780037371075,167.86422891268924,28.096333956184584,48.16514392488786,96.33028784977571,1.0,10.0,1-10Hz,2,106.33028784977571,116.33028784977571,2.4078512959885355e-07,2.2957466612878477e-06,9.534420439968807,True
2025p969626,2025-12-25T18:16:50.734Z,4.71959311567875,166.7650367596879,167.00015900285425,NZ,NGZ,10,HHZ,-39.175583868,175.601172722,166.3247134149552,165.60122673769806,27.7207855691592,47.5213466899872,95.0426933799744,1.0,10.0,1-10Hz,0,95.0426933799744,105.0426933799744,1.63302295804509e-07,2.994629428435042e-06,18.337950570027175,True
2025p969626,2025-12-25T18:16:50.734Z,4.71959311567875,166.7650367596879,167.00015900285425,NZ,NGZ,10,HHZ,-39.175583868,175.601172722,166.3247134149552,165.60122673769806,27.7207855691592,47.5213466899872,95.0426933799744,1.0,10.0,1-10Hz,1,100.0426933799744,110.0426933799744,1.63302295804509e-07,2.452586675213246e-06,15.018690724037738,True
2025p969626,2025-12-25T18:16:50.734Z,4.71959311567875,166.7650367596879,167.00015900285425,NZ,NGZ,10,HHZ,-39.175583868,175.601172722,166.3247134149552,165.60122673769806,27.7207855691592,47.5213466899872,95.0426933799744,1.0,10.0,1-10Hz,2,105.0426933799744,115.0426933799744,1.63302295804509e-07,2.029695976025369e-06,12.429071900220807,True
2025p969626,2025-12-25T18:16:50.734Z,4.71959311567875,166.7650367596879,167.00015900285425,NZ,WTVZ,10,HHZ,-39.115252619,175.589692806,173.03351519639307,172.33819479640576,28.838919199398845,49.438147198969446,98.87629439793889,1.0,10.0,1-10Hz,0,98.87629439793889,108.87629439793889,2.2097529064686233e-07,2.5383755179466476e-06,11.487146415855118,True
2025p969626,2025-12-25T18:16:50.734Z,4.71959311567875,166.7650367596879,167.00015900285425,NZ,WTVZ,10,HHZ,-39.115252619,175.589692806,173.03351519639307,172.33819479640576,28.838919199398845,49.438147198969446,98.87629439793889,1.0,10.0,1-10Hz,1,103.87629439793889,113.87629439793889,2.2097529064686233e-07,2.361670537605599e-06,10.687486961516223,True
2025p969626,2025-12-25T18:16:50.734Z,4.71959311567875,166.7650367596879,167.00015900285425,NZ,WTVZ,10,HHZ,-39.115252619,175.589692806,173.03351519639307,172.33819479640576,28.838919199398845,49.438147198969446,98.87629439793889,1.0,10.0,1-10Hz,2,108.87629439793889,118.87629439793889,2.2097529064686233e-07,2.0546796729703643e-06,9.298232698125151,True
2025p969626,2025-12-25T18:16:50.734Z,4.71959311567875,166.7650367596879,167.00015900285425,NZ,NOVZ,10,EHZ,-39.126493,175.610657,171.39535747246347,170.69336415800424,28.565892912077246,48.97010213498957,97.94020426997913,1.0,10.0,1-10Hz,0,97.94020426997913,107.94020426997913,2.0519693076028287e-07,2.6235445878242986e-06,12.78549624550282,True
2025p969626,2025-12-25T18:16:50.734Z,4.71959311567875,166.7650367596879,167.00015900285425,NZ,NOVZ,10,EHZ,-39.126493,175.610657,171.39535747246347,170.69336415800424,28.565892912077246,48.97010213498957,97.94020426997913,1.0,10.0,1-10Hz,1,102.94020426997913,112.94020426997913,2.0519693076028287e-07,2.847063800086317e-06,13.874787451925103,True
2025p969626,2025-12-25T18:16:50.734Z,4.71959311567875,166.7650367596879,167.00015900285425,NZ,NOVZ,10,EHZ,-39.126493,175.610657,171.39535747246347,170.69336415800424,28.565892912077246,48.97010213498957,97.94020426997913,1.0,10.0,1-10Hz,2,107.94020426997913,117.94020426997913,2.0519693076028287e-07,2.742109708845265e-06,13.363307622026172,True
2025p969626,2025-12-25T18:16:50.734Z,4.71959311567875,166.7650367596879,167.00015900285425,NZ,KRVZ,10,HHZ,-39.094442315,175.641203517,174.25483366732936,173.5644060886106,29.042472277888226,49.78709533352268,99.57419066704536,1.0,10.0,1-10Hz,0,99.57419066704536,109.57419066704536,2.4066132660170725e-07,2.188842153875982e-06,9.09511380488025,True
2025p969626,2025-12-25T18:16:50.734Z,4.71959311567875,166.7650367596879,167.00015900285425,NZ,KRVZ,10,HHZ,-39.094442315,175.641203517,174.25483366732936,173.5644060886106,29.042472277888226,49.78709533352268,99.57419066704536,1.0,10.0,1-10Hz,1,104.57419066704536,114.57419066704536,2.4066132660170725e-07,1.6355749962887404e-06,6.796168787831895,True
2025p969626,2025-12-25T18:16:50.734Z,4.71959311567875,166.7650367596879,167.00015900285425,NZ,KRVZ,10,HHZ,-39.094442315,175.641203517,174.25483366732936,173.5644060886106,29.042472277888226,49.78709533352268,99.57419066704536,1.0,10.0,1-10Hz,2,109.57419066704536,119.57419066704536,2.4066132660170725e-07,1.1402013393206473e-06,4.737783820196721,True
2025p969626,2025-12-25T18:16:50.734Z,4.71959311567875,166.7650367596879,167.00015900285425,NZ,TMVZ,10,HHZ,-39.11561,175.704064,170.8653493031768,170.16116947458997,28.477558217196133,48.81867122947909,97.63734245895817,1.0,10.0,1-10Hz,0,97.63734245895817,107.63734245895817,2.1869131909819433e-07,3.122287263060217e-06,14.277143125458412,True
2025p969626,2025-12-25T18:16:50.734Z,4.71959311567875,166.7650367596879,167.00015900285425,NZ,TMVZ,10,HHZ,-39.11561,175.704064,170.8653493031768,170.16116947458997,28.477558217196133,48.81867122947909,97.63734245895817,1.0,10.0,1-10Hz,1,102.63734245895817,112.63734245895817,2.1869131909819433e-07,2.071589143715042e-06,9.472662894245381,True
2025p969626,2025-12-25T18:16:50.734Z,4.71959311567875,166.7650367596879,167.00015900285425,NZ,TMVZ,10,HHZ,-39.11561,175.704064,170.8653493031768,170.16116947458997,28.477558217196133,48.81867122947909,97.63734245895817,1.0,10.0,1-10Hz,2,107.63734245895817,117.63734245895817,2.1869131909819433e-07,1.8818359323838226e-06,8.604986883539084,True
2025p969626,2025-12-25T18:16:50.734Z,4.71959311567875,166.7650367596879,167.00015900285425,NZ,NTVZ,10,HHZ,-39.0984817,175.6759733,173.1941673619538,172.4994945287202,28.865694560325633,49.48404781770108,98.96809563540216,1.0,10.0,1-10Hz,0,98.96809563540216,108.96809563540216,2.678116635905958e-07,1.92067654194385e-06,7.171743441614971,True
2025p969626,2025-12-25T18:16:50.734Z,4.71959311567875,166.7650367596879,167.00015900285425,NZ,NTVZ,10,HHZ,-39.0984817,175.6759733,173.1941673619538,172.4994945287202,28.865694560325633,49.48404781770108,98.96809563540216,1.0,10.0,1-10Hz,1,103.96809563540216,113.96809563540216,2.678116635905958e-07,1.3900302317361768e-06,5.190327460349593,True
2025p969626,2025-12-25T18:16:50.734Z,4.71959311567875,166.7650367596879,167.00015900285425,NZ,NTVZ,10,HHZ,-39.0984817,175.6759733,173.1941673619538,172.4994945287202,28.865694560325633,49.48404781770108,98.96809563540216,1.0,10.0,1-10Hz,2,108.96809563540216,118.96809563540216,2.678116635905958e-07,1.3199449964865065e-06,4.92863148225056,True
2025p969626,2025-12-25T18:16:50.734Z,4.71959311567875,166.7650367596879,167.00015900285425,NZ,COVZ,11,HHZ,-39.199923,175.542296,165.06124433536328,164.33219522054102,27.510207389227215,47.16035552438951,94.32071104877902,1.0,10.0,1-10Hz,0,94.32071104877902,104.32071104877902,1.9944188834037673e-07,2.8143724901216585e-06,14.111240690413643,True
2025p969626,2025-12-25T18:16:50.734Z,4.71959311567875,166.7650367596879,167.00015900285425,NZ,COVZ,11,HHZ,-39.199923,175.542296,165.06124433536328,164.33219522054102,27.510207389227215,47.16035552438951,94.32071104877902,1.0,10.0,1-10Hz,1,99.32071104877902,109.32071104877902,1.9944188834037673e-07,2.4563122608369123e-06,12.31592962379526,True
2025p969626,2025-12-25T18:16:50.734Z,4.71959311567875,166.7650367596879,167.00015900285425,NZ,COVZ,11,HHZ,-39.199923,175.542296,165.06124433536328,164.33219522054102,27.510207389227215,47.16035552438951,94.32071104877902,1.0,10.0,1-10Hz,2,104.32071104877902,114.32071104877902,1.9944188834037673e-07,2.2457072140764007e-06,11.259957638606856,True
2025p969626,2025-12-25T18:16:50.734Z,4.71959311567875,166.7650367596879,167.00015900285425,NZ,FWVZ,10,HHZ,-39.254945374,175.55295183,158.96888795280304,158.2117673923604,26.494814658800507,45.419682272229444,90.83936454445889,1.0,10.0,1-10Hz,0,90.83936454445889,100.83936454445889,1.1702951461765576e-07,1.83440624706284e-06,15.674731738023382,True
2025p969626,2025-12-25T18:16:50.734Z,4.71959311567875,166.7650367596879,167.00015900285425,NZ,FWVZ,10,HHZ,-39.254945374,175.55295183,158.96888795280304,158.2117673923604,26.494814658800507,45.419682272229444,90.83936454445889,1.0,10.0,1-10Hz,1,95.83936454445889,105.83936454445889,1.1702951461765576e-07,1.6456323143137343e-06,14.061686230948997,True
2025p969626,2025-12-25T18:16:50.734Z,4.71959311567875,166.7650367596879,167.00015900285425,NZ,FWVZ,10,HHZ,-39.254945374,175.55295183,158.96888795280304,158.2117673923604,26.494814658800507,45.419682272229444,90.83936454445889,1.0,10.0,1-10Hz,2,100.83936454445889,110.83936454445889,1.1702951461765576e-07,1.4296746671653016e-06,12.216359880122177,True
2025p969626,2025-12-25T18:16:50.734Z,4.71959311567875,166.7650367596879,167.00015900285425,NZ,WHVZ,10,HHZ,-39.2825,175.5886,155.19363872763702,154.4180090079775,25.86560645460617,44.34103963646772,88.68207927293544,1.0,10.0,1-10Hz,0,88.68207927293544,98.68207927293544,6.533733974026134e-08,2.586966038778412e-06,39.59399095620517,True
2025p969626,2025-12-25T18:16:50.734Z,4.71959311567875,166.7650367596879,167.00015900285425,NZ,WHVZ,10,HHZ,-39.2825,175.5886,155.19363872763702,154.4180090079775,25.86560645460617,44.34103963646772,88.68207927293544,1.0,10.0,1-10Hz,1,93.68207927293544,103.68207927293544,6.533733974026134e-08,2.2920571933830762e-06,35.0803568448731,True
2025p969626,2025-12-25T18:16:50.734Z,4.71959311567875,166.7650367596879,167.00015900285425,NZ,WHVZ,10,HHZ,-39.2825,175.5886,155.19363872763702,154.4180090079775,25.86560645460617,44.34103963646772,88.68207927293544,1.0,10.0,1-10Hz,2,98.68207927293544,108.68207927293544,6.533733974026134e-08,1.949974628531137e-06,29.844720282199496,True
2025p969626,2025-12-25T18:16:50.734Z,4.71959311567875,166.7650367596879,167.00015900285425,NZ,TWVZ,10,HHZ,-39.071001379,175.437731105,181.32123384239642,180.65781424171087,30.220205640399403,51.806066812113265,103.61213362422653,1.0,10.0,1-10Hz,0,103.61213362422653,113.61213362422653,2.9213895765031775e-07,1.2677483813684422e-06,4.3395389357344865,True
2025p969626,2025-12-25T18:16:50.734Z,4.71959311567875,166.7650367596879,167.00015900285425,NZ,TWVZ,10,HHZ,-39.071001379,175.437731105,181.32123384239642,180.65781424171087,30.220205640399403,51.806066812113265,103.61213362422653,1.0,10.0,1-10Hz,1,108.61213362422653,118.61213362422653,2.9213895765031775e-07,9.527688077182646e-07,3.261354854489152,True
2025p969626,2025-12-25T18:16:50.734Z,4.71959311567875,166.7650367596879,167.00015900285425,NZ,TWVZ,10,HHZ,-39.071001379,175.437731105,181.32123384239642,180.65781424171087,30.220205640399403,51.806066812113265,103.61213362422653,1.0,10.0,1-10Hz,2,113.61213362422653,123.61213362422653,2.9213895765031775e-07,6.28942529229986e-07,2.1528882497856134,True
2025p969626,2025-12-25T18:16:50.734Z,4.71959311567875,166.7650367596879,167.00015900285425,NZ,MAVZ,11,HHZ,-39.2679133,175.5616533,157.3830668299487,156.61828031639092,26.230511138324783,44.96659052284248,89.93318104568496,1.0,10.0,1-10Hz,0,89.93318104568496,99.93318104568496,1.0613720413017272e-07,3.4475510306074144e-06,32.482022292382425,True
2025p969626,2025-12-25T18:16:50.734Z,4.71959311567875,166.7650367596879,167.00015900285425,NZ,MAVZ,11,HHZ,-39.2679133,175.5616533,157.3830668299487,156.61828031639092,26.230511138324783,44.96659052284248,89.93318104568496,1.0,10.0,1-10Hz,1,94.93318104568496,104.93318104568496,1.0613720413017272e-07,2.7184851702270583e-06,25.61293367868399,True
2025p969626,2025-12-25T18:16:50.734Z,4.71959311567875,166.7650367596879,167.00015900285425,NZ,MAVZ,11,HHZ,-39.2679133,175.5616533,157.3830668299487,156.61828031639092,26.230511138324783,44.96659052284248,89.93318104568496,1.0,10.0,1-10Hz,2,99.93318104568496,109.93318104568496,1.0613720413017272e-07,2.133705646797736e-06,20.103277303035398,True
2025p969626,2025-12-25T18:16:50.734Z,4.71959311567875,166.7650367596879,167.00015900285425,NZ,TRVZ,10,HHZ,-39.298816259,175.547821602,154.4578167935028,153.67847335615608,25.742969465583798,44.13080479814365,88.2616095962873,1.0,10.0,1-10Hz,0,88.2616095962873,98.2616095962873,1.2969141713782316e-07,2.99823894585544e-06,23.118252634013622,True
2025p969626,2025-12-25T18:16:50.734Z,4.71959311567875,166.7650367596879,167.00015900285425,NZ,TRVZ,10,HHZ,-39.298816259,175.547821602,154.4578167935028,153.67847335615608,25.742969465583798,44.13080479814365,88.2616095962873,1.0,10.0,1-10Hz,1,93.2616095962873,103.2616095962873,1.2969141713782316e-07,2.639783134996774e-06,20.354339502601583,True
2025p969626,2025-12-25T18:16:50.734Z,4.71959311567875,166.7650367596879,167.00015900285425,NZ,TRVZ,10,HHZ,-39.298816259,175.547821602,154.4578167935028,153.67847335615608,25.742969465583798,44.13080479814365,88.2616095962873,1.0,10.0,1-10Hz,2,98.2616095962873,108.2616095962873,1.2969141713782316e-07,1.6820393245850462e-06,12.969550041985753,True
2025p969626,2025-12-25T18:16:50.734Z,4.71959311567875,166.7650367596879,167.00015900285425,NZ,TUVZ,10,EHZ,-39.267675863,175.654153029,155.3501492043658,154.57530482674852,25.891691534060968,44.385756915533086,88.77151383106617,1.0,10.0,1-10Hz,0,88.77151383106617,98.77151383106617,2.0765148368445658e-07,5.214709180372963e-06,25.112795188582137,True
2025p969626,2025-12-25T18:16:50.734Z,4.71959311567875,166.7650367596879,167.00015900285425,NZ,TUVZ,10,EHZ,-39.267675863,175.654153029,155.3501492043658,154.57530482674852,25.891691534060968,44.385756915533086,88.77151383106617,1.0,10.0,1-10Hz,1,93.77151383106617,103.77151383106617,2.0765148368445658e-07,5.438959614033183e-06,26.192731771173506,True
2025p969626,2025-12-25T18:16:50.734Z,4.71959311567875,166.7650367596879,167.00015900285425,NZ,TUVZ,10,EHZ,-39.267675863,175.654153029,155.3501492043658,154.57530482674852,25.891691534060968,44.385756915533086,88.77151383106617,1.0,10.0,1-10Hz,2,98.77151383106617,108.77151383106617,2.0765148368445658e-07,5.415726410577593e-06,26.080846206749154,True
2026p070370,2026-01-27T00:53:34.105Z,4.503423943916014,206.4185741169314,160.0169319413353,NZ,WTVZ,10,HHZ,-39.115252619,175.589692806,162.63613622751268,162.56996286901932,27.106022704585445,46.46746749357505,92.9349349871501,1.0,10.0,1-10Hz,0,92.9349349871501,102.9349349871501,1.3930041126435531e-06,2.385472174467945e-06,1.7124659954814851,False
2026p070370,2026-01-27T00:53:34.105Z,4.503423943916014,206.4185741169314,160.0169319413353,NZ,WTVZ,10,HHZ,-39.115252619,175.589692806,162.63613622751268,162.56996286901932,27.106022704585445,46.46746749357505,92.9349349871501,1.0,10.0,1-10Hz,1,97.9349349871501,107.9349349871501,1.3930041126435531e-06,2.0761745406523256e-06,1.4904295843838506,False
2026p070370,2026-01-27T00:53:34.105Z,4.503423943916014,206.4185741169314,160.0169319413353,NZ,WTVZ,10,HHZ,-39.115252619,175.589692806,162.63613622751268,162.56996286901932,27.106022704585445,46.46746749357505,92.9349349871501,1.0,10.0,1-10Hz,2,102.9349349871501,112.9349349871501,1.3930041126435531e-06,1.7642046352299415e-06,1.266474821730388,False
2026p070370,2026-01-27T00:53:34.105Z,4.503423943916014,206.4185741169314,160.0169319413353,NZ,KRVZ,10,HHZ,-39.094442315,175.641203517,166.61542522882428,166.55083291416526,27.76923753813738,47.60440720823551,95.20881441647101,1.0,10.0,1-10Hz,0,95.20881441647101,105.20881441647101,8.183280511049024e-07,1.7143405981310694e-06,2.094930750346851,True
2026p070370,2026-01-27T00:53:34.105Z,4.503423943916014,206.4185741169314,160.0169319413353,NZ,KRVZ,10,HHZ,-39.094442315,175.641203517,166.61542522882428,166.55083291416526,27.76923753813738,47.60440720823551,95.20881441647101,1.0,10.0,1-10Hz,1,100.20881441647101,110.20881441647101,8.183280511049024e-07,1.4322228937653614e-06,1.7501818394610589,False
2026p070370,2026-01-27T00:53:34.105Z,4.503423943916014,206.4185741169314,160.0169319413353,NZ,KRVZ,10,HHZ,-39.094442315,175.641203517,166.61542522882428,166.55083291416526,27.76923753813738,47.60440720823551,95.20881441647101,1.0,10.0,1-10Hz,2,105.20881441647101,115.20881441647101,8.183280511049024e-07,1.2987734027941066e-06,1.5871060524449936,False
2026p070370,2026-01-27T00:53:34.105Z,4.503423943916014,206.4185741169314,160.0169319413353,NZ,NTVZ,10,HHZ,-39.0984817,175.6759733,167.53435247068873,167.4701145816567,27.922392078448123,47.86695784876821,95.73391569753642,1.0,10.0,1-10Hz,0,95.73391569753642,105.73391569753642,5.883305931878641e-07,2.1226832541736723e-06,3.6079770094428234,True
2026p070370,2026-01-27T00:53:34.105Z,4.503423943916014,206.4185741169314,160.0169319413353,NZ,NTVZ,10,HHZ,-39.0984817,175.6759733,167.53435247068873,167.4701145816567,27.922392078448123,47.86695784876821,95.73391569753642,1.0,10.0,1-10Hz,1,100.73391569753642,110.73391569753642,5.883305931878641e-07,1.7785060948494572e-06,3.0229706145530146,True
2026p070370,2026-01-27T00:53:34.105Z,4.503423943916014,206.4185741169314,160.0169319413353,NZ,NTVZ,10,HHZ,-39.0984817,175.6759733,167.53435247068873,167.4701145816567,27.922392078448123,47.86695784876821,95.73391569753642,1.0,10.0,1-10Hz,2,105.73391569753642,115.73391569753642,5.883305931878641e-07,1.3908093138726473e-06,2.3639928468389844,True
2025p806773,2025-10-26T12:08:40.296Z,4.4762516096843825,112.87093749788103,121.285344166953,NZ,OTVZ,10,HHZ,-39.163113759,175.665073554,120.70095005564123,118.41503377266642,20.116825009273537,34.48598573018321,68.97197146036642,1.0,10.0,1-10Hz,0,68.97197146036642,78.97197146036642,1.3676056027534903e-07,6.037256082855763e-06,44.14471592322054,True
2025p806773,2025-10-26T12:08:40.296Z,4.4762516096843825,112.87093749788103,121.285344166953,NZ,OTVZ,10,HHZ,-39.163113759,175.665073554,120.70095005564123,118.41503377266642,20.116825009273537,34.48598573018321,68.97197146036642,1.0,10.0,1-10Hz,1,73.97197146036642,83.97197146036642,1.3676056027534903e-07,3.6511529378729544e-06,26.697411377387223,True
2025p806773,2025-10-26T12:08:40.296Z,4.4762516096843825,112.87093749788103,121.285344166953,NZ,OTVZ,10,HHZ,-39.163113759,175.665073554,120.70095005564123,118.41503377266642,20.116825009273537,34.48598573018321,68.97197146036642,1.0,10.0,1-10Hz,2,78.97197146036642,88.97197146036642,1.3676056027534903e-07,3.357309223554709e-06,24.54881156376676,True
2025p806773,2025-10-26T12:08:40.296Z,4.4762516096843825,112.87093749788103,121.285344166953,NZ,SNVZ,10,EHZ,-39.1862267,175.6403333,121.68656215435439,119.419513849257,20.2810936923924,34.767589186958396,69.53517837391679,1.0,10.0,1-10Hz,0,69.53517837391679,79.53517837391679,1.5022754928469674e-07,3.5855342576696785e-06,23.867355053996924,True
2025p806773,2025-10-26T12:08:40.296Z,4.4762516096843825,112.87093749788103,121.285344166953,NZ,SNVZ,10,EHZ,-39.1862267,175.6403333,121.68656215435439,119.419513849257,20.2810936923924,34.767589186958396,69.53517837391679,1.0,10.0,1-10Hz,1,74.53517837391679,84.53517837391679,1.5022754928469674e-07,2.578895265889224e-06,17.166593465503126,True
2025p806773,2025-10-26T12:08:40.296Z,4.4762516096843825,112.87093749788103,121.285344166953,NZ,SNVZ,10,EHZ,-39.1862267,175.6403333,121.68656215435439,119.419513849257,20.2810936923924,34.767589186958396,69.53517837391679,1.0,10.0,1-10Hz,2,79.53517837391679,89.53517837391679,1.5022754928469674e-07,2.2397497789489842e-06,14.90904823791292,True
2025p806773,2025-10-26T12:08:40.296Z,4.4762516096843825,112.87093749788103,121.285344166953,NZ,ETVZ,10,HHZ,-39.1357,175.7106,118.39735309431958,116.06607643402235,19.732892182386596,33.827815169805596,67.65563033961119,1.0,10.0,1-10Hz,0,67.65563033961119,77.65563033961119,6.053706460368696e-08,5.062276792229933e-06,83.62276607514299,True
2025p806773,2025-10-26T12:08:40.296Z,4.4762516096843825,112.87093749788103,121.285344166953,NZ,ETVZ,10,HHZ,-39.1357,175.7106,118.39735309431958,116.06607643402235,19.732892182386596,33.827815169805596,67.65563033961119,1.0,10.0,1-10Hz,1,72.65563033961119,82.65563033961119,6.053706460368696e-08,4.129348103016152e-06,68.21189844683447,True
2025p806773,2025-10-26T12:08:40.296Z,4.4762516096843825,112.87093749788103,121.285344166953,NZ,ETVZ,10,HHZ,-39.1357,175.7106,118.39735309431958,116.06607643402235,19.732892182386596,33.827815169805596,67.65563033961119,1.0,10.0,1-10Hz,2,77.65563033961119,87.65563033961119,6.053706460368696e-08,3.190691986938976e-06,52.70642056774999,True
2025p806773,2025-10-26T12:08:40.296Z,4.4762516096843825,112.87093749788103,121.285344166953,NZ,NGZ,10,HHZ,-39.175583868,175.601172722,125.20297107452383,123.00075139988121,20.867161845753973,35.77227744986395,71.5445548997279,1.0,10.0,1-10Hz,0,71.5445548997279,81.5445548997279,5.09515206751356e-08,3.6814068783588855e-06,72.25313061471424,True
2025p806773,2025-10-26T12:08:40.296Z,4.4762516096843825,112.87093749788103,121.285344166953,NZ,NGZ,10,HHZ,-39.175583868,175.601172722,125.20297107452383,123.00075139988121,20.867161845753973,35.77227744986395,71.5445548997279,1.0,10.0,1-10Hz,1,76.5445548997279,86.5445548997279,5.09515206751356e-08,2.7846592902079734e-06,54.65311443720835,True
2025p806773,2025-10-26T12:08:40.296Z,4.4762516096843825,112.87093749788103,121.285344166953,NZ,NGZ,10,HHZ,-39.175583868,175.601172722,125.20297107452383,123.00075139988121,20.867161845753973,35.77227744986395,71.5445548997279,1.0,10.0,1-10Hz,2,81.5445548997279,91.5445548997279,5.09515206751356e-08,2.607061261964915e-06,51.16748680745781,True
2025p806773,2025-10-26T12:08:40.296Z,4.4762516096843825,112.87093749788103,121.285344166953,NZ,WTVZ,10,HHZ,-39.115252619,175.589692806,128.65716728091326,126.51508831675466,21.442861213485543,36.7591906516895,73.518381303379,1.0,10.0,1-10Hz,0,73.518381303379,83.518381303379,2.6014646531967513e-08,2.2329579483226293e-06,85.83464494044573,True
2025p806773,2025-10-26T12:08:40.296Z,4.4762516096843825,112.87093749788103,121.285344166953,NZ,WTVZ,10,HHZ,-39.115252619,175.589692806,128.65716728091326,126.51508831675466,21.442861213485543,36.7591906516895,73.518381303379,1.0,10.0,1-10Hz,1,78.518381303379,88.518381303379,2.6014646531967513e-08,2.052352910540123e-06,78.8922082034878,True
2025p806773,2025-10-26T12:08:40.296Z,4.4762516096843825,112.87093749788103,121.285344166953,NZ,WTVZ,10,HHZ,-39.115252619,175.589692806,128.65716728091326,126.51508831675466,21.442861213485543,36.7591906516895,73.518381303379,1.0,10.0,1-10Hz,2,83.518381303379,93.518381303379,2.6014646531967513e-08,2.18134792694634e-06,83.85076169556406,True
2025p806773,2025-10-26T12:08:40.296Z,4.4762516096843825,112.87093749788103,121.285344166953,NZ,NOVZ,10,EHZ,-39.126493,175.610657,126.52957963886776,124.3508560591197,21.088263273144626,36.15130846824793,72.30261693649587,1.0,10.0,1-10Hz,0,72.30261693649587,82.30261693649587,3.049038854394823e-08,3.6095336853553833e-06,118.38267262985758,True
2025p806773,2025-10-26T12:08:40.296Z,4.4762516096843825,112.87093749788103,121.285344166953,NZ,NOVZ,10,EHZ,-39.126493,175.610657,126.52957963886776,124.3508560591197,21.088263273144626,36.15130846824793,72.30261693649587,1.0,10.0,1-10Hz,1,77.30261693649587,87.30261693649587,3.049038854394823e-08,2.4182983184084014e-06,79.31346348449169,True
2025p806773,2025-10-26T12:08:40.296Z,4.4762516096843825,112.87093749788103,121.285344166953,NZ,NOVZ,10,EHZ,-39.126493,175.610657,126.52957963886776,124.3508560591197,21.088263273144626,36.15130846824793,72.30261693649587,1.0,10.0,1-10Hz,2,82.30261693649587,92.30261693649587,3.049038854394823e-08,1.5246078992030272e-06,50.00290163588726,True
2025p806773,2025-10-26T12:08:40.296Z,4.4762516096843825,112.87093749788103,121.285344166953,NZ,KRVZ,10,HHZ,-39.094442315,175.641203517,125.65119849843953,123.45697454231407,20.941866416406587,35.900342428125576,71.80068485625115,1.0,10.0,1-10Hz,0,71.80068485625115,81.80068485625115,3.987860325777046e-08,2.701611166056684e-06,67.74588238694813,True
2025p806773,2025-10-26T12:08:40.296Z,4.4762516096843825,112.87093749788103,121.285344166953,NZ,KRVZ,10,HHZ,-39.094442315,175.641203517,125.65119849843953,123.45697454231407,20.941866416406587,35.900342428125576,71.80068485625115,1.0,10.0,1-10Hz,1,76.80068485625115,86.80068485625115,3.987860325777046e-08,2.3314635365330576e-06,58.464021958411124,True
2025p806773,2025-10-26T12:08:40.296Z,4.4762516096843825,112.87093749788103,121.285344166953,NZ,KRVZ,10,HHZ,-39.094442315,175.641203517,125.65119849843953,123.45697454231407,20.941866416406587,35.900342428125576,71.80068485625115,1.0,10.0,1-10Hz,2,81.80068485625115,91.80068485625115,3.987860325777046e-08,1.9421774253828872e-06,48.70224297548456,True
2025p806773,2025-10-26T12:08:40.296Z,4.4762516096843825,112.87093749788103,121.285344166953,NZ,TMVZ,10,HHZ,-39.11561,175.704064,119.84238335403093,117.5397708310759,19.973730559005155,34.240680958294554,68.48136191658911,1.0,10.0,1-10Hz,0,68.48136191658911,78.48136191658911,6.635454134941446e-08,3.560433774651244e-06,53.65772563934183,True
2025p806773,2025-10-26T12:08:40.296Z,4.4762516096843825,112.87093749788103,121.285344166953,NZ,TMVZ,10,HHZ,-39.11561,175.704064,119.84238335403093,117.5397708310759,19.973730559005155,34.240680958294554,68.48136191658911,1.0,10.0,1-10Hz,1,73.48136191658911,83.48136191658911,6.635454134941446e-08,3.500215969889368e-06,52.75020968734727,True
2025p806773,2025-10-26T12:08:40.296Z,4.4762516096843825,112.87093749788103,121.285344166953,NZ,TMVZ,10,HHZ,-39.11561,175.704064,119.84238335403093,117.5397708310759,19.973730559005155,34.240680958294554,68.48136191658911,1.0,10.0,1-10Hz,2,78.48136191658911,88.48136191658911,6.635454134941446e-08,2.9972473076621875e-06,45.170191017960164,True
2025p806773,2025-10-26T12:08:40.296Z,4.4762516096843825,112.87093749788103,121.285344166953,NZ,NTVZ,10,HHZ,-39.0984817,175.6759733,122.80547137978888,120.55946532669874,20.467578563298147,35.087277537082535,70.17455507416507,1.0,10.0,1-10Hz,0,70.17455507416507,80.17455507416507,7.382684218378103e-08,2.9387569223129164e-06,39.80607642674618,True
2025p806773,2025-10-26T12:08:40.296Z,4.4762516096843825,112.87093749788103,121.285344166953,NZ,NTVZ,10,HHZ,-39.0984817,175.6759733,122.80547137978888,120.55946532669874,20.467578563298147,35.087277537082535,70.17455507416507,1.0,10.0,1-10Hz,1,75.17455507416507,85.17455507416507,7.382684218378103e-08,2.5671012339338492e-06,34.77192248780504,True
2025p806773,2025-10-26T12:08:40.296Z,4.4762516096843825,112.87093749788103,121.285344166953,NZ,NTVZ,10,HHZ,-39.0984817,175.6759733,122.80547137978888,120.55946532669874,20.467578563298147,35.087277537082535,70.17455507416507,1.0,10.0,1-10Hz,2,80.17455507416507,90.17455507416507,7.382684218378103e-08,2.0508957449049585e-06,27.779811302230105,True
2025p806773,2025-10-26T12:08:40.296Z,4.4762516096843825,112.87093749788103,121.285344166953,NZ,COVZ,11,HHZ,-39.199923,175.542296,128.95475141053922,126.81769904237066,21.492458568423203,36.84421468872549,73.68842937745099,1.0,10.0,1-10Hz,0,73.68842937745099,83.68842937745099,2.4172021919075217e-08,4.209190963390967e-06,174.1348314792528,True
2025p806773,2025-10-26T12:08:40.296Z,4.4762516096843825,112.87093749788103,121.285344166953,NZ,COVZ,11,HHZ,-39.199923,175.542296,128.95475141053922,126.81769904237066,21.492458568423203,36.84421468872549,73.68842937745099,1.0,10.0,1-10Hz,1,78.68842937745099,88.68842937745099,2.4172021919075217e-08,2.9623050528591016e-06,122.55098323079936,True
2025p806773,2025-10-26T12:08:40.296Z,4.4762516096843825,112.87093749788103,121.285344166953,NZ,COVZ,11,HHZ,-39.199923,175.542296,128.95475141053922,126.81769904237066,21.492458568423203,36.84421468872549,73.68842937745099,1.0,10.0,1-10Hz,2,83.68842937745099,93.68842937745099,2.4172021919075217e-08,2.900214472552475e-06,119.98228705327239,True
2025p806773,2025-10-26T12:08:40.296Z,4.4762516096843825,112.87093749788103,121.285344166953,NZ,FWVZ,10,HHZ,-39.254945374,175.55295183,126.21038576100766,124.02605513757864,21.035064293501275,36.06011021743076,72.12022043486152,1.0,10.0,1-10Hz,0,72.12022043486152,82.12022043486152,1.0108919333997138e-07,1.879249043101054e-06,18.59000928794617,True
2025p806773,2025-10-26T12:08:40.296Z,4.4762516096843825,112.87093749788103,121.285344166953,NZ,FWVZ,10,HHZ,-39.254945374,175.55295183,126.21038576100766,124.02605513757864,21.035064293501275,36.06011021743076,72.12022043486152,1.0,10.0,1-10Hz,1,77.12022043486152,87.12022043486152,1.0108919333997138e-07,1.6865874445197448e-06,16.684151775230916,True
2025p806773,2025-10-26T12:08:40.296Z,4.4762516096843825,112.87093749788103,121.285344166953,NZ,FWVZ,10,HHZ,-39.254945374,175.55295183,126.21038576100766,124.02605513757864,21.035064293501275,36.06011021743076,72.12022043486152,1.0,10.0,1-10Hz,2,82.12022043486152,92.12022043486152,1.0108919333997138e-07,1.5223014378962363e-06,15.058992831969782,True
2025p806773,2025-10-26T12:08:40.296Z,4.4762516096843825,112.87093749788103,121.285344166953,NZ,WHVZ,10,HHZ,-39.2825,175.5886,122.4585545917955,120.20606670114071,20.409759098632584,34.988158454798715,69.97631690959743,1.0,10.0,1-10Hz,0,69.97631690959743,79.97631690959743,4.4890998614767005e-08,3.8401389259419535e-06,85.54362888863716,True
2025p806773,2025-10-26T12:08:40.296Z,4.4762516096843825,112.87093749788103,121.285344166953,NZ,WHVZ,10,HHZ,-39.2825,175.5886,122.4585545917955,120.20606670114071,20.409759098632584,34.988158454798715,69.97631690959743,1.0,10.0,1-10Hz,1,74.97631690959743,84.97631690959743,4.4890998614767005e-08,2.74384478899081e-06,61.122382518980444,True
2025p806773,2025-10-26T12:08:40.296Z,4.4762516096843825,112.87093749788103,121.285344166953,NZ,WHVZ,10,HHZ,-39.2825,175.5886,122.4585545917955,120.20606670114071,20.409759098632584,34.988158454798715,69.97631690959743,1.0,10.0,1-10Hz,2,79.97631690959743,89.97631690959743,4.4890998614767005e-08,1.9041798817000288e-06,42.41785525959862,True
2025p806773,2025-10-26T12:08:40.296Z,4.4762516096843825,112.87093749788103,121.285344166953,NZ,TWVZ,10,HHZ,-39.071001379,175.437731105,142.45458184502854,140.52298305860597,23.74243030750476,40.701309098579586,81.40261819715917,1.0,10.0,1-10Hz,0,81.40261819715917,91.40261819715917,4.300675847861455e-08,1.2228393226032119e-06,28.4336547524566,True
2025p806773,2025-10-26T12:08:40.296Z,4.4762516096843825,112.87093749788103,121.285344166953,NZ,TWVZ,10,HHZ,-39.071001379,175.437731105,142.45458184502854,140.52298305860597,23.74243030750476,40.701309098579586,81.40261819715917,1.0,10.0,1-10Hz,1,86.40261819715917,96.40261819715917,4.300675847861455e-08,9.480483646945067e-07,22.04417161934981,True
2025p806773,2025-10-26T12:08:40.296Z,4.4762516096843825,112.87093749788103,121.285344166953,NZ,TWVZ,10,HHZ,-39.071001379,175.437731105,142.45458184502854,140.52298305860597,23.74243030750476,40.701309098579586,81.40261819715917,1.0,10.0,1-10Hz,2,91.40261819715917,101.40261819715917,4.300675847861455e-08,6.750870320453637e-07,15.697231224275042,True
2025p806773,2025-10-26T12:08:40.296Z,4.4762516096843825,112.87093749788103,121.285344166953,NZ,MAVZ,11,HHZ,-39.2679133,175.5616533,125.09595373272526,122.89181632373845,20.849325622120876,35.74170106649293,71.48340213298586,1.0,10.0,1-10Hz,0,71.48340213298586,81.48340213298586,2.5014496528131806e-07,3.0469419253880782e-06,12.180704584485344,True
2025p806773,2025-10-26T12:08:40.296Z,4.4762516096843825,112.87093749788103,121.285344166953,NZ,MAVZ,11,HHZ,-39.2679133,175.5616533,125.09595373272526,122.89181632373845,20.849325622120876,35.74170106649293,71.48340213298586,1.0,10.0,1-10Hz,1,76.48340213298586,86.48340213298586,2.5014496528131806e-07,2.3483544641809875e-06,9.387974135477725,True
2025p806773,2025-10-26T12:08:40.296Z,4.4762516096843825,112.87093749788103,121.285344166953,NZ,MAVZ,11,HHZ,-39.2679133,175.5616533,125.09595373272526,122.89181632373845,20.849325622120876,35.74170106649293,71.48340213298586,1.0,10.0,1-10Hz,2,81.48340213298586,91.48340213298586,2.5014496528131806e-07,1.9348637834664694e-06,7.73496992550093,True
2025p806773,2025-10-26T12:08:40.296Z,4.4762516096843825,112.87093749788103,121.285344166953,NZ,TRVZ,10,HHZ,-39.298816259,175.547821602,125.31590844287038,123.11570894044839,20.885984740478396,35.80454526939154,71.60909053878308,1.0,10.0,1-10Hz,0,71.60909053878308,81.60909053878308,4.141481866964995e-08,2.3305491318413375e-06,56.27331488352586,True
2025p806773,2025-10-26T12:08:40.296Z,4.4762516096843825,112.87093749788103,121.285344166953,NZ,TRVZ,10,HHZ,-39.298816259,175.547821602,125.31590844287038,123.11570894044839,20.885984740478396,35.80454526939154,71.60909053878308,1.0,10.0,1-10Hz,1,76.60909053878308,86.60909053878308,4.141481866964995e-08,1.7748259945126855e-06,42.854853685821695,True
2025p806773,2025-10-26T12:08:40.296Z,4.4762516096843825,112.87093749788103,121.285344166953,NZ,TRVZ,10,HHZ,-39.298816259,175.547821602,125.31590844287038,123.11570894044839,20.885984740478396,35.80454526939154,71.60909053878308,1.0,10.0,1-10Hz,2,81.60909053878308,91.60909053878308,4.141481866964995e-08,1.8448391163048062e-06,44.54538678583569,True
2026p123272,2026-02-15T14:39:26.775Z,3.7907759502079887,110.25449409665875,133.51789390490117,NZ,WTVZ,10,HHZ,-39.115252619,175.589692806,143.81154770710322,138.61700918612672,23.968591284517203,41.08901363060092,82.17802726120183,1.0,10.0,1-10Hz,0,82.17802726120183,92.17802726120183,1.5537876535412428e-07,2.516877010616113e-07,1.6198333182014222,False
2026p123272,2026-02-15T14:39:26.775Z,3.7907759502079887,110.25449409665875,133.51789390490117,NZ,WTVZ,10,HHZ,-39.115252619,175.589692806,143.81154770710322,138.61700918612672,23.968591284517203,41.08901363060092,82.17802726120183,1.0,10.0,1-10Hz,1,87.17802726120183,97.17802726120183,1.5537876535412428e-07,2.590806547680446e-07,1.6674135244772539,False
2026p123272,2026-02-15T14:39:26.775Z,3.7907759502079887,110.25449409665875,133.51789390490117,NZ,WTVZ,10,HHZ,-39.115252619,175.589692806,143.81154770710322,138.61700918612672,23.968591284517203,41.08901363060092,82.17802726120183,1.0,10.0,1-10Hz,2,92.17802726120183,102.17802726120183,1.5537876535412428e-07,2.3804082597827266e-07,1.5320035877216105,False
2026p123272,2026-02-15T14:39:26.775Z,3.7907759502079887,110.25449409665875,133.51789390490117,NZ,KRVZ,10,HHZ,-39.094442315,175.641203517,140.68650590175602,135.37210541555137,23.447750983626005,40.19614454335886,80.39228908671772,1.0,10.0,1-10Hz,0,80.39228908671772,90.39228908671772,2.0699818623378702e-07,3.1182261408985765e-07,1.5064026393819716,False
2026p123272,2026-02-15T14:39:26.775Z,3.7907759502079887,110.25449409665875,133.51789390490117,NZ,KRVZ,10,HHZ,-39.094442315,175.641203517,140.68650590175602,135.37210541555137,23.447750983626005,40.19614454335886,80.39228908671772,1.0,10.0,1-10Hz,1,85.39228908671772,95.39228908671772,2.0699818623378702e-07,2.0748383217618426e-07,1.0023461362209654,False
2026p123272,2026-02-15T14:39:26.775Z,3.7907759502079887,110.25449409665875,133.51789390490117,NZ,KRVZ,10,HHZ,-39.094442315,175.641203517,140.68650590175602,135.37210541555137,23.447750983626005,40.19614454335886,80.39228908671772,1.0,10.0,1-10Hz,2,90.39228908671772,100.39228908671772,2.0699818623378702e-07,1.449039512271295e-07,0.7000252217836956,False
2026p123272,2026-02-15T14:39:26.775Z,3.7907759502079887,110.25449409665875,133.51789390490117,NZ,NTVZ,10,HHZ,-39.0984817,175.6759733,137.85933882397777,132.4315343216208,22.97655647066296,39.388382521136506,78.77676504227301,1.0,10.0,1-10Hz,0,78.77676504227301,88.77676504227301,3.059327005139757e-07,4.3301730053768036e-07,1.4154005106685192,False
2026p123272,2026-02-15T14:39:26.775Z,3.7907759502079887,110.25449409665875,133.51789390490117,NZ,NTVZ,10,HHZ,-39.0984817,175.6759733,137.85933882397777,132.4315343216208,22.97655647066296,39.388382521136506,78.77676504227301,1.0,10.0,1-10Hz,1,83.77676504227301,93.77676504227301,3.059327005139757e-07,3.6105369488904766e-07,1.1801735946581293,False
2026p123272,2026-02-15T14:39:26.775Z,3.7907759502079887,110.25449409665875,133.51789390490117,NZ,NTVZ,10,HHZ,-39.0984817,175.6759733,137.85933882397777,132.4315343216208,22.97655647066296,39.388382521136506,78.77676504227301,1.0,10.0,1-10Hz,2,88.77676504227301,98.77676504227301,3.059327005139757e-07,3.128826055231336e-07,1.0227171041130347,False
2026p241703,2026-03-31T10:19:26.326Z,3.7197187944768575,84.86548607172769,161.3173449940044,NZ,OTVZ,10,HHZ,-39.163113759,175.665073554,160.2857954049805,158.58382008749453,26.714299234163416,45.79594154428014,91.59188308856028,1.0,10.0,1-10Hz,0,91.59188308856028,101.59188308856028,1.1888885917295431e-07,3.2990829164612024e-07,2.7749302494877512,True
2026p241703,2026-03-31T10:19:26.326Z,3.7197187944768575,84.86548607172769,161.3173449940044,NZ,OTVZ,10,HHZ,-39.163113759,175.665073554,160.2857954049805,158.58382008749453,26.714299234163416,45.79594154428014,91.59188308856028,1.0,10.0,1-10Hz,1,96.59188308856028,106.59188308856028,1.1888885917295431e-07,2.6121431100804905e-07,2.197130267925659,True
2026p241703,2026-03-31T10:19:26.326Z,3.7197187944768575,84.86548607172769,161.3173449940044,NZ,OTVZ,10,HHZ,-39.163113759,175.665073554,160.2857954049805,158.58382008749453,26.714299234163416,45.79594154428014,91.59188308856028,1.0,10.0,1-10Hz,2,101.59188308856028,111.59188308856028,1.1888885917295431e-07,1.9523820472784794e-07,1.6421909175175442,False
2026p241703,2026-03-31T10:19:26.326Z,3.7197187944768575,84.86548607172769,161.3173449940044,NZ,SNVZ,10,EHZ,-39.1862267,175.6403333,162.65178376885228,160.9748258210738,27.10863062814205,46.47193821967208,92.94387643934417,1.0,10.0,1-10Hz,0,92.94387643934417,102.94387643934417,1.00879192074483e-07,2.107158873966508e-07,2.0887943595054876,True
2026p241703,2026-03-31T10:19:26.326Z,3.7197187944768575,84.86548607172769,161.3173449940044,NZ,SNVZ,10,EHZ,-39.1862267,175.6403333,162.65178376885228,160.9748258210738,27.10863062814205,46.47193821967208,92.94387643934417,1.0,10.0,1-10Hz,1,97.94387643934417,107.94387643934417,1.00879192074483e-07,1.9477490629970964e-07,1.9307738523113844,False
2026p241703,2026-03-31T10:19:26.326Z,3.7197187944768575,84.86548607172769,161.3173449940044,NZ,SNVZ,10,EHZ,-39.1862267,175.6403333,162.65178376885228,160.9748258210738,27.10863062814205,46.47193821967208,92.94387643934417,1.0,10.0,1-10Hz,2,102.94387643934417,112.94387643934417,1.00879192074483e-07,1.9275989367563117e-07,1.9107993403962742,False
2026p241703,2026-03-31T10:19:26.326Z,3.7197187944768575,84.86548607172769,161.3173449940044,NZ,ETVZ,10,HHZ,-39.1357,175.7106,156.14422685525403,154.39660412444505,26.024037809209005,44.61263624435829,89.22527248871658,1.0,10.0,1-10Hz,0,89.22527248871658,99.22527248871658,1.0814346055533204e-07,3.839630331015225e-07,3.550497007676819,True
2026p241703,2026-03-31T10:19:26.326Z,3.7197187944768575,84.86548607172769,161.3173449940044,NZ,ETVZ,10,HHZ,-39.1357,175.7106,156.14422685525403,154.39660412444505,26.024037809209005,44.61263624435829,89.22527248871658,1.0,10.0,1-10Hz,1,94.22527248871658,104.22527248871658,1.0814346055533204e-07,2.78932906224558e-07,2.579285929932313,True
2026p241703,2026-03-31T10:19:26.326Z,3.7197187944768575,84.86548607172769,161.3173449940044,NZ,ETVZ,10,HHZ,-39.1357,175.7106,156.14422685525403,154.39660412444505,26.024037809209005,44.61263624435829,89.22527248871658,1.0,10.0,1-10Hz,2,99.22527248871658,109.22527248871658,1.0814346055533204e-07,2.1673563845570312e-07,2.0041492785854533,True
2026p241703,2026-03-31T10:19:26.326Z,3.7197187944768575,84.86548607172769,161.3173449940044,NZ,NGZ,10,HHZ,-39.175583868,175.601172722,165.8595410107998,164.2153437692372,27.6432568351333,47.38844028879994,94.77688057759988,1.0,10.0,1-10Hz,0,94.77688057759988,104.77688057759988,2.0062904357245315e-07,2.3996709625007197e-07,1.1960735692956272,False
2026p241703,2026-03-31T10:19:26.326Z,3.7197187944768575,84.86548607172769,161.3173449940044,NZ,NGZ,10,HHZ,-39.175583868,175.601172722,165.8595410107998,164.2153437692372,27.6432568351333,47.38844028879994,94.77688057759988,1.0,10.0,1-10Hz,1,99.77688057759988,109.77688057759988,2.0062904357245315e-07,2.1188866388636997e-07,1.0561215869518445,False
2026p241703,2026-03-31T10:19:26.326Z,3.7197187944768575,84.86548607172769,161.3173449940044,NZ,NGZ,10,HHZ,-39.175583868,175.601172722,165.8595410107998,164.2153437692372,27.6432568351333,47.38844028879994,94.77688057759988,1.0,10.0,1-10Hz,2,104.77688057759988,114.77688057759988,2.0062904357245315e-07,1.6151616866742586e-07,0.8050487895043847,False
2026p241703,2026-03-31T10:19:26.326Z,3.7197187944768575,84.86548607172769,161.3173449940044,NZ,WTVZ,10,HHZ,-39.115252619,175.589692806,166.309454791157,164.66974991742552,27.718242465192834,47.516987083187715,95.03397416637543,1.0,10.0,1-10Hz,0,95.03397416637543,105.03397416637543,8.768345287054616e-08,1.5106699747908252e-07,1.722867799265551,False
2026p241703,2026-03-31T10:19:26.326Z,3.7197187944768575,84.86548607172769,161.3173449940044,NZ,WTVZ,10,HHZ,-39.115252619,175.589692806,166.309454791157,164.66974991742552,27.718242465192834,47.516987083187715,95.03397416637543,1.0,10.0,1-10Hz,1,100.03397416637543,110.03397416637543,8.768345287054616e-08,1.307810142377335e-07,1.491513050139752,False
2026p241703,2026-03-31T10:19:26.326Z,3.7197187944768575,84.86548607172769,161.3173449940044,NZ,WTVZ,10,HHZ,-39.115252619,175.589692806,166.309454791157,164.66974991742552,27.718242465192834,47.516987083187715,95.03397416637543,1.0,10.0,1-10Hz,2,105.03397416637543,115.03397416637543,8.768345287054616e-08,1.208423651770254e-07,1.3781661330722719,False
2026p241703,2026-03-31T10:19:26.326Z,3.7197187944768575,84.86548607172769,161.3173449940044,NZ,NOVZ,10,EHZ,-39.126493,175.610657,164.59671928140546,162.93977962160548,27.43278654690091,47.02763408040156,94.05526816080312,1.0,10.0,1-10Hz,0,94.05526816080312,104.05526816080312,8.487011878476289e-08,2.3743250364440433e-07,2.7975983425515323,True
2026p241703,2026-03-31T10:19:26.326Z,3.7197187944768575,84.86548607172769,161.3173449940044,NZ,NOVZ,10,EHZ,-39.126493,175.610657,164.59671928140546,162.93977962160548,27.43278654690091,47.02763408040156,94.05526816080312,1.0,10.0,1-10Hz,1,99.05526816080312,109.05526816080312,8.487011878476289e-08,1.5760757339009012e-07,1.857044336061258,False
2026p241703,2026-03-31T10:19:26.326Z,3.7197187944768575,84.86548607172769,161.3173449940044,NZ,NOVZ,10,EHZ,-39.126493,175.610657,164.59671928140546,162.93977962160548,27.43278654690091,47.02763408040156,94.05526816080312,1.0,10.0,1-10Hz,2,104.05526816080312,114.05526816080312,8.487011878476289e-08,1.5552713424780414e-07,1.8325311249090253,False
2026p241703,2026-03-31T10:19:26.326Z,3.7197187944768575,84.86548607172769,161.3173449940044,NZ,KRVZ,10,HHZ,-39.094442315,175.641203517,161.7834383007949,160.09738502974582,26.963906383465815,46.223839514512825,92.44767902902565,1.0,10.0,1-10Hz,0,92.44767902902565,102.44767902902565,2.3271609103545377e-07,1.9398306929019966e-07,0.8335610504073256,False
2026p241703,2026-03-31T10:19:26.326Z,3.7197187944768575,84.86548607172769,161.3173449940044,NZ,KRVZ,10,HHZ,-39.094442315,175.641203517,161.7834383007949,160.09738502974582,26.963906383465815,46.223839514512825,92.44767902902565,1.0,10.0,1-10Hz,1,97.44767902902565,107.44767902902565,2.3271609103545377e-07,1.6229872706521638e-07,0.6974108508916581,False
2026p241703,2026-03-31T10:19:26.326Z,3.7197187944768575,84.86548607172769,161.3173449940044,NZ,KRVZ,10,HHZ,-39.094442315,175.641203517,161.7834383007949,160.09738502974582,26.963906383465815,46.223839514512825,92.44767902902565,1.0,10.0,1-10Hz,2,102.44767902902565,112.44767902902565,2.3271609103545377e-07,1.2990331225356838e-07,0.5582051145478286,False
2026p241703,2026-03-31T10:19:26.326Z,3.7197187944768575,84.86548607172769,161.3173449940044,NZ,TMVZ,10,HHZ,-39.11561,175.704064,156.5428841146987,154.79976211830416,26.090480685783117,44.72653831848534,89.45307663697068,1.0,10.0,1-10Hz,0,89.45307663697068,99.45307663697068,1.6321259110426604e-07,2.6834791584367044e-07,1.6441618506763378,False
2026p241703,2026-03-31T10:19:26.326Z,3.7197187944768575,84.86548607172769,161.3173449940044,NZ,TMVZ,10,HHZ,-39.11561,175.704064,156.5428841146987,154.79976211830416,26.090480685783117,44.72653831848534,89.45307663697068,1.0,10.0,1-10Hz,1,94.45307663697068,104.45307663697068,1.6321259110426604e-07,2.581397271497335e-07,1.5816165003153744,False
2026p241703,2026-03-31T10:19:26.326Z,3.7197187944768575,84.86548607172769,161.3173449940044,NZ,TMVZ,10,HHZ,-39.11561,175.704064,156.5428841146987,154.79976211830416,26.090480685783117,44.72653831848534,89.45307663697068,1.0,10.0,1-10Hz,2,99.45307663697068,109.45307663697068,1.6321259110426604e-07,2.006967185395626e-07,1.2296644344758325,False
2026p241703,2026-03-31T10:19:26.326Z,3.7197187944768575,84.86548607172769,161.3173449940044,NZ,NTVZ,10,HHZ,-39.0984817,175.6759733,158.8329261583475,157.1152131938809,26.472154359724584,45.38083604524214,90.76167209048428,1.0,10.0,1-10Hz,0,90.76167209048428,100.76167209048428,2.2936639038462017e-07,2.0661011595093495e-07,0.9007863602181398,False
2026p241703,2026-03-31T10:19:26.326Z,3.7197187944768575,84.86548607172769,161.3173449940044,NZ,NTVZ,10,HHZ,-39.0984817,175.6759733,158.8329261583475,157.1152131938809,26.472154359724584,45.38083604524214,90.76167209048428,1.0,10.0,1-10Hz,1,95.76167209048428,105.76167209048428,2.2936639038462017e-07,1.836082871360173e-07,0.8005021434401441,False
2026p241703,2026-03-31T10:19:26.326Z,3.7197187944768575,84.86548607172769,161.3173449940044,NZ,NTVZ,10,HHZ,-39.0984817,175.6759733,158.8329261583475,157.1152131938809,26.472154359724584,45.38083604524214,90.76167209048428,1.0,10.0,1-10Hz,2,100.76167209048428,110.76167209048428,2.2936639038462017e-07,1.642758707046082e-07,0.71621596533449,False
2026p241703,2026-03-31T10:19:26.326Z,3.7197187944768575,84.86548607172769,161.3173449940044,NZ,COVZ,11,HHZ,-39.199923,175.542296,171.15382222463398,169.5609702939836,28.525637037438997,48.901092064181135,97.80218412836227,1.0,10.0,1-10Hz,0,97.80218412836227,107.80218412836227,9.361203353737904e-08,2.008974620964199e-07,2.146064501592117,True
2026p241703,2026-03-31T10:19:26.326Z,3.7197187944768575,84.86548607172769,161.3173449940044,NZ,COVZ,11,HHZ,-39.199923,175.542296,171.15382222463398,169.5609702939836,28.525637037438997,48.901092064181135,97.80218412836227,1.0,10.0,1-10Hz,1,102.80218412836227,112.80218412836227,9.361203353737904e-08,1.8733873102122907e-07,2.0012248846877703,True
2026p241703,2026-03-31T10:19:26.326Z,3.7197187944768575,84.86548607172769,161.3173449940044,NZ,COVZ,11,HHZ,-39.199923,175.542296,171.15382222463398,169.5609702939836,28.525637037438997,48.901092064181135,97.80218412836227,1.0,10.0,1-10Hz,2,107.80218412836227,117.80218412836227,9.361203353737904e-08,1.6956049656222907e-07,1.811310898342188,False
2026p241703,2026-03-31T10:19:26.326Z,3.7197187944768575,84.86548607172769,161.3173449940044,NZ,FWVZ,10,HHZ,-39.254945374,175.55295183,171.04076616448805,169.44685147582604,28.506794360748007,48.86879033271087,97.73758066542175,1.0,10.0,1-10Hz,0,97.73758066542175,107.73758066542175,7.45117570110536e-08,1.0255783038280398e-07,1.3763979604935344,False
2026p241703,2026-03-31T10:19:26.326Z,3.7197187944768575,84.86548607172769,161.3173449940044,NZ,FWVZ,10,HHZ,-39.254945374,175.55295183,171.04076616448805,169.44685147582604,28.506794360748007,48.86879033271087,97.73758066542175,1.0,10.0,1-10Hz,1,102.73758066542175,112.73758066542175,7.45117570110536e-08,8.350319579616746e-08,1.1206714100672732,False
2026p241703,2026-03-31T10:19:26.326Z,3.7197187944768575,84.86548607172769,161.3173449940044,NZ,FWVZ,10,HHZ,-39.254945374,175.55295183,171.04076616448805,169.44685147582604,28.506794360748007,48.86879033271087,97.73758066542175,1.0,10.0,1-10Hz,2,107.73758066542175,117.73758066542175,7.45117570110536e-08,7.65368813553094e-08,1.0271785879905553,False
2026p241703,2026-03-31T10:19:26.326Z,3.7197187944768575,84.86548607172769,161.3173449940044,NZ,WHVZ,10,HHZ,-39.2825,175.5886,168.51483696772289,166.89680063798045,28.08580616128715,48.147096276492256,96.29419255298451,1.0,10.0,1-10Hz,0,96.29419255298451,106.29419255298451,1.246377933233143e-07,2.228873413482958e-07,1.788280548020608,False
2026p241703,2026-03-31T10:19:26.326Z,3.7197187944768575,84.86548607172769,161.3173449940044,NZ,WHVZ,10,HHZ,-39.2825,175.5886,168.51483696772289,166.89680063798045,28.08580616128715,48.147096276492256,96.29419255298451,1.0,10.0,1-10Hz,1,101.29419255298451,111.29419255298451,1.246377933233143e-07,1.981334235895631e-07,1.589673712174917,False
2026p241703,2026-03-31T10:19:26.326Z,3.7197187944768575,84.86548607172769,161.3173449940044,NZ,WHVZ,10,HHZ,-39.2825,175.5886,168.51483696772289,166.89680063798045,28.08580616128715,48.147096276492256,96.29419255298451,1.0,10.0,1-10Hz,2,106.29419255298451,116.29419255298451,1.246377933233143e-07,1.4748403187647598e-07,1.1833010513424111,False
2026p241703,2026-03-31T10:19:26.326Z,3.7197187944768575,84.86548607172769,161.3173449940044,NZ,TWVZ,10,HHZ,-39.071001379,175.437731105,179.1185832545256,177.59718086738872,29.853097209087597,51.1767380727216,102.3534761454432,1.0,10.0,1-10Hz,0,102.3534761454432,112.3534761454432,1.0181372965945083e-07,6.962415785130176e-08,0.6838385950910788,False
2026p241703,2026-03-31T10:19:26.326Z,3.7197187944768575,84.86548607172769,161.3173449940044,NZ,TWVZ,10,HHZ,-39.071001379,175.437731105,179.1185832545256,177.59718086738872,29.853097209087597,51.1767380727216,102.3534761454432,1.0,10.0,1-10Hz,1,107.3534761454432,117.3534761454432,1.0181372965945083e-07,4.788558152709096e-08,0.47032538428029186,False
2026p241703,2026-03-31T10:19:26.326Z,3.7197187944768575,84.86548607172769,161.3173449940044,NZ,TWVZ,10,HHZ,-39.071001379,175.437731105,179.1185832545256,177.59718086738872,29.853097209087597,51.1767380727216,102.3534761454432,1.0,10.0,1-10Hz,2,112.3534761454432,122.3534761454432,1.0181372965945083e-07,4.720290852178155e-08,0.4636202669292938,False
2026p241703,2026-03-31T10:19:26.326Z,3.7197187944768575,84.86548607172769,161.3173449940044,NZ,MAVZ,11,HHZ,-39.2679133,175.5616533,170.5242091652907,168.92542051563282,28.42070152754845,48.72120261865449,97.44240523730898,1.0,10.0,1-10Hz,0,97.44240523730898,107.44240523730898,2.1316257987996855e-07,1.6236505586575455e-07,0.7616958659309809,False
2026p241703,2026-03-31T10:19:26.326Z,3.7197187944768575,84.86548607172769,161.3173449940044,NZ,MAVZ,11,HHZ,-39.2679133,175.5616533,170.5242091652907,168.92542051563282,28.42070152754845,48.72120261865449,97.44240523730898,1.0,10.0,1-10Hz,1,102.44240523730898,112.44240523730898,2.1316257987996855e-07,1.6178717896275488e-07,0.7589848980710261,False
2026p241703,2026-03-31T10:19:26.326Z,3.7197187944768575,84.86548607172769,161.3173449940044,NZ,MAVZ,11,HHZ,-39.2679133,175.5616533,170.5242091652907,168.92542051563282,28.42070152754845,48.72120261865449,97.44240523730898,1.0,10.0,1-10Hz,2,107.44240523730898,117.44240523730898,2.1316257987996855e-07,1.256078086205129e-07,0.5892582492257432,False
2026p241703,2026-03-31T10:19:26.326Z,3.7197187944768575,84.86548607172769,161.3173449940044,NZ,TRVZ,10,HHZ,-39.298816259,175.547821602,172.25763702417873,170.67508692861205,28.709606170696457,49.21646772119392,98.43293544238784,1.0,10.0,1-10Hz,0,98.43293544238784,108.43293544238784,1.592039785660826e-07,1.3603426514014022e-07,0.8544652361415386,False
2026p241703,2026-03-31T10:19:26.326Z,3.7197187944768575,84.86548607172769,161.3173449940044,NZ,TRVZ,10,HHZ,-39.298816259,175.547821602,172.25763702417873,170.67508692861205,28.709606170696457,49.21646772119392,98.43293544238784,1.0,10.0,1-10Hz,1,103.43293544238784,113.43293544238784,1.592039785660826e-07,1.2513488047455625e-07,0.7860034755514297,False
2026p241703,2026-03-31T10:19:26.326Z,3.7197187944768575,84.86548607172769,161.3173449940044,NZ,TRVZ,10,HHZ,-39.298816259,175.547821602,172.25763702417873,170.67508692861205,28.709606170696457,49.21646772119392,98.43293544238784,1.0,10.0,1-10Hz,2,108.43293544238784,118.43293544238784,1.592039785660826e-07,1.0511268874065034e-07,0.6602390825114965,False
2026p241703,2026-03-31T10:19:26.326Z,3.7197187944768575,84.86548607172769,161.3173449940044,NZ,TUVZ,10,EHZ,-39.267675863,175.654153029,162.72031407018906,161.0440697325938,27.12005234503151,46.4915183057683,92.9830366115366,1.0,10.0,1-10Hz,0,92.9830366115366,102.9830366115366,1.4166335307637847e-07,5.048756535974326e-07,3.563911503105722,True
2026p241703,2026-03-31T10:19:26.326Z,3.7197187944768575,84.86548607172769,161.3173449940044,NZ,TUVZ,10,EHZ,-39.267675863,175.654153029,162.72031407018906,161.0440697325938,27.12005234503151,46.4915183057683,92.9830366115366,1.0,10.0,1-10Hz,1,97.9830366115366,107.9830366115366,1.4166335307637847e-07,3.5544647834126037e-07,2.5090926525621606,True
2026p241703,2026-03-31T10:19:26.326Z,3.7197187944768575,84.86548607172769,161.3173449940044,NZ,TUVZ,10,EHZ,-39.267675863,175.654153029,162.72031407018906,161.0440697325938,27.12005234503151,46.4915183057683,92.9830366115366,1.0,10.0,1-10Hz,2,102.9830366115366,112.9830366115366,1.4166335307637847e-07,3.6476054207045445e-07,2.574840522614145,True
2026p051624,2026-01-20T02:26:01.873Z,3.716577923824578,254.17292990684052,47.19689589698808,NZ,OTVZ,10,HHZ,-39.163113759,175.665073554,53.80702850792219,49.72750134501449,8.967838084653698,15.373436716549197,30.746873433098393,1.0,10.0,1-10Hz,0,30.746873433098393,40.74687343309839,2.136165313660904e-08,4.051533554905657e-06,189.66385836320157,True
2026p051624,2026-01-20T02:26:01.873Z,3.716577923824578,254.17292990684052,47.19689589698808,NZ,OTVZ,10,HHZ,-39.163113759,175.665073554,53.80702850792219,49.72750134501449,8.967838084653698,15.373436716549197,30.746873433098393,1.0,10.0,1-10Hz,1,35.74687343309839,45.74687343309839,2.136165313660904e-08,3.443239423763791e-06,161.1878725744712,True
2026p051624,2026-01-20T02:26:01.873Z,3.716577923824578,254.17292990684052,47.19689589698808,NZ,OTVZ,10,HHZ,-39.163113759,175.665073554,53.80702850792219,49.72750134501449,8.967838084653698,15.373436716549197,30.746873433098393,1.0,10.0,1-10Hz,2,40.74687343309839,50.74687343309839,2.136165313660904e-08,2.3448371535195264e-06,109.76852486669237,True
2026p051624,2026-01-20T02:26:01.873Z,3.716577923824578,254.17292990684052,47.19689589698808,NZ,SNVZ,10,EHZ,-39.1862267,175.6403333,51.35920384153395,47.06799222828929,8.559867306922325,14.67405824043827,29.34811648087654,1.0,10.0,1-10Hz,0,29.34811648087654,39.34811648087654,2.1460305793988802e-08,3.412734139166393e-06,159.02541985782543,True
2026p051624,2026-01-20T02:26:01.873Z,3.716577923824578,254.17292990684052,47.19689589698808,NZ,SNVZ,10,EHZ,-39.1862267,175.6403333,51.35920384153395,47.06799222828929,8.559867306922325,14.67405824043827,29.34811648087654,1.0,10.0,1-10Hz,1,34.34811648087654,44.34811648087654,2.1460305793988802e-08,2.128781920405045e-06,99.19625287918001,True
2026p051624,2026-01-20T02:26:01.873Z,3.716577923824578,254.17292990684052,47.19689589698808,NZ,SNVZ,10,EHZ,-39.1862267,175.6403333,51.35920384153395,47.06799222828929,8.559867306922325,14.67405824043827,29.34811648087654,1.0,10.0,1-10Hz,2,39.34811648087654,49.34811648087654,2.1460305793988802e-08,1.684057880603129e-06,78.47315396012887,True
2026p051624,2026-01-20T02:26:01.873Z,3.716577923824578,254.17292990684052,47.19689589698808,NZ,ETVZ,10,HHZ,-39.1357,175.7106,58.08245479860712,54.32494480989654,9.680409133101186,16.59498708531632,33.18997417063264,1.0,10.0,1-10Hz,0,33.18997417063264,43.18997417063264,2.6350421860435397e-08,3.74260559304326e-06,142.0320939401241,True
2026p051624,2026-01-20T02:26:01.873Z,3.716577923824578,254.17292990684052,47.19689589698808,NZ,ETVZ,10,HHZ,-39.1357,175.7106,58.08245479860712,54.32494480989654,9.680409133101186,16.59498708531632,33.18997417063264,1.0,10.0,1-10Hz,1,38.18997417063264,48.18997417063264,2.6350421860435397e-08,2.5732245114117265e-06,97.65401575127603,True
2026p051624,2026-01-20T02:26:01.873Z,3.716577923824578,254.17292990684052,47.19689589698808,NZ,ETVZ,10,HHZ,-39.1357,175.7106,58.08245479860712,54.32494480989654,9.680409133101186,16.59498708531632,33.18997417063264,1.0,10.0,1-10Hz,2,43.18997417063264,53.18997417063264,2.6350421860435397e-08,1.948798891706689e-06,73.95702816556306,True
2026p051624,2026-01-20T02:26:01.873Z,3.716577923824578,254.17292990684052,47.19689589698808,NZ,NGZ,10,HHZ,-39.175583868,175.601172722,48.59418441351123,44.03433696537741,8.099030735585204,13.884052689574636,27.768105379149272,1.0,10.0,1-10Hz,0,27.768105379149272,37.768105379149276,8.030192082003416e-08,7.275534699172073e-06,90.60224991974206,True
2026p051624,2026-01-20T02:26:01.873Z,3.716577923824578,254.17292990684052,47.19689589698808,NZ,NGZ,10,HHZ,-39.175583868,175.601172722,48.59418441351123,44.03433696537741,8.099030735585204,13.884052689574636,27.768105379149272,1.0,10.0,1-10Hz,1,32.768105379149276,42.768105379149276,8.030192082003416e-08,5.66390631732752e-06,70.53263806753746,True
2026p051624,2026-01-20T02:26:01.873Z,3.716577923824578,254.17292990684052,47.19689589698808,NZ,NGZ,10,HHZ,-39.175583868,175.601172722,48.59418441351123,44.03433696537741,8.099030735585204,13.884052689574636,27.768105379149272,1.0,10.0,1-10Hz,2,37.768105379149276,47.768105379149276,8.030192082003416e-08,4.427976446270483e-06,55.141600612444726,True
2026p051624,2026-01-20T02:26:01.873Z,3.716577923824578,254.17292990684052,47.19689589698808,NZ,WTVZ,10,HHZ,-39.115252619,175.589692806,49.6637622512611,45.21191606331071,8.277293708543516,14.18964635750317,28.37929271500634,1.0,10.0,1-10Hz,0,28.37929271500634,38.37929271500634,3.9928884067465416e-08,4.87649562677256e-06,122.1295245450146,True
2026p051624,2026-01-20T02:26:01.873Z,3.716577923824578,254.17292990684052,47.19689589698808,NZ,WTVZ,10,HHZ,-39.115252619,175.589692806,49.6637622512611,45.21191606331071,8.277293708543516,14.18964635750317,28.37929271500634,1.0,10.0,1-10Hz,1,33.37929271500634,43.37929271500634,3.9928884067465416e-08,4.4621042625071775e-06,111.75128899089266,True
2026p051624,2026-01-20T02:26:01.873Z,3.716577923824578,254.17292990684052,47.19689589698808,NZ,WTVZ,10,HHZ,-39.115252619,175.589692806,49.6637622512611,45.21191606331071,8.277293708543516,14.18964635750317,28.37929271500634,1.0,10.0,1-10Hz,2,38.37929271500634,48.37929271500634,3.9928884067465416e-08,3.2640723430217623e-06,81.74714668976617,True
2026p051624,2026-01-20T02:26:01.873Z,3.716577923824578,254.17292990684052,47.19689589698808,NZ,NOVZ,10,EHZ,-39.126493,175.610657,50.78399516862339,46.4396623421492,8.463999194770565,14.509712905320969,29.019425810641938,1.0,10.0,1-10Hz,0,29.019425810641938,39.019425810641934,4.457776392881862e-08,6.628343652808165e-06,148.69170341052202,True
2026p051624,2026-01-20T02:26:01.873Z,3.716577923824578,254.17292990684052,47.19689589698808,NZ,NOVZ,10,EHZ,-39.126493,175.610657,50.78399516862339,46.4396623421492,8.463999194770565,14.509712905320969,29.019425810641938,1.0,10.0,1-10Hz,1,34.019425810641934,44.019425810641934,4.457776392881862e-08,5.202656873613772e-06,116.70968696234581,True
2026p051624,2026-01-20T02:26:01.873Z,3.716577923824578,254.17292990684052,47.19689589698808,NZ,NOVZ,10,EHZ,-39.126493,175.610657,50.78399516862339,46.4396623421492,8.463999194770565,14.509712905320969,29.019425810641938,1.0,10.0,1-10Hz,2,39.019425810641934,49.019425810641934,4.457776392881862e-08,3.7388966920277617e-06,83.87358096287645,True
2026p051624,2026-01-20T02:26:01.873Z,3.716577923824578,254.17292990684052,47.19689589698808,NZ,KRVZ,10,HHZ,-39.094442315,175.641203517,54.25854028819662,50.215707376994324,9.04309004803277,15.502440082341892,31.004880164683783,1.0,10.0,1-10Hz,0,31.004880164683783,41.00488016468378,5.477948280304118e-08,3.4034166386575346e-06,62.12940437744673,True
2026p051624,2026-01-20T02:26:01.873Z,3.716577923824578,254.17292990684052,47.19689589698808,NZ,KRVZ,10,HHZ,-39.094442315,175.641203517,54.25854028819662,50.215707376994324,9.04309004803277,15.502440082341892,31.004880164683783,1.0,10.0,1-10Hz,1,36.00488016468378,46.00488016468378,5.477948280304118e-08,2.669584843119358e-06,48.73329769683681,True
2026p051624,2026-01-20T02:26:01.873Z,3.716577923824578,254.17292990684052,47.19689589698808,NZ,KRVZ,10,HHZ,-39.094442315,175.641203517,54.25854028819662,50.215707376994324,9.04309004803277,15.502440082341892,31.004880164683783,1.0,10.0,1-10Hz,2,41.00488016468378,51.00488016468378,5.477948280304118e-08,2.0634624186080105e-06,37.668526846577926,True
2026p051624,2026-01-20T02:26:01.873Z,3.716577923824578,254.17292990684052,47.19689589698808,NZ,TMVZ,10,HHZ,-39.11561,175.704064,58.205543410997116,54.45652722066966,9.700923901832853,16.63015526028489,33.26031052056978,1.0,10.0,1-10Hz,0,33.26031052056978,43.26031052056978,3.612342351482119e-08,2.3397757461653467e-06,64.77170540619863,True
2026p051624,2026-01-20T02:26:01.873Z,3.716577923824578,254.17292990684052,47.19689589698808,NZ,TMVZ,10,HHZ,-39.11561,175.704064,58.205543410997116,54.45652722066966,9.700923901832853,16.63015526028489,33.26031052056978,1.0,10.0,1-10Hz,1,38.26031052056978,48.26031052056978,3.612342351482119e-08,2.0266716305477608e-06,56.10408519879716,True
2026p051624,2026-01-20T02:26:01.873Z,3.716577923824578,254.17292990684052,47.19689589698808,NZ,TMVZ,10,HHZ,-39.11561,175.704064,58.205543410997116,54.45652722066966,9.700923901832853,16.63015526028489,33.26031052056978,1.0,10.0,1-10Hz,2,43.26031052056978,53.26031052056978,3.612342351482119e-08,1.5980339953664287e-06,44.23816570737728,True
2026p051624,2026-01-20T02:26:01.873Z,3.716577923824578,254.17292990684052,47.19689589698808,NZ,NTVZ,10,HHZ,-39.0984817,175.6759733,56.684464878424244,52.827612398435896,9.447410813070707,16.195561393835497,32.391122787670994,1.0,10.0,1-10Hz,0,32.391122787670994,42.391122787670994,5.216377265766646e-08,4.4426475615931345e-06,85.16729782465615,True
2026p051624,2026-01-20T02:26:01.873Z,3.716577923824578,254.17292990684052,47.19689589698808,NZ,NTVZ,10,HHZ,-39.0984817,175.6759733,56.684464878424244,52.827612398435896,9.447410813070707,16.195561393835497,32.391122787670994,1.0,10.0,1-10Hz,1,37.391122787670994,47.391122787670994,5.216377265766646e-08,3.2476639052049033e-06,62.25899201191303,True
2026p051624,2026-01-20T02:26:01.873Z,3.716577923824578,254.17292990684052,47.19689589698808,NZ,NTVZ,10,HHZ,-39.0984817,175.6759733,56.684464878424244,52.827612398435896,9.447410813070707,16.195561393835497,32.391122787670994,1.0,10.0,1-10Hz,2,42.391122787670994,52.391122787670994,5.216377265766646e-08,2.455641258880527e-06,47.075606954199536,True
2026p051624,2026-01-20T02:26:01.873Z,3.716577923824578,254.17292990684052,47.19689589698808,NZ,COVZ,11,HHZ,-39.199923,175.542296,43.61280584946826,38.46693264648845,7.268800974911376,12.460801671276645,24.92160334255329,1.0,10.0,1-10Hz,0,24.92160334255329,34.92160334255329,3.064903582439207e-08,6.913133247699668e-06,225.55793556800384,True
2026p051624,2026-01-20T02:26:01.873Z,3.716577923824578,254.17292990684052,47.19689589698808,NZ,COVZ,11,HHZ,-39.199923,175.542296,43.61280584946826,38.46693264648845,7.268800974911376,12.460801671276645,24.92160334255329,1.0,10.0,1-10Hz,1,29.92160334255329,39.92160334255329,3.064903582439207e-08,4.83428623461458e-06,157.7304507167305,True
2026p051624,2026-01-20T02:26:01.873Z,3.716577923824578,254.17292990684052,47.19689589698808,NZ,COVZ,11,HHZ,-39.199923,175.542296,43.61280584946826,38.46693264648845,7.268800974911376,12.460801671276645,24.92160334255329,1.0,10.0,1-10Hz,2,34.92160334255329,44.92160334255329,3.064903582439207e-08,3.9101845566397205e-06,127.57936592340683,True
2026p051624,2026-01-20T02:26:01.873Z,3.716577923824578,254.17292990684052,47.19689589698808,NZ,FWVZ,10,HHZ,-39.254945374,175.55295183,43.71958103463085,38.58794940146107,7.286596839105141,12.491308867037386,24.982617734074772,1.0,10.0,1-10Hz,0,24.982617734074772,34.98261773407477,2.321331193294741e-08,4.120653626708294e-06,177.51252551169642,True
2026p051624,2026-01-20T02:26:01.873Z,3.716577923824578,254.17292990684052,47.19689589698808,NZ,FWVZ,10,HHZ,-39.254945374,175.55295183,43.71958103463085,38.58794940146107,7.286596839105141,12.491308867037386,24.982617734074772,1.0,10.0,1-10Hz,1,29.982617734074772,39.98261773407477,2.321331193294741e-08,3.33212139352349e-06,143.54355824573665,True
2026p051624,2026-01-20T02:26:01.873Z,3.716577923824578,254.17292990684052,47.19689589698808,NZ,FWVZ,10,HHZ,-39.254945374,175.55295183,43.71958103463085,38.58794940146107,7.286596839105141,12.491308867037386,24.982617734074772,1.0,10.0,1-10Hz,2,34.98261773407477,44.98261773407477,2.321331193294741e-08,2.6519001963859754e-06,114.24049287090511,True
2026p051624,2026-01-20T02:26:01.873Z,3.716577923824578,254.17292990684052,47.19689589698808,NZ,WHVZ,10,HHZ,-39.2825,175.5886,46.42790733153419,41.631462289374284,7.737984555255699,13.265116380438341,26.530232760876682,1.0,10.0,1-10Hz,0,26.530232760876682,36.530232760876686,3.752345904393863e-08,4.642992128278566e-06,123.73571751052556,True
2026p051624,2026-01-20T02:26:01.873Z,3.716577923824578,254.17292990684052,47.19689589698808,NZ,WHVZ,10,HHZ,-39.2825,175.5886,46.42790733153419,41.631462289374284,7.737984555255699,13.265116380438341,26.530232760876682,1.0,10.0,1-10Hz,1,31.530232760876682,41.530232760876686,3.752345904393863e-08,3.418233106600171e-06,91.09589557288794,True
2026p051624,2026-01-20T02:26:01.873Z,3.716577923824578,254.17292990684052,47.19689589698808,NZ,WHVZ,10,HHZ,-39.2825,175.5886,46.42790733153419,41.631462289374284,7.737984555255699,13.265116380438341,26.530232760876682,1.0,10.0,1-10Hz,2,36.530232760876686,46.530232760876686,3.752345904393863e-08,2.9947767905593916e-06,79.81078682145521,True
2026p051624,2026-01-20T02:26:01.873Z,3.716577923824578,254.17292990684052,47.19689589698808,NZ,TWVZ,10,HHZ,-39.071001379,175.437731105,41.682435496855774,36.26366641854638,6.947072582809295,11.909267284815936,23.818534569631872,1.0,10.0,1-10Hz,0,23.818534569631872,33.81853456963187,2.1981100155416297e-08,3.017148585311209e-06,137.2610362528994,True
2026p051624,2026-01-20T02:26:01.873Z,3.716577923824578,254.17292990684052,47.19689589698808,NZ,TWVZ,10,HHZ,-39.071001379,175.437731105,41.682435496855774,36.26366641854638,6.947072582809295,11.909267284815936,23.818534569631872,1.0,10.0,1-10Hz,1,28.818534569631872,38.81853456963187,2.1981100155416297e-08,2.422677350011076e-06,110.21638284169828,True
2026p051624,2026-01-20T02:26:01.873Z,3.716577923824578,254.17292990684052,47.19689589698808,NZ,TWVZ,10,HHZ,-39.071001379,175.437731105,41.682435496855774,36.26366641854638,6.947072582809295,11.909267284815936,23.818534569631872,1.0,10.0,1-10Hz,2,33.81853456963187,43.81853456963187,2.1981100155416297e-08,1.8760816341690458e-06,85.3497605171853,True
2026p051624,2026-01-20T02:26:01.873Z,3.716577923824578,254.17292990684052,47.19689589698808,NZ,MAVZ,11,HHZ,-39.2679133,175.5616533,44.343991799998975,39.29399040469729,7.390665299999829,12.66971194285685,25.3394238857137,1.0,10.0,1-10Hz,0,25.3394238857137,35.3394238857137,4.9764356524427045e-08,7.942863449316591e-06,159.60948767453274,True
2026p051624,2026-01-20T02:26:01.873Z,3.716577923824578,254.17292990684052,47.19689589698808,NZ,MAVZ,11,HHZ,-39.2679133,175.5616533,44.343991799998975,39.29399040469729,7.390665299999829,12.66971194285685,25.3394238857137,1.0,10.0,1-10Hz,1,30.3394238857137,40.3394238857137,4.9764356524427045e-08,5.800464200246113e-06,116.55860952203675,True
2026p051624,2026-01-20T02:26:01.873Z,3.716577923824578,254.17292990684052,47.19689589698808,NZ,MAVZ,11,HHZ,-39.2679133,175.5616533,44.343991799998975,39.29399040469729,7.390665299999829,12.66971194285685,25.3394238857137,1.0,10.0,1-10Hz,2,35.3394238857137,45.3394238857137,4.9764356524427045e-08,4.1161521214603835e-06,82.71285733273679,True
2026p051624,2026-01-20T02:26:01.873Z,3.716577923824578,254.17292990684052,47.19689589698808,NZ,TRVZ,10,HHZ,-39.298816259,175.547821602,43.38778346312063,38.21161900533279,7.2312972438534375,12.396509560891607,24.793019121783214,1.0,10.0,1-10Hz,0,24.793019121783214,34.79301912178322,1.773103183808476e-08,5.297185812597748e-06,298.75225880649765,True
2026p051624,2026-01-20T02:26:01.873Z,3.716577923824578,254.17292990684052,47.19689589698808,NZ,TRVZ,10,HHZ,-39.298816259,175.547821602,43.38778346312063,38.21161900533279,7.2312972438534375,12.396509560891607,24.793019121783214,1.0,10.0,1-10Hz,1,29.793019121783214,39.79301912178322,1.773103183808476e-08,3.908840946169668e-06,220.45197266939692,True
2026p051624,2026-01-20T02:26:01.873Z,3.716577923824578,254.17292990684052,47.19689589698808,NZ,TRVZ,10,HHZ,-39.298816259,175.547821602,43.38778346312063,38.21161900533279,7.2312972438534375,12.396509560891607,24.793019121783214,1.0,10.0,1-10Hz,2,34.79301912178322,44.79301912178322,1.773103183808476e-08,2.782110732414457e-06,156.90630741741256,True
2026p051624,2026-01-20T02:26:01.873Z,3.716577923824578,254.17292990684052,47.19689589698808,NZ,TUVZ,10,EHZ,-39.267675863,175.654153029,51.55022729334372,47.27635780346732,8.59170454889062,14.728636369526777,29.457272739053554,1.0,10.0,1-10Hz,0,29.457272739053554,39.45727273905355,3.579442008734258e-08,1.058722512362804e-05,295.77864644248933,True
2026p051624,2026-01-20T02:26:01.873Z,3.716577923824578,254.17292990684052,47.19689589698808,NZ,TUVZ,10,EHZ,-39.267675863,175.654153029,51.55022729334372,47.27635780346732,8.59170454889062,14.728636369526777,29.457272739053554,1.0,10.0,1-10Hz,1,34.45727273905355,44.45727273905355,3.579442008734258e-08,7.603862386852257e-06,212.43150100764146,True
2026p051624,2026-01-20T02:26:01.873Z,3.716577923824578,254.17292990684052,47.19689589698808,NZ,TUVZ,10,EHZ,-39.267675863,175.654153029,51.55022729334372,47.27635780346732,8.59170454889062,14.728636369526777,29.457272739053554,1.0,10.0,1-10Hz,2,39.45727273905355,49.45727273905355,3.579442008734258e-08,5.976775975866778e-06,166.97507492181026,True
2026p140672,2026-02-22T01:10:17.454Z,3.634668466605983,68.8731593803652,122.40135321545381,NZ,OTVZ,10,HHZ,-39.163113759,175.665073554,125.24464296137171,120.04959554783423,20.87410716022862,35.78418370324906,71.56836740649813,1.0,10.0,1-10Hz,0,71.56836740649813,81.56836740649813,5.331232501366573e-07,5.921679398514e-07,1.110752419256912,False
2026p140672,2026-02-22T01:10:17.454Z,3.634668466605983,68.8731593803652,122.40135321545381,NZ,OTVZ,10,HHZ,-39.163113759,175.665073554,125.24464296137171,120.04959554783423,20.87410716022862,35.78418370324906,71.56836740649813,1.0,10.0,1-10Hz,1,76.56836740649813,86.56836740649813,5.331232501366573e-07,3.6287701560603566e-07,0.680662521308193,False
2026p140672,2026-02-22T01:10:17.454Z,3.634668466605983,68.8731593803652,122.40135321545381,NZ,OTVZ,10,HHZ,-39.163113759,175.665073554,125.24464296137171,120.04959554783423,20.87410716022862,35.78418370324906,71.56836740649813,1.0,10.0,1-10Hz,2,81.56836740649813,91.56836740649813,5.331232501366573e-07,3.265366687627806e-07,0.6124975203746569,False
2026p140672,2026-02-22T01:10:17.454Z,3.634668466605983,68.8731593803652,122.40135321545381,NZ,SNVZ,10,EHZ,-39.1862267,175.6403333,128.07701153906558,123.00164911681078,21.346168589844265,36.59343186830445,73.1868637366089,1.0,10.0,1-10Hz,0,73.1868637366089,83.1868637366089,4.236538078806683e-07,3.4451922291729274e-07,0.813209315031896,False
2026p140672,2026-02-22T01:10:17.454Z,3.634668466605983,68.8731593803652,122.40135321545381,NZ,SNVZ,10,EHZ,-39.1862267,175.6403333,128.07701153906558,123.00164911681078,21.346168589844265,36.59343186830445,73.1868637366089,1.0,10.0,1-10Hz,1,78.1868637366089,88.1868637366089,4.236538078806683e-07,2.6523703658005934e-07,0.6260702291498567,False
2026p140672,2026-02-22T01:10:17.454Z,3.634668466605983,68.8731593803652,122.40135321545381,NZ,SNVZ,10,EHZ,-39.1862267,175.6403333,128.07701153906558,123.00164911681078,21.346168589844265,36.59343186830445,73.1868637366089,1.0,10.0,1-10Hz,2,83.1868637366089,93.1868637366089,4.236538078806683e-07,2.389549372853629e-07,0.5640334934807666,False
2026p140672,2026-02-22T01:10:17.454Z,3.634668466605983,68.8731593803652,122.40135321545381,NZ,ETVZ,10,HHZ,-39.1357,175.7106,120.67031833483703,115.26929568496551,20.111719722472838,34.47723380995344,68.95446761990688,1.0,10.0,1-10Hz,0,68.95446761990688,78.95446761990688,8.336686492251286e-07,6.464802819843675e-07,0.775464307774141,False
2026p140672,2026-02-22T01:10:17.454Z,3.634668466605983,68.8731593803652,122.40135321545381,NZ,ETVZ,10,HHZ,-39.1357,175.7106,120.67031833483703,115.26929568496551,20.111719722472838,34.47723380995344,68.95446761990688,1.0,10.0,1-10Hz,1,73.95446761990688,83.95446761990688,8.336686492251286e-07,5.232588049316695e-07,0.6276580094717773,False
2026p140672,2026-02-22T01:10:17.454Z,3.634668466605983,68.8731593803652,122.40135321545381,NZ,ETVZ,10,HHZ,-39.1357,175.7106,120.67031833483703,115.26929568496551,20.111719722472838,34.47723380995344,68.95446761990688,1.0,10.0,1-10Hz,2,78.95446761990688,88.95446761990688,8.336686492251286e-07,5.012265516263871e-07,0.6012299396076163,False
2026p140672,2026-02-22T01:10:17.454Z,3.634668466605983,68.8731593803652,122.40135321545381,NZ,NGZ,10,HHZ,-39.175583868,175.601172722,130.66263145203402,125.69171833755466,21.77710524200567,37.33218041486686,74.66436082973372,1.0,10.0,1-10Hz,0,74.66436082973372,84.66436082973372,8.028887583166497e-07,4.2644415696130366e-07,0.5311372871322719,False
2026p140672,2026-02-22T01:10:17.454Z,3.634668466605983,68.8731593803652,122.40135321545381,NZ,NGZ,10,HHZ,-39.175583868,175.601172722,130.66263145203402,125.69171833755466,21.77710524200567,37.33218041486686,74.66436082973372,1.0,10.0,1-10Hz,1,79.66436082973372,89.66436082973372,8.028887583166497e-07,3.8921748735597256e-07,0.4847713750183931,False
2026p140672,2026-02-22T01:10:17.454Z,3.634668466605983,68.8731593803652,122.40135321545381,NZ,NGZ,10,HHZ,-39.175583868,175.601172722,130.66263145203402,125.69171833755466,21.77710524200567,37.33218041486686,74.66436082973372,1.0,10.0,1-10Hz,2,84.66436082973372,94.66436082973372,8.028887583166497e-07,3.6009455782187004e-07,0.44849869186965635,False
2026p140672,2026-02-22T01:10:17.454Z,3.634668466605983,68.8731593803652,122.40135321545381,NZ,WTVZ,10,HHZ,-39.115252619,175.589692806,129.35246292538818,124.32917785275116,21.55874382089803,36.95784655011091,73.91569310022182,1.0,10.0,1-10Hz,0,73.91569310022182,83.91569310022182,3.5802026390709386e-07,2.247354206055104e-07,0.627717040798085,False
2026p140672,2026-02-22T01:10:17.454Z,3.634668466605983,68.8731593803652,122.40135321545381,NZ,WTVZ,10,HHZ,-39.115252619,175.589692806,129.35246292538818,124.32917785275116,21.55874382089803,36.95784655011091,73.91569310022182,1.0,10.0,1-10Hz,1,78.91569310022182,88.91569310022182,3.5802026390709386e-07,2.2831226313474424e-07,0.6377076555476513,False
2026p140672,2026-02-22T01:10:17.454Z,3.634668466605983,68.8731593803652,122.40135321545381,NZ,WTVZ,10,HHZ,-39.115252619,175.589692806,129.35246292538818,124.32917785275116,21.55874382089803,36.95784655011091,73.91569310022182,1.0,10.0,1-10Hz,2,83.91569310022182,93.91569310022182,3.5802026390709386e-07,1.9987321388167052e-07,0.5582734667039337,False
2026p140672,2026-02-22T01:10:17.454Z,3.634668466605983,68.8731593803652,122.40135321545381,NZ,NOVZ,10,EHZ,-39.126493,175.610657,128.0936127901852,123.01893528363429,21.348935465030866,36.59817508291006,73.19635016582012,1.0,10.0,1-10Hz,0,73.19635016582012,83.19635016582012,2.664016644675529e-07,4.111610843311113e-07,1.5433878206162253,False
2026p140672,2026-02-22T01:10:17.454Z,3.634668466605983,68.8731593803652,122.40135321545381,NZ,NOVZ,10,EHZ,-39.126493,175.610657,128.0936127901852,123.01893528363429,21.348935465030866,36.59817508291006,73.19635016582012,1.0,10.0,1-10Hz,1,78.19635016582012,88.19635016582012,2.664016644675529e-07,4.0046121999937834e-07,1.503223415663582,False
2026p140672,2026-02-22T01:10:17.454Z,3.634668466605983,68.8731593803652,122.40135321545381,NZ,NOVZ,10,EHZ,-39.126493,175.610657,128.0936127901852,123.01893528363429,21.348935465030866,36.59817508291006,73.19635016582012,1.0,10.0,1-10Hz,2,83.19635016582012,93.19635016582012,2.664016644675529e-07,3.4436813524538054e-07,1.292665103777247,False
2026p140672,2026-02-22T01:10:17.454Z,3.634668466605983,68.8731593803652,122.40135321545381,NZ,KRVZ,10,HHZ,-39.094442315,175.641203517,124.59619105942,119.3729266927497,20.766031843236664,35.59891173126285,71.1978234625257,1.0,10.0,1-10Hz,0,71.1978234625257,81.1978234625257,1.8532336000555544e-06,3.8051114802886386e-07,0.2053228195395644,False
2026p140672,2026-02-22T01:10:17.454Z,3.634668466605983,68.8731593803652,122.40135321545381,NZ,KRVZ,10,HHZ,-39.094442315,175.641203517,124.59619105942,119.3729266927497,20.766031843236664,35.59891173126285,71.1978234625257,1.0,10.0,1-10Hz,1,76.1978234625257,86.1978234625257,1.8532336000555544e-06,3.4112651092339114e-07,0.18407097244144785,False
2026p140672,2026-02-22T01:10:17.454Z,3.634668466605983,68.8731593803652,122.40135321545381,NZ,KRVZ,10,HHZ,-39.094442315,175.641203517,124.59619105942,119.3729266927497,20.766031843236664,35.59891173126285,71.1978234625257,1.0,10.0,1-10Hz,2,81.1978234625257,91.1978234625257,1.8532336000555544e-06,2.73784387398513e-07,0.14773333884638493,False
2026p140672,2026-02-22T01:10:17.454Z,3.634668466605983,68.8731593803652,122.40135321545381,NZ,TMVZ,10,HHZ,-39.11561,175.704064,120.42081305899625,115.00807370992187,20.070135509832706,34.40594658828464,68.81189317656928,1.0,10.0,1-10Hz,0,68.81189317656928,78.81189317656928,6.794171102941572e-07,5.039465663402947e-07,0.7417336989380624,False
2026p140672,2026-02-22T01:10:17.454Z,3.634668466605983,68.8731593803652,122.40135321545381,NZ,TMVZ,10,HHZ,-39.11561,175.704064,120.42081305899625,115.00807370992187,20.070135509832706,34.40594658828464,68.81189317656928,1.0,10.0,1-10Hz,1,73.81189317656928,83.81189317656928,6.794171102941572e-07,4.885696434831519e-07,0.7191011767007502,False
2026p140672,2026-02-22T01:10:17.454Z,3.634668466605983,68.8731593803652,122.40135321545381,NZ,TMVZ,10,HHZ,-39.11561,175.704064,120.42081305899625,115.00807370992187,20.070135509832706,34.40594658828464,68.81189317656928,1.0,10.0,1-10Hz,2,78.81189317656928,88.81189317656928,6.794171102941572e-07,3.7001970394210007e-07,0.5446134610620832,False
2026p140672,2026-02-22T01:10:17.454Z,3.634668466605983,68.8731593803652,122.40135321545381,NZ,NTVZ,10,HHZ,-39.0984817,175.6759733,122.0024453405923,116.66311100669876,20.333740890098717,34.857841525883515,69.71568305176703,1.0,10.0,1-10Hz,0,69.71568305176703,79.71568305176703,1.9144702449398497e-06,4.963994214827094e-07,0.2592881361278643,False
2026p140672,2026-02-22T01:10:17.454Z,3.634668466605983,68.8731593803652,122.40135321545381,NZ,NTVZ,10,HHZ,-39.0984817,175.6759733,122.0024453405923,116.66311100669876,20.333740890098717,34.857841525883515,69.71568305176703,1.0,10.0,1-10Hz,1,74.71568305176703,84.71568305176703,1.9144702449398497e-06,3.632021729034256e-07,0.1897141905774759,False
2026p140672,2026-02-22T01:10:17.454Z,3.634668466605983,68.8731593803652,122.40135321545381,NZ,NTVZ,10,HHZ,-39.0984817,175.6759733,122.0024453405923,116.66311100669876,20.333740890098717,34.857841525883515,69.71568305176703,1.0,10.0,1-10Hz,2,79.71568305176703,89.71568305176703,1.9144702449398497e-06,3.1579011004945563e-07,0.16494908232923589,False
2026p140672,2026-02-22T01:10:17.454Z,3.634668466605983,68.8731593803652,122.40135321545381,NZ,COVZ,11,HHZ,-39.199923,175.542296,136.17897222867495,131.41688353455703,22.696495371445824,38.908277779621415,77.81655555924283,1.0,10.0,1-10Hz,0,77.81655555924283,87.81655555924283,4.189147635235591e-07,3.5280548960830416e-07,0.84218920011508,False
2026p140672,2026-02-22T01:10:17.454Z,3.634668466605983,68.8731593803652,122.40135321545381,NZ,COVZ,11,HHZ,-39.199923,175.542296,136.17897222867495,131.41688353455703,22.696495371445824,38.908277779621415,77.81655555924283,1.0,10.0,1-10Hz,1,82.81655555924283,92.81655555924283,4.189147635235591e-07,2.6736080965862794e-07,0.6382224570215989,False
2026p140672,2026-02-22T01:10:17.454Z,3.634668466605983,68.8731593803652,122.40135321545381,NZ,COVZ,11,HHZ,-39.199923,175.542296,136.17897222867495,131.41688353455703,22.696495371445824,38.908277779621415,77.81655555924283,1.0,10.0,1-10Hz,2,87.81655555924283,97.81655555924283,4.189147635235591e-07,2.162179247894583e-07,0.5161382305336167,False
2026p140672,2026-02-22T01:10:17.454Z,3.634668466605983,68.8731593803652,122.40135321545381,NZ,FWVZ,10,HHZ,-39.254945374,175.55295183,137.67604573976135,132.96758391132013,22.946007623293557,39.33601306850324,78.67202613700648,1.0,10.0,1-10Hz,0,78.67202613700648,88.67202613700648,3.2821442210119344e-07,2.647578170824738e-07,0.8066611314259828,False
2026p140672,2026-02-22T01:10:17.454Z,3.634668466605983,68.8731593803652,122.40135321545381,NZ,FWVZ,10,HHZ,-39.254945374,175.55295183,137.67604573976135,132.96758391132013,22.946007623293557,39.33601306850324,78.67202613700648,1.0,10.0,1-10Hz,1,83.67202613700648,93.67202613700648,3.2821442210119344e-07,1.9589119980421818e-07,0.596839098508054,False
2026p140672,2026-02-22T01:10:17.454Z,3.634668466605983,68.8731593803652,122.40135321545381,NZ,FWVZ,10,HHZ,-39.254945374,175.55295183,137.67604573976135,132.96758391132013,22.946007623293557,39.33601306850324,78.67202613700648,1.0,10.0,1-10Hz,2,88.67202613700648,98.67202613700648,3.2821442210119344e-07,1.487863646294275e-07,0.45332061789641415,False
2026p140672,2026-02-22T01:10:17.454Z,3.634668466605983,68.8731593803652,122.40135321545381,NZ,WHVZ,10,HHZ,-39.2825,175.5886,136.252512427939,131.49308705632694,22.708752071323165,38.929289265125426,77.85857853025085,1.0,10.0,1-10Hz,0,77.85857853025085,87.85857853025085,3.4147725136416534e-07,2.7570751371337353e-07,0.8073964301046448,False
2026p140672,2026-02-22T01:10:17.454Z,3.634668466605983,68.8731593803652,122.40135321545381,NZ,WHVZ,10,HHZ,-39.2825,175.5886,136.252512427939,131.49308705632694,22.708752071323165,38.929289265125426,77.85857853025085,1.0,10.0,1-10Hz,1,82.85857853025085,92.85857853025085,3.4147725136416534e-07,2.4558223716694037e-07,0.7191759807889557,False
2026p140672,2026-02-22T01:10:17.454Z,3.634668466605983,68.8731593803652,122.40135321545381,NZ,WHVZ,10,HHZ,-39.2825,175.5886,136.252512427939,131.49308705632694,22.708752071323165,38.929289265125426,77.85857853025085,1.0,10.0,1-10Hz,2,87.85857853025085,97.85857853025085,3.4147725136416534e-07,2.2571016770169546e-07,0.6609815640720057,False
2026p140672,2026-02-22T01:10:17.454Z,3.634668466605983,68.8731593803652,122.40135321545381,NZ,TWVZ,10,HHZ,-39.071001379,175.437731105,140.15336030651,135.5309898358435,23.358893384418334,40.04381723043143,80.08763446086286,1.0,10.0,1-10Hz,0,80.08763446086286,90.08763446086286,2.0236374744728176e-07,8.863598900275177e-08,0.43800329911286373,False
2026p140672,2026-02-22T01:10:17.454Z,3.634668466605983,68.8731593803652,122.40135321545381,NZ,TWVZ,10,HHZ,-39.071001379,175.437731105,140.15336030651,135.5309898358435,23.358893384418334,40.04381723043143,80.08763446086286,1.0,10.0,1-10Hz,1,85.08763446086286,95.08763446086286,2.0236374744728176e-07,8.861115804688296e-08,0.4378805945465467,False
2026p140672,2026-02-22T01:10:17.454Z,3.634668466605983,68.8731593803652,122.40135321545381,NZ,TWVZ,10,HHZ,-39.071001379,175.437731105,140.15336030651,135.5309898358435,23.358893384418334,40.04381723043143,80.08763446086286,1.0,10.0,1-10Hz,2,90.08763446086286,100.08763446086286,2.0236374744728176e-07,7.295764741830937e-08,0.36052726013742026,False
2026p140672,2026-02-22T01:10:17.454Z,3.634668466605983,68.8731593803652,122.40135321545381,NZ,TRVZ,10,HHZ,-39.298816259,175.547821602,140.07444988593636,135.44938653063292,23.34574164765606,40.02127139598182,80.04254279196364,1.0,10.0,1-10Hz,0,80.04254279196364,90.04254279196364,2.832841784527643e-07,1.9433836756709609e-07,0.6860191367852924,False
2026p140672,2026-02-22T01:10:17.454Z,3.634668466605983,68.8731593803652,122.40135321545381,NZ,TRVZ,10,HHZ,-39.298816259,175.547821602,140.07444988593636,135.44938653063292,23.34574164765606,40.02127139598182,80.04254279196364,1.0,10.0,1-10Hz,1,85.04254279196364,95.04254279196364,2.832841784527643e-07,1.6079854045707312e-07,0.5676227360642563,False
2026p140672,2026-02-22T01:10:17.454Z,3.634668466605983,68.8731593803652,122.40135321545381,NZ,TRVZ,10,HHZ,-39.298816259,175.547821602,140.07444988593636,135.44938653063292,23.34574164765606,40.02127139598182,80.04254279196364,1.0,10.0,1-10Hz,2,90.04254279196364,100.04254279196364,2.832841784527643e-07,1.2749659692761885e-07,0.45006607013486294,False
2026p140672,2026-02-22T01:10:17.454Z,3.634668466605983,68.8731593803652,122.40135321545381,NZ,TUVZ,10,EHZ,-39.267675863,175.654153029,130.666172583112,125.69539951086797,21.777695430518666,37.33319216660343,74.66638433320686,1.0,10.0,1-10Hz,0,74.66638433320686,84.66638433320686,5.014543441180999e-07,7.637642659995207e-07,1.5230983138509673,False
2026p140672,2026-02-22T01:10:17.454Z,3.634668466605983,68.8731593803652,122.40135321545381,NZ,TUVZ,10,EHZ,-39.267675863,175.654153029,130.666172583112,125.69539951086797,21.777695430518666,37.33319216660343,74.66638433320686,1.0,10.0,1-10Hz,1,79.66638433320686,89.66638433320686,5.014543441180999e-07,7.77017086810047e-07,1.549527082423775,False
2026p140672,2026-02-22T01:10:17.454Z,3.634668466605983,68.8731593803652,122.40135321545381,NZ,TUVZ,10,EHZ,-39.267675863,175.654153029,130.666172583112,125.69539951086797,21.777695430518666,37.33319216660343,74.66638433320686,1.0,10.0,1-10Hz,2,84.66638433320686,94.66638433320686,5.014543441180999e-07,1.0350923676045715e-06,2.064180677156108,True
2026p110454,2026-02-10T20:50:09.670Z,3.567456039539588,257.4471545122169,52.62823105713537,NZ,OTVZ,10,HHZ,-39.163113759,175.665073554,57.358389086579955,55.232329700895065,9.559731514429993,16.38811116759427,32.77622233518854,1.0,10.0,1-10Hz,0,32.77622233518854,42.77622233518854,2.276849170275123e-07,1.714280518338247e-06,7.529179098548289,True
2026p110454,2026-02-10T20:50:09.670Z,3.567456039539588,257.4471545122169,52.62823105713537,NZ,OTVZ,10,HHZ,-39.163113759,175.665073554,57.358389086579955,55.232329700895065,9.559731514429993,16.38811116759427,32.77622233518854,1.0,10.0,1-10Hz,1,37.77622233518854,47.77622233518854,2.276849170275123e-07,1.2831828704074387e-06,5.63578337625406,True
2026p110454,2026-02-10T20:50:09.670Z,3.567456039539588,257.4471545122169,52.62823105713537,NZ,OTVZ,10,HHZ,-39.163113759,175.665073554,57.358389086579955,55.232329700895065,9.559731514429993,16.38811116759427,32.77622233518854,1.0,10.0,1-10Hz,2,42.77622233518854,52.77622233518854,2.276849170275123e-07,9.847203849015894e-07,4.324925857001765,True
2026p110454,2026-02-10T20:50:09.670Z,3.567456039539588,257.4471545122169,52.62823105713537,NZ,SNVZ,10,EHZ,-39.1862267,175.6403333,54.903668661280385,52.67863208216916,9.150611443546731,15.68676247465154,31.37352494930308,1.0,10.0,1-10Hz,0,31.37352494930308,41.373524949303075,1.4508566514439303e-07,1.3598753708235425e-06,9.37291337135312,True
2026p110454,2026-02-10T20:50:09.670Z,3.567456039539588,257.4471545122169,52.62823105713537,NZ,SNVZ,10,EHZ,-39.1862267,175.6403333,54.903668661280385,52.67863208216916,9.150611443546731,15.68676247465154,31.37352494930308,1.0,10.0,1-10Hz,1,36.373524949303075,46.373524949303075,1.4508566514439303e-07,8.749534569838986e-07,6.030598930039864,True
2026p110454,2026-02-10T20:50:09.670Z,3.567456039539588,257.4471545122169,52.62823105713537,NZ,SNVZ,10,EHZ,-39.1862267,175.6403333,54.903668661280385,52.67863208216916,9.150611443546731,15.68676247465154,31.37352494930308,1.0,10.0,1-10Hz,2,41.373524949303075,51.373524949303075,1.4508566514439303e-07,6.440105888710118e-07,4.438829902527418,True
2026p110454,2026-02-10T20:50:09.670Z,3.567456039539588,257.4471545122169,52.62823105713537,NZ,ETVZ,10,HHZ,-39.1357,175.7106,61.69758192335908,59.726184046617995,10.282930320559847,17.627880549531167,35.25576109906233,1.0,10.0,1-10Hz,0,35.25576109906233,45.25576109906233,2.73688622353844e-07,1.2662106206859686e-06,4.626464227105949,True
2026p110454,2026-02-10T20:50:09.670Z,3.567456039539588,257.4471545122169,52.62823105713537,NZ,ETVZ,10,HHZ,-39.1357,175.7106,61.69758192335908,59.726184046617995,10.282930320559847,17.627880549531167,35.25576109906233,1.0,10.0,1-10Hz,1,40.25576109906233,50.25576109906233,2.73688622353844e-07,9.304574467153367e-07,3.399693559465456,True
2026p110454,2026-02-10T20:50:09.670Z,3.567456039539588,257.4471545122169,52.62823105713537,NZ,ETVZ,10,HHZ,-39.1357,175.7106,61.69758192335908,59.726184046617995,10.282930320559847,17.627880549531167,35.25576109906233,1.0,10.0,1-10Hz,2,45.25576109906233,55.25576109906233,2.73688622353844e-07,7.403267404214678e-07,2.7049964081602234,True
2026p110454,2026-02-10T20:50:09.670Z,3.567456039539588,257.4471545122169,52.62823105713537,NZ,NGZ,10,HHZ,-39.175583868,175.601172722,51.90664235907949,49.547199381743724,8.651107059846582,14.830469245451283,29.660938490902566,1.0,10.0,1-10Hz,0,29.660938490902566,39.660938490902566,1.721974771662559e-07,3.133299747833937e-06,18.195967788823936,True
2026p110454,2026-02-10T20:50:09.670Z,3.567456039539588,257.4471545122169,52.62823105713537,NZ,NGZ,10,HHZ,-39.175583868,175.601172722,51.90664235907949,49.547199381743724,8.651107059846582,14.830469245451283,29.660938490902566,1.0,10.0,1-10Hz,1,34.660938490902566,44.660938490902566,1.721974771662559e-07,2.1431757402107458e-06,12.446034491791766,True
2026p110454,2026-02-10T20:50:09.670Z,3.567456039539588,257.4471545122169,52.62823105713537,NZ,NGZ,10,HHZ,-39.175583868,175.601172722,51.90664235907949,49.547199381743724,8.651107059846582,14.830469245451283,29.660938490902566,1.0,10.0,1-10Hz,2,39.660938490902566,49.660938490902566,1.721974771662559e-07,1.2659173917317847e-06,7.351544358048563,True
2026p110454,2026-02-10T20:50:09.670Z,3.567456039539588,257.4471545122169,52.62823105713537,NZ,WTVZ,10,HHZ,-39.115252619,175.589692806,52.61480701831344,50.28860072775187,8.769134503052241,15.032802005232412,30.065604010464824,1.0,10.0,1-10Hz,0,30.065604010464824,40.065604010464824,1.4258249409217385e-07,2.447459204190955e-06,17.165215265548458,True
2026p110454,2026-02-10T20:50:09.670Z,3.567456039539588,257.4471545122169,52.62823105713537,NZ,WTVZ,10,HHZ,-39.115252619,175.589692806,52.61480701831344,50.28860072775187,8.769134503052241,15.032802005232412,30.065604010464824,1.0,10.0,1-10Hz,1,35.065604010464824,45.065604010464824,1.4258249409217385e-07,1.5483493782500986e-06,10.859323145583026,True
2026p110454,2026-02-10T20:50:09.670Z,3.567456039539588,257.4471545122169,52.62823105713537,NZ,WTVZ,10,HHZ,-39.115252619,175.589692806,52.61480701831344,50.28860072775187,8.769134503052241,15.032802005232412,30.065604010464824,1.0,10.0,1-10Hz,2,40.065604010464824,50.065604010464824,1.4258249409217385e-07,1.167179667089545e-06,8.185995584668412,True
2026p110454,2026-02-10T20:50:09.670Z,3.567456039539588,257.4471545122169,52.62823105713537,NZ,NOVZ,10,EHZ,-39.126493,175.610657,53.90774606061709,51.63981536486026,8.984624343436183,15.402213160176313,30.804426320352626,1.0,10.0,1-10Hz,0,30.804426320352626,40.804426320352626,1.8791596824218172e-07,2.9994045417865013e-06,15.961413869421351,True
2026p110454,2026-02-10T20:50:09.670Z,3.567456039539588,257.4471545122169,52.62823105713537,NZ,NOVZ,10,EHZ,-39.126493,175.610657,53.90774606061709,51.63981536486026,8.984624343436183,15.402213160176313,30.804426320352626,1.0,10.0,1-10Hz,1,35.804426320352626,45.804426320352626,1.8791596824218172e-07,2.085593158324414e-06,11.098541426966708,True
2026p110454,2026-02-10T20:50:09.670Z,3.567456039539588,257.4471545122169,52.62823105713537,NZ,NOVZ,10,EHZ,-39.126493,175.610657,53.90774606061709,51.63981536486026,8.984624343436183,15.402213160176313,30.804426320352626,1.0,10.0,1-10Hz,2,40.804426320352626,50.804426320352626,1.8791596824218172e-07,1.4741491900356886e-06,7.844725511223397,True
2026p110454,2026-02-10T20:50:09.670Z,3.567456039539588,257.4471545122169,52.62823105713537,NZ,KRVZ,10,HHZ,-39.094442315,175.641203517,57.378721953741035,55.25344494803563,9.563120325623506,16.393920558211725,32.78784111642345,1.0,10.0,1-10Hz,0,32.78784111642345,42.78784111642345,1.0515444407005739e-07,1.7858149920332853e-06,16.982781924494944,True
2026p110454,2026-02-10T20:50:09.670Z,3.567456039539588,257.4471545122169,52.62823105713537,NZ,KRVZ,10,HHZ,-39.094442315,175.641203517,57.378721953741035,55.25344494803563,9.563120325623506,16.393920558211725,32.78784111642345,1.0,10.0,1-10Hz,1,37.78784111642345,47.78784111642345,1.0515444407005739e-07,1.2236150208482394e-06,11.636360513998119,True
2026p110454,2026-02-10T20:50:09.670Z,3.567456039539588,257.4471545122169,52.62823105713537,NZ,KRVZ,10,HHZ,-39.094442315,175.641203517,57.378721953741035,55.25344494803563,9.563120325623506,16.393920558211725,32.78784111642345,1.0,10.0,1-10Hz,2,42.78784111642345,52.78784111642345,1.0515444407005739e-07,9.216235971342722e-07,8.764475959953304,True
2026p110454,2026-02-10T20:50:09.670Z,3.567456039539588,257.4471545122169,52.62823105713537,NZ,TMVZ,10,HHZ,-39.11561,175.704064,61.70728628849428,59.73620867339235,10.284547714749047,17.63065322528408,35.26130645056816,1.0,10.0,1-10Hz,0,35.26130645056816,45.26130645056816,1.7291628585580992e-07,1.25251797732373e-06,7.243493411419731,True
2026p110454,2026-02-10T20:50:09.670Z,3.567456039539588,257.4471545122169,52.62823105713537,NZ,TMVZ,10,HHZ,-39.11561,175.704064,61.70728628849428,59.73620867339235,10.284547714749047,17.63065322528408,35.26130645056816,1.0,10.0,1-10Hz,1,40.26130645056816,50.26130645056816,1.7291628585580992e-07,9.394717717797305e-07,5.43310172971868,True
2026p110454,2026-02-10T20:50:09.670Z,3.567456039539588,257.4471545122169,52.62823105713537,NZ,TMVZ,10,HHZ,-39.11561,175.704064,61.70728628849428,59.73620867339235,10.284547714749047,17.63065322528408,35.26130645056816,1.0,10.0,1-10Hz,2,45.26130645056816,55.26130645056816,1.7291628585580992e-07,7.00775782278892e-07,4.052688147970339,True
2026p110454,2026-02-10T20:50:09.670Z,3.567456039539588,257.4471545122169,52.62823105713537,NZ,NTVZ,10,HHZ,-39.0984817,175.6759733,59.98844680136786,57.95894404853682,9.998074466894643,17.139556228962245,34.27911245792449,1.0,10.0,1-10Hz,0,34.27911245792449,44.27911245792449,1.479388568168197e-07,2.5044060761453798e-06,16.928656405979776,True
2026p110454,2026-02-10T20:50:09.670Z,3.567456039539588,257.4471545122169,52.62823105713537,NZ,NTVZ,10,HHZ,-39.0984817,175.6759733,59.98844680136786,57.95894404853682,9.998074466894643,17.139556228962245,34.27911245792449,1.0,10.0,1-10Hz,1,39.27911245792449,49.27911245792449,1.479388568168197e-07,1.5439047830374878e-06,10.436100536785787,True
2026p110454,2026-02-10T20:50:09.670Z,3.567456039539588,257.4471545122169,52.62823105713537,NZ,NTVZ,10,HHZ,-39.0984817,175.6759733,59.98844680136786,57.95894404853682,9.998074466894643,17.139556228962245,34.27911245792449,1.0,10.0,1-10Hz,2,44.27911245792449,54.27911245792449,1.479388568168197e-07,1.1985867743770831e-06,8.101906423822058,True
2026p110454,2026-02-10T20:50:09.670Z,3.567456039539588,257.4471545122169,52.62823105713537,NZ,COVZ,11,HHZ,-39.199923,175.542296,46.712975805358276,44.076383179349776,7.785495967559712,13.34656451581665,26.6931290316333,1.0,10.0,1-10Hz,0,26.6931290316333,36.693129031633305,1.510881962277266e-07,2.6280562092084016e-06,17.394186143087467,True
2026p110454,2026-02-10T20:50:09.670Z,3.567456039539588,257.4471545122169,52.62823105713537,NZ,COVZ,11,HHZ,-39.199923,175.542296,46.712975805358276,44.076383179349776,7.785495967559712,13.34656451581665,26.6931290316333,1.0,10.0,1-10Hz,1,31.6931290316333,41.693129031633305,1.510881962277266e-07,1.7965915011772703e-06,11.891011647722438,True
2026p110454,2026-02-10T20:50:09.670Z,3.567456039539588,257.4471545122169,52.62823105713537,NZ,COVZ,11,HHZ,-39.199923,175.542296,46.712975805358276,44.076383179349776,7.785495967559712,13.34656451581665,26.6931290316333,1.0,10.0,1-10Hz,2,36.693129031633305,46.693129031633305,1.510881962277266e-07,1.0261363864655662e-06,6.791638341614256,True
2026p110454,2026-02-10T20:50:09.670Z,3.567456039539588,257.4471545122169,52.62823105713537,NZ,FWVZ,10,HHZ,-39.254945374,175.55295183,47.116711025769305,44.504043675454156,7.852785170961551,13.461917435934087,26.923834871868173,1.0,10.0,1-10Hz,0,26.923834871868173,36.92383487186817,1.22696170567042e-07,1.928181586701337e-06,15.715091822264865,True
2026p110454,2026-02-10T20:50:09.670Z,3.567456039539588,257.4471545122169,52.62823105713537,NZ,FWVZ,10,HHZ,-39.254945374,175.55295183,47.116711025769305,44.504043675454156,7.852785170961551,13.461917435934087,26.923834871868173,1.0,10.0,1-10Hz,1,31.923834871868173,41.92383487186817,1.22696170567042e-07,1.210528363351411e-06,9.866064749673424,True
2026p110454,2026-02-10T20:50:09.670Z,3.567456039539588,257.4471545122169,52.62823105713537,NZ,FWVZ,10,HHZ,-39.254945374,175.55295183,47.116711025769305,44.504043675454156,7.852785170961551,13.461917435934087,26.923834871868173,1.0,10.0,1-10Hz,2,36.92383487186817,46.92383487186817,1.22696170567042e-07,8.370923075546456e-07,6.822481122972397,True
2026p110454,2026-02-10T20:50:09.670Z,3.567456039539588,257.4471545122169,52.62823105713537,NZ,WHVZ,10,HHZ,-39.2825,175.5886,50.096023007333905,47.64700375398445,8.349337167888985,14.31314943066683,28.62629886133366,1.0,10.0,1-10Hz,0,28.62629886133366,38.62629886133366,1.424291369390381e-07,2.4533901026941223e-06,17.22533854673438,True
2026p110454,2026-02-10T20:50:09.670Z,3.567456039539588,257.4471545122169,52.62823105713537,NZ,WHVZ,10,HHZ,-39.2825,175.5886,50.096023007333905,47.64700375398445,8.349337167888985,14.31314943066683,28.62629886133366,1.0,10.0,1-10Hz,1,33.62629886133366,43.62629886133366,1.424291369390381e-07,1.7105118630406302e-06,12.009564193124024,True
2026p110454,2026-02-10T20:50:09.670Z,3.567456039539588,257.4471545122169,52.62823105713537,NZ,WHVZ,10,HHZ,-39.2825,175.5886,50.096023007333905,47.64700375398445,8.349337167888985,14.31314943066683,28.62629886133366,1.0,10.0,1-10Hz,2,38.62629886133366,48.62629886133366,1.424291369390381e-07,1.2101533919551816e-06,8.496529698646887,True
2026p110454,2026-02-10T20:50:09.670Z,3.567456039539588,257.4471545122169,52.62823105713537,NZ,TWVZ,10,HHZ,-39.071001379,175.437731105,43.22454705152235,40.36071002088727,7.204091175253725,12.349870586149242,24.699741172298484,1.0,10.0,1-10Hz,0,24.699741172298484,34.69974117229849,1.5492158520792032e-07,1.5620120292277987e-06,10.082597767970304,True
2026p110454,2026-02-10T20:50:09.670Z,3.567456039539588,257.4471545122169,52.62823105713537,NZ,TWVZ,10,HHZ,-39.071001379,175.437731105,43.22454705152235,40.36071002088727,7.204091175253725,12.349870586149242,24.699741172298484,1.0,10.0,1-10Hz,1,29.699741172298484,39.69974117229849,1.5492158520792032e-07,9.098004369777103e-07,5.872651223886373,True
2026p110454,2026-02-10T20:50:09.670Z,3.567456039539588,257.4471545122169,52.62823105713537,NZ,TWVZ,10,HHZ,-39.071001379,175.437731105,43.22454705152235,40.36071002088727,7.204091175253725,12.349870586149242,24.699741172298484,1.0,10.0,1-10Hz,2,34.69974117229849,44.69974117229849,1.5492158520792032e-07,7.367368535468317e-07,4.755546830727667,True
2026p110454,2026-02-10T20:50:09.670Z,3.567456039539588,257.4471545122169,52.62823105713537,NZ,MAVZ,11,HHZ,-39.2679133,175.5616533,47.833769178351716,45.262511191809836,7.972294863058619,13.666791193814776,27.33358238762955,1.0,10.0,1-10Hz,0,27.33358238762955,37.33358238762955,1.429769057246253e-07,3.961412776733322e-06,27.706661832247477,True
2026p110454,2026-02-10T20:50:09.670Z,3.567456039539588,257.4471545122169,52.62823105713537,NZ,MAVZ,11,HHZ,-39.2679133,175.5616533,47.833769178351716,45.262511191809836,7.972294863058619,13.666791193814776,27.33358238762955,1.0,10.0,1-10Hz,1,32.33358238762955,42.33358238762955,1.429769057246253e-07,2.301391441945139e-06,16.096245965608166,True
2026p110454,2026-02-10T20:50:09.670Z,3.567456039539588,257.4471545122169,52.62823105713537,NZ,MAVZ,11,HHZ,-39.2679133,175.5616533,47.833769178351716,45.262511191809836,7.972294863058619,13.666791193814776,27.33358238762955,1.0,10.0,1-10Hz,2,37.33358238762955,47.33358238762955,1.429769057246253e-07,1.5798876569922275e-06,11.049949983077017,True
2026p110454,2026-02-10T20:50:09.670Z,3.567456039539588,257.4471545122169,52.62823105713537,NZ,TRVZ,10,HHZ,-39.298816259,175.547821602,46.90229924284095,44.27698182855149,7.817049873806824,13.400656926525985,26.80131385305197,1.0,10.0,1-10Hz,0,26.80131385305197,36.801313853051965,1.457948242200335e-07,2.457849653481939e-06,16.858277834146932,True
2026p110454,2026-02-10T20:50:09.670Z,3.567456039539588,257.4471545122169,52.62823105713537,NZ,TRVZ,10,HHZ,-39.298816259,175.547821602,46.90229924284095,44.27698182855149,7.817049873806824,13.400656926525985,26.80131385305197,1.0,10.0,1-10Hz,1,31.80131385305197,41.801313853051965,1.457948242200335e-07,1.5654758979205688e-06,10.737527249650187,True
2026p110454,2026-02-10T20:50:09.670Z,3.567456039539588,257.4471545122169,52.62823105713537,NZ,TRVZ,10,HHZ,-39.298816259,175.547821602,46.90229924284095,44.27698182855149,7.817049873806824,13.400656926525985,26.80131385305197,1.0,10.0,1-10Hz,2,36.801313853051965,46.801313853051965,1.457948242200335e-07,1.0424076139396695e-06,7.149825925003128,True
2026p110454,2026-02-10T20:50:09.670Z,3.567456039539588,257.4471545122169,52.62823105713537,NZ,TUVZ,10,EHZ,-39.267675863,175.654153029,55.44563099974905,53.243247858683574,9.240938499958174,15.841608857071156,31.683217714142312,1.0,10.0,1-10Hz,0,31.683217714142312,41.683217714142316,3.7839908325319234e-07,4.96464051989068e-06,13.120117726524105,True
2026p110454,2026-02-10T20:50:09.670Z,3.567456039539588,257.4471545122169,52.62823105713537,NZ,TUVZ,10,EHZ,-39.267675863,175.654153029,55.44563099974905,53.243247858683574,9.240938499958174,15.841608857071156,31.683217714142312,1.0,10.0,1-10Hz,1,36.683217714142316,46.683217714142316,3.7839908325319234e-07,3.936215874449529e-06,10.40228702619702,True
2026p110454,2026-02-10T20:50:09.670Z,3.567456039539588,257.4471545122169,52.62823105713537,NZ,TUVZ,10,EHZ,-39.267675863,175.654153029,55.44563099974905,53.243247858683574,9.240938499958174,15.841608857071156,31.683217714142312,1.0,10.0,1-10Hz,2,41.683217714142316,51.683217714142316,3.7839908325319234e-07,2.9646981812319145e-06,7.83484504175765,True
2025p711822,2025-09-21T08:58:46.938Z,3.4762316931161195,196.17315581889667,175.2549063013722,NZ,OTVZ,10,HHZ,-39.163113759,175.665073554,177.71449928047033,175.37044065960754,29.619083213411724,50.77557122299152,101.55114244598305,1.0,10.0,1-10Hz,0,101.55114244598305,111.55114244598305,3.0517558074626307e-07,1.2719581802776441e-07,0.41679553035247874,False
2025p711822,2025-09-21T08:58:46.938Z,3.4762316931161195,196.17315581889667,175.2549063013722,NZ,OTVZ,10,HHZ,-39.163113759,175.665073554,177.71449928047033,175.37044065960754,29.619083213411724,50.77557122299152,101.55114244598305,1.0,10.0,1-10Hz,1,106.55114244598305,116.55114244598305,3.0517558074626307e-07,1.193819729004047e-07,0.39119110581676697,False
2025p711822,2025-09-21T08:58:46.938Z,3.4762316931161195,196.17315581889667,175.2549063013722,NZ,OTVZ,10,HHZ,-39.163113759,175.665073554,177.71449928047033,175.37044065960754,29.619083213411724,50.77557122299152,101.55114244598305,1.0,10.0,1-10Hz,2,111.55114244598305,121.55114244598305,3.0517558074626307e-07,9.512641754808357e-08,0.311710449818644,False
2025p711822,2025-09-21T08:58:46.938Z,3.4762316931161195,196.17315581889667,175.2549063013722,NZ,SNVZ,10,EHZ,-39.1862267,175.6403333,174.6792602027945,172.29391210263995,29.11321003379908,49.90836005794129,99.81672011588257,1.0,10.0,1-10Hz,0,99.81672011588257,109.81672011588257,2.903932553006108e-07,7.981201172514701e-08,0.2748411344558495,False
2025p711822,2025-09-21T08:58:46.938Z,3.4762316931161195,196.17315581889667,175.2549063013722,NZ,SNVZ,10,EHZ,-39.1862267,175.6403333,174.6792602027945,172.29391210263995,29.11321003379908,49.90836005794129,99.81672011588257,1.0,10.0,1-10Hz,1,104.81672011588257,114.81672011588257,2.903932553006108e-07,6.222556174088217e-08,0.21428032712559794,False
2025p711822,2025-09-21T08:58:46.938Z,3.4762316931161195,196.17315581889667,175.2549063013722,NZ,SNVZ,10,EHZ,-39.1862267,175.6403333,174.6792602027945,172.29391210263995,29.11321003379908,49.90836005794129,99.81672011588257,1.0,10.0,1-10Hz,2,109.81672011588257,119.81672011588257,2.903932553006108e-07,4.805204255743513e-08,0.16547230929207485,False
2025p711822,2025-09-21T08:58:46.938Z,3.4762316931161195,196.17315581889667,175.2549063013722,NZ,ETVZ,10,HHZ,-39.1357,175.7106,181.75006688754908,179.4587278910257,30.291677814591512,51.92859053929974,103.85718107859948,1.0,10.0,1-10Hz,0,103.85718107859948,113.85718107859948,2.975684806347208e-07,1.3295780183037613e-07,0.44681413013493204,False
2025p711822,2025-09-21T08:58:46.938Z,3.4762316931161195,196.17315581889667,175.2549063013722,NZ,ETVZ,10,HHZ,-39.1357,175.7106,181.75006688754908,179.4587278910257,30.291677814591512,51.92859053929974,103.85718107859948,1.0,10.0,1-10Hz,1,108.85718107859948,118.85718107859948,2.975684806347208e-07,1.1226812625603764e-07,0.37728500685478183,False
2025p711822,2025-09-21T08:58:46.938Z,3.4762316931161195,196.17315581889667,175.2549063013722,NZ,ETVZ,10,HHZ,-39.1357,175.7106,181.75006688754908,179.4587278910257,30.291677814591512,51.92859053929974,103.85718107859948,1.0,10.0,1-10Hz,2,113.85718107859948,123.85718107859948,2.975684806347208e-07,7.882275983465959e-08,0.26488947910924143,False
2025p711822,2025-09-21T08:58:46.938Z,3.4762316931161195,196.17315581889667,175.2549063013722,NZ,NGZ,10,HHZ,-39.175583868,175.601172722,174.87311726342173,172.49045000829202,29.14551954390362,49.96374778954907,99.92749557909814,1.0,10.0,1-10Hz,0,99.92749557909814,109.92749557909814,2.026136832268732e-07,2.3233214028806296e-07,1.146675469237253,False
2025p711822,2025-09-21T08:58:46.938Z,3.4762316931161195,196.17315581889667,175.2549063013722,NZ,NGZ,10,HHZ,-39.175583868,175.601172722,174.87311726342173,172.49045000829202,29.14551954390362,49.96374778954907,99.92749557909814,1.0,10.0,1-10Hz,1,104.92749557909814,114.92749557909814,2.026136832268732e-07,2.075974799698343e-07,1.0245975329187444,False
2025p711822,2025-09-21T08:58:46.938Z,3.4762316931161195,196.17315581889667,175.2549063013722,NZ,NGZ,10,HHZ,-39.175583868,175.601172722,174.87311726342173,172.49045000829202,29.14551954390362,49.96374778954907,99.92749557909814,1.0,10.0,1-10Hz,2,109.92749557909814,119.92749557909814,2.026136832268732e-07,1.5621874998240358e-07,0.7710177688615448,False
2025p711822,2025-09-21T08:58:46.938Z,3.4762316931161195,196.17315581889667,175.2549063013722,NZ,WTVZ,10,HHZ,-39.115252619,175.589692806,181.00031288048575,178.69936056256714,30.166718813414292,51.714375108710215,103.42875021742043,1.0,10.0,1-10Hz,0,103.42875021742043,113.42875021742043,1.6871532802127465e-07,1.2890750513442197e-07,0.7640533118494545,False
2025p711822,2025-09-21T08:58:46.938Z,3.4762316931161195,196.17315581889667,175.2549063013722,NZ,WTVZ,10,HHZ,-39.115252619,175.589692806,181.00031288048575,178.69936056256714,30.166718813414292,51.714375108710215,103.42875021742043,1.0,10.0,1-10Hz,1,108.42875021742043,118.42875021742043,1.6871532802127465e-07,1.2044421168176002e-07,0.7138901550579463,False
2025p711822,2025-09-21T08:58:46.938Z,3.4762316931161195,196.17315581889667,175.2549063013722,NZ,WTVZ,10,HHZ,-39.115252619,175.589692806,181.00031288048575,178.69936056256714,30.166718813414292,51.714375108710215,103.42875021742043,1.0,10.0,1-10Hz,2,113.42875021742043,123.42875021742043,1.6871532802127465e-07,8.928042259360339e-08,0.529177897709124,False
2025p711822,2025-09-21T08:58:46.938Z,3.4762316931161195,196.17315581889667,175.2549063013722,NZ,NOVZ,10,EHZ,-39.126493,175.610657,180.27269508151267,177.9623353257331,30.04544918025211,51.50648430900362,103.01296861800724,1.0,10.0,1-10Hz,0,103.01296861800724,113.01296861800724,3.194622207606039e-07,1.4501698310373686e-07,0.45394094725337975,False
2025p711822,2025-09-21T08:58:46.938Z,3.4762316931161195,196.17315581889667,175.2549063013722,NZ,NOVZ,10,EHZ,-39.126493,175.610657,180.27269508151267,177.9623353257331,30.04544918025211,51.50648430900362,103.01296861800724,1.0,10.0,1-10Hz,1,108.01296861800724,118.01296861800724,3.194622207606039e-07,1.4251412666070275e-07,0.4461063543645083,False
2025p711822,2025-09-21T08:58:46.938Z,3.4762316931161195,196.17315581889667,175.2549063013722,NZ,NOVZ,10,EHZ,-39.126493,175.610657,180.27269508151267,177.9623353257331,30.04544918025211,51.50648430900362,103.01296861800724,1.0,10.0,1-10Hz,2,113.01296861800724,123.01296861800724,3.194622207606039e-07,1.3322532896977647e-07,0.4170299970136745,False
2025p711822,2025-09-21T08:58:46.938Z,3.4762316931161195,196.17315581889667,175.2549063013722,NZ,KRVZ,10,HHZ,-39.094442315,175.641203517,184.35700886497716,182.09847588675174,30.72616814416286,52.67343110427919,105.34686220855838,1.0,10.0,1-10Hz,0,105.34686220855838,115.34686220855838,2.6360494508317434e-07,9.236600847042459e-08,0.3503955832136634,False
2025p711822,2025-09-21T08:58:46.938Z,3.4762316931161195,196.17315581889667,175.2549063013722,NZ,KRVZ,10,HHZ,-39.094442315,175.641203517,184.35700886497716,182.09847588675174,30.72616814416286,52.67343110427919,105.34686220855838,1.0,10.0,1-10Hz,1,110.34686220855838,120.34686220855838,2.6360494508317434e-07,6.974167805855495e-08,0.26456892922304476,False
2025p711822,2025-09-21T08:58:46.938Z,3.4762316931161195,196.17315581889667,175.2549063013722,NZ,KRVZ,10,HHZ,-39.094442315,175.641203517,184.35700886497716,182.09847588675174,30.72616814416286,52.67343110427919,105.34686220855838,1.0,10.0,1-10Hz,2,115.34686220855838,125.34686220855838,2.6360494508317434e-07,6.036085262510239e-08,0.22898224692278416,False
2025p711822,2025-09-21T08:58:46.938Z,3.4762316931161195,196.17315581889667,175.2549063013722,NZ,TMVZ,10,HHZ,-39.11561,175.704064,183.67664523546878,181.4096419917996,30.612774205911464,52.47904149584822,104.95808299169644,1.0,10.0,1-10Hz,0,104.95808299169644,114.95808299169644,2.7442840970555166e-07,9.280993336805161e-08,0.33819360563883366,False
2025p711822,2025-09-21T08:58:46.938Z,3.4762316931161195,196.17315581889667,175.2549063013722,NZ,TMVZ,10,HHZ,-39.11561,175.704064,183.67664523546878,181.4096419917996,30.612774205911464,52.47904149584822,104.95808299169644,1.0,10.0,1-10Hz,1,109.95808299169644,119.95808299169644,2.7442840970555166e-07,7.997759683664485e-08,0.29143337208584535,False
2025p711822,2025-09-21T08:58:46.938Z,3.4762316931161195,196.17315581889667,175.2549063013722,NZ,TMVZ,10,HHZ,-39.11561,175.704064,183.67664523546878,181.4096419917996,30.612774205911464,52.47904149584822,104.95808299169644,1.0,10.0,1-10Hz,2,114.95808299169644,124.95808299169644,2.7442840970555166e-07,9.15475742661491e-08,0.3335936478456265,False
2025p711822,2025-09-21T08:58:46.938Z,3.4762316931161195,196.17315581889667,175.2549063013722,NZ,NTVZ,10,HHZ,-39.0984817,175.6759733,184.76325566196303,182.50975000104665,30.793875943660506,52.78950161770372,105.57900323540744,1.0,10.0,1-10Hz,0,105.57900323540744,115.57900323540744,2.4398267936136466e-07,1.200916145135304e-07,0.49221368839737084,False
2025p711822,2025-09-21T08:58:46.938Z,3.4762316931161195,196.17315581889667,175.2549063013722,NZ,NTVZ,10,HHZ,-39.0984817,175.6759733,184.76325566196303,182.50975000104665,30.793875943660506,52.78950161770372,105.57900323540744,1.0,10.0,1-10Hz,1,110.57900323540744,120.57900323540744,2.4398267936136466e-07,9.782078442687195e-08,0.4009333149505618,False
2025p711822,2025-09-21T08:58:46.938Z,3.4762316931161195,196.17315581889667,175.2549063013722,NZ,NTVZ,10,HHZ,-39.0984817,175.6759733,184.76325566196303,182.50975000104665,30.793875943660506,52.78950161770372,105.57900323540744,1.0,10.0,1-10Hz,2,115.57900323540744,125.57900323540744,2.4398267936136466e-07,8.298380337131672e-08,0.34012169875554465,False
2025p711822,2025-09-21T08:58:46.938Z,3.4762316931161195,196.17315581889667,175.2549063013722,NZ,COVZ,11,HHZ,-39.199923,175.542296,171.0131367958104,168.57592105451835,28.5021894659684,48.8608962273744,97.7217924547488,1.0,10.0,1-10Hz,0,97.7217924547488,107.7217924547488,1.274712380528724e-07,1.418619642124674e-07,1.1128939075152469,False
2025p711822,2025-09-21T08:58:46.938Z,3.4762316931161195,196.17315581889667,175.2549063013722,NZ,COVZ,11,HHZ,-39.199923,175.542296,171.0131367958104,168.57592105451835,28.5021894659684,48.8608962273744,97.7217924547488,1.0,10.0,1-10Hz,1,102.7217924547488,112.7217924547488,1.274712380528724e-07,1.4805111087436554e-07,1.1614471871133552,False
2025p711822,2025-09-21T08:58:46.938Z,3.4762316931161195,196.17315581889667,175.2549063013722,NZ,COVZ,11,HHZ,-39.199923,175.542296,171.0131367958104,168.57592105451835,28.5021894659684,48.8608962273744,97.7217924547488,1.0,10.0,1-10Hz,2,107.7217924547488,117.7217924547488,1.274712380528724e-07,1.3485500757067632e-07,1.0579249847306047,False
2025p711822,2025-09-21T08:58:46.938Z,3.4762316931161195,196.17315581889667,175.2549063013722,NZ,FWVZ,10,HHZ,-39.254945374,175.55295183,165.4154989591857,162.89455331149964,27.56924982653095,47.261571131195915,94.52314226239183,1.0,10.0,1-10Hz,0,94.52314226239183,104.52314226239183,2.2355087292383152e-07,9.960211270838957e-08,0.44554562192349884,False
2025p711822,2025-09-21T08:58:46.938Z,3.4762316931161195,196.17315581889667,175.2549063013722,NZ,FWVZ,10,HHZ,-39.254945374,175.55295183,165.4154989591857,162.89455331149964,27.56924982653095,47.261571131195915,94.52314226239183,1.0,10.0,1-10Hz,1,99.52314226239183,109.52314226239183,2.2355087292383152e-07,8.383974954246295e-08,0.37503655631453925,False
2025p711822,2025-09-21T08:58:46.938Z,3.4762316931161195,196.17315581889667,175.2549063013722,NZ,FWVZ,10,HHZ,-39.254945374,175.55295183,165.4154989591857,162.89455331149964,27.56924982653095,47.261571131195915,94.52314226239183,1.0,10.0,1-10Hz,2,104.52314226239183,114.52314226239183,2.2355087292383152e-07,6.854090927876175e-08,0.30660094672104043,False
2025p711822,2025-09-21T08:58:46.938Z,3.4762316931161195,196.17315581889667,175.2549063013722,NZ,WHVZ,10,HHZ,-39.2825,175.5886,163.33098574564553,160.77735881423385,27.22183095760759,46.665995927327295,93.33199185465459,1.0,10.0,1-10Hz,0,93.33199185465459,103.33199185465459,6.210666515739993e-07,1.5069446208897644e-07,0.24263814794606048,False
2025p711822,2025-09-21T08:58:46.938Z,3.4762316931161195,196.17315581889667,175.2549063013722,NZ,WHVZ,10,HHZ,-39.2825,175.5886,163.33098574564553,160.77735881423385,27.22183095760759,46.665995927327295,93.33199185465459,1.0,10.0,1-10Hz,1,98.33199185465459,108.33199185465459,6.210666515739993e-07,1.1945704659494312e-07,0.19234174994293662,False
2025p711822,2025-09-21T08:58:46.938Z,3.4762316931161195,196.17315581889667,175.2549063013722,NZ,WHVZ,10,HHZ,-39.2825,175.5886,163.33098574564553,160.77735881423385,27.22183095760759,46.665995927327295,93.33199185465459,1.0,10.0,1-10Hz,2,103.33199185465459,113.33199185465459,6.210666515739993e-07,1.0482327930523821e-07,0.16877943621603173,False
2025p711822,2025-09-21T08:58:46.938Z,3.4762316931161195,196.17315581889667,175.2549063013722,NZ,TWVZ,10,HHZ,-39.071001379,175.437731105,182.93243855302046,180.6560967075046,30.488739758836743,52.266411015148705,104.53282203029741,1.0,10.0,1-10Hz,0,104.53282203029741,114.53282203029741,7.627831118068585e-08,5.4637766559386594e-08,0.7162949167812884,False
2025p711822,2025-09-21T08:58:46.938Z,3.4762316931161195,196.17315581889667,175.2549063013722,NZ,TWVZ,10,HHZ,-39.071001379,175.437731105,182.93243855302046,180.6560967075046,30.488739758836743,52.266411015148705,104.53282203029741,1.0,10.0,1-10Hz,1,109.53282203029741,119.53282203029741,7.627831118068585e-08,4.1599925655346196e-08,0.5453703026644822,False
2025p711822,2025-09-21T08:58:46.938Z,3.4762316931161195,196.17315581889667,175.2549063013722,NZ,TWVZ,10,HHZ,-39.071001379,175.437731105,182.93243855302046,180.6560967075046,30.488739758836743,52.266411015148705,104.53282203029741,1.0,10.0,1-10Hz,2,114.53282203029741,124.53282203029741,7.627831118068585e-08,3.5868108681947366e-08,0.470226832854021,False
2025p711822,2025-09-21T08:58:46.938Z,3.4762316931161195,196.17315581889667,175.2549063013722,NZ,MAVZ,11,HHZ,-39.2679133,175.5616533,164.24068613443197,161.70142604363645,27.373447689071995,46.92591032412342,93.85182064824684,1.0,10.0,1-10Hz,0,93.85182064824684,103.85182064824684,2.2960404268181347e-07,1.7722316694808765e-07,0.7718643142258801,False
2025p711822,2025-09-21T08:58:46.938Z,3.4762316931161195,196.17315581889667,175.2549063013722,NZ,MAVZ,11,HHZ,-39.2679133,175.5616533,164.24068613443197,161.70142604363645,27.373447689071995,46.92591032412342,93.85182064824684,1.0,10.0,1-10Hz,1,98.85182064824684,108.85182064824684,2.2960404268181347e-07,1.5516831302879504e-07,0.6758082794031119,False
2025p711822,2025-09-21T08:58:46.938Z,3.4762316931161195,196.17315581889667,175.2549063013722,NZ,MAVZ,11,HHZ,-39.2679133,175.5616533,164.24068613443197,161.70142604363645,27.373447689071995,46.92591032412342,93.85182064824684,1.0,10.0,1-10Hz,2,103.85182064824684,113.85182064824684,2.2960404268181347e-07,1.452623942458263e-07,0.6326647934815839,False
2025p711822,2025-09-21T08:58:46.938Z,3.4762316931161195,196.17315581889667,175.2549063013722,NZ,TRVZ,10,HHZ,-39.298816259,175.547821602,160.67372105568342,158.07717368588104,26.77895350928057,45.90677744448097,91.81355488896195,1.0,10.0,1-10Hz,0,91.81355488896195,101.81355488896195,1.7969871625992509e-07,1.4531110465164543e-07,0.8086374108619689,False
2025p711822,2025-09-21T08:58:46.938Z,3.4762316931161195,196.17315581889667,175.2549063013722,NZ,TRVZ,10,HHZ,-39.298816259,175.547821602,160.67372105568342,158.07717368588104,26.77895350928057,45.90677744448097,91.81355488896195,1.0,10.0,1-10Hz,1,96.81355488896195,106.81355488896195,1.7969871625992509e-07,1.2533713143930785e-07,0.6974848460131126,False
2025p711822,2025-09-21T08:58:46.938Z,3.4762316931161195,196.17315581889667,175.2549063013722,NZ,TRVZ,10,HHZ,-39.298816259,175.547821602,160.67372105568342,158.07717368588104,26.77895350928057,45.90677744448097,91.81355488896195,1.0,10.0,1-10Hz,2,101.81355488896195,111.81355488896195,1.7969871625992509e-07,9.306394467887074e-08,0.517888756335123,False
2025p711822,2025-09-21T08:58:46.938Z,3.4762316931161195,196.17315581889667,175.2549063013722,NZ,TUVZ,10,EHZ,-39.267675863,175.654153029,166.5212152688203,164.0172653632581,27.753535878136717,47.5774900768058,95.1549801536116,1.0,10.0,1-10Hz,0,95.1549801536116,105.1549801536116,1.2925392992024477e-06,4.244000992685371e-07,0.3283459926753563,False
2025p711822,2025-09-21T08:58:46.938Z,3.4762316931161195,196.17315581889667,175.2549063013722,NZ,TUVZ,10,EHZ,-39.267675863,175.654153029,166.5212152688203,164.0172653632581,27.753535878136717,47.5774900768058,95.1549801536116,1.0,10.0,1-10Hz,1,100.1549801536116,110.1549801536116,1.2925392992024477e-06,3.934924695710177e-07,0.30443366001623273,False
2025p711822,2025-09-21T08:58:46.938Z,3.4762316931161195,196.17315581889667,175.2549063013722,NZ,TUVZ,10,EHZ,-39.267675863,175.654153029,166.5212152688203,164.0172653632581,27.753535878136717,47.5774900768058,95.1549801536116,1.0,10.0,1-10Hz,2,105.1549801536116,115.1549801536116,1.2925392992024477e-06,3.242361101665239e-07,0.25085203240365034,False
2025p838820,2025-11-07T08:43:19.998Z,3.423305034852815,8.47245060078692,123.80427792701715,NZ,OTVZ,10,HHZ,-39.163113759,175.665073554,124.23661587805371,124.13596064328446,20.706102646342284,35.4961759651582,70.9923519303164,1.0,10.0,1-10Hz,0,70.9923519303164,80.9923519303164,9.777781602259647e-09,3.35976161736569e-07,34.361184919381394,True
2025p838820,2025-11-07T08:43:19.998Z,3.423305034852815,8.47245060078692,123.80427792701715,NZ,OTVZ,10,HHZ,-39.163113759,175.665073554,124.23661587805371,124.13596064328446,20.706102646342284,35.4961759651582,70.9923519303164,1.0,10.0,1-10Hz,1,75.9923519303164,85.9923519303164,9.777781602259647e-09,2.6159132145858213e-07,26.753647412019138,True
2025p838820,2025-11-07T08:43:19.998Z,3.423305034852815,8.47245060078692,123.80427792701715,NZ,OTVZ,10,HHZ,-39.163113759,175.665073554,124.23661587805371,124.13596064328446,20.706102646342284,35.4961759651582,70.9923519303164,1.0,10.0,1-10Hz,2,80.9923519303164,90.9923519303164,9.777781602259647e-09,2.2899284317335496e-07,23.419713436883747,True
2025p838820,2025-11-07T08:43:19.998Z,3.423305034852815,8.47245060078692,123.80427792701715,NZ,SNVZ,10,EHZ,-39.1862267,175.6403333,127.05856875735451,126.96015081381789,21.17642812622575,36.302448216387,72.604896432774,1.0,10.0,1-10Hz,0,72.604896432774,82.604896432774,1.1548859582128615e-08,2.555245645677743e-07,22.12552354201172,True
2025p838820,2025-11-07T08:43:19.998Z,3.423305034852815,8.47245060078692,123.80427792701715,NZ,SNVZ,10,EHZ,-39.1862267,175.6403333,127.05856875735451,126.96015081381789,21.17642812622575,36.302448216387,72.604896432774,1.0,10.0,1-10Hz,1,77.604896432774,87.604896432774,1.1548859582128615e-08,2.0152163197741695e-07,17.449483262335562,True
2025p838820,2025-11-07T08:43:19.998Z,3.423305034852815,8.47245060078692,123.80427792701715,NZ,SNVZ,10,EHZ,-39.1862267,175.6403333,127.05856875735451,126.96015081381789,21.17642812622575,36.302448216387,72.604896432774,1.0,10.0,1-10Hz,2,82.604896432774,92.604896432774,1.1548859582128615e-08,1.539144314048531e-07,13.32724069509247,True
2025p838820,2025-11-07T08:43:19.998Z,3.423305034852815,8.47245060078692,123.80427792701715,NZ,ETVZ,10,HHZ,-39.1357,175.7106,120.78427631006073,120.68074164399678,20.130712718343457,34.509793231445926,69.01958646289185,1.0,10.0,1-10Hz,0,69.01958646289185,79.01958646289185,1.8468248736292677e-08,2.768106579943454e-07,14.988462736608804,True
2025p838820,2025-11-07T08:43:19.998Z,3.423305034852815,8.47245060078692,123.80427792701715,NZ,ETVZ,10,HHZ,-39.1357,175.7106,120.78427631006073,120.68074164399678,20.130712718343457,34.509793231445926,69.01958646289185,1.0,10.0,1-10Hz,1,74.01958646289185,84.01958646289185,1.8468248736292677e-08,1.92487169906499e-07,10.422600033983457,True
2025p838820,2025-11-07T08:43:19.998Z,3.423305034852815,8.47245060078692,123.80427792701715,NZ,ETVZ,10,HHZ,-39.1357,175.7106,120.78427631006073,120.68074164399678,20.130712718343457,34.509793231445926,69.01958646289185,1.0,10.0,1-10Hz,2,79.01958646289185,89.01958646289185,1.8468248736292677e-08,1.4593484328114916e-07,7.901931870473831,True
2025p838820,2025-11-07T08:43:19.998Z,3.423305034852815,8.47245060078692,123.80427792701715,NZ,NGZ,10,HHZ,-39.175583868,175.601172722,126.40643299424161,126.30750691201095,21.067738832373603,36.11612371264046,72.23224742528092,1.0,10.0,1-10Hz,0,72.23224742528092,82.23224742528092,9.311202676461464e-09,3.3585894051375345e-07,36.070414551580775,True
2025p838820,2025-11-07T08:43:19.998Z,3.423305034852815,8.47245060078692,123.80427792701715,NZ,NGZ,10,HHZ,-39.175583868,175.601172722,126.40643299424161,126.30750691201095,21.067738832373603,36.11612371264046,72.23224742528092,1.0,10.0,1-10Hz,1,77.23224742528092,87.23224742528092,9.311202676461464e-09,2.630851986529679e-07,28.254695746022378,True
2025p838820,2025-11-07T08:43:19.998Z,3.423305034852815,8.47245060078692,123.80427792701715,NZ,NGZ,10,HHZ,-39.175583868,175.601172722,126.40643299424161,126.30750691201095,21.067738832373603,36.11612371264046,72.23224742528092,1.0,10.0,1-10Hz,2,82.23224742528092,92.23224742528092,9.311202676461464e-09,2.1086594958904138e-07,22.64647832466437,True
2025p838820,2025-11-07T08:43:19.998Z,3.423305034852815,8.47245060078692,123.80427792701715,NZ,WTVZ,10,HHZ,-39.115252619,175.589692806,119.99035830910938,119.88613801081614,19.99839305151823,34.2829595168884,68.5659190337768,1.0,10.0,1-10Hz,0,68.5659190337768,78.5659190337768,1.2563381929526838e-08,3.269960631924518e-07,26.02771013622819,True
2025p838820,2025-11-07T08:43:19.998Z,3.423305034852815,8.47245060078692,123.80427792701715,NZ,WTVZ,10,HHZ,-39.115252619,175.589692806,119.99035830910938,119.88613801081614,19.99839305151823,34.2829595168884,68.5659190337768,1.0,10.0,1-10Hz,1,73.5659190337768,83.5659190337768,1.2563381929526838e-08,2.574421229500163e-07,20.491466739936328,True
2025p838820,2025-11-07T08:43:19.998Z,3.423305034852815,8.47245060078692,123.80427792701715,NZ,WTVZ,10,HHZ,-39.115252619,175.589692806,119.99035830910938,119.88613801081614,19.99839305151823,34.2829595168884,68.5659190337768,1.0,10.0,1-10Hz,2,78.5659190337768,88.5659190337768,1.2563381929526838e-08,2.536300402005777e-07,20.188038668512394,True
2025p838820,2025-11-07T08:43:19.998Z,3.423305034852815,8.47245060078692,123.80427792701715,NZ,NOVZ,10,EHZ,-39.126493,175.610657,120.90052962419195,120.79709459838061,20.150088270698657,34.54300846405484,69.08601692810969,1.0,10.0,1-10Hz,0,69.08601692810969,79.08601692810969,1.4148309603349006e-08,5.041143859457776e-07,35.63071491073747,True
2025p838820,2025-11-07T08:43:19.998Z,3.423305034852815,8.47245060078692,123.80427792701715,NZ,NOVZ,10,EHZ,-39.126493,175.610657,120.90052962419195,120.79709459838061,20.150088270698657,34.54300846405484,69.08601692810969,1.0,10.0,1-10Hz,1,74.08601692810969,84.08601692810969,1.4148309603349006e-08,3.3923929876139353e-07,23.977373147184533,True
2025p838820,2025-11-07T08:43:19.998Z,3.423305034852815,8.47245060078692,123.80427792701715,NZ,NOVZ,10,EHZ,-39.126493,175.610657,120.90052962419195,120.79709459838061,20.150088270698657,34.54300846405484,69.08601692810969,1.0,10.0,1-10Hz,2,79.08601692810969,89.08601692810969,1.4148309603349006e-08,3.052042297222544e-07,21.571780536242322,True
2025p838820,2025-11-07T08:43:19.998Z,3.423305034852815,8.47245060078692,123.80427792701715,NZ,KRVZ,10,HHZ,-39.094442315,175.641203517,116.97242913323984,116.86551748625776,19.495404855539974,33.420694038068525,66.84138807613705,1.0,10.0,1-10Hz,0,66.84138807613705,76.84138807613705,2.119821116473556e-08,2.956232831550609e-07,13.945671210542859,True
2025p838820,2025-11-07T08:43:19.998Z,3.423305034852815,8.47245060078692,123.80427792701715,NZ,KRVZ,10,HHZ,-39.094442315,175.641203517,116.97242913323984,116.86551748625776,19.495404855539974,33.420694038068525,66.84138807613705,1.0,10.0,1-10Hz,1,71.84138807613705,81.84138807613705,2.119821116473556e-08,2.0851094498380877e-07,9.836251906513635,True
2025p838820,2025-11-07T08:43:19.998Z,3.423305034852815,8.47245060078692,123.80427792701715,NZ,KRVZ,10,HHZ,-39.094442315,175.641203517,116.97242913323984,116.86551748625776,19.495404855539974,33.420694038068525,66.84138807613705,1.0,10.0,1-10Hz,2,76.84138807613705,86.84138807613705,2.119821116473556e-08,1.5649963955425621e-07,7.382681412977069,True
2025p838820,2025-11-07T08:43:19.998Z,3.423305034852815,8.47245060078692,123.80427792701715,NZ,TMVZ,10,HHZ,-39.11561,175.704064,118.62165520206486,118.51623130557924,19.77027586701081,33.89190148630424,67.78380297260848,1.0,10.0,1-10Hz,0,67.78380297260848,77.78380297260848,1.8833720777166862e-08,3.182874989823393e-07,16.89987351666679,True
2025p838820,2025-11-07T08:43:19.998Z,3.423305034852815,8.47245060078692,123.80427792701715,NZ,TMVZ,10,HHZ,-39.11561,175.704064,118.62165520206486,118.51623130557924,19.77027586701081,33.89190148630424,67.78380297260848,1.0,10.0,1-10Hz,1,72.78380297260848,82.78380297260848,1.8833720777166862e-08,3.1656646890361166e-07,16.808493268489055,True
2025p838820,2025-11-07T08:43:19.998Z,3.423305034852815,8.47245060078692,123.80427792701715,NZ,TMVZ,10,HHZ,-39.11561,175.704064,118.62165520206486,118.51623130557924,19.77027586701081,33.89190148630424,67.78380297260848,1.0,10.0,1-10Hz,2,77.78380297260848,87.78380297260848,1.8833720777166862e-08,2.6489657735794704e-07,14.065015643594732,True
2025p838820,2025-11-07T08:43:19.998Z,3.423305034852815,8.47245060078692,123.80427792701715,NZ,NTVZ,10,HHZ,-39.0984817,175.6759733,117.00604801767362,116.89916711728166,19.501008002945603,33.43029943362104,66.86059886724208,1.0,10.0,1-10Hz,0,66.86059886724208,76.86059886724208,2.224096303426172e-08,3.187811749387825e-07,14.33306527454351,True
2025p838820,2025-11-07T08:43:19.998Z,3.423305034852815,8.47245060078692,123.80427792701715,NZ,NTVZ,10,HHZ,-39.0984817,175.6759733,117.00604801767362,116.89916711728166,19.501008002945603,33.43029943362104,66.86059886724208,1.0,10.0,1-10Hz,1,71.86059886724208,81.86059886724208,2.224096303426172e-08,2.752057316978304e-07,12.373822629617338,True
2025p838820,2025-11-07T08:43:19.998Z,3.423305034852815,8.47245060078692,123.80427792701715,NZ,NTVZ,10,HHZ,-39.0984817,175.6759733,117.00604801767362,116.89916711728166,19.501008002945603,33.43029943362104,66.86059886724208,1.0,10.0,1-10Hz,2,76.86059886724208,86.86059886724208,2.224096303426172e-08,2.1940907871631223e-07,9.865088952232748,True
2025p838820,2025-11-07T08:43:19.998Z,3.423305034852815,8.47245060078692,123.80427792701715,NZ,COVZ,11,HHZ,-39.199923,175.542296,129.99542388114094,129.89923106022417,21.665903980190155,37.14154968032598,74.28309936065196,1.0,10.0,1-10Hz,0,74.28309936065196,84.28309936065196,1.3470495743590218e-08,2.8461437690100117e-07,21.128723271853723,True
2025p838820,2025-11-07T08:43:19.998Z,3.423305034852815,8.47245060078692,123.80427792701715,NZ,COVZ,11,HHZ,-39.199923,175.542296,129.99542388114094,129.89923106022417,21.665903980190155,37.14154968032598,74.28309936065196,1.0,10.0,1-10Hz,1,79.28309936065196,89.28309936065196,1.3470495743590218e-08,2.618260058231334e-07,19.436998519354443,True
2025p838820,2025-11-07T08:43:19.998Z,3.423305034852815,8.47245060078692,123.80427792701715,NZ,COVZ,11,HHZ,-39.199923,175.542296,129.99542388114094,129.89923106022417,21.665903980190155,37.14154968032598,74.28309936065196,1.0,10.0,1-10Hz,2,84.28309936065196,94.28309936065196,1.3470495743590218e-08,2.219187852172512e-07,16.47443341666536,True
2025p838820,2025-11-07T08:43:19.998Z,3.423305034852815,8.47245060078692,123.80427792701715,NZ,FWVZ,10,HHZ,-39.254945374,175.55295183,135.8062623243041,135.71418822841517,22.634377054050685,38.80178923551546,77.60357847103091,1.0,10.0,1-10Hz,0,77.60357847103091,87.60357847103091,1.1745007867989456e-08,1.3548470908704405e-07,11.535514544549786,True
2025p838820,2025-11-07T08:43:19.998Z,3.423305034852815,8.47245060078692,123.80427792701715,NZ,FWVZ,10,HHZ,-39.254945374,175.55295183,135.8062623243041,135.71418822841517,22.634377054050685,38.80178923551546,77.60357847103091,1.0,10.0,1-10Hz,1,82.60357847103091,92.60357847103091,1.1745007867989456e-08,1.2857706087960055e-07,10.947379714408887,True
2025p838820,2025-11-07T08:43:19.998Z,3.423305034852815,8.47245060078692,123.80427792701715,NZ,FWVZ,10,HHZ,-39.254945374,175.55295183,135.8062623243041,135.71418822841517,22.634377054050685,38.80178923551546,77.60357847103091,1.0,10.0,1-10Hz,2,87.60357847103091,97.60357847103091,1.1745007867989456e-08,1.0238015089302763e-07,8.716907816814714,True
2025p838820,2025-11-07T08:43:19.998Z,3.423305034852815,8.47245060078692,123.80427792701715,NZ,WHVZ,10,HHZ,-39.2825,175.5886,138.28596669455743,138.19554473516231,23.04766111575957,39.51027619844498,79.02055239688995,1.0,10.0,1-10Hz,0,79.02055239688995,89.02055239688995,2.8796564211969803e-08,1.495551496213766e-07,5.193506715610584,True
2025p838820,2025-11-07T08:43:19.998Z,3.423305034852815,8.47245060078692,123.80427792701715,NZ,WHVZ,10,HHZ,-39.2825,175.5886,138.28596669455743,138.19554473516231,23.04766111575957,39.51027619844498,79.02055239688995,1.0,10.0,1-10Hz,1,84.02055239688995,94.02055239688995,2.8796564211969803e-08,1.237663351678526e-07,4.297954931595864,True
2025p838820,2025-11-07T08:43:19.998Z,3.423305034852815,8.47245060078692,123.80427792701715,NZ,WHVZ,10,HHZ,-39.2825,175.5886,138.28596669455743,138.19554473516231,23.04766111575957,39.51027619844498,79.02055239688995,1.0,10.0,1-10Hz,2,89.02055239688995,99.02055239688995,2.8796564211969803e-08,1.184946873768859e-07,4.11488976617674,True
2025p838820,2025-11-07T08:43:19.998Z,3.423305034852815,8.47245060078692,123.80427792701715,NZ,TWVZ,10,HHZ,-39.071001379,175.437731105,118.39748942748967,118.29186575049245,19.732914904581612,33.827854122139904,67.65570824427981,1.0,10.0,1-10Hz,0,67.65570824427981,77.65570824427981,5.161668655608799e-09,2.541572392384067e-07,49.23935575799371,True
2025p838820,2025-11-07T08:43:19.998Z,3.423305034852815,8.47245060078692,123.80427792701715,NZ,TWVZ,10,HHZ,-39.071001379,175.437731105,118.39748942748967,118.29186575049245,19.732914904581612,33.827854122139904,67.65570824427981,1.0,10.0,1-10Hz,1,72.65570824427981,82.65570824427981,5.161668655608799e-09,1.7486915269041399e-07,33.87841497737302,True
2025p838820,2025-11-07T08:43:19.998Z,3.423305034852815,8.47245060078692,123.80427792701715,NZ,TWVZ,10,HHZ,-39.071001379,175.437731105,118.39748942748967,118.29186575049245,19.732914904581612,33.827854122139904,67.65570824427981,1.0,10.0,1-10Hz,2,77.65570824427981,87.65570824427981,5.161668655608799e-09,1.437381808478509e-07,27.847231280849726,True
2025p838820,2025-11-07T08:43:19.998Z,3.423305034852815,8.47245060078692,123.80427792701715,NZ,MAVZ,11,HHZ,-39.2679133,175.5616533,137.08416373689866,136.9929485318308,22.847360622816442,39.16690392482819,78.33380784965638,1.0,10.0,1-10Hz,0,78.33380784965638,88.33380784965638,5.5933799376787845e-08,2.0722915460671955e-07,3.704900380729693,True
2025p838820,2025-11-07T08:43:19.998Z,3.423305034852815,8.47245060078692,123.80427792701715,NZ,MAVZ,11,HHZ,-39.2679133,175.5616533,137.08416373689866,136.9929485318308,22.847360622816442,39.16690392482819,78.33380784965638,1.0,10.0,1-10Hz,1,83.33380784965638,93.33380784965638,5.5933799376787845e-08,1.6317091700555271e-07,2.9172149724066045,True
2025p838820,2025-11-07T08:43:19.998Z,3.423305034852815,8.47245060078692,123.80427792701715,NZ,MAVZ,11,HHZ,-39.2679133,175.5616533,137.08416373689866,136.9929485318308,22.847360622816442,39.16690392482819,78.33380784965638,1.0,10.0,1-10Hz,2,88.33380784965638,98.33380784965638,5.5933799376787845e-08,1.5761295559315562e-07,2.8178481946385348,True
2025p838820,2025-11-07T08:43:19.998Z,3.423305034852815,8.47245060078692,123.80427792701715,NZ,TRVZ,10,HHZ,-39.298816259,175.547821602,140.67183269338713,140.58294531455905,23.445305448897855,40.191952198110606,80.38390439622121,1.0,10.0,1-10Hz,0,80.38390439622121,90.38390439622121,1.541477934399039e-08,1.4490903110930296e-07,9.400655557602725,True
2025p838820,2025-11-07T08:43:19.998Z,3.423305034852815,8.47245060078692,123.80427792701715,NZ,TRVZ,10,HHZ,-39.298816259,175.547821602,140.67183269338713,140.58294531455905,23.445305448897855,40.191952198110606,80.38390439622121,1.0,10.0,1-10Hz,1,85.38390439622121,95.38390439622121,1.541477934399039e-08,1.2646281054879104e-07,8.203997457679721,True
2025p838820,2025-11-07T08:43:19.998Z,3.423305034852815,8.47245060078692,123.80427792701715,NZ,TRVZ,10,HHZ,-39.298816259,175.547821602,140.67183269338713,140.58294531455905,23.445305448897855,40.191952198110606,80.38390439622121,1.0,10.0,1-10Hz,2,90.38390439622121,100.38390439622121,1.541477934399039e-08,1.1362384417162735e-07,7.371097674254076,True
2025p838820,2025-11-07T08:43:19.998Z,3.423305034852815,8.47245060078692,123.80427792701715,NZ,TUVZ,10,EHZ,-39.267675863,175.654153029,135.8647315418466,135.77269709679499,22.644121923641098,38.81849472624189,77.63698945248377,1.0,10.0,1-10Hz,0,77.63698945248377,87.63698945248377,2.315562393798363e-08,4.543594695211597e-07,19.6219920801117,True
2025p838820,2025-11-07T08:43:19.998Z,3.423305034852815,8.47245060078692,123.80427792701715,NZ,TUVZ,10,EHZ,-39.267675863,175.654153029,135.8647315418466,135.77269709679499,22.644121923641098,38.81849472624189,77.63698945248377,1.0,10.0,1-10Hz,1,82.63698945248377,92.63698945248377,2.315562393798363e-08,3.5151831348822395e-07,15.180688476789705,True
2025p838820,2025-11-07T08:43:19.998Z,3.423305034852815,8.47245060078692,123.80427792701715,NZ,TUVZ,10,EHZ,-39.267675863,175.654153029,135.8647315418466,135.77269709679499,22.644121923641098,38.81849472624189,77.63698945248377,1.0,10.0,1-10Hz,2,87.63698945248377,97.63698945248377,2.315562393798363e-08,3.0398374915495186e-07,13.127858267567913,True
2025p819766,2025-10-31T07:31:23.509Z,3.298920165062114,32.96335828803062,134.86636663268422,NZ,OTVZ,10,HHZ,-39.163113759,175.665073554,133.99569545873555,133.9688166004434,22.332615909789258,38.28448441678159,76.56896883356318,1.0,10.0,1-10Hz,0,76.56896883356318,86.56896883356318,3.130585986860519e-08,9.732903862394814e-08,3.1089718995884765,True
2025p819766,2025-10-31T07:31:23.509Z,3.298920165062114,32.96335828803062,134.86636663268422,NZ,OTVZ,10,HHZ,-39.163113759,175.665073554,133.99569545873555,133.9688166004434,22.332615909789258,38.28448441678159,76.56896883356318,1.0,10.0,1-10Hz,1,81.56896883356318,91.56896883356318,3.130585986860519e-08,7.285295488828242e-08,2.3271347662723803,True
2025p819766,2025-10-31T07:31:23.509Z,3.298920165062114,32.96335828803062,134.86636663268422,NZ,OTVZ,10,HHZ,-39.163113759,175.665073554,133.99569545873555,133.9688166004434,22.332615909789258,38.28448441678159,76.56896883356318,1.0,10.0,1-10Hz,2,86.56896883356318,96.56896883356318,3.130585986860519e-08,7.020920823272203e-08,2.2426858271071075,True
2025p819766,2025-10-31T07:31:23.509Z,3.298920165062114,32.96335828803062,134.86636663268422,NZ,SNVZ,10,EHZ,-39.1862267,175.6403333,137.30299688306633,137.2767655975488,22.88383281384439,39.22942768087609,78.45885536175219,1.0,10.0,1-10Hz,0,78.45885536175219,88.45885536175219,1.5816231802086446e-08,1.0975498430371757e-07,6.939388956681762,True
2025p819766,2025-10-31T07:31:23.509Z,3.298920165062114,32.96335828803062,134.86636663268422,NZ,SNVZ,10,EHZ,-39.1862267,175.6403333,137.30299688306633,137.2767655975488,22.88383281384439,39.22942768087609,78.45885536175219,1.0,10.0,1-10Hz,1,83.45885536175219,93.45885536175219,1.5816231802086446e-08,8.361179231819243e-08,5.2864546602789755,True
2025p819766,2025-10-31T07:31:23.509Z,3.298920165062114,32.96335828803062,134.86636663268422,NZ,SNVZ,10,EHZ,-39.1862267,175.6403333,137.30299688306633,137.2767655975488,22.88383281384439,39.22942768087609,78.45885536175219,1.0,10.0,1-10Hz,2,88.45885536175219,98.45885536175219,1.5816231802086446e-08,7.972711306460647e-08,5.040841210615604,True
2025p819766,2025-10-31T07:31:23.509Z,3.298920165062114,32.96335828803062,134.86636663268422,NZ,ETVZ,10,HHZ,-39.1357,175.7106,129.3494828598118,129.32163831298217,21.558247143301966,36.95699510280337,73.91399020560674,1.0,10.0,1-10Hz,0,73.91399020560674,83.91399020560674,2.9495045604076384e-08,1.5137043944243222e-07,5.1320632445983385,True
2025p819766,2025-10-31T07:31:23.509Z,3.298920165062114,32.96335828803062,134.86636663268422,NZ,ETVZ,10,HHZ,-39.1357,175.7106,129.3494828598118,129.32163831298217,21.558247143301966,36.95699510280337,73.91399020560674,1.0,10.0,1-10Hz,1,78.91399020560674,88.91399020560674,2.9495045604076384e-08,1.299447046616241e-07,4.405645151593358,True
2025p819766,2025-10-31T07:31:23.509Z,3.298920165062114,32.96335828803062,134.86636663268422,NZ,ETVZ,10,HHZ,-39.1357,175.7106,129.3494828598118,129.32163831298217,21.558247143301966,36.95699510280337,73.91399020560674,1.0,10.0,1-10Hz,2,83.91399020560674,93.91399020560674,2.9495045604076384e-08,1.3230650072714166e-07,4.485719483303872,True
2025p819766,2025-10-31T07:31:23.509Z,3.298920165062114,32.96335828803062,134.86636663268422,NZ,NGZ,10,HHZ,-39.175583868,175.601172722,138.13745918761342,138.11138639034291,23.022909864602237,39.467845482175264,78.93569096435053,1.0,10.0,1-10Hz,0,78.93569096435053,88.93569096435053,1.7941752905041075e-08,9.346835099494338e-08,5.209543988797308,True
2025p819766,2025-10-31T07:31:23.509Z,3.298920165062114,32.96335828803062,134.86636663268422,NZ,NGZ,10,HHZ,-39.175583868,175.601172722,138.13745918761342,138.11138639034291,23.022909864602237,39.467845482175264,78.93569096435053,1.0,10.0,1-10Hz,1,83.93569096435053,93.93569096435053,1.7941752905041075e-08,7.607780208170932e-08,4.2402658471756025,True
2025p819766,2025-10-31T07:31:23.509Z,3.298920165062114,32.96335828803062,134.86636663268422,NZ,NGZ,10,HHZ,-39.175583868,175.601172722,138.13745918761342,138.11138639034291,23.022909864602237,39.467845482175264,78.93569096435053,1.0,10.0,1-10Hz,2,88.93569096435053,98.93569096435053,1.7941752905041075e-08,6.991977244394462e-08,3.8970424358201554,True
2025p819766,2025-10-31T07:31:23.509Z,3.298920165062114,32.96335828803062,134.86636663268422,NZ,WTVZ,10,HHZ,-39.115252619,175.589692806,133.17411666975136,133.1470719566209,22.195686111625225,38.04974761992896,76.09949523985792,1.0,10.0,1-10Hz,0,76.09949523985792,86.09949523985792,2.037060290821402e-08,7.662921319898877e-08,3.7617547965696017,True
2025p819766,2025-10-31T07:31:23.509Z,3.298920165062114,32.96335828803062,134.86636663268422,NZ,WTVZ,10,HHZ,-39.115252619,175.589692806,133.17411666975136,133.1470719566209,22.195686111625225,38.04974761992896,76.09949523985792,1.0,10.0,1-10Hz,1,81.09949523985792,91.09949523985792,2.037060290821402e-08,6.045837389564019e-08,2.967922656391363,True
2025p819766,2025-10-31T07:31:23.509Z,3.298920165062114,32.96335828803062,134.86636663268422,NZ,WTVZ,10,HHZ,-39.115252619,175.589692806,133.17411666975136,133.1470719566209,22.195686111625225,38.04974761992896,76.09949523985792,1.0,10.0,1-10Hz,2,86.09949523985792,96.09949523985792,2.037060290821402e-08,5.602596073099526e-08,2.7503339485550504,True
2025p819766,2025-10-31T07:31:23.509Z,3.298920165062114,32.96335828803062,134.86636663268422,NZ,NOVZ,10,EHZ,-39.126493,175.610657,133.15938321698118,133.13233551087384,22.19323053616353,38.04553806199463,76.09107612398925,1.0,10.0,1-10Hz,0,76.09107612398925,86.09107612398925,1.9658496785494696e-08,1.0418282646779654e-07,5.299633415748723,True
2025p819766,2025-10-31T07:31:23.509Z,3.298920165062114,32.96335828803062,134.86636663268422,NZ,NOVZ,10,EHZ,-39.126493,175.610657,133.15938321698118,133.13233551087384,22.19323053616353,38.04553806199463,76.09107612398925,1.0,10.0,1-10Hz,1,81.09107612398925,91.09107612398925,1.9658496785494696e-08,7.656931115723743e-08,3.894972845214452,True
2025p819766,2025-10-31T07:31:23.509Z,3.298920165062114,32.96335828803062,134.86636663268422,NZ,NOVZ,10,EHZ,-39.126493,175.610657,133.15938321698118,133.13233551087384,22.19323053616353,38.04553806199463,76.09107612398925,1.0,10.0,1-10Hz,2,86.09107612398925,96.09107612398925,1.9658496785494696e-08,6.679252644661952e-08,3.397641598715897,True
2025p819766,2025-10-31T07:31:23.509Z,3.298920165062114,32.96335828803062,134.86636663268422,NZ,KRVZ,10,HHZ,-39.094442315,175.641203517,128.73176035418564,128.70378216564,21.455293392364272,36.78050295833875,73.5610059166775,1.0,10.0,1-10Hz,0,73.5610059166775,83.5610059166775,2.4186602313893664e-08,8.184415665495204e-08,3.383863330317288,True
2025p819766,2025-10-31T07:31:23.509Z,3.298920165062114,32.96335828803062,134.86636663268422,NZ,KRVZ,10,HHZ,-39.094442315,175.641203517,128.73176035418564,128.70378216564,21.455293392364272,36.78050295833875,73.5610059166775,1.0,10.0,1-10Hz,1,78.5610059166775,88.5610059166775,2.4186602313893664e-08,6.64310012787912e-08,2.7466032812980443,True
2025p819766,2025-10-31T07:31:23.509Z,3.298920165062114,32.96335828803062,134.86636663268422,NZ,KRVZ,10,HHZ,-39.094442315,175.641203517,128.73176035418564,128.70378216564,21.455293392364272,36.78050295833875,73.5610059166775,1.0,10.0,1-10Hz,2,83.5610059166775,93.5610059166775,2.4186602313893664e-08,6.738882929556183e-08,2.7862048757816322,True
2025p819766,2025-10-31T07:31:23.509Z,3.298920165062114,32.96335828803062,134.86636663268422,NZ,TMVZ,10,HHZ,-39.11561,175.704064,127.73861958068225,127.71042381979356,21.28976993011371,36.4967484516235,72.993496903247,1.0,10.0,1-10Hz,0,72.993496903247,82.993496903247,3.434042082177695e-08,1.4246660820921958e-07,4.1486564462504925,True
2025p819766,2025-10-31T07:31:23.509Z,3.298920165062114,32.96335828803062,134.86636663268422,NZ,TMVZ,10,HHZ,-39.11561,175.704064,127.73861958068225,127.71042381979356,21.28976993011371,36.4967484516235,72.993496903247,1.0,10.0,1-10Hz,1,77.993496903247,87.993496903247,3.434042082177695e-08,1.235614515114232e-07,3.5981344594666935,True
2025p819766,2025-10-31T07:31:23.509Z,3.298920165062114,32.96335828803062,134.86636663268422,NZ,TMVZ,10,HHZ,-39.11561,175.704064,127.73861958068225,127.71042381979356,21.28976993011371,36.4967484516235,72.993496903247,1.0,10.0,1-10Hz,2,82.993496903247,92.993496903247,3.434042082177695e-08,8.549201035134925e-08,2.4895446329864006,True
2025p819766,2025-10-31T07:31:23.509Z,3.298920165062114,32.96335828803062,134.86636663268422,NZ,NTVZ,10,HHZ,-39.0984817,175.6759733,127.4350046072028,127.40674165479169,21.2391674345338,36.41000131634366,72.82000263268732,1.0,10.0,1-10Hz,0,72.82000263268732,82.82000263268732,2.6086293748422818e-08,7.631579463065253e-08,2.925513120669608,True
2025p819766,2025-10-31T07:31:23.509Z,3.298920165062114,32.96335828803062,134.86636663268422,NZ,NTVZ,10,HHZ,-39.0984817,175.6759733,127.4350046072028,127.40674165479169,21.2391674345338,36.41000131634366,72.82000263268732,1.0,10.0,1-10Hz,1,77.82000263268732,87.82000263268732,2.6086293748422818e-08,6.79864980162842e-08,2.6062153049393872,True
2025p819766,2025-10-31T07:31:23.509Z,3.298920165062114,32.96335828803062,134.86636663268422,NZ,NTVZ,10,HHZ,-39.0984817,175.6759733,127.4350046072028,127.40674165479169,21.2391674345338,36.41000131634366,72.82000263268732,1.0,10.0,1-10Hz,2,82.82000263268732,92.82000263268732,2.6086293748422818e-08,6.390458781658498e-08,2.4497381051092653,True
2025p819766,2025-10-31T07:31:23.509Z,3.298920165062114,32.96335828803062,134.86636663268422,NZ,COVZ,11,HHZ,-39.199923,175.542296,143.22237796609912,143.19723101414073,23.870396327683185,40.92067941888546,81.84135883777093,1.0,10.0,1-10Hz,0,81.84135883777093,91.84135883777093,2.3922134941909747e-08,9.773356973815082e-08,4.085486933983016,True
2025p819766,2025-10-31T07:31:23.509Z,3.298920165062114,32.96335828803062,134.86636663268422,NZ,COVZ,11,HHZ,-39.199923,175.542296,143.22237796609912,143.19723101414073,23.870396327683185,40.92067941888546,81.84135883777093,1.0,10.0,1-10Hz,1,86.84135883777093,96.84135883777093,2.3922134941909747e-08,8.932624404908396e-08,3.7340414752276656,True
2025p819766,2025-10-31T07:31:23.509Z,3.298920165062114,32.96335828803062,134.86636663268422,NZ,COVZ,11,HHZ,-39.199923,175.542296,143.22237796609912,143.19723101414073,23.870396327683185,40.92067941888546,81.84135883777093,1.0,10.0,1-10Hz,2,91.84135883777093,101.84135883777093,2.3922134941909747e-08,6.153462052747336e-08,2.5722879950680912,True
2025p819766,2025-10-31T07:31:23.509Z,3.298920165062114,32.96335828803062,134.86636663268422,NZ,FWVZ,10,HHZ,-39.254945374,175.55295183,147.78870467868703,147.76433483915258,24.631450779781172,42.22534419391058,84.45068838782116,1.0,10.0,1-10Hz,0,84.45068838782116,94.45068838782116,4.5363138951134406e-08,6.032846266711562e-08,1.329900532943763,False
2025p819766,2025-10-31T07:31:23.509Z,3.298920165062114,32.96335828803062,134.86636663268422,NZ,FWVZ,10,HHZ,-39.254945374,175.55295183,147.78870467868703,147.76433483915258,24.631450779781172,42.22534419391058,84.45068838782116,1.0,10.0,1-10Hz,1,89.45068838782116,99.45068838782116,4.5363138951134406e-08,4.7526434576551224e-08,1.0476884024217799,False
2025p819766,2025-10-31T07:31:23.509Z,3.298920165062114,32.96335828803062,134.86636663268422,NZ,FWVZ,10,HHZ,-39.254945374,175.55295183,147.78870467868703,147.76433483915258,24.631450779781172,42.22534419391058,84.45068838782116,1.0,10.0,1-10Hz,2,94.45068838782116,104.45068838782116,4.5363138951134406e-08,4.726752097044172e-08,1.0419808254750345,False
2025p819766,2025-10-31T07:31:23.509Z,3.298920165062114,32.96335828803062,134.86636663268422,NZ,WHVZ,10,HHZ,-39.2825,175.5886,148.74414716513016,148.71993388828187,24.79069119418836,42.49832776146576,84.99665552293152,1.0,10.0,1-10Hz,0,84.99665552293152,94.99665552293152,2.474090019366037e-08,9.821688636858588e-08,3.969818624212916,True
2025p819766,2025-10-31T07:31:23.509Z,3.298920165062114,32.96335828803062,134.86636663268422,NZ,WHVZ,10,HHZ,-39.2825,175.5886,148.74414716513016,148.71993388828187,24.79069119418836,42.49832776146576,84.99665552293152,1.0,10.0,1-10Hz,1,89.99665552293152,99.99665552293152,2.474090019366037e-08,7.368966180438193e-08,2.978455158364215,True
2025p819766,2025-10-31T07:31:23.509Z,3.298920165062114,32.96335828803062,134.86636663268422,NZ,WHVZ,10,HHZ,-39.2825,175.5886,148.74414716513016,148.71993388828187,24.79069119418836,42.49832776146576,84.99665552293152,1.0,10.0,1-10Hz,2,94.99665552293152,104.99665552293152,2.474090019366037e-08,4.765578888907541e-08,1.9261946217012256,False
2025p819766,2025-10-31T07:31:23.509Z,3.298920165062114,32.96335828803062,134.86636663268422,NZ,TWVZ,10,HHZ,-39.071001379,175.437731105,137.46700782744466,137.4408078442635,22.911167971240776,39.276287950698475,78.55257590139695,1.0,10.0,1-10Hz,0,78.55257590139695,88.55257590139695,7.55348390524433e-09,3.2356872598872095e-08,4.283701799696289,True
2025p819766,2025-10-31T07:31:23.509Z,3.298920165062114,32.96335828803062,134.86636663268422,NZ,TWVZ,10,HHZ,-39.071001379,175.437731105,137.46700782744466,137.4408078442635,22.911167971240776,39.276287950698475,78.55257590139695,1.0,10.0,1-10Hz,1,83.55257590139695,93.55257590139695,7.55348390524433e-09,3.9257031725782793e-08,5.197208628263167,True
2025p819766,2025-10-31T07:31:23.509Z,3.298920165062114,32.96335828803062,134.86636663268422,NZ,TWVZ,10,HHZ,-39.071001379,175.437731105,137.46700782744466,137.4408078442635,22.911167971240776,39.276287950698475,78.55257590139695,1.0,10.0,1-10Hz,2,88.55257590139695,98.55257590139695,7.55348390524433e-09,4.2006675391461146e-08,5.561231865774707,True
2025p819766,2025-10-31T07:31:23.509Z,3.298920165062114,32.96335828803062,134.86636663268422,NZ,MAVZ,11,HHZ,-39.2679133,175.5616533,148.5951337527325,148.57089619049046,24.765855625455416,42.45575250078071,84.91150500156142,1.0,10.0,1-10Hz,0,84.91150500156142,94.91150500156142,5.387263206499153e-08,7.958046241111047e-08,1.477196479190124,False
2025p819766,2025-10-31T07:31:23.509Z,3.298920165062114,32.96335828803062,134.86636663268422,NZ,MAVZ,11,HHZ,-39.2679133,175.5616533,148.5951337527325,148.57089619049046,24.765855625455416,42.45575250078071,84.91150500156142,1.0,10.0,1-10Hz,1,89.91150500156142,99.91150500156142,5.387263206499153e-08,8.144404420137584e-08,1.5117888449022199,False
2025p819766,2025-10-31T07:31:23.509Z,3.298920165062114,32.96335828803062,134.86636663268422,NZ,MAVZ,11,HHZ,-39.2679133,175.5616533,148.5951337527325,148.57089619049046,24.765855625455416,42.45575250078071,84.91150500156142,1.0,10.0,1-10Hz,2,94.91150500156142,104.91150500156142,5.387263206499153e-08,7.94747160369734e-08,1.4752335831873913,False
2025p819766,2025-10-31T07:31:23.509Z,3.298920165062114,32.96335828803062,134.86636663268422,NZ,TRVZ,10,HHZ,-39.298816259,175.547821602,152.13308896060255,152.10941514760893,25.35551482676709,43.46659684588644,86.93319369177289,1.0,10.0,1-10Hz,0,86.93319369177289,96.93319369177289,1.768467528768913e-08,4.6876026110912616e-08,2.650658004647929,True
2025p819766,2025-10-31T07:31:23.509Z,3.298920165062114,32.96335828803062,134.86636663268422,NZ,TRVZ,10,HHZ,-39.298816259,175.547821602,152.13308896060255,152.10941514760893,25.35551482676709,43.46659684588644,86.93319369177289,1.0,10.0,1-10Hz,1,91.93319369177289,101.93319369177289,1.768467528768913e-08,4.335182755859375e-08,2.4513782047653625,True
2025p819766,2025-10-31T07:31:23.509Z,3.298920165062114,32.96335828803062,134.86636663268422,NZ,TRVZ,10,HHZ,-39.298816259,175.547821602,152.13308896060255,152.10941514760893,25.35551482676709,43.46659684588644,86.93319369177289,1.0,10.0,1-10Hz,2,96.93319369177289,106.93319369177289,1.768467528768913e-08,3.58252479313706e-08,2.025779232503619,True
2025p822964,2025-11-01T11:55:33.162Z,3.2922132368530894,331.67547197824,65.58740424147601,NZ,OTVZ,10,HHZ,-39.163113759,175.665073554,67.77414238109155,67.58945461751019,11.295690396848592,19.36404068031187,38.72808136062374,1.0,10.0,1-10Hz,0,38.72808136062374,48.72808136062374,1.920194328094519e-08,5.833014675650704e-07,30.37721021412986,True
2025p822964,2025-11-01T11:55:33.162Z,3.2922132368530894,331.67547197824,65.58740424147601,NZ,OTVZ,10,HHZ,-39.163113759,175.665073554,67.77414238109155,67.58945461751019,11.295690396848592,19.36404068031187,38.72808136062374,1.0,10.0,1-10Hz,1,43.72808136062374,53.72808136062374,1.920194328094519e-08,4.3868747993957736e-07,22.845993945566097,True
2025p822964,2025-11-01T11:55:33.162Z,3.2922132368530894,331.67547197824,65.58740424147601,NZ,OTVZ,10,HHZ,-39.163113759,175.665073554,67.77414238109155,67.58945461751019,11.295690396848592,19.36404068031187,38.72808136062374,1.0,10.0,1-10Hz,2,48.72808136062374,58.72808136062374,1.920194328094519e-08,2.8766809931527685e-07,14.981197220842786,True
2025p822964,2025-11-01T11:55:33.162Z,3.2922132368530894,331.67547197824,65.58740424147601,NZ,SNVZ,10,EHZ,-39.1862267,175.6403333,68.98769594000304,68.80626563845992,11.49794932333384,19.710770268572297,39.421540537144594,1.0,10.0,1-10Hz,0,39.421540537144594,49.421540537144594,1.681320436083164e-08,4.7197172124839115e-07,28.07149137780692,True
2025p822964,2025-11-01T11:55:33.162Z,3.2922132368530894,331.67547197824,65.58740424147601,NZ,SNVZ,10,EHZ,-39.1862267,175.6403333,68.98769594000304,68.80626563845992,11.49794932333384,19.710770268572297,39.421540537144594,1.0,10.0,1-10Hz,1,44.421540537144594,54.421540537144594,1.681320436083164e-08,3.437319723245303e-07,20.444167866376194,True
2025p822964,2025-11-01T11:55:33.162Z,3.2922132368530894,331.67547197824,65.58740424147601,NZ,SNVZ,10,EHZ,-39.1862267,175.6403333,68.98769594000304,68.80626563845992,11.49794932333384,19.710770268572297,39.421540537144594,1.0,10.0,1-10Hz,2,49.421540537144594,59.421540537144594,1.681320436083164e-08,2.473643568120829e-07,14.712505213363588,True
2025p822964,2025-11-01T11:55:33.162Z,3.2922132368530894,331.67547197824,65.58740424147601,NZ,ETVZ,10,HHZ,-39.1357,175.7106,67.30343308621056,67.11745007961807,11.21723884770176,19.229552310345873,38.45910462069175,1.0,10.0,1-10Hz,0,38.45910462069175,48.45910462069175,1.8879880293327386e-08,5.49969799831039e-07,29.129941042338697,True
2025p822964,2025-11-01T11:55:33.162Z,3.2922132368530894,331.67547197824,65.58740424147601,NZ,ETVZ,10,HHZ,-39.1357,175.7106,67.30343308621056,67.11745007961807,11.21723884770176,19.229552310345873,38.45910462069175,1.0,10.0,1-10Hz,1,43.45910462069175,53.45910462069175,1.8879880293327386e-08,4.302706983158785e-07,22.78990606036558,True
2025p822964,2025-11-01T11:55:33.162Z,3.2922132368530894,331.67547197824,65.58740424147601,NZ,ETVZ,10,HHZ,-39.1357,175.7106,67.30343308621056,67.11745007961807,11.21723884770176,19.229552310345873,38.45910462069175,1.0,10.0,1-10Hz,2,48.45910462069175,58.45910462069175,1.8879880293327386e-08,2.677103381978188e-07,14.17966290244087,True
2025p822964,2025-11-01T11:55:33.162Z,3.2922132368530894,331.67547197824,65.58740424147601,NZ,NGZ,10,HHZ,-39.175583868,175.601172722,66.42920525433375,66.24076773953034,11.071534209055626,18.979772929809645,37.95954585961929,1.0,10.0,1-10Hz,0,37.95954585961929,47.95954585961929,1.2718452224088476e-08,8.278771400308985e-07,65.09260132006605,True
2025p822964,2025-11-01T11:55:33.162Z,3.2922132368530894,331.67547197824,65.58740424147601,NZ,NGZ,10,HHZ,-39.175583868,175.601172722,66.42920525433375,66.24076773953034,11.071534209055626,18.979772929809645,37.95954585961929,1.0,10.0,1-10Hz,1,42.95954585961929,52.95954585961929,1.2718452224088476e-08,5.356840908269814e-07,42.11865417180301,True
2025p822964,2025-11-01T11:55:33.162Z,3.2922132368530894,331.67547197824,65.58740424147601,NZ,NGZ,10,HHZ,-39.175583868,175.601172722,66.42920525433375,66.24076773953034,11.071534209055626,18.979772929809645,37.95954585961929,1.0,10.0,1-10Hz,2,47.95954585961929,57.95954585961929,1.2718452224088476e-08,3.5190956477598037e-07,27.66921309099791,True
2025p822964,2025-11-01T11:55:33.162Z,3.2922132368530894,331.67547197824,65.58740424147601,NZ,WTVZ,10,HHZ,-39.115252619,175.589692806,60.00496836979369,59.796289425514864,10.000828061632282,17.144276677083912,34.288553354167824,1.0,10.0,1-10Hz,0,34.288553354167824,44.288553354167824,1.3845588789973142e-08,9.565176579105253e-07,69.08465016693457,True
2025p822964,2025-11-01T11:55:33.162Z,3.2922132368530894,331.67547197824,65.58740424147601,NZ,WTVZ,10,HHZ,-39.115252619,175.589692806,60.00496836979369,59.796289425514864,10.000828061632282,17.144276677083912,34.288553354167824,1.0,10.0,1-10Hz,1,39.288553354167824,49.288553354167824,1.3845588789973142e-08,6.639478867893661e-07,47.95374879760921,True
2025p822964,2025-11-01T11:55:33.162Z,3.2922132368530894,331.67547197824,65.58740424147601,NZ,WTVZ,10,HHZ,-39.115252619,175.589692806,60.00496836979369,59.796289425514864,10.000828061632282,17.144276677083912,34.288553354167824,1.0,10.0,1-10Hz,2,44.288553354167824,54.288553354167824,1.3845588789973142e-08,4.263536111020903e-07,30.79346191552735,True
2025p822964,2025-11-01T11:55:33.162Z,3.2922132368530894,331.67547197824,65.58740424147601,NZ,NOVZ,10,EHZ,-39.126493,175.610657,61.94696165158154,61.74484640731171,10.324493608596923,17.699131900451867,35.398263800903734,1.0,10.0,1-10Hz,0,35.398263800903734,45.398263800903734,1.924951947142777e-08,1.4051480355886197e-06,72.9965253249201,True
2025p822964,2025-11-01T11:55:33.162Z,3.2922132368530894,331.67547197824,65.58740424147601,NZ,NOVZ,10,EHZ,-39.126493,175.610657,61.94696165158154,61.74484640731171,10.324493608596923,17.699131900451867,35.398263800903734,1.0,10.0,1-10Hz,1,40.398263800903734,50.398263800903734,1.924951947142777e-08,9.252300931507511e-07,48.06510076909079,True
2025p822964,2025-11-01T11:55:33.162Z,3.2922132368530894,331.67547197824,65.58740424147601,NZ,NOVZ,10,EHZ,-39.126493,175.610657,61.94696165158154,61.74484640731171,10.324493608596923,17.699131900451867,35.398263800903734,1.0,10.0,1-10Hz,2,45.398263800903734,55.398263800903734,1.924951947142777e-08,5.631057003418675e-07,29.252974401656633,True
2025p822964,2025-11-01T11:55:33.162Z,3.2922132368530894,331.67547197824,65.58740424147601,NZ,KRVZ,10,HHZ,-39.094442315,175.641203517,60.203090925812496,59.99510110852091,10.033848487635415,17.200883121660713,34.401766243321426,1.0,10.0,1-10Hz,0,34.401766243321426,44.401766243321426,2.086034951352849e-08,7.170960145712505e-07,34.37603066555499,True
2025p822964,2025-11-01T11:55:33.162Z,3.2922132368530894,331.67547197824,65.58740424147601,NZ,KRVZ,10,HHZ,-39.094442315,175.641203517,60.203090925812496,59.99510110852091,10.033848487635415,17.200883121660713,34.401766243321426,1.0,10.0,1-10Hz,1,39.401766243321426,49.401766243321426,2.086034951352849e-08,4.774234299347665e-07,22.886645769053143,True
2025p822964,2025-11-01T11:55:33.162Z,3.2922132368530894,331.67547197824,65.58740424147601,NZ,KRVZ,10,HHZ,-39.094442315,175.641203517,60.203090925812496,59.99510110852091,10.033848487635415,17.200883121660713,34.401766243321426,1.0,10.0,1-10Hz,2,44.401766243321426,54.401766243321426,2.086034951352849e-08,3.5330015897129963e-07,16.93644484442483,True
2025p822964,2025-11-01T11:55:33.162Z,3.2922132368530894,331.67547197824,65.58740424147601,NZ,TMVZ,10,HHZ,-39.11561,175.704064,65.15475288971118,64.96261866734842,10.859125481618529,18.61564368277462,37.23128736554924,1.0,10.0,1-10Hz,0,37.23128736554924,47.23128736554924,2.278849532570033e-08,6.091370327407722e-07,26.730024252799254,True
2025p822964,2025-11-01T11:55:33.162Z,3.2922132368530894,331.67547197824,65.58740424147601,NZ,TMVZ,10,HHZ,-39.11561,175.704064,65.15475288971118,64.96261866734842,10.859125481618529,18.61564368277462,37.23128736554924,1.0,10.0,1-10Hz,1,42.23128736554924,52.23128736554924,2.278849532570033e-08,4.498624149112846e-07,19.74076868532607,True
2025p822964,2025-11-01T11:55:33.162Z,3.2922132368530894,331.67547197824,65.58740424147601,NZ,TMVZ,10,HHZ,-39.11561,175.704064,65.15475288971118,64.96261866734842,10.859125481618529,18.61564368277462,37.23128736554924,1.0,10.0,1-10Hz,2,47.23128736554924,57.23128736554924,2.278849532570033e-08,2.9829582666316964e-07,13.089755264655786,True
2025p822964,2025-11-01T11:55:33.162Z,3.2922132368530894,331.67547197824,65.58740424147601,NZ,NTVZ,10,HHZ,-39.0984817,175.6759733,62.21772068923279,62.016487870270325,10.369620114872133,17.776491625495083,35.55298325099017,1.0,10.0,1-10Hz,0,35.55298325099017,45.55298325099017,1.915226688309744e-08,1.0289431527178169e-06,53.72435331015024,True
2025p822964,2025-11-01T11:55:33.162Z,3.2922132368530894,331.67547197824,65.58740424147601,NZ,NTVZ,10,HHZ,-39.0984817,175.6759733,62.21772068923279,62.016487870270325,10.369620114872133,17.776491625495083,35.55298325099017,1.0,10.0,1-10Hz,1,40.55298325099017,50.55298325099017,1.915226688309744e-08,7.100080518660288e-07,37.07175010664854,True
2025p822964,2025-11-01T11:55:33.162Z,3.2922132368530894,331.67547197824,65.58740424147601,NZ,NTVZ,10,HHZ,-39.0984817,175.6759733,62.21772068923279,62.016487870270325,10.369620114872133,17.776491625495083,35.55298325099017,1.0,10.0,1-10Hz,2,45.55298325099017,55.55298325099017,1.915226688309744e-08,4.978471996702386e-07,25.99416574074615,True
2025p822964,2025-11-01T11:55:33.162Z,3.2922132368530894,331.67547197824,65.58740424147601,NZ,COVZ,11,HHZ,-39.199923,175.542296,66.93946045988378,66.75246337522192,11.156576743313963,19.125560131395364,38.25112026279073,1.0,10.0,1-10Hz,0,38.25112026279073,48.25112026279073,1.738533017251311e-08,6.509021822236641e-07,37.43973659198984,True
2025p822964,2025-11-01T11:55:33.162Z,3.2922132368530894,331.67547197824,65.58740424147601,NZ,COVZ,11,HHZ,-39.199923,175.542296,66.93946045988378,66.75246337522192,11.156576743313963,19.125560131395364,38.25112026279073,1.0,10.0,1-10Hz,1,43.25112026279073,53.25112026279073,1.738533017251311e-08,5.112517554809387e-07,29.407077714822343,True
2025p822964,2025-11-01T11:55:33.162Z,3.2922132368530894,331.67547197824,65.58740424147601,NZ,COVZ,11,HHZ,-39.199923,175.542296,66.93946045988378,66.75246337522192,11.156576743313963,19.125560131395364,38.25112026279073,1.0,10.0,1-10Hz,2,48.25112026279073,58.25112026279073,1.738533017251311e-08,4.403389156889782e-07,25.328188266747524,True
2025p822964,2025-11-01T11:55:33.162Z,3.2922132368530894,331.67547197824,65.58740424147601,NZ,FWVZ,10,HHZ,-39.254945374,175.55295183,72.98119093910933,72.80971247636357,12.163531823184888,20.85176883974552,41.70353767949104,1.0,10.0,1-10Hz,0,41.70353767949104,51.70353767949104,1.0623471339864962e-08,3.4605837750884774e-07,32.57488691198809,True
2025p822964,2025-11-01T11:55:33.162Z,3.2922132368530894,331.67547197824,65.58740424147601,NZ,FWVZ,10,HHZ,-39.254945374,175.55295183,72.98119093910933,72.80971247636357,12.163531823184888,20.85176883974552,41.70353767949104,1.0,10.0,1-10Hz,1,46.70353767949104,56.70353767949104,1.0623471339864962e-08,2.1968081496683507e-07,20.678816550525706,True
2025p822964,2025-11-01T11:55:33.162Z,3.2922132368530894,331.67547197824,65.58740424147601,NZ,FWVZ,10,HHZ,-39.254945374,175.55295183,72.98119093910933,72.80971247636357,12.163531823184888,20.85176883974552,41.70353767949104,1.0,10.0,1-10Hz,2,51.70353767949104,61.70353767949104,1.0623471339864962e-08,1.5562667952712244e-07,14.649324552053685,True
2025p822964,2025-11-01T11:55:33.162Z,3.2922132368530894,331.67547197824,65.58740424147601,NZ,WHVZ,10,HHZ,-39.2825,175.5886,76.90337221081364,76.74065843732997,12.817228701802273,21.97239206023247,43.94478412046494,1.0,10.0,1-10Hz,0,43.94478412046494,53.94478412046494,1.785244081744272e-08,3.8796621717608744e-07,21.73183046191786,True
2025p822964,2025-11-01T11:55:33.162Z,3.2922132368530894,331.67547197824,65.58740424147601,NZ,WHVZ,10,HHZ,-39.2825,175.5886,76.90337221081364,76.74065843732997,12.817228701802273,21.97239206023247,43.94478412046494,1.0,10.0,1-10Hz,1,48.94478412046494,58.94478412046494,1.785244081744272e-08,2.964730132556522e-07,16.606861565169474,True
2025p822964,2025-11-01T11:55:33.162Z,3.2922132368530894,331.67547197824,65.58740424147601,NZ,WHVZ,10,HHZ,-39.2825,175.5886,76.90337221081364,76.74065843732997,12.817228701802273,21.97239206023247,43.94478412046494,1.0,10.0,1-10Hz,2,53.94478412046494,63.94478412046494,1.785244081744272e-08,2.2290521495809244e-07,12.485979773718281,True
2025p822964,2025-11-01T11:55:33.162Z,3.2922132368530894,331.67547197824,65.58740424147601,NZ,TWVZ,10,HHZ,-39.071001379,175.437731105,50.557935436185865,50.31008681735243,8.426322572697645,14.445124410338819,28.890248820677638,1.0,10.0,1-10Hz,0,28.890248820677638,38.89024882067764,6.3479308140388815e-09,6.216233122865366e-07,97.9253445724037,True
2025p822964,2025-11-01T11:55:33.162Z,3.2922132368530894,331.67547197824,65.58740424147601,NZ,TWVZ,10,HHZ,-39.071001379,175.437731105,50.557935436185865,50.31008681735243,8.426322572697645,14.445124410338819,28.890248820677638,1.0,10.0,1-10Hz,1,33.89024882067764,43.89024882067764,6.3479308140388815e-09,3.868552017522956e-07,60.941937315501136,True
2025p822964,2025-11-01T11:55:33.162Z,3.2922132368530894,331.67547197824,65.58740424147601,NZ,TWVZ,10,HHZ,-39.071001379,175.437731105,50.557935436185865,50.31008681735243,8.426322572697645,14.445124410338819,28.890248820677638,1.0,10.0,1-10Hz,2,38.89024882067764,48.89024882067764,6.3479308140388815e-09,2.767930710077692e-07,43.60366852071268,True
2025p822964,2025-11-01T11:55:33.162Z,3.2922132368530894,331.67547197824,65.58740424147601,NZ,MAVZ,11,HHZ,-39.2679133,175.5616533,74.58529269299811,74.41751061477531,12.430882115499685,21.31008362657089,42.62016725314178,1.0,10.0,1-10Hz,0,42.62016725314178,52.62016725314178,4.250204459189914e-08,5.595979739160526e-07,13.166377742277172,True
2025p822964,2025-11-01T11:55:33.162Z,3.2922132368530894,331.67547197824,65.58740424147601,NZ,MAVZ,11,HHZ,-39.2679133,175.5616533,74.58529269299811,74.41751061477531,12.430882115499685,21.31008362657089,42.62016725314178,1.0,10.0,1-10Hz,1,47.62016725314178,57.62016725314178,4.250204459189914e-08,4.404715520838994e-07,10.36353795007436,True
2025p822964,2025-11-01T11:55:33.162Z,3.2922132368530894,331.67547197824,65.58740424147601,NZ,MAVZ,11,HHZ,-39.2679133,175.5616533,74.58529269299811,74.41751061477531,12.430882115499685,21.31008362657089,42.62016725314178,1.0,10.0,1-10Hz,2,52.62016725314178,62.62016725314178,4.250204459189914e-08,3.409838589260782e-07,8.022763662317306,True
2025p822964,2025-11-01T11:55:33.162Z,3.2922132368530894,331.67547197824,65.58740424147601,NZ,TRVZ,10,HHZ,-39.298816259,175.547821602,77.44499893276586,77.28342551735207,12.907499822127642,22.127142552218817,44.254285104437635,1.0,10.0,1-10Hz,0,44.254285104437635,54.254285104437635,1.3594838142177688e-08,3.1333722273112857e-07,23.048249596955973,True
2025p822964,2025-11-01T11:55:33.162Z,3.2922132368530894,331.67547197824,65.58740424147601,NZ,TRVZ,10,HHZ,-39.298816259,175.547821602,77.44499893276586,77.28342551735207,12.907499822127642,22.127142552218817,44.254285104437635,1.0,10.0,1-10Hz,1,49.254285104437635,59.254285104437635,1.3594838142177688e-08,2.508778474364301e-07,18.453904696230772,True
2025p822964,2025-11-01T11:55:33.162Z,3.2922132368530894,331.67547197824,65.58740424147601,NZ,TRVZ,10,HHZ,-39.298816259,175.547821602,77.44499893276586,77.28342551735207,12.907499822127642,22.127142552218817,44.254285104437635,1.0,10.0,1-10Hz,2,54.254285104437635,64.25428510443763,1.3594838142177688e-08,2.0959153054913877e-07,15.416993446864632,True
2026p108229,2026-02-10T01:04:39.425Z,3.248684544649509,280.13828036153654,77.02153190151915,NZ,WTVZ,10,HHZ,-39.115252619,175.589692806,76.52826593043066,72.66877960151753,12.75471098840511,21.865218837265903,43.73043767453181,1.0,10.0,1-10Hz,0,43.73043767453181,53.73043767453181,1.6968906731019514e-08,5.443188676481435e-07,32.07742704208029,True
2026p108229,2026-02-10T01:04:39.425Z,3.248684544649509,280.13828036153654,77.02153190151915,NZ,WTVZ,10,HHZ,-39.115252619,175.589692806,76.52826593043066,72.66877960151753,12.75471098840511,21.865218837265903,43.73043767453181,1.0,10.0,1-10Hz,1,48.73043767453181,58.73043767453181,1.6968906731019514e-08,4.560763164860303e-07,26.877177399550042,True
2026p108229,2026-02-10T01:04:39.425Z,3.248684544649509,280.13828036153654,77.02153190151915,NZ,WTVZ,10,HHZ,-39.115252619,175.589692806,76.52826593043066,72.66877960151753,12.75471098840511,21.865218837265903,43.73043767453181,1.0,10.0,1-10Hz,2,53.73043767453181,63.73043767453181,1.6968906731019514e-08,3.660258215313603e-07,21.57038325057545,True
2026p108229,2026-02-10T01:04:39.425Z,3.248684544649509,280.13828036153654,77.02153190151915,NZ,KRVZ,10,HHZ,-39.094442315,175.641203517,80.51634280923966,76.8573841724412,13.41939046820661,23.004669374068474,46.00933874813695,1.0,10.0,1-10Hz,0,46.00933874813695,56.00933874813695,3.4449214242715486e-08,4.96124507712707e-07,14.401620432245878,True
2026p108229,2026-02-10T01:04:39.425Z,3.248684544649509,280.13828036153654,77.02153190151915,NZ,KRVZ,10,HHZ,-39.094442315,175.641203517,80.51634280923966,76.8573841724412,13.41939046820661,23.004669374068474,46.00933874813695,1.0,10.0,1-10Hz,1,51.00933874813695,61.00933874813695,3.4449214242715486e-08,3.555376543902341e-07,10.320631753318288,True
2026p108229,2026-02-10T01:04:39.425Z,3.248684544649509,280.13828036153654,77.02153190151915,NZ,KRVZ,10,HHZ,-39.094442315,175.641203517,80.51634280923966,76.8573841724412,13.41939046820661,23.004669374068474,46.00933874813695,1.0,10.0,1-10Hz,2,56.00933874813695,66.00933874813694,3.4449214242715486e-08,3.032251852621127e-07,8.802092933839026,True
2026p108229,2026-02-10T01:04:39.425Z,3.248684544649509,280.13828036153654,77.02153190151915,NZ,NTVZ,10,HHZ,-39.0984817,175.6759733,83.4188843109903,79.89296778907139,13.903147385165049,23.833966945997226,47.66793389199445,1.0,10.0,1-10Hz,0,47.66793389199445,57.66793389199445,1.0187316837678073e-07,7.981648482310749e-07,7.834887840918427,True
2026p108229,2026-02-10T01:04:39.425Z,3.248684544649509,280.13828036153654,77.02153190151915,NZ,NTVZ,10,HHZ,-39.0984817,175.6759733,83.4188843109903,79.89296778907139,13.903147385165049,23.833966945997226,47.66793389199445,1.0,10.0,1-10Hz,1,52.66793389199445,62.66793389199445,1.0187316837678073e-07,5.691148443678326e-07,5.586503820740566,True
2026p108229,2026-02-10T01:04:39.425Z,3.248684544649509,280.13828036153654,77.02153190151915,NZ,NTVZ,10,HHZ,-39.0984817,175.6759733,83.4188843109903,79.89296778907139,13.903147385165049,23.833966945997226,47.66793389199445,1.0,10.0,1-10Hz,2,57.66793389199445,67.66793389199445,1.0187316837678073e-07,4.534359559652887e-07,4.450985114041445,True
2025p879806,2025-11-22T12:40:38.230Z,3.2327863103782954,300.933028165898,108.15442653833556,NZ,OTVZ,10,HHZ,-39.163113759,175.665073554,111.82294182030317,110.94001549049202,18.63715697005053,31.94941194865805,63.8988238973161,1.0,10.0,1-10Hz,0,63.8988238973161,73.8988238973161,1.2925128008647026e-08,1.2707436493869315e-07,9.831574964184437,True
2025p879806,2025-11-22T12:40:38.230Z,3.2327863103782954,300.933028165898,108.15442653833556,NZ,OTVZ,10,HHZ,-39.163113759,175.665073554,111.82294182030317,110.94001549049202,18.63715697005053,31.94941194865805,63.8988238973161,1.0,10.0,1-10Hz,1,68.8988238973161,78.8988238973161,1.2925128008647026e-08,1.0161674166521389e-07,7.861952438477312,True
2025p879806,2025-11-22T12:40:38.230Z,3.2327863103782954,300.933028165898,108.15442653833556,NZ,OTVZ,10,HHZ,-39.163113759,175.665073554,111.82294182030317,110.94001549049202,18.63715697005053,31.94941194865805,63.8988238973161,1.0,10.0,1-10Hz,2,73.8988238973161,83.8988238973161,1.2925128008647026e-08,7.819857791704733e-08,6.050120189504644,True
2025p879806,2025-11-22T12:40:38.230Z,3.2327863103782954,300.933028165898,108.15442653833556,NZ,SNVZ,10,EHZ,-39.1862267,175.6403333,111.3358750007471,110.4490551424759,18.555979166791182,31.810250000213454,63.62050000042691,1.0,10.0,1-10Hz,0,63.62050000042691,73.62050000042692,1.2157746353674573e-08,7.821866554153802e-08,6.433648413622078,True
2025p879806,2025-11-22T12:40:38.230Z,3.2327863103782954,300.933028165898,108.15442653833556,NZ,SNVZ,10,EHZ,-39.1862267,175.6403333,111.3358750007471,110.4490551424759,18.555979166791182,31.810250000213454,63.62050000042691,1.0,10.0,1-10Hz,1,68.62050000042692,78.62050000042692,1.2157746353674573e-08,5.256419602492688e-08,4.323514777805824,True
2025p879806,2025-11-22T12:40:38.230Z,3.2327863103782954,300.933028165898,108.15442653833556,NZ,SNVZ,10,EHZ,-39.1862267,175.6403333,111.3358750007471,110.4490551424759,18.555979166791182,31.810250000213454,63.62050000042691,1.0,10.0,1-10Hz,2,73.62050000042692,83.62050000042692,1.2157746353674573e-08,4.377523195214821e-08,3.6006041480638005,True
2025p879806,2025-11-22T12:40:38.230Z,3.2327863103782954,300.933028165898,108.15442653833556,NZ,ETVZ,10,HHZ,-39.1357,175.7106,113.75101905368403,112.88317436817272,18.958503175614005,32.50029115819544,65.00058231639088,1.0,10.0,1-10Hz,0,65.00058231639088,75.00058231639088,2.1164901201585324e-08,9.46224537851147e-08,4.470725040664359,True
2025p879806,2025-11-22T12:40:38.230Z,3.2327863103782954,300.933028165898,108.15442653833556,NZ,ETVZ,10,HHZ,-39.1357,175.7106,113.75101905368403,112.88317436817272,18.958503175614005,32.50029115819544,65.00058231639088,1.0,10.0,1-10Hz,1,70.00058231639088,80.00058231639088,2.1164901201585324e-08,6.898175102238345e-08,3.259252210315845,True
2025p879806,2025-11-22T12:40:38.230Z,3.2327863103782954,300.933028165898,108.15442653833556,NZ,ETVZ,10,HHZ,-39.1357,175.7106,113.75101905368403,112.88317436817272,18.958503175614005,32.50029115819544,65.00058231639088,1.0,10.0,1-10Hz,2,75.00058231639088,85.00058231639088,2.1164901201585324e-08,6.053974719607012e-08,2.86038411516589,True
2025p879806,2025-11-22T12:40:38.230Z,3.2327863103782954,300.933028165898,108.15442653833556,NZ,NGZ,10,HHZ,-39.175583868,175.601172722,107.87503889661565,106.95952849854022,17.97917314943594,30.82143968474733,61.64287936949466,1.0,10.0,1-10Hz,0,61.64287936949466,71.64287936949466,9.650770835253762e-09,1.6373614160743405e-07,16.966120572391425,True
2025p879806,2025-11-22T12:40:38.230Z,3.2327863103782954,300.933028165898,108.15442653833556,NZ,NGZ,10,HHZ,-39.175583868,175.601172722,107.87503889661565,106.95952849854022,17.97917314943594,30.82143968474733,61.64287936949466,1.0,10.0,1-10Hz,1,66.64287936949466,76.64287936949466,9.650770835253762e-09,1.1664666768078968e-07,12.08677210059589,True
2025p879806,2025-11-22T12:40:38.230Z,3.2327863103782954,300.933028165898,108.15442653833556,NZ,NGZ,10,HHZ,-39.175583868,175.601172722,107.87503889661565,106.95952849854022,17.97917314943594,30.82143968474733,61.64287936949466,1.0,10.0,1-10Hz,2,71.64287936949466,81.64287936949466,9.650770835253762e-09,7.410542009763991e-08,7.6787047752638244,True
2025p879806,2025-11-22T12:40:38.230Z,3.2327863103782954,300.933028165898,108.15442653833556,NZ,WTVZ,10,HHZ,-39.115252619,175.589692806,103.58925167837047,102.6355191099479,17.26487527972841,29.59692905096299,59.19385810192598,1.0,10.0,1-10Hz,0,59.19385810192598,69.19385810192598,1.1025552620080574e-08,1.7256125752878444e-07,15.651030245368633,True
2025p879806,2025-11-22T12:40:38.230Z,3.2327863103782954,300.933028165898,108.15442653833556,NZ,WTVZ,10,HHZ,-39.115252619,175.589692806,103.58925167837047,102.6355191099479,17.26487527972841,29.59692905096299,59.19385810192598,1.0,10.0,1-10Hz,1,64.19385810192598,74.19385810192598,1.1025552620080574e-08,1.3138633378211968e-07,11.916530473296087,True
2025p879806,2025-11-22T12:40:38.230Z,3.2327863103782954,300.933028165898,108.15442653833556,NZ,WTVZ,10,HHZ,-39.115252619,175.589692806,103.58925167837047,102.6355191099479,17.26487527972841,29.59692905096299,59.19385810192598,1.0,10.0,1-10Hz,2,69.19385810192598,79.19385810192598,1.1025552620080574e-08,9.855991746913491e-08,8.939226981659868,True
2025p879806,2025-11-22T12:40:38.230Z,3.2327863103782954,300.933028165898,108.15442653833556,NZ,NOVZ,10,EHZ,-39.126493,175.610657,105.76307247698328,104.82911913898407,17.62717874616388,30.21802070770951,60.43604141541902,1.0,10.0,1-10Hz,0,60.43604141541902,70.43604141541903,1.4253673264007222e-08,2.2772099703275825e-07,15.97630258635083,True
2025p879806,2025-11-22T12:40:38.230Z,3.2327863103782954,300.933028165898,108.15442653833556,NZ,NOVZ,10,EHZ,-39.126493,175.610657,105.76307247698328,104.82911913898407,17.62717874616388,30.21802070770951,60.43604141541902,1.0,10.0,1-10Hz,1,65.43604141541903,75.43604141541903,1.4253673264007222e-08,1.8670658171245076e-07,13.098839734450374,True
2025p879806,2025-11-22T12:40:38.230Z,3.2327863103782954,300.933028165898,108.15442653833556,NZ,NOVZ,10,EHZ,-39.126493,175.610657,105.76307247698328,104.82911913898407,17.62717874616388,30.21802070770951,60.43604141541902,1.0,10.0,1-10Hz,2,70.43604141541903,80.43604141541903,1.4253673264007222e-08,1.340199776543885e-07,9.402487006125652,True
2025p879806,2025-11-22T12:40:38.230Z,3.2327863103782954,300.933028165898,108.15442653833556,NZ,KRVZ,10,HHZ,-39.094442315,175.641203517,106.36625507514789,105.43764478778499,17.727709179191315,30.390358592899396,60.78071718579879,1.0,10.0,1-10Hz,0,60.78071718579879,70.78071718579879,2.1691415079604387e-08,1.2030896823758206e-07,5.54638633745495,True
2025p879806,2025-11-22T12:40:38.230Z,3.2327863103782954,300.933028165898,108.15442653833556,NZ,KRVZ,10,HHZ,-39.094442315,175.641203517,106.36625507514789,105.43764478778499,17.727709179191315,30.390358592899396,60.78071718579879,1.0,10.0,1-10Hz,1,65.78071718579879,75.78071718579879,2.1691415079604387e-08,9.138762298998076e-08,4.213077969076765,True
2025p879806,2025-11-22T12:40:38.230Z,3.2327863103782954,300.933028165898,108.15442653833556,NZ,KRVZ,10,HHZ,-39.094442315,175.641203517,106.36625507514789,105.43764478778499,17.727709179191315,30.390358592899396,60.78071718579879,1.0,10.0,1-10Hz,2,70.78071718579879,80.78071718579879,2.1691415079604387e-08,7.885770846198027e-08,3.635434026437822,True
2025p879806,2025-11-22T12:40:38.230Z,3.2327863103782954,300.933028165898,108.15442653833556,NZ,NTVZ,10,HHZ,-39.0984817,175.6759733,109.22161644340092,108.31748805337521,18.20360274056682,31.20617612668598,62.41235225337196,1.0,10.0,1-10Hz,0,62.41235225337196,72.41235225337195,1.493455146721828e-08,1.8655337585040345e-07,12.491394620045527,True
2025p879806,2025-11-22T12:40:38.230Z,3.2327863103782954,300.933028165898,108.15442653833556,NZ,NTVZ,10,HHZ,-39.0984817,175.6759733,109.22161644340092,108.31748805337521,18.20360274056682,31.20617612668598,62.41235225337196,1.0,10.0,1-10Hz,1,67.41235225337195,77.41235225337195,1.493455146721828e-08,1.3232554260909567e-07,8.860362689803816,True
2025p879806,2025-11-22T12:40:38.230Z,3.2327863103782954,300.933028165898,108.15442653833556,NZ,NTVZ,10,HHZ,-39.0984817,175.6759733,109.22161644340092,108.31748805337521,18.20360274056682,31.20617612668598,62.41235225337196,1.0,10.0,1-10Hz,2,72.41235225337195,82.41235225337195,1.493455146721828e-08,9.515899883355278e-08,6.371734634443439,True
2025p879806,2025-11-22T12:40:38.230Z,3.2327863103782954,300.933028165898,108.15442653833556,NZ,COVZ,11,HHZ,-39.199923,175.542296,105.19740498395394,104.25838448317582,17.532900830658992,30.05640142398684,60.11280284797368,1.0,10.0,1-10Hz,0,60.11280284797368,70.11280284797368,1.1763635848714345e-08,1.025150354658343e-07,8.71457062971209,True
2025p879806,2025-11-22T12:40:38.230Z,3.2327863103782954,300.933028165898,108.15442653833556,NZ,COVZ,11,HHZ,-39.199923,175.542296,105.19740498395394,104.25838448317582,17.532900830658992,30.05640142398684,60.11280284797368,1.0,10.0,1-10Hz,1,65.11280284797368,75.11280284797368,1.1763635848714345e-08,9.894498530352104e-08,8.41108876337198,True
2025p879806,2025-11-22T12:40:38.230Z,3.2327863103782954,300.933028165898,108.15442653833556,NZ,COVZ,11,HHZ,-39.199923,175.542296,105.19740498395394,104.25838448317582,17.532900830658992,30.05640142398684,60.11280284797368,1.0,10.0,1-10Hz,2,70.11280284797368,80.11280284797368,1.1763635848714345e-08,9.467822223709525e-08,8.048380913409751,True
2025p879806,2025-11-22T12:40:38.230Z,3.2327863103782954,300.933028165898,108.15442653833556,NZ,FWVZ,10,HHZ,-39.254945374,175.55295183,109.54392801377261,108.64248195052566,18.25732133562877,31.298265146792176,62.59653029358435,1.0,10.0,1-10Hz,0,62.59653029358435,72.59653029358435,1.0986423809130866e-08,7.613590481930249e-08,6.929998891543361,True
2025p879806,2025-11-22T12:40:38.230Z,3.2327863103782954,300.933028165898,108.15442653833556,NZ,FWVZ,10,HHZ,-39.254945374,175.55295183,109.54392801377261,108.64248195052566,18.25732133562877,31.298265146792176,62.59653029358435,1.0,10.0,1-10Hz,1,67.59653029358435,77.59653029358435,1.0986423809130866e-08,6.13132285701066e-08,5.58081771059559,True
2025p879806,2025-11-22T12:40:38.230Z,3.2327863103782954,300.933028165898,108.15442653833556,NZ,FWVZ,10,HHZ,-39.254945374,175.55295183,109.54392801377261,108.64248195052566,18.25732133562877,31.298265146792176,62.59653029358435,1.0,10.0,1-10Hz,2,72.59653029358435,82.59653029358435,1.0986423809130866e-08,4.236247700115695e-08,3.855893213035283,True
2025p879806,2025-11-22T12:40:38.230Z,3.2327863103782954,300.933028165898,108.15442653833556,NZ,WHVZ,10,HHZ,-39.2825,175.5886,113.81673361367199,112.94939384595772,18.969455602278664,32.51906674676342,65.03813349352684,1.0,10.0,1-10Hz,0,65.03813349352684,75.03813349352684,4.616267289164179e-08,8.965692605360778e-08,1.9421952941083067,False
2025p879806,2025-11-22T12:40:38.230Z,3.2327863103782954,300.933028165898,108.15442653833556,NZ,WHVZ,10,HHZ,-39.2825,175.5886,113.81673361367199,112.94939384595772,18.969455602278664,32.51906674676342,65.03813349352684,1.0,10.0,1-10Hz,1,70.03813349352684,80.03813349352684,4.616267289164179e-08,7.737224801415546e-08,1.6760781637530455,False
2025p879806,2025-11-22T12:40:38.230Z,3.2327863103782954,300.933028165898,108.15442653833556,NZ,WHVZ,10,HHZ,-39.2825,175.5886,113.81673361367199,112.94939384595772,18.969455602278664,32.51906674676342,65.03813349352684,1.0,10.0,1-10Hz,2,75.03813349352684,85.03813349352684,4.616267289164179e-08,6.68719849830006e-08,1.4486159659768842,False
2025p879806,2025-11-22T12:40:38.230Z,3.2327863103782954,300.933028165898,108.15442653833556,NZ,TWVZ,10,HHZ,-39.071001379,175.437731105,89.91861952538113,88.8182124174651,14.986436587563523,25.691034150108894,51.38206830021779,1.0,10.0,1-10Hz,0,51.38206830021779,61.38206830021779,4.338050068353232e-09,8.282520452222384e-08,19.09272673601601,True
2025p879806,2025-11-22T12:40:38.230Z,3.2327863103782954,300.933028165898,108.15442653833556,NZ,TWVZ,10,HHZ,-39.071001379,175.437731105,89.91861952538113,88.8182124174651,14.986436587563523,25.691034150108894,51.38206830021779,1.0,10.0,1-10Hz,1,56.38206830021779,66.38206830021778,4.338050068353232e-09,8.129351516866124e-08,18.73964428435495,True
2025p879806,2025-11-22T12:40:38.230Z,3.2327863103782954,300.933028165898,108.15442653833556,NZ,TWVZ,10,HHZ,-39.071001379,175.437731105,89.91861952538113,88.8182124174651,14.986436587563523,25.691034150108894,51.38206830021779,1.0,10.0,1-10Hz,2,61.38206830021779,71.38206830021778,4.338050068353232e-09,6.255697960339647e-08,14.42052964297476,True
2025p879806,2025-11-22T12:40:38.230Z,3.2327863103782954,300.933028165898,108.15442653833556,NZ,MAVZ,11,HHZ,-39.2679133,175.5616533,111.00978498114036,110.12033908975542,18.50163083019006,31.717081423182957,63.434162846365915,1.0,10.0,1-10Hz,0,63.434162846365915,73.43416284636592,3.813984459711408e-08,1.688156673287892e-07,4.426228504915381,True
2025p879806,2025-11-22T12:40:38.230Z,3.2327863103782954,300.933028165898,108.15442653833556,NZ,MAVZ,11,HHZ,-39.2679133,175.5616533,111.00978498114036,110.12033908975542,18.50163083019006,31.717081423182957,63.434162846365915,1.0,10.0,1-10Hz,1,68.43416284636592,78.43416284636592,3.813984459711408e-08,1.2215593543949477e-07,3.2028430301663557,True
2025p879806,2025-11-22T12:40:38.230Z,3.2327863103782954,300.933028165898,108.15442653833556,NZ,MAVZ,11,HHZ,-39.2679133,175.5616533,111.00978498114036,110.12033908975542,18.50163083019006,31.717081423182957,63.434162846365915,1.0,10.0,1-10Hz,2,73.43416284636592,83.43416284636592,3.813984459711408e-08,8.857508415846166e-08,2.322376640338064,True
2025p879806,2025-11-22T12:40:38.230Z,3.2327863103782954,300.933028165898,108.15442653833556,NZ,TRVZ,10,HHZ,-39.298816259,175.547821602,112.23391363721987,111.35424594513954,18.70565227286998,32.066832467777104,64.13366493555421,1.0,10.0,1-10Hz,0,64.13366493555421,74.13366493555421,3.617757698324267e-08,1.0382813622205716e-07,2.86995826918287,True
2025p879806,2025-11-22T12:40:38.230Z,3.2327863103782954,300.933028165898,108.15442653833556,NZ,TRVZ,10,HHZ,-39.298816259,175.547821602,112.23391363721987,111.35424594513954,18.70565227286998,32.066832467777104,64.13366493555421,1.0,10.0,1-10Hz,1,69.13366493555421,79.13366493555421,3.617757698324267e-08,8.896567590631434e-08,2.45913859702442,True
2025p879806,2025-11-22T12:40:38.230Z,3.2327863103782954,300.933028165898,108.15442653833556,NZ,TRVZ,10,HHZ,-39.298816259,175.547821602,112.23391363721987,111.35424594513954,18.70565227286998,32.066832467777104,64.13366493555421,1.0,10.0,1-10Hz,2,74.13366493555421,84.13366493555421,3.617757698324267e-08,7.632143274736789e-08,2.1096336214755267,True
2025p879806,2025-11-22T12:40:38.230Z,3.2327863103782954,300.933028165898,108.15442653833556,NZ,TUVZ,10,EHZ,-39.267675863,175.654153029,117.33067767624547,116.48950443559585,19.55511294604091,33.52305076464156,67.04610152928312,1.0,10.0,1-10Hz,0,67.04610152928312,77.04610152928312,4.6699921936295886e-08,2.1785315080102829e-07,4.664957493894857,True
2025p879806,2025-11-22T12:40:38.230Z,3.2327863103782954,300.933028165898,108.15442653833556,NZ,TUVZ,10,EHZ,-39.267675863,175.654153029,117.33067767624547,116.48950443559585,19.55511294604091,33.52305076464156,67.04610152928312,1.0,10.0,1-10Hz,1,72.04610152928312,82.04610152928312,4.6699921936295886e-08,1.597772673872974e-07,3.421360481185646,True
2025p879806,2025-11-22T12:40:38.230Z,3.2327863103782954,300.933028165898,108.15442653833556,NZ,TUVZ,10,EHZ,-39.267675863,175.654153029,117.33067767624547,116.48950443559585,19.55511294604091,33.52305076464156,67.04610152928312,1.0,10.0,1-10Hz,2,77.04610152928312,87.04610152928312,4.6699921936295886e-08,1.1998406212015484e-07,2.5692561602956645,True
2026p077758,2026-01-29T18:30:19.150Z,2.819357553214637,332.5592606453548,67.36358226523582,NZ,OTVZ,10,HHZ,-39.163113759,175.665073554,69.51262886809197,69.33257223090091,11.585438144681994,19.860751105169133,39.721502210338265,1.0,10.0,1-10Hz,0,39.721502210338265,49.721502210338265,1.3086896862472376e-08,1.186865124440866e-07,9.069110400375262,True
2026p077758,2026-01-29T18:30:19.150Z,2.819357553214637,332.5592606453548,67.36358226523582,NZ,OTVZ,10,HHZ,-39.163113759,175.665073554,69.51262886809197,69.33257223090091,11.585438144681994,19.860751105169133,39.721502210338265,1.0,10.0,1-10Hz,1,44.721502210338265,54.721502210338265,1.3086896862472376e-08,7.562371895197612e-08,5.778582940378525,True
2026p077758,2026-01-29T18:30:19.150Z,2.819357553214637,332.5592606453548,67.36358226523582,NZ,OTVZ,10,HHZ,-39.163113759,175.665073554,69.51262886809197,69.33257223090091,11.585438144681994,19.860751105169133,39.721502210338265,1.0,10.0,1-10Hz,2,49.721502210338265,59.721502210338265,1.3086896862472376e-08,5.923449302818451e-08,4.526244353468064,True
2026p077758,2026-01-29T18:30:19.150Z,2.819357553214637,332.5592606453548,67.36358226523582,NZ,SNVZ,10,EHZ,-39.1862267,175.6403333,70.77296780827193,70.5961257604884,11.795494634711988,20.22084794522055,40.4416958904411,1.0,10.0,1-10Hz,0,40.4416958904411,50.4416958904411,1.6695816380358124e-08,1.0018528300554547e-07,6.000621995544281,True
2026p077758,2026-01-29T18:30:19.150Z,2.819357553214637,332.5592606453548,67.36358226523582,NZ,SNVZ,10,EHZ,-39.1862267,175.6403333,70.77296780827193,70.5961257604884,11.795494634711988,20.22084794522055,40.4416958904411,1.0,10.0,1-10Hz,1,45.4416958904411,55.4416958904411,1.6695816380358124e-08,6.774844828385674e-08,4.057809857298128,True
2026p077758,2026-01-29T18:30:19.150Z,2.819357553214637,332.5592606453548,67.36358226523582,NZ,SNVZ,10,EHZ,-39.1862267,175.6403333,70.77296780827193,70.5961257604884,11.795494634711988,20.22084794522055,40.4416958904411,1.0,10.0,1-10Hz,2,50.4416958904411,60.4416958904411,1.6695816380358124e-08,4.9935568837518695e-08,2.990903092122266,True
2026p077758,2026-01-29T18:30:19.150Z,2.819357553214637,332.5592606453548,67.36358226523582,NZ,ETVZ,10,HHZ,-39.1357,175.7106,68.95913333153032,68.77762768397713,11.493188888588387,19.702609523294377,39.405219046588755,1.0,10.0,1-10Hz,0,39.405219046588755,49.405219046588755,6.404311968204776e-08,1.3089649067707506e-07,2.043880612420686,True
2026p077758,2026-01-29T18:30:19.150Z,2.819357553214637,332.5592606453548,67.36358226523582,NZ,ETVZ,10,HHZ,-39.1357,175.7106,68.95913333153032,68.77762768397713,11.493188888588387,19.702609523294377,39.405219046588755,1.0,10.0,1-10Hz,1,44.405219046588755,54.405219046588755,6.404311968204776e-08,9.94154713822067e-08,1.5523208718714923,False
2026p077758,2026-01-29T18:30:19.150Z,2.819357553214637,332.5592606453548,67.36358226523582,NZ,ETVZ,10,HHZ,-39.1357,175.7106,68.95913333153032,68.77762768397713,11.493188888588387,19.702609523294377,39.405219046588755,1.0,10.0,1-10Hz,2,49.405219046588755,59.405219046588755,6.404311968204776e-08,6.936449801712832e-08,1.0830905546372411,False
2026p077758,2026-01-29T18:30:19.150Z,2.819357553214637,332.5592606453548,67.36358226523582,NZ,NGZ,10,HHZ,-39.175583868,175.601172722,68.24969713087803,68.06629972649154,11.374949521813006,19.499913465965154,38.99982693193031,1.0,10.0,1-10Hz,0,38.99982693193031,48.99982693193031,1.8976235430874258e-08,1.6027820624798076e-07,8.446259366449931,True
2026p077758,2026-01-29T18:30:19.150Z,2.819357553214637,332.5592606453548,67.36358226523582,NZ,NGZ,10,HHZ,-39.175583868,175.601172722,68.24969713087803,68.06629972649154,11.374949521813006,19.499913465965154,38.99982693193031,1.0,10.0,1-10Hz,1,43.99982693193031,53.99982693193031,1.8976235430874258e-08,1.0223738012483141e-07,5.387653441445589,True
2026p077758,2026-01-29T18:30:19.150Z,2.819357553214637,332.5592606453548,67.36358226523582,NZ,NGZ,10,HHZ,-39.175583868,175.601172722,68.24969713087803,68.06629972649154,11.374949521813006,19.499913465965154,38.99982693193031,1.0,10.0,1-10Hz,2,48.99982693193031,58.99982693193031,1.8976235430874258e-08,7.929572705154554e-08,4.1786858800524636,True
2026p077758,2026-01-29T18:30:19.150Z,2.819357553214637,332.5592606453548,67.36358226523582,NZ,WTVZ,10,HHZ,-39.115252619,175.589692806,61.79382181573329,61.59120403592217,10.298970302622214,17.65537766163808,35.31075532327616,1.0,10.0,1-10Hz,0,35.31075532327616,45.31075532327616,1.690118858600186e-08,2.11621424332315e-07,12.52109715571052,True
2026p077758,2026-01-29T18:30:19.150Z,2.819357553214637,332.5592606453548,67.36358226523582,NZ,WTVZ,10,HHZ,-39.115252619,175.589692806,61.79382181573329,61.59120403592217,10.298970302622214,17.65537766163808,35.31075532327616,1.0,10.0,1-10Hz,1,40.31075532327616,50.31075532327616,1.690118858600186e-08,1.3629579584152574e-07,8.064272826019499,True
2026p077758,2026-01-29T18:30:19.150Z,2.819357553214637,332.5592606453548,67.36358226523582,NZ,WTVZ,10,HHZ,-39.115252619,175.589692806,61.79382181573329,61.59120403592217,10.298970302622214,17.65537766163808,35.31075532327616,1.0,10.0,1-10Hz,2,45.31075532327616,55.31075532327616,1.690118858600186e-08,9.192516939782982e-08,5.438976609844196,True
2026p077758,2026-01-29T18:30:19.150Z,2.819357553214637,332.5592606453548,67.36358226523582,NZ,NOVZ,10,EHZ,-39.126493,175.610657,63.71925910904062,63.52278316797097,10.619876518173436,18.205502602583035,36.41100520516607,1.0,10.0,1-10Hz,0,36.41100520516607,46.41100520516607,1.6595035521969772e-08,2.856038573293063e-07,17.21019861338665,True
2026p077758,2026-01-29T18:30:19.150Z,2.819357553214637,332.5592606453548,67.36358226523582,NZ,NOVZ,10,EHZ,-39.126493,175.610657,63.71925910904062,63.52278316797097,10.619876518173436,18.205502602583035,36.41100520516607,1.0,10.0,1-10Hz,1,41.41100520516607,51.41100520516607,1.6595035521969772e-08,1.719826440710985e-07,10.363499604650727,True
2026p077758,2026-01-29T18:30:19.150Z,2.819357553214637,332.5592606453548,67.36358226523582,NZ,NOVZ,10,EHZ,-39.126493,175.610657,63.71925910904062,63.52278316797097,10.619876518173436,18.205502602583035,36.41100520516607,1.0,10.0,1-10Hz,2,46.41100520516607,56.41100520516607,1.6595035521969772e-08,1.1955210952253392e-07,7.204088798982186,True
2026p077758,2026-01-29T18:30:19.150Z,2.819357553214637,332.5592606453548,67.36358226523582,NZ,KRVZ,10,HHZ,-39.094442315,175.641203517,61.90431759252775,61.70206266079393,10.317386265421291,17.686947883579357,35.373895767158714,1.0,10.0,1-10Hz,0,35.373895767158714,45.373895767158714,2.0568518572766695e-08,1.6131948839255616e-07,7.843029035943685,True
2026p077758,2026-01-29T18:30:19.150Z,2.819357553214637,332.5592606453548,67.36358226523582,NZ,KRVZ,10,HHZ,-39.094442315,175.641203517,61.90431759252775,61.70206266079393,10.317386265421291,17.686947883579357,35.373895767158714,1.0,10.0,1-10Hz,1,40.373895767158714,50.373895767158714,2.0568518572766695e-08,1.0443681209464283e-07,5.07750773227393,True
2026p077758,2026-01-29T18:30:19.150Z,2.819357553214637,332.5592606453548,67.36358226523582,NZ,KRVZ,10,HHZ,-39.094442315,175.641203517,61.90431759252775,61.70206266079393,10.317386265421291,17.686947883579357,35.373895767158714,1.0,10.0,1-10Hz,2,45.373895767158714,55.373895767158714,2.0568518572766695e-08,7.703883664896982e-08,3.7454732763773975,True
2026p077758,2026-01-29T18:30:19.150Z,2.819357553214637,332.5592606453548,67.36358226523582,NZ,TMVZ,10,HHZ,-39.11561,175.704064,66.79590681340892,66.60850671667703,11.132651135568153,19.08454480383112,38.16908960766224,1.0,10.0,1-10Hz,0,38.16908960766224,48.16908960766224,4.9371800128293605e-08,1.4176453484171864e-07,2.871366538658519,True
2026p077758,2026-01-29T18:30:19.150Z,2.819357553214637,332.5592606453548,67.36358226523582,NZ,TMVZ,10,HHZ,-39.11561,175.704064,66.79590681340892,66.60850671667703,11.132651135568153,19.08454480383112,38.16908960766224,1.0,10.0,1-10Hz,1,43.16908960766224,53.16908960766224,4.9371800128293605e-08,1.1012851629229406e-07,2.230595522264186,True
2026p077758,2026-01-29T18:30:19.150Z,2.819357553214637,332.5592606453548,67.36358226523582,NZ,TMVZ,10,HHZ,-39.11561,175.704064,66.79590681340892,66.60850671667703,11.132651135568153,19.08454480383112,38.16908960766224,1.0,10.0,1-10Hz,2,48.16908960766224,58.16908960766224,4.9371800128293605e-08,7.816066566298424e-08,1.5831034205737322,False
2026p077758,2026-01-29T18:30:19.150Z,2.819357553214637,332.5592606453548,67.36358226523582,NZ,NTVZ,10,HHZ,-39.0984817,175.6759733,63.87615615158499,63.6801642954984,10.646026025264165,18.250330329024283,36.50066065804857,1.0,10.0,1-10Hz,0,36.50066065804857,46.50066065804857,5.710607151624574e-08,2.260165422416303e-07,3.9578373409442515,True
2026p077758,2026-01-29T18:30:19.150Z,2.819357553214637,332.5592606453548,67.36358226523582,NZ,NTVZ,10,HHZ,-39.0984817,175.6759733,63.87615615158499,63.6801642954984,10.646026025264165,18.250330329024283,36.50066065804857,1.0,10.0,1-10Hz,1,41.50066065804857,51.50066065804857,5.710607151624574e-08,1.4994985178633722e-07,2.6258127692022897,True
2026p077758,2026-01-29T18:30:19.150Z,2.819357553214637,332.5592606453548,67.36358226523582,NZ,NTVZ,10,HHZ,-39.0984817,175.6759733,63.87615615158499,63.6801642954984,10.646026025264165,18.250330329024283,36.50066065804857,1.0,10.0,1-10Hz,2,46.50066065804857,56.50066065804857,5.710607151624574e-08,1.2431377586237434e-07,2.176892448765437,True
2026p077758,2026-01-29T18:30:19.150Z,2.819357553214637,332.5592606453548,67.36358226523582,NZ,COVZ,11,HHZ,-39.199923,175.542296,68.83264303970999,68.65080296567649,11.472107173284998,19.66646943991714,39.33293887983428,1.0,10.0,1-10Hz,0,39.33293887983428,49.33293887983428,4.1641698433518424e-08,1.349221732923818e-07,3.240073733010363,True
2026p077758,2026-01-29T18:30:19.150Z,2.819357553214637,332.5592606453548,67.36358226523582,NZ,COVZ,11,HHZ,-39.199923,175.542296,68.83264303970999,68.65080296567649,11.472107173284998,19.66646943991714,39.33293887983428,1.0,10.0,1-10Hz,1,44.33293887983428,54.33293887983428,4.1641698433518424e-08,1.0388217874704018e-07,2.4946671882965963,True
2026p077758,2026-01-29T18:30:19.150Z,2.819357553214637,332.5592606453548,67.36358226523582,NZ,COVZ,11,HHZ,-39.199923,175.542296,68.83264303970999,68.65080296567649,11.472107173284998,19.66646943991714,39.33293887983428,1.0,10.0,1-10Hz,2,49.33293887983428,59.33293887983428,4.1641698433518424e-08,8.324629026743567e-08,1.9991089076335247,False
2026p077758,2026-01-29T18:30:19.150Z,2.819357553214637,332.5592606453548,67.36358226523582,NZ,FWVZ,10,HHZ,-39.254945374,175.55295183,74.88785234083305,74.72074964976204,12.481308723472175,21.396529240238014,42.79305848047603,1.0,10.0,1-10Hz,0,42.79305848047603,52.79305848047603,1.0021123036436837e-08,6.76817690013606e-08,6.753910590187294,True
2026p077758,2026-01-29T18:30:19.150Z,2.819357553214637,332.5592606453548,67.36358226523582,NZ,FWVZ,10,HHZ,-39.254945374,175.55295183,74.88785234083305,74.72074964976204,12.481308723472175,21.396529240238014,42.79305848047603,1.0,10.0,1-10Hz,1,47.79305848047603,57.79305848047603,1.0021123036436837e-08,4.554705699309857e-08,4.545105057336321,True
2026p077758,2026-01-29T18:30:19.150Z,2.819357553214637,332.5592606453548,67.36358226523582,NZ,FWVZ,10,HHZ,-39.254945374,175.55295183,74.88785234083305,74.72074964976204,12.481308723472175,21.396529240238014,42.79305848047603,1.0,10.0,1-10Hz,2,52.79305848047603,62.79305848047603,1.0021123036436837e-08,3.263660791024684e-08,3.256781479638562,True
2026p077758,2026-01-29T18:30:19.150Z,2.819357553214637,332.5592606453548,67.36358226523582,NZ,WHVZ,10,HHZ,-39.2825,175.5886,78.79168318915895,78.63287696492347,13.131947198193158,22.51190948261684,45.02381896523368,1.0,10.0,1-10Hz,0,45.02381896523368,55.02381896523368,2.833838059509819e-08,8.63581443913748e-08,3.047391649694779,True
2026p077758,2026-01-29T18:30:19.150Z,2.819357553214637,332.5592606453548,67.36358226523582,NZ,WHVZ,10,HHZ,-39.2825,175.5886,78.79168318915895,78.63287696492347,13.131947198193158,22.51190948261684,45.02381896523368,1.0,10.0,1-10Hz,1,50.02381896523368,60.02381896523368,2.833838059509819e-08,6.613379594030247e-08,2.3337182489440456,True
2026p077758,2026-01-29T18:30:19.150Z,2.819357553214637,332.5592606453548,67.36358226523582,NZ,WHVZ,10,HHZ,-39.2825,175.5886,78.79168318915895,78.63287696492347,13.131947198193158,22.51190948261684,45.02381896523368,1.0,10.0,1-10Hz,2,55.02381896523368,65.02381896523369,2.833838059509819e-08,5.667587199937478e-08,1.9999686223840978,False
2026p077758,2026-01-29T18:30:19.150Z,2.819357553214637,332.5592606453548,67.36358226523582,NZ,TWVZ,10,HHZ,-39.071001379,175.437731105,52.49676444931012,52.258112075029565,8.749460741551687,14.99907555694575,29.9981511138915,1.0,10.0,1-10Hz,0,29.9981511138915,39.998151113891495,8.413867585153783e-09,1.3263619018590123e-07,15.763997809988947,True
2026p077758,2026-01-29T18:30:19.150Z,2.819357553214637,332.5592606453548,67.36358226523582,NZ,TWVZ,10,HHZ,-39.071001379,175.437731105,52.49676444931012,52.258112075029565,8.749460741551687,14.99907555694575,29.9981511138915,1.0,10.0,1-10Hz,1,34.998151113891495,44.998151113891495,8.413867585153783e-09,8.712527541768902e-08,10.354961560296127,True
2026p077758,2026-01-29T18:30:19.150Z,2.819357553214637,332.5592606453548,67.36358226523582,NZ,TWVZ,10,HHZ,-39.071001379,175.437731105,52.49676444931012,52.258112075029565,8.749460741551687,14.99907555694575,29.9981511138915,1.0,10.0,1-10Hz,2,39.998151113891495,49.998151113891495,8.413867585153783e-09,6.077617143838324e-08,7.2233334816942465,True
2026p077758,2026-01-29T18:30:19.150Z,2.819357553214637,332.5592606453548,67.36358226523582,NZ,MAVZ,11,HHZ,-39.2679133,175.5616533,76.48978288036523,76.3261874135307,12.748297146727538,21.85422368010435,43.7084473602087,1.0,10.0,1-10Hz,0,43.7084473602087,53.7084473602087,3.661418856378302e-08,1.1970932148330525e-07,3.2694790238152627,True
2026p077758,2026-01-29T18:30:19.150Z,2.819357553214637,332.5592606453548,67.36358226523582,NZ,MAVZ,11,HHZ,-39.2679133,175.5616533,76.48978288036523,76.3261874135307,12.748297146727538,21.85422368010435,43.7084473602087,1.0,10.0,1-10Hz,1,48.7084473602087,58.7084473602087,3.661418856378302e-08,1.0386273772815917e-07,2.8366800358617033,True
2026p077758,2026-01-29T18:30:19.150Z,2.819357553214637,332.5592606453548,67.36358226523582,NZ,MAVZ,11,HHZ,-39.2679133,175.5616533,76.48978288036523,76.3261874135307,12.748297146727538,21.85422368010435,43.7084473602087,1.0,10.0,1-10Hz,2,53.7084473602087,63.7084473602087,3.661418856378302e-08,8.164054826075306e-08,2.2297516745054384,True
2026p077758,2026-01-29T18:30:19.150Z,2.819357553214637,332.5592606453548,67.36358226523582,NZ,TRVZ,10,HHZ,-39.298816259,175.547821602,79.37062506283695,79.21297951008687,13.228437510472824,22.677321446524843,45.354642893049686,1.0,10.0,1-10Hz,0,45.354642893049686,55.354642893049686,1.4428115796159141e-08,6.726786231709064e-08,4.662276299099137,True
2026p077758,2026-01-29T18:30:19.150Z,2.819357553214637,332.5592606453548,67.36358226523582,NZ,TRVZ,10,HHZ,-39.298816259,175.547821602,79.37062506283695,79.21297951008687,13.228437510472824,22.677321446524843,45.354642893049686,1.0,10.0,1-10Hz,1,50.354642893049686,60.354642893049686,1.4428115796159141e-08,5.54460958219668e-08,3.8429200739244767,True
2026p077758,2026-01-29T18:30:19.150Z,2.819357553214637,332.5592606453548,67.36358226523582,NZ,TRVZ,10,HHZ,-39.298816259,175.547821602,79.37062506283695,79.21297951008687,13.228437510472824,22.677321446524843,45.354642893049686,1.0,10.0,1-10Hz,2,55.354642893049686,65.35464289304969,1.4428115796159141e-08,4.431030821834569e-08,3.0711084416262713,True
2026p077758,2026-01-29T18:30:19.150Z,2.819357553214637,332.5592606453548,67.36358226523582,NZ,TUVZ,10,EHZ,-39.267675863,175.654153029,79.42450001978341,79.26696161322556,13.2374166699639,22.692714291366688,45.385428582733375,1.0,10.0,1-10Hz,0,45.385428582733375,55.385428582733375,3.3258365137256924e-08,2.4014019108541256e-07,7.220444844307786,True
2026p077758,2026-01-29T18:30:19.150Z,2.819357553214637,332.5592606453548,67.36358226523582,NZ,TUVZ,10,EHZ,-39.267675863,175.654153029,79.42450001978341,79.26696161322556,13.2374166699639,22.692714291366688,45.385428582733375,1.0,10.0,1-10Hz,1,50.385428582733375,60.385428582733375,3.3258365137256924e-08,1.7159906078124078e-07,5.159575946474015,True
2026p077758,2026-01-29T18:30:19.150Z,2.819357553214637,332.5592606453548,67.36358226523582,NZ,TUVZ,10,EHZ,-39.267675863,175.654153029,79.42450001978341,79.26696161322556,13.2374166699639,22.692714291366688,45.385428582733375,1.0,10.0,1-10Hz,2,55.385428582733375,65.38542858273337,3.3258365137256924e-08,1.280640690073328e-07,3.8505822062754356,True
